==== CPU INFO ====
SLURM_CPUS_ON_NODE: 14
SLURM_CPUS_PER_TASK: 14
CPU affinity: [0, 1, 2, 3, 4, 5, 6, 8, 9, 10, 11, 12, 13, 14]
Usable cores: 14
os.cpu_count(): 16
===================
Using cpu device
Logging to runs/humanoid-v5-basic_ppo_lr1e-04_seed0_20251215-182244/logs/PPO_1
rollout mean regret: 12.391054153442383
---------------------------------
| rollout/           |          |
|    ep_len_mean     | 21.8     |
|    ep_rew_mean     | 97.3     |
| time/              |          |
|    fps             | 2417     |
|    iterations      | 1        |
|    time_elapsed    | 47       |
|    total_timesteps | 114688   |
---------------------------------
rollout mean regret: 6.238325595855713
-----------------------------------------
| rollout/                |             |
|    ep_len_mean          | 22.4        |
|    ep_rew_mean          | 100         |
| time/                   |             |
|    fps                  | 2125        |
|    iterations           | 2           |
|    time_elapsed         | 107         |
|    total_timesteps      | 229376      |
| train/                  |             |
|    approx_kl            | 0.007712167 |
|    clip_fraction        | 0.161       |
|    clip_range           | 0.15        |
|    entropy_loss         | -24.2       |
|    explained_variance   | -1.24       |
|    learning_rate        | 0.0001      |
|    loss                 | -0.219      |
|    n_updates            | 15          |
|    policy_gradient_loss | -0.0123     |
|    std                  | 1           |
|    value_loss           | 0.113       |
-----------------------------------------
rollout mean regret: 3.5633130073547363
-----------------------------------------
| rollout/                |             |
|    ep_len_mean          | 25.4        |
|    ep_rew_mean          | 115         |
| time/                   |             |
|    fps                  | 2049        |
|    iterations           | 3           |
|    time_elapsed         | 167         |
|    total_timesteps      | 344064      |
| train/                  |             |
|    approx_kl            | 0.007771554 |
|    clip_fraction        | 0.173       |
|    clip_range           | 0.15        |
|    entropy_loss         | -24.2       |
|    explained_variance   | 0.61        |
|    learning_rate        | 0.0001      |
|    loss                 | -0.233      |
|    n_updates            | 30          |
|    policy_gradient_loss | -0.0165     |
|    std                  | 1.01        |
|    value_loss           | 0.0381      |
-----------------------------------------
rollout mean regret: 3.1830947399139404
----------------------------------------
| rollout/                |            |
|    ep_len_mean          | 25.1       |
|    ep_rew_mean          | 113        |
| time/                   |            |
|    fps                  | 2002       |
|    iterations           | 4          |
|    time_elapsed         | 229        |
|    total_timesteps      | 458752     |
| train/                  |            |
|    approx_kl            | 0.01048966 |
|    clip_fraction        | 0.249      |
|    clip_range           | 0.15       |
|    entropy_loss         | -24.3      |
|    explained_variance   | 0.831      |
|    learning_rate        | 0.0001     |
|    loss                 | -0.198     |
|    n_updates            | 45         |
|    policy_gradient_loss | -0.0256    |
|    std                  | 1.01       |
|    value_loss           | 0.0699     |
----------------------------------------
Eval num_timesteps=499996, episode_reward=352.73 +/- 25.88
Episode length: 69.00 +/- 5.90
-----------------------------------------
| eval/                   |             |
|    mean_ep_length       | 69          |
|    mean_reward          | 353         |
| time/                   |             |
|    total_timesteps      | 499996      |
| train/                  |             |
|    approx_kl            | 0.012072928 |
|    clip_fraction        | 0.279       |
|    clip_range           | 0.15        |
|    entropy_loss         | -24.3       |
|    explained_variance   | 0.841       |
|    learning_rate        | 0.0001      |
|    loss                 | -0.147      |
|    n_updates            | 60          |
|    policy_gradient_loss | -0.029      |
|    std                  | 1.01        |
|    value_loss           | 0.109       |
-----------------------------------------
New best mean reward!
rollout mean regret: 3.075770378112793
---------------------------------
| rollout/           |          |
|    ep_len_mean     | 30.9     |
|    ep_rew_mean     | 140      |
| time/              |          |
|    fps             | 1959     |
|    iterations      | 5        |
|    time_elapsed    | 292      |
|    total_timesteps | 573440   |
---------------------------------
rollout mean regret: 3.056933641433716
------------------------------------------
| rollout/                |              |
|    ep_len_mean          | 38.9         |
|    ep_rew_mean          | 180          |
| time/                   |              |
|    fps                  | 1929         |
|    iterations           | 6            |
|    time_elapsed         | 356          |
|    total_timesteps      | 688128       |
| train/                  |              |
|    approx_kl            | 0.0128390575 |
|    clip_fraction        | 0.29         |
|    clip_range           | 0.15         |
|    entropy_loss         | -24.3        |
|    explained_variance   | 0.842        |
|    learning_rate        | 0.0001       |
|    loss                 | -0.155       |
|    n_updates            | 75           |
|    policy_gradient_loss | -0.0299      |
|    std                  | 1.01         |
|    value_loss           | 0.14         |
------------------------------------------
rollout mean regret: 2.8638858795166016
-----------------------------------------
| rollout/                |             |
|    ep_len_mean          | 44.6        |
|    ep_rew_mean          | 207         |
| time/                   |             |
|    fps                  | 1892        |
|    iterations           | 7           |
|    time_elapsed         | 424         |
|    total_timesteps      | 802816      |
| train/                  |             |
|    approx_kl            | 0.012580116 |
|    clip_fraction        | 0.286       |
|    clip_range           | 0.15        |
|    entropy_loss         | -24.3       |
|    explained_variance   | 0.845       |
|    learning_rate        | 0.0001      |
|    loss                 | -0.12       |
|    n_updates            | 90          |
|    policy_gradient_loss | -0.0292     |
|    std                  | 1.01        |
|    value_loss           | 0.144       |
-----------------------------------------
rollout mean regret: 2.5194010734558105
-----------------------------------------
| rollout/                |             |
|    ep_len_mean          | 50.3        |
|    ep_rew_mean          | 234         |
| time/                   |             |
|    fps                  | 1868        |
|    iterations           | 8           |
|    time_elapsed         | 491         |
|    total_timesteps      | 917504      |
| train/                  |             |
|    approx_kl            | 0.011844264 |
|    clip_fraction        | 0.27        |
|    clip_range           | 0.15        |
|    entropy_loss         | -24.3       |
|    explained_variance   | 0.863       |
|    learning_rate        | 0.0001      |
|    loss                 | -0.147      |
|    n_updates            | 105         |
|    policy_gradient_loss | -0.0272     |
|    std                  | 1.01        |
|    value_loss           | 0.131       |
-----------------------------------------
Eval num_timesteps=999992, episode_reward=357.69 +/- 12.91
Episode length: 67.80 +/- 2.71
-----------------------------------------
| eval/                   |             |
|    mean_ep_length       | 67.8        |
|    mean_reward          | 358         |
| time/                   |             |
|    total_timesteps      | 999992      |
| train/                  |             |
|    approx_kl            | 0.011403663 |
|    clip_fraction        | 0.258       |
|    clip_range           | 0.15        |
|    entropy_loss         | -24.3       |
|    explained_variance   | 0.883       |
|    learning_rate        | 0.0001      |
|    loss                 | -0.163      |
|    n_updates            | 120         |
|    policy_gradient_loss | -0.0259     |
|    std                  | 1.01        |
|    value_loss           | 0.112       |
-----------------------------------------
New best mean reward!
rollout mean regret: 2.1630544662475586
---------------------------------
| rollout/           |          |
|    ep_len_mean     | 61.9     |
|    ep_rew_mean     | 290      |
| time/              |          |
|    fps             | 1847     |
|    iterations      | 9        |
|    time_elapsed    | 558      |
|    total_timesteps | 1032192  |
---------------------------------
rollout mean regret: 1.7123552560806274
------------------------------------------
| rollout/                |              |
|    ep_len_mean          | 63.1         |
|    ep_rew_mean          | 296          |
| time/                   |              |
|    fps                  | 1831         |
|    iterations           | 10           |
|    time_elapsed         | 626          |
|    total_timesteps      | 1146880      |
| train/                  |              |
|    approx_kl            | 0.0108675435 |
|    clip_fraction        | 0.242        |
|    clip_range           | 0.15         |
|    entropy_loss         | -24.3        |
|    explained_variance   | 0.912        |
|    learning_rate        | 0.0001       |
|    loss                 | -0.211       |
|    n_updates            | 135          |
|    policy_gradient_loss | -0.024       |
|    std                  | 1.01         |
|    value_loss           | 0.0799       |
------------------------------------------
rollout mean regret: 1.4047954082489014
-----------------------------------------
| rollout/                |             |
|    ep_len_mean          | 68.1        |
|    ep_rew_mean          | 321         |
| time/                   |             |
|    fps                  | 1817        |
|    iterations           | 11          |
|    time_elapsed         | 694         |
|    total_timesteps      | 1261568     |
| train/                  |             |
|    approx_kl            | 0.010456465 |
|    clip_fraction        | 0.228       |
|    clip_range           | 0.15        |
|    entropy_loss         | -24.3       |
|    explained_variance   | 0.93        |
|    learning_rate        | 0.0001      |
|    loss                 | -0.226      |
|    n_updates            | 150         |
|    policy_gradient_loss | -0.0218     |
|    std                  | 1.01        |
|    value_loss           | 0.0656      |
-----------------------------------------
rollout mean regret: 1.1710922718048096
-----------------------------------------
| rollout/                |             |
|    ep_len_mean          | 70.4        |
|    ep_rew_mean          | 336         |
| time/                   |             |
|    fps                  | 1804        |
|    iterations           | 12          |
|    time_elapsed         | 762         |
|    total_timesteps      | 1376256     |
| train/                  |             |
|    approx_kl            | 0.009800472 |
|    clip_fraction        | 0.215       |
|    clip_range           | 0.15        |
|    entropy_loss         | -24.3       |
|    explained_variance   | 0.943       |
|    learning_rate        | 0.0001      |
|    loss                 | -0.226      |
|    n_updates            | 165         |
|    policy_gradient_loss | -0.0204     |
|    std                  | 1.01        |
|    value_loss           | 0.0553      |
-----------------------------------------
rollout mean regret: 1.0320160388946533
----------------------------------------
| rollout/                |            |
|    ep_len_mean          | 72.5       |
|    ep_rew_mean          | 350        |
| time/                   |            |
|    fps                  | 1795       |
|    iterations           | 13         |
|    time_elapsed         | 830        |
|    total_timesteps      | 1490944    |
| train/                  |            |
|    approx_kl            | 0.00974319 |
|    clip_fraction        | 0.209      |
|    clip_range           | 0.15       |
|    entropy_loss         | -24.4      |
|    explained_variance   | 0.952      |
|    learning_rate        | 0.0001     |
|    loss                 | -0.235     |
|    n_updates            | 180        |
|    policy_gradient_loss | -0.0192    |
|    std                  | 1.02       |
|    value_loss           | 0.0475     |
----------------------------------------
Eval num_timesteps=1499988, episode_reward=331.25 +/- 14.02
Episode length: 61.00 +/- 2.45
-----------------------------------------
| eval/                   |             |
|    mean_ep_length       | 61          |
|    mean_reward          | 331         |
| time/                   |             |
|    total_timesteps      | 1499988     |
| train/                  |             |
|    approx_kl            | 0.009575756 |
|    clip_fraction        | 0.203       |
|    clip_range           | 0.15        |
|    entropy_loss         | -24.4       |
|    explained_variance   | 0.958       |
|    learning_rate        | 0.0001      |
|    loss                 | -0.228      |
|    n_updates            | 195         |
|    policy_gradient_loss | -0.0179     |
|    std                  | 1.02        |
|    value_loss           | 0.0413      |
-----------------------------------------
rollout mean regret: 0.9292596578598022
---------------------------------
| rollout/           |          |
|    ep_len_mean     | 73.8     |
|    ep_rew_mean     | 357      |
| time/              |          |
|    fps             | 1785     |
|    iterations      | 14       |
|    time_elapsed    | 899      |
|    total_timesteps | 1605632  |
---------------------------------
rollout mean regret: 0.8777716755867004
-----------------------------------------
| rollout/                |             |
|    ep_len_mean          | 76.7        |
|    ep_rew_mean          | 371         |
| time/                   |             |
|    fps                  | 1777        |
|    iterations           | 15          |
|    time_elapsed         | 967         |
|    total_timesteps      | 1720320     |
| train/                  |             |
|    approx_kl            | 0.009604933 |
|    clip_fraction        | 0.203       |
|    clip_range           | 0.15        |
|    entropy_loss         | -24.4       |
|    explained_variance   | 0.963       |
|    learning_rate        | 0.0001      |
|    loss                 | -0.237      |
|    n_updates            | 210         |
|    policy_gradient_loss | -0.0176     |
|    std                  | 1.02        |
|    value_loss           | 0.0366      |
-----------------------------------------
rollout mean regret: 0.8700574636459351
-----------------------------------------
| rollout/                |             |
|    ep_len_mean          | 79.2        |
|    ep_rew_mean          | 385         |
| time/                   |             |
|    fps                  | 1767        |
|    iterations           | 16          |
|    time_elapsed         | 1038        |
|    total_timesteps      | 1835008     |
| train/                  |             |
|    approx_kl            | 0.009680329 |
|    clip_fraction        | 0.204       |
|    clip_range           | 0.15        |
|    entropy_loss         | -24.5       |
|    explained_variance   | 0.965       |
|    learning_rate        | 0.0001      |
|    loss                 | -0.233      |
|    n_updates            | 225         |
|    policy_gradient_loss | -0.0175     |
|    std                  | 1.02        |
|    value_loss           | 0.034       |
-----------------------------------------
rollout mean regret: 0.8120726346969604
-----------------------------------------
| rollout/                |             |
|    ep_len_mean          | 76.9        |
|    ep_rew_mean          | 368         |
| time/                   |             |
|    fps                  | 1757        |
|    iterations           | 17          |
|    time_elapsed         | 1109        |
|    total_timesteps      | 1949696     |
| train/                  |             |
|    approx_kl            | 0.009647257 |
|    clip_fraction        | 0.203       |
|    clip_range           | 0.15        |
|    entropy_loss         | -24.5       |
|    explained_variance   | 0.966       |
|    learning_rate        | 0.0001      |
|    loss                 | -0.236      |
|    n_updates            | 240         |
|    policy_gradient_loss | -0.017      |
|    std                  | 1.02        |
|    value_loss           | 0.0322      |
-----------------------------------------
Eval num_timesteps=1999984, episode_reward=324.14 +/- 14.28
Episode length: 60.00 +/- 2.83
-----------------------------------------
| eval/                   |             |
|    mean_ep_length       | 60          |
|    mean_reward          | 324         |
| time/                   |             |
|    total_timesteps      | 1999984     |
| train/                  |             |
|    approx_kl            | 0.009999372 |
|    clip_fraction        | 0.212       |
|    clip_range           | 0.15        |
|    entropy_loss         | -24.6       |
|    explained_variance   | 0.967       |
|    learning_rate        | 0.0001      |
|    loss                 | -0.233      |
|    n_updates            | 255         |
|    policy_gradient_loss | -0.0172     |
|    std                  | 1.03        |
|    value_loss           | 0.0308      |
-----------------------------------------
rollout mean regret: 0.8247153759002686
---------------------------------
| rollout/           |          |
|    ep_len_mean     | 79       |
|    ep_rew_mean     | 385      |
| time/              |          |
|    fps             | 1751     |
|    iterations      | 18       |
|    time_elapsed    | 1178     |
|    total_timesteps | 2064384  |
---------------------------------
rollout mean regret: 0.8227906227111816
-----------------------------------------
| rollout/                |             |
|    ep_len_mean          | 79.6        |
|    ep_rew_mean          | 388         |
| time/                   |             |
|    fps                  | 1746        |
|    iterations           | 19          |
|    time_elapsed         | 1247        |
|    total_timesteps      | 2179072     |
| train/                  |             |
|    approx_kl            | 0.009850813 |
|    clip_fraction        | 0.208       |
|    clip_range           | 0.15        |
|    entropy_loss         | -24.6       |
|    explained_variance   | 0.969       |
|    learning_rate        | 0.0001      |
|    loss                 | -0.24       |
|    n_updates            | 270         |
|    policy_gradient_loss | -0.0169     |
|    std                  | 1.03        |
|    value_loss           | 0.0289      |
-----------------------------------------
rollout mean regret: 0.8201178312301636
----------------------------------------
| rollout/                |            |
|    ep_len_mean          | 83.3       |
|    ep_rew_mean          | 407        |
| time/                   |            |
|    fps                  | 1741       |
|    iterations           | 20         |
|    time_elapsed         | 1317       |
|    total_timesteps      | 2293760    |
| train/                  |            |
|    approx_kl            | 0.01026141 |
|    clip_fraction        | 0.214      |
|    clip_range           | 0.15       |
|    entropy_loss         | -24.7      |
|    explained_variance   | 0.969      |
|    learning_rate        | 0.0001     |
|    loss                 | -0.246     |
|    n_updates            | 285        |
|    policy_gradient_loss | -0.0169    |
|    std                  | 1.03       |
|    value_loss           | 0.0276     |
----------------------------------------
rollout mean regret: 0.8277171850204468
-----------------------------------------
| rollout/                |             |
|    ep_len_mean          | 85          |
|    ep_rew_mean          | 416         |
| time/                   |             |
|    fps                  | 1736        |
|    iterations           | 21          |
|    time_elapsed         | 1386        |
|    total_timesteps      | 2408448     |
| train/                  |             |
|    approx_kl            | 0.010134791 |
|    clip_fraction        | 0.211       |
|    clip_range           | 0.15        |
|    entropy_loss         | -24.7       |
|    explained_variance   | 0.97        |
|    learning_rate        | 0.0001      |
|    loss                 | -0.235      |
|    n_updates            | 300         |
|    policy_gradient_loss | -0.0167     |
|    std                  | 1.04        |
|    value_loss           | 0.0273      |
-----------------------------------------
Eval num_timesteps=2499980, episode_reward=342.25 +/- 15.96
Episode length: 63.20 +/- 2.99
-----------------------------------------
| eval/                   |             |
|    mean_ep_length       | 63.2        |
|    mean_reward          | 342         |
| time/                   |             |
|    total_timesteps      | 2499980     |
| train/                  |             |
|    approx_kl            | 0.010217202 |
|    clip_fraction        | 0.212       |
|    clip_range           | 0.15        |
|    entropy_loss         | -24.8       |
|    explained_variance   | 0.972       |
|    learning_rate        | 0.0001      |
|    loss                 | -0.239      |
|    n_updates            | 315         |
|    policy_gradient_loss | -0.0165     |
|    std                  | 1.04        |
|    value_loss           | 0.0256      |
-----------------------------------------
rollout mean regret: 0.8536834716796875
---------------------------------
| rollout/           |          |
|    ep_len_mean     | 84.1     |
|    ep_rew_mean     | 413      |
| time/              |          |
|    fps             | 1732     |
|    iterations      | 22       |
|    time_elapsed    | 1456     |
|    total_timesteps | 2523136  |
---------------------------------
rollout mean regret: 0.824486255645752
-----------------------------------------
| rollout/                |             |
|    ep_len_mean          | 88.2        |
|    ep_rew_mean          | 429         |
| time/                   |             |
|    fps                  | 1728        |
|    iterations           | 23          |
|    time_elapsed         | 1526        |
|    total_timesteps      | 2637824     |
| train/                  |             |
|    approx_kl            | 0.010660812 |
|    clip_fraction        | 0.219       |
|    clip_range           | 0.15        |
|    entropy_loss         | -24.8       |
|    explained_variance   | 0.971       |
|    learning_rate        | 0.0001      |
|    loss                 | -0.244      |
|    n_updates            | 330         |
|    policy_gradient_loss | -0.0169     |
|    std                  | 1.04        |
|    value_loss           | 0.0249      |
-----------------------------------------
rollout mean regret: 0.8349764347076416
-----------------------------------------
| rollout/                |             |
|    ep_len_mean          | 86.5        |
|    ep_rew_mean          | 424         |
| time/                   |             |
|    fps                  | 1723        |
|    iterations           | 24          |
|    time_elapsed         | 1597        |
|    total_timesteps      | 2752512     |
| train/                  |             |
|    approx_kl            | 0.010851164 |
|    clip_fraction        | 0.223       |
|    clip_range           | 0.15        |
|    entropy_loss         | -24.8       |
|    explained_variance   | 0.972       |
|    learning_rate        | 0.0001      |
|    loss                 | -0.25       |
|    n_updates            | 345         |
|    policy_gradient_loss | -0.0174     |
|    std                  | 1.04        |
|    value_loss           | 0.024       |
-----------------------------------------
rollout mean regret: 0.8617380857467651
-----------------------------------------
| rollout/                |             |
|    ep_len_mean          | 90.3        |
|    ep_rew_mean          | 444         |
| time/                   |             |
|    fps                  | 1720        |
|    iterations           | 25          |
|    time_elapsed         | 1666        |
|    total_timesteps      | 2867200     |
| train/                  |             |
|    approx_kl            | 0.010493222 |
|    clip_fraction        | 0.216       |
|    clip_range           | 0.15        |
|    entropy_loss         | -24.9       |
|    explained_variance   | 0.972       |
|    learning_rate        | 0.0001      |
|    loss                 | -0.238      |
|    n_updates            | 360         |
|    policy_gradient_loss | -0.0165     |
|    std                  | 1.05        |
|    value_loss           | 0.0235      |
-----------------------------------------
rollout mean regret: 0.8616151213645935
---------------------------------------
| rollout/                |           |
|    ep_len_mean          | 92.2      |
|    ep_rew_mean          | 450       |
| time/                   |           |
|    fps                  | 1717      |
|    iterations           | 26        |
|    time_elapsed         | 1735      |
|    total_timesteps      | 2981888   |
| train/                  |           |
|    approx_kl            | 0.0111582 |
|    clip_fraction        | 0.229     |
|    clip_range           | 0.15      |
|    entropy_loss         | -24.9     |
|    explained_variance   | 0.974     |
|    learning_rate        | 0.0001    |
|    loss                 | -0.247    |
|    n_updates            | 375       |
|    policy_gradient_loss | -0.018    |
|    std                  | 1.05      |
|    value_loss           | 0.0224    |
---------------------------------------
Eval num_timesteps=2999976, episode_reward=356.65 +/- 13.17
Episode length: 65.80 +/- 2.32
-----------------------------------------
| eval/                   |             |
|    mean_ep_length       | 65.8        |
|    mean_reward          | 357         |
| time/                   |             |
|    total_timesteps      | 2999976     |
| train/                  |             |
|    approx_kl            | 0.010918467 |
|    clip_fraction        | 0.226       |
|    clip_range           | 0.15        |
|    entropy_loss         | -25         |
|    explained_variance   | 0.973       |
|    learning_rate        | 0.0001      |
|    loss                 | -0.259      |
|    n_updates            | 390         |
|    policy_gradient_loss | -0.0166     |
|    std                  | 1.05        |
|    value_loss           | 0.0229      |
-----------------------------------------
rollout mean regret: 0.8684079647064209
---------------------------------
| rollout/           |          |
|    ep_len_mean     | 95.5     |
|    ep_rew_mean     | 466      |
| time/              |          |
|    fps             | 1713     |
|    iterations      | 27       |
|    time_elapsed    | 1807     |
|    total_timesteps | 3096576  |
---------------------------------
rollout mean regret: 0.8841471076011658
-----------------------------------------
| rollout/                |             |
|    ep_len_mean          | 98.7        |
|    ep_rew_mean          | 493         |
| time/                   |             |
|    fps                  | 1711        |
|    iterations           | 28          |
|    time_elapsed         | 1876        |
|    total_timesteps      | 3211264     |
| train/                  |             |
|    approx_kl            | 0.011282878 |
|    clip_fraction        | 0.231       |
|    clip_range           | 0.15        |
|    entropy_loss         | -25         |
|    explained_variance   | 0.973       |
|    learning_rate        | 0.0001      |
|    loss                 | -0.244      |
|    n_updates            | 405         |
|    policy_gradient_loss | -0.0169     |
|    std                  | 1.06        |
|    value_loss           | 0.0225      |
-----------------------------------------
rollout mean regret: 0.8717566728591919
-----------------------------------------
| rollout/                |             |
|    ep_len_mean          | 101         |
|    ep_rew_mean          | 495         |
| time/                   |             |
|    fps                  | 1708        |
|    iterations           | 29          |
|    time_elapsed         | 1946        |
|    total_timesteps      | 3325952     |
| train/                  |             |
|    approx_kl            | 0.011118932 |
|    clip_fraction        | 0.228       |
|    clip_range           | 0.15        |
|    entropy_loss         | -25         |
|    explained_variance   | 0.974       |
|    learning_rate        | 0.0001      |
|    loss                 | -0.252      |
|    n_updates            | 420         |
|    policy_gradient_loss | -0.0169     |
|    std                  | 1.06        |
|    value_loss           | 0.0215      |
-----------------------------------------
rollout mean regret: 0.8409087657928467
-----------------------------------------
| rollout/                |             |
|    ep_len_mean          | 97.5        |
|    ep_rew_mean          | 481         |
| time/                   |             |
|    fps                  | 1707        |
|    iterations           | 30          |
|    time_elapsed         | 2015        |
|    total_timesteps      | 3440640     |
| train/                  |             |
|    approx_kl            | 0.011135191 |
|    clip_fraction        | 0.229       |
|    clip_range           | 0.15        |
|    entropy_loss         | -25.1       |
|    explained_variance   | 0.975       |
|    learning_rate        | 0.0001      |
|    loss                 | -0.244      |
|    n_updates            | 435         |
|    policy_gradient_loss | -0.0167     |
|    std                  | 1.06        |
|    value_loss           | 0.021       |
-----------------------------------------
Eval num_timesteps=3499972, episode_reward=397.13 +/- 21.86
Episode length: 73.00 +/- 3.90
-----------------------------------------
| eval/                   |             |
|    mean_ep_length       | 73          |
|    mean_reward          | 397         |
| time/                   |             |
|    total_timesteps      | 3499972     |
| train/                  |             |
|    approx_kl            | 0.011543152 |
|    clip_fraction        | 0.234       |
|    clip_range           | 0.15        |
|    entropy_loss         | -25.1       |
|    explained_variance   | 0.974       |
|    learning_rate        | 0.0001      |
|    loss                 | -0.253      |
|    n_updates            | 450         |
|    policy_gradient_loss | -0.0171     |
|    std                  | 1.06        |
|    value_loss           | 0.0222      |
-----------------------------------------
New best mean reward!
rollout mean regret: 0.8884678483009338
---------------------------------
| rollout/           |          |
|    ep_len_mean     | 102      |
|    ep_rew_mean     | 504      |
| time/              |          |
|    fps             | 1703     |
|    iterations      | 31       |
|    time_elapsed    | 2086     |
|    total_timesteps | 3555328  |
---------------------------------
rollout mean regret: 0.9023813605308533
-----------------------------------------
| rollout/                |             |
|    ep_len_mean          | 98.6        |
|    ep_rew_mean          | 498         |
| time/                   |             |
|    fps                  | 1702        |
|    iterations           | 32          |
|    time_elapsed         | 2156        |
|    total_timesteps      | 3670016     |
| train/                  |             |
|    approx_kl            | 0.011500738 |
|    clip_fraction        | 0.235       |
|    clip_range           | 0.15        |
|    entropy_loss         | -25.2       |
|    explained_variance   | 0.973       |
|    learning_rate        | 0.0001      |
|    loss                 | -0.255      |
|    n_updates            | 465         |
|    policy_gradient_loss | -0.017      |
|    std                  | 1.07        |
|    value_loss           | 0.0224      |
-----------------------------------------
rollout mean regret: 0.8986584544181824
-----------------------------------------
| rollout/                |             |
|    ep_len_mean          | 100         |
|    ep_rew_mean          | 494         |
| time/                   |             |
|    fps                  | 1700        |
|    iterations           | 33          |
|    time_elapsed         | 2225        |
|    total_timesteps      | 3784704     |
| train/                  |             |
|    approx_kl            | 0.011922385 |
|    clip_fraction        | 0.241       |
|    clip_range           | 0.15        |
|    entropy_loss         | -25.2       |
|    explained_variance   | 0.974       |
|    learning_rate        | 0.0001      |
|    loss                 | -0.26       |
|    n_updates            | 480         |
|    policy_gradient_loss | -0.0173     |
|    std                  | 1.07        |
|    value_loss           | 0.022       |
-----------------------------------------
rollout mean regret: 0.8873323202133179
-----------------------------------------
| rollout/                |             |
|    ep_len_mean          | 105         |
|    ep_rew_mean          | 516         |
| time/                   |             |
|    fps                  | 1697        |
|    iterations           | 34          |
|    time_elapsed         | 2297        |
|    total_timesteps      | 3899392     |
| train/                  |             |
|    approx_kl            | 0.011761791 |
|    clip_fraction        | 0.241       |
|    clip_range           | 0.15        |
|    entropy_loss         | -25.3       |
|    explained_variance   | 0.973       |
|    learning_rate        | 0.0001      |
|    loss                 | -0.236      |
|    n_updates            | 495         |
|    policy_gradient_loss | -0.0172     |
|    std                  | 1.07        |
|    value_loss           | 0.0224      |
-----------------------------------------
Eval num_timesteps=3999968, episode_reward=438.43 +/- 18.34
Episode length: 80.80 +/- 2.79
-----------------------------------------
| eval/                   |             |
|    mean_ep_length       | 80.8        |
|    mean_reward          | 438         |
| time/                   |             |
|    total_timesteps      | 3999968     |
| train/                  |             |
|    approx_kl            | 0.011475859 |
|    clip_fraction        | 0.237       |
|    clip_range           | 0.15        |
|    entropy_loss         | -25.3       |
|    explained_variance   | 0.973       |
|    learning_rate        | 0.0001      |
|    loss                 | -0.258      |
|    n_updates            | 510         |
|    policy_gradient_loss | -0.0172     |
|    std                  | 1.07        |
|    value_loss           | 0.0224      |
-----------------------------------------
New best mean reward!
rollout mean regret: 0.8852663040161133
---------------------------------
| rollout/           |          |
|    ep_len_mean     | 107      |
|    ep_rew_mean     | 534      |
| time/              |          |
|    fps             | 1695     |
|    iterations      | 35       |
|    time_elapsed    | 2367     |
|    total_timesteps | 4014080  |
---------------------------------
rollout mean regret: 0.9088485240936279
-----------------------------------------
| rollout/                |             |
|    ep_len_mean          | 110         |
|    ep_rew_mean          | 549         |
| time/                   |             |
|    fps                  | 1691        |
|    iterations           | 36          |
|    time_elapsed         | 2440        |
|    total_timesteps      | 4128768     |
| train/                  |             |
|    approx_kl            | 0.012050658 |
|    clip_fraction        | 0.244       |
|    clip_range           | 0.15        |
|    entropy_loss         | -25.3       |
|    explained_variance   | 0.974       |
|    learning_rate        | 0.0001      |
|    loss                 | -0.264      |
|    n_updates            | 525         |
|    policy_gradient_loss | -0.0176     |
|    std                  | 1.08        |
|    value_loss           | 0.0213      |
-----------------------------------------
rollout mean regret: 0.9438165426254272
---------------------------------------
| rollout/                |           |
|    ep_len_mean          | 114       |
|    ep_rew_mean          | 564       |
| time/                   |           |
|    fps                  | 1689      |
|    iterations           | 37        |
|    time_elapsed         | 2511      |
|    total_timesteps      | 4243456   |
| train/                  |           |
|    approx_kl            | 0.0120121 |
|    clip_fraction        | 0.245     |
|    clip_range           | 0.15      |
|    entropy_loss         | -25.4     |
|    explained_variance   | 0.975     |
|    learning_rate        | 0.0001    |
|    loss                 | -0.265    |
|    n_updates            | 540       |
|    policy_gradient_loss | -0.0175   |
|    std                  | 1.08      |
|    value_loss           | 0.0205    |
---------------------------------------
rollout mean regret: 0.9476519823074341
-----------------------------------------
| rollout/                |             |
|    ep_len_mean          | 120         |
|    ep_rew_mean          | 599         |
| time/                   |             |
|    fps                  | 1688        |
|    iterations           | 38          |
|    time_elapsed         | 2581        |
|    total_timesteps      | 4358144     |
| train/                  |             |
|    approx_kl            | 0.012240193 |
|    clip_fraction        | 0.244       |
|    clip_range           | 0.15        |
|    entropy_loss         | -25.4       |
|    explained_variance   | 0.973       |
|    learning_rate        | 0.0001      |
|    loss                 | -0.257      |
|    n_updates            | 555         |
|    policy_gradient_loss | -0.0173     |
|    std                  | 1.08        |
|    value_loss           | 0.0221      |
-----------------------------------------
rollout mean regret: 0.9053643345832825
-----------------------------------------
| rollout/                |             |
|    ep_len_mean          | 126         |
|    ep_rew_mean          | 628         |
| time/                   |             |
|    fps                  | 1686        |
|    iterations           | 39          |
|    time_elapsed         | 2651        |
|    total_timesteps      | 4472832     |
| train/                  |             |
|    approx_kl            | 0.012191049 |
|    clip_fraction        | 0.247       |
|    clip_range           | 0.15        |
|    entropy_loss         | -25.5       |
|    explained_variance   | 0.974       |
|    learning_rate        | 0.0001      |
|    loss                 | -0.252      |
|    n_updates            | 570         |
|    policy_gradient_loss | -0.0171     |
|    std                  | 1.09        |
|    value_loss           | 0.0213      |
-----------------------------------------
Eval num_timesteps=4499964, episode_reward=607.55 +/- 96.51
Episode length: 110.40 +/- 18.32
-----------------------------------------
| eval/                   |             |
|    mean_ep_length       | 110         |
|    mean_reward          | 608         |
| time/                   |             |
|    total_timesteps      | 4499964     |
| train/                  |             |
|    approx_kl            | 0.012568714 |
|    clip_fraction        | 0.25        |
|    clip_range           | 0.15        |
|    entropy_loss         | -25.5       |
|    explained_variance   | 0.974       |
|    learning_rate        | 0.0001      |
|    loss                 | -0.251      |
|    n_updates            | 585         |
|    policy_gradient_loss | -0.0177     |
|    std                  | 1.09        |
|    value_loss           | 0.0213      |
-----------------------------------------
New best mean reward!
rollout mean regret: 0.9283030033111572
---------------------------------
| rollout/           |          |
|    ep_len_mean     | 124      |
|    ep_rew_mean     | 624      |
| time/              |          |
|    fps             | 1685     |
|    iterations      | 40       |
|    time_elapsed    | 2721     |
|    total_timesteps | 4587520  |
---------------------------------
rollout mean regret: 0.910368800163269
-----------------------------------------
| rollout/                |             |
|    ep_len_mean          | 126         |
|    ep_rew_mean          | 640         |
| time/                   |             |
|    fps                  | 1683        |
|    iterations           | 41          |
|    time_elapsed         | 2793        |
|    total_timesteps      | 4702208     |
| train/                  |             |
|    approx_kl            | 0.012699962 |
|    clip_fraction        | 0.254       |
|    clip_range           | 0.15        |
|    entropy_loss         | -25.6       |
|    explained_variance   | 0.972       |
|    learning_rate        | 0.0001      |
|    loss                 | -0.26       |
|    n_updates            | 600         |
|    policy_gradient_loss | -0.0179     |
|    std                  | 1.09        |
|    value_loss           | 0.0223      |
-----------------------------------------
rollout mean regret: 0.9071097373962402
-----------------------------------------
| rollout/                |             |
|    ep_len_mean          | 127         |
|    ep_rew_mean          | 638         |
| time/                   |             |
|    fps                  | 1681        |
|    iterations           | 42          |
|    time_elapsed         | 2865        |
|    total_timesteps      | 4816896     |
| train/                  |             |
|    approx_kl            | 0.012576676 |
|    clip_fraction        | 0.252       |
|    clip_range           | 0.15        |
|    entropy_loss         | -25.6       |
|    explained_variance   | 0.973       |
|    learning_rate        | 0.0001      |
|    loss                 | -0.263      |
|    n_updates            | 615         |
|    policy_gradient_loss | -0.0174     |
|    std                  | 1.09        |
|    value_loss           | 0.0219      |
-----------------------------------------
rollout mean regret: 0.8628960847854614
-----------------------------------------
| rollout/                |             |
|    ep_len_mean          | 133         |
|    ep_rew_mean          | 677         |
| time/                   |             |
|    fps                  | 1679        |
|    iterations           | 43          |
|    time_elapsed         | 2936        |
|    total_timesteps      | 4931584     |
| train/                  |             |
|    approx_kl            | 0.012664844 |
|    clip_fraction        | 0.253       |
|    clip_range           | 0.15        |
|    entropy_loss         | -25.6       |
|    explained_variance   | 0.973       |
|    learning_rate        | 0.0001      |
|    loss                 | -0.246      |
|    n_updates            | 630         |
|    policy_gradient_loss | -0.0172     |
|    std                  | 1.1         |
|    value_loss           | 0.0222      |
-----------------------------------------
Eval num_timesteps=4999960, episode_reward=933.06 +/- 123.95
Episode length: 176.80 +/- 22.18
-----------------------------------------
| eval/                   |             |
|    mean_ep_length       | 177         |
|    mean_reward          | 933         |
| time/                   |             |
|    total_timesteps      | 4999960     |
| train/                  |             |
|    approx_kl            | 0.012695917 |
|    clip_fraction        | 0.256       |
|    clip_range           | 0.15        |
|    entropy_loss         | -25.7       |
|    explained_variance   | 0.973       |
|    learning_rate        | 0.0001      |
|    loss                 | -0.261      |
|    n_updates            | 645         |
|    policy_gradient_loss | -0.0171     |
|    std                  | 1.1         |
|    value_loss           | 0.0228      |
-----------------------------------------
New best mean reward!
rollout mean regret: 0.901586651802063
---------------------------------
| rollout/           |          |
|    ep_len_mean     | 137      |
|    ep_rew_mean     | 700      |
| time/              |          |
|    fps             | 1678     |
|    iterations      | 44       |
|    time_elapsed    | 3006     |
|    total_timesteps | 5046272  |
---------------------------------
rollout mean regret: 0.9158676862716675
----------------------------------------
| rollout/                |            |
|    ep_len_mean          | 129        |
|    ep_rew_mean          | 656        |
| time/                   |            |
|    fps                  | 1677       |
|    iterations           | 45         |
|    time_elapsed         | 3076       |
|    total_timesteps      | 5160960    |
| train/                  |            |
|    approx_kl            | 0.01277294 |
|    clip_fraction        | 0.255      |
|    clip_range           | 0.15       |
|    entropy_loss         | -25.7      |
|    explained_variance   | 0.973      |
|    learning_rate        | 0.0001     |
|    loss                 | -0.263     |
|    n_updates            | 660        |
|    policy_gradient_loss | -0.0173    |
|    std                  | 1.1        |
|    value_loss           | 0.0225     |
----------------------------------------
rollout mean regret: 0.9176201224327087
-----------------------------------------
| rollout/                |             |
|    ep_len_mean          | 133         |
|    ep_rew_mean          | 683         |
| time/                   |             |
|    fps                  | 1676        |
|    iterations           | 46          |
|    time_elapsed         | 3146        |
|    total_timesteps      | 5275648     |
| train/                  |             |
|    approx_kl            | 0.012915765 |
|    clip_fraction        | 0.257       |
|    clip_range           | 0.15        |
|    entropy_loss         | -25.8       |
|    explained_variance   | 0.972       |
|    learning_rate        | 0.0001      |
|    loss                 | -0.245      |
|    n_updates            | 675         |
|    policy_gradient_loss | -0.0174     |
|    std                  | 1.11        |
|    value_loss           | 0.0238      |
-----------------------------------------
rollout mean regret: 0.8909035921096802
-----------------------------------------
| rollout/                |             |
|    ep_len_mean          | 137         |
|    ep_rew_mean          | 698         |
| time/                   |             |
|    fps                  | 1675        |
|    iterations           | 47          |
|    time_elapsed         | 3217        |
|    total_timesteps      | 5390336     |
| train/                  |             |
|    approx_kl            | 0.012823338 |
|    clip_fraction        | 0.255       |
|    clip_range           | 0.15        |
|    entropy_loss         | -25.8       |
|    explained_variance   | 0.972       |
|    learning_rate        | 0.0001      |
|    loss                 | -0.256      |
|    n_updates            | 690         |
|    policy_gradient_loss | -0.017      |
|    std                  | 1.11        |
|    value_loss           | 0.0231      |
-----------------------------------------
Eval num_timesteps=5499956, episode_reward=907.52 +/- 125.71
Episode length: 165.20 +/- 22.54
-----------------------------------------
| eval/                   |             |
|    mean_ep_length       | 165         |
|    mean_reward          | 908         |
| time/                   |             |
|    total_timesteps      | 5499956     |
| train/                  |             |
|    approx_kl            | 0.012961745 |
|    clip_fraction        | 0.258       |
|    clip_range           | 0.15        |
|    entropy_loss         | -25.9       |
|    explained_variance   | 0.973       |
|    learning_rate        | 0.0001      |
|    loss                 | -0.27       |
|    n_updates            | 705         |
|    policy_gradient_loss | -0.0172     |
|    std                  | 1.11        |
|    value_loss           | 0.0226      |
-----------------------------------------
rollout mean regret: 0.9053269624710083
---------------------------------
| rollout/           |          |
|    ep_len_mean     | 143      |
|    ep_rew_mean     | 740      |
| time/              |          |
|    fps             | 1672     |
|    iterations      | 48       |
|    time_elapsed    | 3291     |
|    total_timesteps | 5505024  |
---------------------------------
rollout mean regret: 0.9436318874359131
-----------------------------------------
| rollout/                |             |
|    ep_len_mean          | 151         |
|    ep_rew_mean          | 781         |
| time/                   |             |
|    fps                  | 1671        |
|    iterations           | 49          |
|    time_elapsed         | 3362        |
|    total_timesteps      | 5619712     |
| train/                  |             |
|    approx_kl            | 0.012933509 |
|    clip_fraction        | 0.258       |
|    clip_range           | 0.15        |
|    entropy_loss         | -25.9       |
|    explained_variance   | 0.973       |
|    learning_rate        | 0.0001      |
|    loss                 | -0.252      |
|    n_updates            | 720         |
|    policy_gradient_loss | -0.0172     |
|    std                  | 1.11        |
|    value_loss           | 0.0223      |
-----------------------------------------
rollout mean regret: 0.9069446921348572
-----------------------------------------
| rollout/                |             |
|    ep_len_mean          | 152         |
|    ep_rew_mean          | 789         |
| time/                   |             |
|    fps                  | 1670        |
|    iterations           | 50          |
|    time_elapsed         | 3432        |
|    total_timesteps      | 5734400     |
| train/                  |             |
|    approx_kl            | 0.013646335 |
|    clip_fraction        | 0.265       |
|    clip_range           | 0.15        |
|    entropy_loss         | -25.9       |
|    explained_variance   | 0.971       |
|    learning_rate        | 0.0001      |
|    loss                 | -0.257      |
|    n_updates            | 735         |
|    policy_gradient_loss | -0.0176     |
|    std                  | 1.12        |
|    value_loss           | 0.0236      |
-----------------------------------------
rollout mean regret: 0.8791050910949707
-----------------------------------------
| rollout/                |             |
|    ep_len_mean          | 154         |
|    ep_rew_mean          | 795         |
| time/                   |             |
|    fps                  | 1670        |
|    iterations           | 51          |
|    time_elapsed         | 3502        |
|    total_timesteps      | 5849088     |
| train/                  |             |
|    approx_kl            | 0.013388589 |
|    clip_fraction        | 0.263       |
|    clip_range           | 0.15        |
|    entropy_loss         | -26         |
|    explained_variance   | 0.972       |
|    learning_rate        | 0.0001      |
|    loss                 | -0.267      |
|    n_updates            | 750         |
|    policy_gradient_loss | -0.0175     |
|    std                  | 1.12        |
|    value_loss           | 0.0222      |
-----------------------------------------
rollout mean regret: 0.9285988211631775
-----------------------------------------
| rollout/                |             |
|    ep_len_mean          | 153         |
|    ep_rew_mean          | 796         |
| time/                   |             |
|    fps                  | 1669        |
|    iterations           | 52          |
|    time_elapsed         | 3573        |
|    total_timesteps      | 5963776     |
| train/                  |             |
|    approx_kl            | 0.013488761 |
|    clip_fraction        | 0.264       |
|    clip_range           | 0.15        |
|    entropy_loss         | -26         |
|    explained_variance   | 0.972       |
|    learning_rate        | 0.0001      |
|    loss                 | -0.255      |
|    n_updates            | 765         |
|    policy_gradient_loss | -0.017      |
|    std                  | 1.12        |
|    value_loss           | 0.0235      |
-----------------------------------------
Eval num_timesteps=5999952, episode_reward=1545.62 +/- 471.83
Episode length: 272.60 +/- 79.92
-----------------------------------------
| eval/                   |             |
|    mean_ep_length       | 273         |
|    mean_reward          | 1.55e+03    |
| time/                   |             |
|    total_timesteps      | 5999952     |
| train/                  |             |
|    approx_kl            | 0.013368989 |
|    clip_fraction        | 0.264       |
|    clip_range           | 0.15        |
|    entropy_loss         | -26.1       |
|    explained_variance   | 0.97        |
|    learning_rate        | 0.0001      |
|    loss                 | -0.256      |
|    n_updates            | 780         |
|    policy_gradient_loss | -0.0173     |
|    std                  | 1.13        |
|    value_loss           | 0.0242      |
-----------------------------------------
New best mean reward!
rollout mean regret: 0.9353572130203247
---------------------------------
| rollout/           |          |
|    ep_len_mean     | 161      |
|    ep_rew_mean     | 824      |
| time/              |          |
|    fps             | 1667     |
|    iterations      | 53       |
|    time_elapsed    | 3645     |
|    total_timesteps | 6078464  |
---------------------------------
rollout mean regret: 0.9295958280563354
-----------------------------------------
| rollout/                |             |
|    ep_len_mean          | 160         |
|    ep_rew_mean          | 835         |
| time/                   |             |
|    fps                  | 1667        |
|    iterations           | 54          |
|    time_elapsed         | 3714        |
|    total_timesteps      | 6193152     |
| train/                  |             |
|    approx_kl            | 0.013696676 |
|    clip_fraction        | 0.265       |
|    clip_range           | 0.15        |
|    entropy_loss         | -26.1       |
|    explained_variance   | 0.97        |
|    learning_rate        | 0.0001      |
|    loss                 | -0.262      |
|    n_updates            | 795         |
|    policy_gradient_loss | -0.0174     |
|    std                  | 1.13        |
|    value_loss           | 0.0242      |
-----------------------------------------
rollout mean regret: 0.900285005569458
-----------------------------------------
| rollout/                |             |
|    ep_len_mean          | 162         |
|    ep_rew_mean          | 845         |
| time/                   |             |
|    fps                  | 1666        |
|    iterations           | 55          |
|    time_elapsed         | 3785        |
|    total_timesteps      | 6307840     |
| train/                  |             |
|    approx_kl            | 0.013701978 |
|    clip_fraction        | 0.268       |
|    clip_range           | 0.15        |
|    entropy_loss         | -26.2       |
|    explained_variance   | 0.97        |
|    learning_rate        | 0.0001      |
|    loss                 | -0.269      |
|    n_updates            | 810         |
|    policy_gradient_loss | -0.0171     |
|    std                  | 1.13        |
|    value_loss           | 0.0241      |
-----------------------------------------
rollout mean regret: 0.8954479694366455
-----------------------------------------
| rollout/                |             |
|    ep_len_mean          | 163         |
|    ep_rew_mean          | 855         |
| time/                   |             |
|    fps                  | 1665        |
|    iterations           | 56          |
|    time_elapsed         | 3857        |
|    total_timesteps      | 6422528     |
| train/                  |             |
|    approx_kl            | 0.013993489 |
|    clip_fraction        | 0.272       |
|    clip_range           | 0.15        |
|    entropy_loss         | -26.2       |
|    explained_variance   | 0.971       |
|    learning_rate        | 0.0001      |
|    loss                 | -0.257      |
|    n_updates            | 825         |
|    policy_gradient_loss | -0.0173     |
|    std                  | 1.14        |
|    value_loss           | 0.0237      |
-----------------------------------------
Eval num_timesteps=6499948, episode_reward=1402.88 +/- 148.59
Episode length: 250.40 +/- 23.29
-----------------------------------------
| eval/                   |             |
|    mean_ep_length       | 250         |
|    mean_reward          | 1.4e+03     |
| time/                   |             |
|    total_timesteps      | 6499948     |
| train/                  |             |
|    approx_kl            | 0.014004611 |
|    clip_fraction        | 0.27        |
|    clip_range           | 0.15        |
|    entropy_loss         | -26.2       |
|    explained_variance   | 0.971       |
|    learning_rate        | 0.0001      |
|    loss                 | -0.263      |
|    n_updates            | 840         |
|    policy_gradient_loss | -0.0171     |
|    std                  | 1.14        |
|    value_loss           | 0.0235      |
-----------------------------------------
rollout mean regret: 0.9094798564910889
---------------------------------
| rollout/           |          |
|    ep_len_mean     | 172      |
|    ep_rew_mean     | 908      |
| time/              |          |
|    fps             | 1664     |
|    iterations      | 57       |
|    time_elapsed    | 3928     |
|    total_timesteps | 6537216  |
---------------------------------
rollout mean regret: 0.8993377685546875
-----------------------------------------
| rollout/                |             |
|    ep_len_mean          | 175         |
|    ep_rew_mean          | 916         |
| time/                   |             |
|    fps                  | 1663        |
|    iterations           | 58          |
|    time_elapsed         | 3998        |
|    total_timesteps      | 6651904     |
| train/                  |             |
|    approx_kl            | 0.014135483 |
|    clip_fraction        | 0.275       |
|    clip_range           | 0.15        |
|    entropy_loss         | -26.3       |
|    explained_variance   | 0.971       |
|    learning_rate        | 0.0001      |
|    loss                 | -0.258      |
|    n_updates            | 855         |
|    policy_gradient_loss | -0.0176     |
|    std                  | 1.14        |
|    value_loss           | 0.0237      |
-----------------------------------------
rollout mean regret: 0.9001094102859497
-----------------------------------------
| rollout/                |             |
|    ep_len_mean          | 186         |
|    ep_rew_mean          | 985         |
| time/                   |             |
|    fps                  | 1662        |
|    iterations           | 59          |
|    time_elapsed         | 4070        |
|    total_timesteps      | 6766592     |
| train/                  |             |
|    approx_kl            | 0.014108847 |
|    clip_fraction        | 0.274       |
|    clip_range           | 0.15        |
|    entropy_loss         | -26.3       |
|    explained_variance   | 0.97        |
|    learning_rate        | 0.0001      |
|    loss                 | -0.275      |
|    n_updates            | 870         |
|    policy_gradient_loss | -0.0171     |
|    std                  | 1.14        |
|    value_loss           | 0.0241      |
-----------------------------------------
rollout mean regret: 0.876181960105896
-----------------------------------------
| rollout/                |             |
|    ep_len_mean          | 182         |
|    ep_rew_mean          | 967         |
| time/                   |             |
|    fps                  | 1662        |
|    iterations           | 60          |
|    time_elapsed         | 4140        |
|    total_timesteps      | 6881280     |
| train/                  |             |
|    approx_kl            | 0.014306232 |
|    clip_fraction        | 0.273       |
|    clip_range           | 0.15        |
|    entropy_loss         | -26.4       |
|    explained_variance   | 0.968       |
|    learning_rate        | 0.0001      |
|    loss                 | -0.272      |
|    n_updates            | 885         |
|    policy_gradient_loss | -0.0171     |
|    std                  | 1.15        |
|    value_loss           | 0.0252      |
-----------------------------------------
rollout mean regret: 0.9140886068344116
-----------------------------------------
| rollout/                |             |
|    ep_len_mean          | 187         |
|    ep_rew_mean          | 1e+03       |
| time/                   |             |
|    fps                  | 1661        |
|    iterations           | 61          |
|    time_elapsed         | 4210        |
|    total_timesteps      | 6995968     |
| train/                  |             |
|    approx_kl            | 0.014578068 |
|    clip_fraction        | 0.279       |
|    clip_range           | 0.15        |
|    entropy_loss         | -26.4       |
|    explained_variance   | 0.969       |
|    learning_rate        | 0.0001      |
|    loss                 | -0.264      |
|    n_updates            | 900         |
|    policy_gradient_loss | -0.0177     |
|    std                  | 1.15        |
|    value_loss           | 0.024       |
-----------------------------------------
Eval num_timesteps=6999944, episode_reward=3558.15 +/- 1493.01
Episode length: 651.20 +/- 265.81
-----------------------------------------
| eval/                   |             |
|    mean_ep_length       | 651         |
|    mean_reward          | 3.56e+03    |
| time/                   |             |
|    total_timesteps      | 6999944     |
| train/                  |             |
|    approx_kl            | 0.014636619 |
|    clip_fraction        | 0.279       |
|    clip_range           | 0.15        |
|    entropy_loss         | -26.5       |
|    explained_variance   | 0.969       |
|    learning_rate        | 0.0001      |
|    loss                 | -0.265      |
|    n_updates            | 915         |
|    policy_gradient_loss | -0.0173     |
|    std                  | 1.15        |
|    value_loss           | 0.0234      |
-----------------------------------------
New best mean reward!
rollout mean regret: 0.859950840473175
---------------------------------
| rollout/           |          |
|    ep_len_mean     | 194      |
|    ep_rew_mean     | 1.03e+03 |
| time/              |          |
|    fps             | 1660     |
|    iterations      | 62       |
|    time_elapsed    | 4283     |
|    total_timesteps | 7110656  |
---------------------------------
rollout mean regret: 0.8776212334632874
-----------------------------------------
| rollout/                |             |
|    ep_len_mean          | 196         |
|    ep_rew_mean          | 1.04e+03    |
| time/                   |             |
|    fps                  | 1659        |
|    iterations           | 63          |
|    time_elapsed         | 4353        |
|    total_timesteps      | 7225344     |
| train/                  |             |
|    approx_kl            | 0.014322093 |
|    clip_fraction        | 0.276       |
|    clip_range           | 0.15        |
|    entropy_loss         | -26.5       |
|    explained_variance   | 0.971       |
|    learning_rate        | 0.0001      |
|    loss                 | -0.271      |
|    n_updates            | 930         |
|    policy_gradient_loss | -0.0172     |
|    std                  | 1.16        |
|    value_loss           | 0.023       |
-----------------------------------------
rollout mean regret: 0.8835130929946899
-----------------------------------------
| rollout/                |             |
|    ep_len_mean          | 203         |
|    ep_rew_mean          | 1.08e+03    |
| time/                   |             |
|    fps                  | 1659        |
|    iterations           | 64          |
|    time_elapsed         | 4423        |
|    total_timesteps      | 7340032     |
| train/                  |             |
|    approx_kl            | 0.014566129 |
|    clip_fraction        | 0.28        |
|    clip_range           | 0.15        |
|    entropy_loss         | -26.5       |
|    explained_variance   | 0.968       |
|    learning_rate        | 0.0001      |
|    loss                 | -0.263      |
|    n_updates            | 945         |
|    policy_gradient_loss | -0.0171     |
|    std                  | 1.16        |
|    value_loss           | 0.0252      |
-----------------------------------------
rollout mean regret: 0.8875144124031067
-----------------------------------------
| rollout/                |             |
|    ep_len_mean          | 208         |
|    ep_rew_mean          | 1.11e+03    |
| time/                   |             |
|    fps                  | 1658        |
|    iterations           | 65          |
|    time_elapsed         | 4493        |
|    total_timesteps      | 7454720     |
| train/                  |             |
|    approx_kl            | 0.014645808 |
|    clip_fraction        | 0.282       |
|    clip_range           | 0.15        |
|    entropy_loss         | -26.6       |
|    explained_variance   | 0.967       |
|    learning_rate        | 0.0001      |
|    loss                 | -0.272      |
|    n_updates            | 960         |
|    policy_gradient_loss | -0.0173     |
|    std                  | 1.16        |
|    value_loss           | 0.0248      |
-----------------------------------------
Eval num_timesteps=7499940, episode_reward=3239.47 +/- 1706.12
Episode length: 609.00 +/- 313.26
-----------------------------------------
| eval/                   |             |
|    mean_ep_length       | 609         |
|    mean_reward          | 3.24e+03    |
| time/                   |             |
|    total_timesteps      | 7499940     |
| train/                  |             |
|    approx_kl            | 0.014717772 |
|    clip_fraction        | 0.282       |
|    clip_range           | 0.15        |
|    entropy_loss         | -26.6       |
|    explained_variance   | 0.966       |
|    learning_rate        | 0.0001      |
|    loss                 | -0.277      |
|    n_updates            | 975         |
|    policy_gradient_loss | -0.0173     |
|    std                  | 1.17        |
|    value_loss           | 0.0254      |
-----------------------------------------
rollout mean regret: 0.889781653881073
---------------------------------
| rollout/           |          |
|    ep_len_mean     | 226      |
|    ep_rew_mean     | 1.22e+03 |
| time/              |          |
|    fps             | 1657     |
|    iterations      | 66       |
|    time_elapsed    | 4566     |
|    total_timesteps | 7569408  |
---------------------------------
rollout mean regret: 0.8158984184265137
-----------------------------------------
| rollout/                |             |
|    ep_len_mean          | 217         |
|    ep_rew_mean          | 1.15e+03    |
| time/                   |             |
|    fps                  | 1656        |
|    iterations           | 67          |
|    time_elapsed         | 4637        |
|    total_timesteps      | 7684096     |
| train/                  |             |
|    approx_kl            | 0.014825274 |
|    clip_fraction        | 0.284       |
|    clip_range           | 0.15        |
|    entropy_loss         | -26.7       |
|    explained_variance   | 0.966       |
|    learning_rate        | 0.0001      |
|    loss                 | -0.271      |
|    n_updates            | 990         |
|    policy_gradient_loss | -0.0175     |
|    std                  | 1.17        |
|    value_loss           | 0.0238      |
-----------------------------------------
rollout mean regret: 0.8891952037811279
-----------------------------------------
| rollout/                |             |
|    ep_len_mean          | 228         |
|    ep_rew_mean          | 1.21e+03    |
| time/                   |             |
|    fps                  | 1656        |
|    iterations           | 68          |
|    time_elapsed         | 4707        |
|    total_timesteps      | 7798784     |
| train/                  |             |
|    approx_kl            | 0.014807069 |
|    clip_fraction        | 0.286       |
|    clip_range           | 0.15        |
|    entropy_loss         | -26.7       |
|    explained_variance   | 0.968       |
|    learning_rate        | 0.0001      |
|    loss                 | -0.272      |
|    n_updates            | 1005        |
|    policy_gradient_loss | -0.017      |
|    std                  | 1.17        |
|    value_loss           | 0.0232      |
-----------------------------------------
rollout mean regret: 0.8632544875144958
-----------------------------------------
| rollout/                |             |
|    ep_len_mean          | 231         |
|    ep_rew_mean          | 1.25e+03    |
| time/                   |             |
|    fps                  | 1656        |
|    iterations           | 69          |
|    time_elapsed         | 4777        |
|    total_timesteps      | 7913472     |
| train/                  |             |
|    approx_kl            | 0.015182455 |
|    clip_fraction        | 0.287       |
|    clip_range           | 0.15        |
|    entropy_loss         | -26.8       |
|    explained_variance   | 0.967       |
|    learning_rate        | 0.0001      |
|    loss                 | -0.267      |
|    n_updates            | 1020        |
|    policy_gradient_loss | -0.017      |
|    std                  | 1.18        |
|    value_loss           | 0.0236      |
-----------------------------------------
Eval num_timesteps=7999936, episode_reward=3638.57 +/- 1478.41
Episode length: 653.00 +/- 261.29
-----------------------------------------
| eval/                   |             |
|    mean_ep_length       | 653         |
|    mean_reward          | 3.64e+03    |
| time/                   |             |
|    total_timesteps      | 7999936     |
| train/                  |             |
|    approx_kl            | 0.015409968 |
|    clip_fraction        | 0.291       |
|    clip_range           | 0.15        |
|    entropy_loss         | -26.8       |
|    explained_variance   | 0.967       |
|    learning_rate        | 0.0001      |
|    loss                 | -0.26       |
|    n_updates            | 1035        |
|    policy_gradient_loss | -0.0175     |
|    std                  | 1.18        |
|    value_loss           | 0.0238      |
-----------------------------------------
New best mean reward!
rollout mean regret: 0.8763589262962341
---------------------------------
| rollout/           |          |
|    ep_len_mean     | 250      |
|    ep_rew_mean     | 1.36e+03 |
| time/              |          |
|    fps             | 1655     |
|    iterations      | 70       |
|    time_elapsed    | 4850     |
|    total_timesteps | 8028160  |
---------------------------------
rollout mean regret: 0.8033949136734009
-----------------------------------------
| rollout/                |             |
|    ep_len_mean          | 243         |
|    ep_rew_mean          | 1.31e+03    |
| time/                   |             |
|    fps                  | 1654        |
|    iterations           | 71          |
|    time_elapsed         | 4920        |
|    total_timesteps      | 8142848     |
| train/                  |             |
|    approx_kl            | 0.015508743 |
|    clip_fraction        | 0.293       |
|    clip_range           | 0.15        |
|    entropy_loss         | -26.9       |
|    explained_variance   | 0.965       |
|    learning_rate        | 0.0001      |
|    loss                 | -0.269      |
|    n_updates            | 1050        |
|    policy_gradient_loss | -0.0176     |
|    std                  | 1.18        |
|    value_loss           | 0.0231      |
-----------------------------------------
rollout mean regret: 0.8342665433883667
----------------------------------------
| rollout/                |            |
|    ep_len_mean          | 241        |
|    ep_rew_mean          | 1.31e+03   |
| time/                   |            |
|    fps                  | 1654       |
|    iterations           | 72         |
|    time_elapsed         | 4990       |
|    total_timesteps      | 8257536    |
| train/                  |            |
|    approx_kl            | 0.01535897 |
|    clip_fraction        | 0.29       |
|    clip_range           | 0.15       |
|    entropy_loss         | -26.9      |
|    explained_variance   | 0.967      |
|    learning_rate        | 0.0001     |
|    loss                 | -0.278     |
|    n_updates            | 1065       |
|    policy_gradient_loss | -0.0171    |
|    std                  | 1.19       |
|    value_loss           | 0.0228     |
----------------------------------------
rollout mean regret: 0.8246674537658691
-----------------------------------------
| rollout/                |             |
|    ep_len_mean          | 248         |
|    ep_rew_mean          | 1.35e+03    |
| time/                   |             |
|    fps                  | 1654        |
|    iterations           | 73          |
|    time_elapsed         | 5060        |
|    total_timesteps      | 8372224     |
| train/                  |             |
|    approx_kl            | 0.015484159 |
|    clip_fraction        | 0.292       |
|    clip_range           | 0.15        |
|    entropy_loss         | -27         |
|    explained_variance   | 0.965       |
|    learning_rate        | 0.0001      |
|    loss                 | -0.269      |
|    n_updates            | 1080        |
|    policy_gradient_loss | -0.0173     |
|    std                  | 1.19        |
|    value_loss           | 0.0237      |
-----------------------------------------
rollout mean regret: 0.8260281682014465
-----------------------------------------
| rollout/                |             |
|    ep_len_mean          | 283         |
|    ep_rew_mean          | 1.54e+03    |
| time/                   |             |
|    fps                  | 1653        |
|    iterations           | 74          |
|    time_elapsed         | 5133        |
|    total_timesteps      | 8486912     |
| train/                  |             |
|    approx_kl            | 0.015798694 |
|    clip_fraction        | 0.296       |
|    clip_range           | 0.15        |
|    entropy_loss         | -27         |
|    explained_variance   | 0.965       |
|    learning_rate        | 0.0001      |
|    loss                 | -0.286      |
|    n_updates            | 1095        |
|    policy_gradient_loss | -0.0175     |
|    std                  | 1.19        |
|    value_loss           | 0.0234      |
-----------------------------------------
Eval num_timesteps=8499932, episode_reward=4754.22 +/- 580.14
Episode length: 857.00 +/- 102.48
-----------------------------------------
| eval/                   |             |
|    mean_ep_length       | 857         |
|    mean_reward          | 4.75e+03    |
| time/                   |             |
|    total_timesteps      | 8499932     |
| train/                  |             |
|    approx_kl            | 0.015804136 |
|    clip_fraction        | 0.3         |
|    clip_range           | 0.15        |
|    entropy_loss         | -27.1       |
|    explained_variance   | 0.965       |
|    learning_rate        | 0.0001      |
|    loss                 | -0.266      |
|    n_updates            | 1110        |
|    policy_gradient_loss | -0.0177     |
|    std                  | 1.2         |
|    value_loss           | 0.0232      |
-----------------------------------------
New best mean reward!
rollout mean regret: 0.8469864726066589
---------------------------------
| rollout/           |          |
|    ep_len_mean     | 267      |
|    ep_rew_mean     | 1.45e+03 |
| time/              |          |
|    fps             | 1651     |
|    iterations      | 75       |
|    time_elapsed    | 5207     |
|    total_timesteps | 8601600  |
---------------------------------
rollout mean regret: 0.8355854749679565
-----------------------------------------
| rollout/                |             |
|    ep_len_mean          | 277         |
|    ep_rew_mean          | 1.51e+03    |
| time/                   |             |
|    fps                  | 1650        |
|    iterations           | 76          |
|    time_elapsed         | 5279        |
|    total_timesteps      | 8716288     |
| train/                  |             |
|    approx_kl            | 0.015622949 |
|    clip_fraction        | 0.296       |
|    clip_range           | 0.15        |
|    entropy_loss         | -27.1       |
|    explained_variance   | 0.964       |
|    learning_rate        | 0.0001      |
|    loss                 | -0.276      |
|    n_updates            | 1125        |
|    policy_gradient_loss | -0.0171     |
|    std                  | 1.2         |
|    value_loss           | 0.0234      |
-----------------------------------------
rollout mean regret: 0.8406330347061157
-----------------------------------------
| rollout/                |             |
|    ep_len_mean          | 305         |
|    ep_rew_mean          | 1.7e+03     |
| time/                   |             |
|    fps                  | 1650        |
|    iterations           | 77          |
|    time_elapsed         | 5349        |
|    total_timesteps      | 8830976     |
| train/                  |             |
|    approx_kl            | 0.015702343 |
|    clip_fraction        | 0.296       |
|    clip_range           | 0.15        |
|    entropy_loss         | -27.1       |
|    explained_variance   | 0.963       |
|    learning_rate        | 0.0001      |
|    loss                 | -0.27       |
|    n_updates            | 1140        |
|    policy_gradient_loss | -0.017      |
|    std                  | 1.2         |
|    value_loss           | 0.0233      |
-----------------------------------------
rollout mean regret: 0.7995192408561707
-----------------------------------------
| rollout/                |             |
|    ep_len_mean          | 275         |
|    ep_rew_mean          | 1.51e+03    |
| time/                   |             |
|    fps                  | 1650        |
|    iterations           | 78          |
|    time_elapsed         | 5420        |
|    total_timesteps      | 8945664     |
| train/                  |             |
|    approx_kl            | 0.016122278 |
|    clip_fraction        | 0.299       |
|    clip_range           | 0.15        |
|    entropy_loss         | -27.2       |
|    explained_variance   | 0.961       |
|    learning_rate        | 0.0001      |
|    loss                 | -0.278      |
|    n_updates            | 1155        |
|    policy_gradient_loss | -0.0174     |
|    std                  | 1.21        |
|    value_loss           | 0.0234      |
-----------------------------------------
Eval num_timesteps=8999928, episode_reward=4822.64 +/- 232.91
Episode length: 870.40 +/- 47.45
---------------------------------------
| eval/                   |           |
|    mean_ep_length       | 870       |
|    mean_reward          | 4.82e+03  |
| time/                   |           |
|    total_timesteps      | 8999928   |
| train/                  |           |
|    approx_kl            | 0.0159866 |
|    clip_fraction        | 0.3       |
|    clip_range           | 0.15      |
|    entropy_loss         | -27.2     |
|    explained_variance   | 0.962     |
|    learning_rate        | 0.0001    |
|    loss                 | -0.278    |
|    n_updates            | 1170      |
|    policy_gradient_loss | -0.0172   |
|    std                  | 1.21      |
|    value_loss           | 0.0229    |
---------------------------------------
New best mean reward!
rollout mean regret: 0.8187698721885681
---------------------------------
| rollout/           |          |
|    ep_len_mean     | 297      |
|    ep_rew_mean     | 1.64e+03 |
| time/              |          |
|    fps             | 1648     |
|    iterations      | 79       |
|    time_elapsed    | 5494     |
|    total_timesteps | 9060352  |
---------------------------------
rollout mean regret: 0.7996265292167664
----------------------------------------
| rollout/                |            |
|    ep_len_mean          | 284        |
|    ep_rew_mean          | 1.57e+03   |
| time/                   |            |
|    fps                  | 1648       |
|    iterations           | 80         |
|    time_elapsed         | 5566       |
|    total_timesteps      | 9175040    |
| train/                  |            |
|    approx_kl            | 0.01606077 |
|    clip_fraction        | 0.302      |
|    clip_range           | 0.15       |
|    entropy_loss         | -27.3      |
|    explained_variance   | 0.958      |
|    learning_rate        | 0.0001     |
|    loss                 | -0.27      |
|    n_updates            | 1185       |
|    policy_gradient_loss | -0.0174    |
|    std                  | 1.22       |
|    value_loss           | 0.0235     |
----------------------------------------
rollout mean regret: 0.8247964978218079
-----------------------------------------
| rollout/                |             |
|    ep_len_mean          | 338         |
|    ep_rew_mean          | 1.88e+03    |
| time/                   |             |
|    fps                  | 1648        |
|    iterations           | 81          |
|    time_elapsed         | 5636        |
|    total_timesteps      | 9289728     |
| train/                  |             |
|    approx_kl            | 0.016221704 |
|    clip_fraction        | 0.304       |
|    clip_range           | 0.15        |
|    entropy_loss         | -27.3       |
|    explained_variance   | 0.959       |
|    learning_rate        | 0.0001      |
|    loss                 | -0.281      |
|    n_updates            | 1200        |
|    policy_gradient_loss | -0.0175     |
|    std                  | 1.22        |
|    value_loss           | 0.0232      |
-----------------------------------------
rollout mean regret: 0.7803048491477966
-----------------------------------------
| rollout/                |             |
|    ep_len_mean          | 316         |
|    ep_rew_mean          | 1.75e+03    |
| time/                   |             |
|    fps                  | 1648        |
|    iterations           | 82          |
|    time_elapsed         | 5705        |
|    total_timesteps      | 9404416     |
| train/                  |             |
|    approx_kl            | 0.016213637 |
|    clip_fraction        | 0.303       |
|    clip_range           | 0.15        |
|    entropy_loss         | -27.4       |
|    explained_variance   | 0.957       |
|    learning_rate        | 0.0001      |
|    loss                 | -0.271      |
|    n_updates            | 1215        |
|    policy_gradient_loss | -0.0174     |
|    std                  | 1.22        |
|    value_loss           | 0.023       |
-----------------------------------------
Eval num_timesteps=9499924, episode_reward=4724.86 +/- 212.07
Episode length: 839.40 +/- 45.24
-----------------------------------------
| eval/                   |             |
|    mean_ep_length       | 839         |
|    mean_reward          | 4.72e+03    |
| time/                   |             |
|    total_timesteps      | 9499924     |
| train/                  |             |
|    approx_kl            | 0.016397776 |
|    clip_fraction        | 0.305       |
|    clip_range           | 0.15        |
|    entropy_loss         | -27.4       |
|    explained_variance   | 0.958       |
|    learning_rate        | 0.0001      |
|    loss                 | -0.28       |
|    n_updates            | 1230        |
|    policy_gradient_loss | -0.0169     |
|    std                  | 1.23        |
|    value_loss           | 0.0235      |
-----------------------------------------
rollout mean regret: 0.7997753024101257
---------------------------------
| rollout/           |          |
|    ep_len_mean     | 339      |
|    ep_rew_mean     | 1.9e+03  |
| time/              |          |
|    fps             | 1647     |
|    iterations      | 83       |
|    time_elapsed    | 5778     |
|    total_timesteps | 9519104  |
---------------------------------
rollout mean regret: 0.7802598476409912
----------------------------------------
| rollout/                |            |
|    ep_len_mean          | 372        |
|    ep_rew_mean          | 2.08e+03   |
| time/                   |            |
|    fps                  | 1647       |
|    iterations           | 84         |
|    time_elapsed         | 5848       |
|    total_timesteps      | 9633792    |
| train/                  |            |
|    approx_kl            | 0.01675584 |
|    clip_fraction        | 0.306      |
|    clip_range           | 0.15       |
|    entropy_loss         | -27.5      |
|    explained_variance   | 0.954      |
|    learning_rate        | 0.0001     |
|    loss                 | -0.269     |
|    n_updates            | 1245       |
|    policy_gradient_loss | -0.0169    |
|    std                  | 1.23       |
|    value_loss           | 0.0238     |
----------------------------------------
rollout mean regret: 0.7812524437904358
-----------------------------------------
| rollout/                |             |
|    ep_len_mean          | 378         |
|    ep_rew_mean          | 2.13e+03    |
| time/                   |             |
|    fps                  | 1647        |
|    iterations           | 85          |
|    time_elapsed         | 5917        |
|    total_timesteps      | 9748480     |
| train/                  |             |
|    approx_kl            | 0.016192269 |
|    clip_fraction        | 0.304       |
|    clip_range           | 0.15        |
|    entropy_loss         | -27.6       |
|    explained_variance   | 0.956       |
|    learning_rate        | 0.0001      |
|    loss                 | -0.272      |
|    n_updates            | 1260        |
|    policy_gradient_loss | -0.0166     |
|    std                  | 1.24        |
|    value_loss           | 0.0224      |
-----------------------------------------
rollout mean regret: 0.7513980865478516
-----------------------------------------
| rollout/                |             |
|    ep_len_mean          | 353         |
|    ep_rew_mean          | 1.99e+03    |
| time/                   |             |
|    fps                  | 1647        |
|    iterations           | 86          |
|    time_elapsed         | 5988        |
|    total_timesteps      | 9863168     |
| train/                  |             |
|    approx_kl            | 0.016587196 |
|    clip_fraction        | 0.311       |
|    clip_range           | 0.15        |
|    entropy_loss         | -27.6       |
|    explained_variance   | 0.953       |
|    learning_rate        | 0.0001      |
|    loss                 | -0.275      |
|    n_updates            | 1275        |
|    policy_gradient_loss | -0.0169     |
|    std                  | 1.24        |
|    value_loss           | 0.0228      |
-----------------------------------------
rollout mean regret: 0.7462068200111389
-----------------------------------------
| rollout/                |             |
|    ep_len_mean          | 386         |
|    ep_rew_mean          | 2.19e+03    |
| time/                   |             |
|    fps                  | 1646        |
|    iterations           | 87          |
|    time_elapsed         | 6059        |
|    total_timesteps      | 9977856     |
| train/                  |             |
|    approx_kl            | 0.016745536 |
|    clip_fraction        | 0.312       |
|    clip_range           | 0.15        |
|    entropy_loss         | -27.7       |
|    explained_variance   | 0.952       |
|    learning_rate        | 0.0001      |
|    loss                 | -0.289      |
|    n_updates            | 1290        |
|    policy_gradient_loss | -0.0169     |
|    std                  | 1.24        |
|    value_loss           | 0.0245      |
-----------------------------------------
Eval num_timesteps=9999920, episode_reward=4658.23 +/- 162.77
Episode length: 823.80 +/- 36.52
-----------------------------------------
| eval/                   |             |
|    mean_ep_length       | 824         |
|    mean_reward          | 4.66e+03    |
| time/                   |             |
|    total_timesteps      | 9999920     |
| train/                  |             |
|    approx_kl            | 0.016516672 |
|    clip_fraction        | 0.309       |
|    clip_range           | 0.15        |
|    entropy_loss         | -27.7       |
|    explained_variance   | 0.948       |
|    learning_rate        | 0.0001      |
|    loss                 | -0.284      |
|    n_updates            | 1305        |
|    policy_gradient_loss | -0.0163     |
|    std                  | 1.25        |
|    value_loss           | 0.0235      |
-----------------------------------------
rollout mean regret: 0.7687811851501465
---------------------------------
| rollout/           |          |
|    ep_len_mean     | 367      |
|    ep_rew_mean     | 2.07e+03 |
| time/              |          |
|    fps             | 1645     |
|    iterations      | 88       |
|    time_elapsed    | 6133     |
|    total_timesteps | 10092544 |
---------------------------------
rollout mean regret: 0.7353599667549133
-----------------------------------------
| rollout/                |             |
|    ep_len_mean          | 411         |
|    ep_rew_mean          | 2.33e+03    |
| time/                   |             |
|    fps                  | 1644        |
|    iterations           | 89          |
|    time_elapsed         | 6205        |
|    total_timesteps      | 10207232    |
| train/                  |             |
|    approx_kl            | 0.016959911 |
|    clip_fraction        | 0.315       |
|    clip_range           | 0.15        |
|    entropy_loss         | -27.8       |
|    explained_variance   | 0.944       |
|    learning_rate        | 0.0001      |
|    loss                 | -0.253      |
|    n_updates            | 1320        |
|    policy_gradient_loss | -0.0165     |
|    std                  | 1.25        |
|    value_loss           | 0.026       |
-----------------------------------------
rollout mean regret: 0.6712126731872559
-----------------------------------------
| rollout/                |             |
|    ep_len_mean          | 393         |
|    ep_rew_mean          | 2.23e+03    |
| time/                   |             |
|    fps                  | 1644        |
|    iterations           | 90          |
|    time_elapsed         | 6276        |
|    total_timesteps      | 10321920    |
| train/                  |             |
|    approx_kl            | 0.017162832 |
|    clip_fraction        | 0.314       |
|    clip_range           | 0.15        |
|    entropy_loss         | -27.8       |
|    explained_variance   | 0.943       |
|    learning_rate        | 0.0001      |
|    loss                 | -0.279      |
|    n_updates            | 1335        |
|    policy_gradient_loss | -0.0165     |
|    std                  | 1.26        |
|    value_loss           | 0.0255      |
-----------------------------------------
rollout mean regret: 0.6356866359710693
-----------------------------------------
| rollout/                |             |
|    ep_len_mean          | 449         |
|    ep_rew_mean          | 2.53e+03    |
| time/                   |             |
|    fps                  | 1644        |
|    iterations           | 91          |
|    time_elapsed         | 6344        |
|    total_timesteps      | 10436608    |
| train/                  |             |
|    approx_kl            | 0.017104445 |
|    clip_fraction        | 0.316       |
|    clip_range           | 0.15        |
|    entropy_loss         | -27.9       |
|    explained_variance   | 0.949       |
|    learning_rate        | 0.0001      |
|    loss                 | -0.281      |
|    n_updates            | 1350        |
|    policy_gradient_loss | -0.017      |
|    std                  | 1.26        |
|    value_loss           | 0.0231      |
-----------------------------------------
Eval num_timesteps=10499916, episode_reward=4581.98 +/- 226.79
Episode length: 811.80 +/- 45.42
-----------------------------------------
| eval/                   |             |
|    mean_ep_length       | 812         |
|    mean_reward          | 4.58e+03    |
| time/                   |             |
|    total_timesteps      | 10499916    |
| train/                  |             |
|    approx_kl            | 0.017287198 |
|    clip_fraction        | 0.319       |
|    clip_range           | 0.15        |
|    entropy_loss         | -28         |
|    explained_variance   | 0.948       |
|    learning_rate        | 0.0001      |
|    loss                 | -0.281      |
|    n_updates            | 1365        |
|    policy_gradient_loss | -0.016      |
|    std                  | 1.27        |
|    value_loss           | 0.0229      |
-----------------------------------------
rollout mean regret: 0.6788408160209656
---------------------------------
| rollout/           |          |
|    ep_len_mean     | 421      |
|    ep_rew_mean     | 2.41e+03 |
| time/              |          |
|    fps             | 1643     |
|    iterations      | 92       |
|    time_elapsed    | 6420     |
|    total_timesteps | 10551296 |
---------------------------------
rollout mean regret: 0.6887017488479614
-----------------------------------------
| rollout/                |             |
|    ep_len_mean          | 434         |
|    ep_rew_mean          | 2.47e+03    |
| time/                   |             |
|    fps                  | 1643        |
|    iterations           | 93          |
|    time_elapsed         | 6489        |
|    total_timesteps      | 10665984    |
| train/                  |             |
|    approx_kl            | 0.017790189 |
|    clip_fraction        | 0.322       |
|    clip_range           | 0.15        |
|    entropy_loss         | -28         |
|    explained_variance   | 0.944       |
|    learning_rate        | 0.0001      |
|    loss                 | -0.265      |
|    n_updates            | 1380        |
|    policy_gradient_loss | -0.0167     |
|    std                  | 1.27        |
|    value_loss           | 0.0231      |
-----------------------------------------
rollout mean regret: 0.6746967434883118
-----------------------------------------
| rollout/                |             |
|    ep_len_mean          | 442         |
|    ep_rew_mean          | 2.54e+03    |
| time/                   |             |
|    fps                  | 1643        |
|    iterations           | 94          |
|    time_elapsed         | 6560        |
|    total_timesteps      | 10780672    |
| train/                  |             |
|    approx_kl            | 0.017746355 |
|    clip_fraction        | 0.322       |
|    clip_range           | 0.15        |
|    entropy_loss         | -28.1       |
|    explained_variance   | 0.934       |
|    learning_rate        | 0.0001      |
|    loss                 | -0.268      |
|    n_updates            | 1395        |
|    policy_gradient_loss | -0.016      |
|    std                  | 1.28        |
|    value_loss           | 0.0267      |
-----------------------------------------
rollout mean regret: 0.6695347428321838
-----------------------------------------
| rollout/                |             |
|    ep_len_mean          | 452         |
|    ep_rew_mean          | 2.57e+03    |
| time/                   |             |
|    fps                  | 1642        |
|    iterations           | 95          |
|    time_elapsed         | 6632        |
|    total_timesteps      | 10895360    |
| train/                  |             |
|    approx_kl            | 0.017977927 |
|    clip_fraction        | 0.327       |
|    clip_range           | 0.15        |
|    entropy_loss         | -28.2       |
|    explained_variance   | 0.935       |
|    learning_rate        | 0.0001      |
|    loss                 | -0.295      |
|    n_updates            | 1410        |
|    policy_gradient_loss | -0.0162     |
|    std                  | 1.28        |
|    value_loss           | 0.0278      |
-----------------------------------------
Eval num_timesteps=10999912, episode_reward=4396.36 +/- 179.89
Episode length: 770.60 +/- 39.30
-----------------------------------------
| eval/                   |             |
|    mean_ep_length       | 771         |
|    mean_reward          | 4.4e+03     |
| time/                   |             |
|    total_timesteps      | 10999912    |
| train/                  |             |
|    approx_kl            | 0.017917627 |
|    clip_fraction        | 0.324       |
|    clip_range           | 0.15        |
|    entropy_loss         | -28.3       |
|    explained_variance   | 0.931       |
|    learning_rate        | 0.0001      |
|    loss                 | -0.287      |
|    n_updates            | 1425        |
|    policy_gradient_loss | -0.0155     |
|    std                  | 1.29        |
|    value_loss           | 0.0277      |
-----------------------------------------
rollout mean regret: 0.6829220056533813
---------------------------------
| rollout/           |          |
|    ep_len_mean     | 482      |
|    ep_rew_mean     | 2.76e+03 |
| time/              |          |
|    fps             | 1642     |
|    iterations      | 96       |
|    time_elapsed    | 6705     |
|    total_timesteps | 11010048 |
---------------------------------
rollout mean regret: 0.6405587792396545
-----------------------------------------
| rollout/                |             |
|    ep_len_mean          | 451         |
|    ep_rew_mean          | 2.59e+03    |
| time/                   |             |
|    fps                  | 1641        |
|    iterations           | 97          |
|    time_elapsed         | 6777        |
|    total_timesteps      | 11124736    |
| train/                  |             |
|    approx_kl            | 0.017833501 |
|    clip_fraction        | 0.326       |
|    clip_range           | 0.15        |
|    entropy_loss         | -28.3       |
|    explained_variance   | 0.924       |
|    learning_rate        | 0.0001      |
|    loss                 | -0.284      |
|    n_updates            | 1440        |
|    policy_gradient_loss | -0.0155     |
|    std                  | 1.3         |
|    value_loss           | 0.0282      |
-----------------------------------------
rollout mean regret: 0.6981527209281921
-----------------------------------------
| rollout/                |             |
|    ep_len_mean          | 496         |
|    ep_rew_mean          | 2.85e+03    |
| time/                   |             |
|    fps                  | 1641        |
|    iterations           | 98          |
|    time_elapsed         | 6847        |
|    total_timesteps      | 11239424    |
| train/                  |             |
|    approx_kl            | 0.017914327 |
|    clip_fraction        | 0.327       |
|    clip_range           | 0.15        |
|    entropy_loss         | -28.4       |
|    explained_variance   | 0.92        |
|    learning_rate        | 0.0001      |
|    loss                 | -0.258      |
|    n_updates            | 1455        |
|    policy_gradient_loss | -0.0153     |
|    std                  | 1.3         |
|    value_loss           | 0.0289      |
-----------------------------------------
rollout mean regret: 0.6068847179412842
----------------------------------------
| rollout/                |            |
|    ep_len_mean          | 492        |
|    ep_rew_mean          | 2.82e+03   |
| time/                   |            |
|    fps                  | 1641       |
|    iterations           | 99         |
|    time_elapsed         | 6918       |
|    total_timesteps      | 11354112   |
| train/                  |            |
|    approx_kl            | 0.01804975 |
|    clip_fraction        | 0.329      |
|    clip_range           | 0.15       |
|    entropy_loss         | -28.5      |
|    explained_variance   | 0.922      |
|    learning_rate        | 0.0001     |
|    loss                 | -0.271     |
|    n_updates            | 1470       |
|    policy_gradient_loss | -0.0158    |
|    std                  | 1.31       |
|    value_loss           | 0.0287     |
----------------------------------------
rollout mean regret: 0.6551860570907593
----------------------------------------
| rollout/                |            |
|    ep_len_mean          | 461        |
|    ep_rew_mean          | 2.65e+03   |
| time/                   |            |
|    fps                  | 1640       |
|    iterations           | 100        |
|    time_elapsed         | 6989       |
|    total_timesteps      | 11468800   |
| train/                  |            |
|    approx_kl            | 0.01875876 |
|    clip_fraction        | 0.336      |
|    clip_range           | 0.15       |
|    entropy_loss         | -28.6      |
|    explained_variance   | 0.917      |
|    learning_rate        | 0.0001     |
|    loss                 | -0.27      |
|    n_updates            | 1485       |
|    policy_gradient_loss | -0.0152    |
|    std                  | 1.31       |
|    value_loss           | 0.0301     |
----------------------------------------
Eval num_timesteps=11499908, episode_reward=4346.61 +/- 145.46
Episode length: 761.40 +/- 28.45
-----------------------------------------
| eval/                   |             |
|    mean_ep_length       | 761         |
|    mean_reward          | 4.35e+03    |
| time/                   |             |
|    total_timesteps      | 11499908    |
| train/                  |             |
|    approx_kl            | 0.017966585 |
|    clip_fraction        | 0.333       |
|    clip_range           | 0.15        |
|    entropy_loss         | -28.6       |
|    explained_variance   | 0.913       |
|    learning_rate        | 0.0001      |
|    loss                 | -0.287      |
|    n_updates            | 1500        |
|    policy_gradient_loss | -0.0148     |
|    std                  | 1.32        |
|    value_loss           | 0.0313      |
-----------------------------------------
rollout mean regret: 0.665533721446991
---------------------------------
| rollout/           |          |
|    ep_len_mean     | 482      |
|    ep_rew_mean     | 2.79e+03 |
| time/              |          |
|    fps             | 1639     |
|    iterations      | 101      |
|    time_elapsed    | 7063     |
|    total_timesteps | 11583488 |
---------------------------------
rollout mean regret: 0.6137944459915161
-----------------------------------------
| rollout/                |             |
|    ep_len_mean          | 465         |
|    ep_rew_mean          | 2.67e+03    |
| time/                   |             |
|    fps                  | 1639        |
|    iterations           | 102         |
|    time_elapsed         | 7135        |
|    total_timesteps      | 11698176    |
| train/                  |             |
|    approx_kl            | 0.017735709 |
|    clip_fraction        | 0.329       |
|    clip_range           | 0.15        |
|    entropy_loss         | -28.7       |
|    explained_variance   | 0.912       |
|    learning_rate        | 0.0001      |
|    loss                 | -0.28       |
|    n_updates            | 1515        |
|    policy_gradient_loss | -0.0148     |
|    std                  | 1.33        |
|    value_loss           | 0.0306      |
-----------------------------------------
rollout mean regret: 0.6347682476043701
-----------------------------------------
| rollout/                |             |
|    ep_len_mean          | 472         |
|    ep_rew_mean          | 2.72e+03    |
| time/                   |             |
|    fps                  | 1639        |
|    iterations           | 103         |
|    time_elapsed         | 7205        |
|    total_timesteps      | 11812864    |
| train/                  |             |
|    approx_kl            | 0.018673284 |
|    clip_fraction        | 0.339       |
|    clip_range           | 0.15        |
|    entropy_loss         | -28.8       |
|    explained_variance   | 0.913       |
|    learning_rate        | 0.0001      |
|    loss                 | -0.299      |
|    n_updates            | 1530        |
|    policy_gradient_loss | -0.0153     |
|    std                  | 1.34        |
|    value_loss           | 0.0304      |
-----------------------------------------
rollout mean regret: 0.6342929601669312
-----------------------------------------
| rollout/                |             |
|    ep_len_mean          | 500         |
|    ep_rew_mean          | 2.88e+03    |
| time/                   |             |
|    fps                  | 1639        |
|    iterations           | 104         |
|    time_elapsed         | 7276        |
|    total_timesteps      | 11927552    |
| train/                  |             |
|    approx_kl            | 0.018595124 |
|    clip_fraction        | 0.336       |
|    clip_range           | 0.15        |
|    entropy_loss         | -28.9       |
|    explained_variance   | 0.914       |
|    learning_rate        | 0.0001      |
|    loss                 | -0.3        |
|    n_updates            | 1545        |
|    policy_gradient_loss | -0.0151     |
|    std                  | 1.34        |
|    value_loss           | 0.0296      |
-----------------------------------------
Eval num_timesteps=11999904, episode_reward=4184.14 +/- 134.17
Episode length: 728.00 +/- 29.76
-----------------------------------------
| eval/                   |             |
|    mean_ep_length       | 728         |
|    mean_reward          | 4.18e+03    |
| time/                   |             |
|    total_timesteps      | 11999904    |
| train/                  |             |
|    approx_kl            | 0.018565979 |
|    clip_fraction        | 0.34        |
|    clip_range           | 0.15        |
|    entropy_loss         | -29         |
|    explained_variance   | 0.896       |
|    learning_rate        | 0.0001      |
|    loss                 | -0.291      |
|    n_updates            | 1560        |
|    policy_gradient_loss | -0.015      |
|    std                  | 1.35        |
|    value_loss           | 0.0326      |
-----------------------------------------
rollout mean regret: 0.5971502065658569
---------------------------------
| rollout/           |          |
|    ep_len_mean     | 476      |
|    ep_rew_mean     | 2.76e+03 |
| time/              |          |
|    fps             | 1638     |
|    iterations      | 105      |
|    time_elapsed    | 7349     |
|    total_timesteps | 12042240 |
---------------------------------
rollout mean regret: 0.5893824696540833
-----------------------------------------
| rollout/                |             |
|    ep_len_mean          | 465         |
|    ep_rew_mean          | 2.68e+03    |
| time/                   |             |
|    fps                  | 1638        |
|    iterations           | 106         |
|    time_elapsed         | 7419        |
|    total_timesteps      | 12156928    |
| train/                  |             |
|    approx_kl            | 0.018510047 |
|    clip_fraction        | 0.337       |
|    clip_range           | 0.15        |
|    entropy_loss         | -29.1       |
|    explained_variance   | 0.904       |
|    learning_rate        | 0.0001      |
|    loss                 | -0.279      |
|    n_updates            | 1575        |
|    policy_gradient_loss | -0.015      |
|    std                  | 1.36        |
|    value_loss           | 0.0314      |
-----------------------------------------
rollout mean regret: 0.6118520498275757
-----------------------------------------
| rollout/                |             |
|    ep_len_mean          | 492         |
|    ep_rew_mean          | 2.86e+03    |
| time/                   |             |
|    fps                  | 1638        |
|    iterations           | 107         |
|    time_elapsed         | 7489        |
|    total_timesteps      | 12271616    |
| train/                  |             |
|    approx_kl            | 0.018871767 |
|    clip_fraction        | 0.34        |
|    clip_range           | 0.15        |
|    entropy_loss         | -29.2       |
|    explained_variance   | 0.899       |
|    learning_rate        | 0.0001      |
|    loss                 | -0.28       |
|    n_updates            | 1590        |
|    policy_gradient_loss | -0.0147     |
|    std                  | 1.37        |
|    value_loss           | 0.0329      |
-----------------------------------------
rollout mean regret: 0.5767514705657959
-----------------------------------------
| rollout/                |             |
|    ep_len_mean          | 520         |
|    ep_rew_mean          | 3.01e+03    |
| time/                   |             |
|    fps                  | 1638        |
|    iterations           | 108         |
|    time_elapsed         | 7559        |
|    total_timesteps      | 12386304    |
| train/                  |             |
|    approx_kl            | 0.018721858 |
|    clip_fraction        | 0.338       |
|    clip_range           | 0.15        |
|    entropy_loss         | -29.3       |
|    explained_variance   | 0.896       |
|    learning_rate        | 0.0001      |
|    loss                 | -0.279      |
|    n_updates            | 1605        |
|    policy_gradient_loss | -0.0144     |
|    std                  | 1.37        |
|    value_loss           | 0.031       |
-----------------------------------------
Eval num_timesteps=12499900, episode_reward=4248.09 +/- 174.67
Episode length: 739.00 +/- 37.79
-----------------------------------------
| eval/                   |             |
|    mean_ep_length       | 739         |
|    mean_reward          | 4.25e+03    |
| time/                   |             |
|    total_timesteps      | 12499900    |
| train/                  |             |
|    approx_kl            | 0.019030333 |
|    clip_fraction        | 0.341       |
|    clip_range           | 0.15        |
|    entropy_loss         | -29.4       |
|    explained_variance   | 0.899       |
|    learning_rate        | 0.0001      |
|    loss                 | -0.279      |
|    n_updates            | 1620        |
|    policy_gradient_loss | -0.0148     |
|    std                  | 1.38        |
|    value_loss           | 0.0302      |
-----------------------------------------
rollout mean regret: 0.5491817593574524
---------------------------------
| rollout/           |          |
|    ep_len_mean     | 517      |
|    ep_rew_mean     | 2.99e+03 |
| time/              |          |
|    fps             | 1638     |
|    iterations      | 109      |
|    time_elapsed    | 7631     |
|    total_timesteps | 12500992 |
---------------------------------
rollout mean regret: 0.569424569606781
-----------------------------------------
| rollout/                |             |
|    ep_len_mean          | 500         |
|    ep_rew_mean          | 2.9e+03     |
| time/                   |             |
|    fps                  | 1637        |
|    iterations           | 110         |
|    time_elapsed         | 7702        |
|    total_timesteps      | 12615680    |
| train/                  |             |
|    approx_kl            | 0.018963452 |
|    clip_fraction        | 0.346       |
|    clip_range           | 0.15        |
|    entropy_loss         | -29.5       |
|    explained_variance   | 0.894       |
|    learning_rate        | 0.0001      |
|    loss                 | -0.301      |
|    n_updates            | 1635        |
|    policy_gradient_loss | -0.0142     |
|    std                  | 1.39        |
|    value_loss           | 0.0304      |
-----------------------------------------
rollout mean regret: 0.5591663122177124
-----------------------------------------
| rollout/                |             |
|    ep_len_mean          | 540         |
|    ep_rew_mean          | 3.13e+03    |
| time/                   |             |
|    fps                  | 1637        |
|    iterations           | 111         |
|    time_elapsed         | 7772        |
|    total_timesteps      | 12730368    |
| train/                  |             |
|    approx_kl            | 0.019405643 |
|    clip_fraction        | 0.347       |
|    clip_range           | 0.15        |
|    entropy_loss         | -29.6       |
|    explained_variance   | 0.893       |
|    learning_rate        | 0.0001      |
|    loss                 | -0.285      |
|    n_updates            | 1650        |
|    policy_gradient_loss | -0.0146     |
|    std                  | 1.4         |
|    value_loss           | 0.0307      |
-----------------------------------------
rollout mean regret: 0.5725910663604736
-----------------------------------------
| rollout/                |             |
|    ep_len_mean          | 526         |
|    ep_rew_mean          | 3.03e+03    |
| time/                   |             |
|    fps                  | 1637        |
|    iterations           | 112         |
|    time_elapsed         | 7842        |
|    total_timesteps      | 12845056    |
| train/                  |             |
|    approx_kl            | 0.019288363 |
|    clip_fraction        | 0.348       |
|    clip_range           | 0.15        |
|    entropy_loss         | -29.7       |
|    explained_variance   | 0.889       |
|    learning_rate        | 0.0001      |
|    loss                 | -0.283      |
|    n_updates            | 1665        |
|    policy_gradient_loss | -0.015      |
|    std                  | 1.41        |
|    value_loss           | 0.0313      |
-----------------------------------------
rollout mean regret: 0.5579079985618591
-----------------------------------------
| rollout/                |             |
|    ep_len_mean          | 494         |
|    ep_rew_mean          | 2.86e+03    |
| time/                   |             |
|    fps                  | 1638        |
|    iterations           | 113         |
|    time_elapsed         | 7911        |
|    total_timesteps      | 12959744    |
| train/                  |             |
|    approx_kl            | 0.019129789 |
|    clip_fraction        | 0.343       |
|    clip_range           | 0.15        |
|    entropy_loss         | -29.8       |
|    explained_variance   | 0.886       |
|    learning_rate        | 0.0001      |
|    loss                 | -0.309      |
|    n_updates            | 1680        |
|    policy_gradient_loss | -0.0148     |
|    std                  | 1.42        |
|    value_loss           | 0.0324      |
-----------------------------------------
Eval num_timesteps=12999896, episode_reward=4208.45 +/- 100.25
Episode length: 731.60 +/- 20.17
---------------------------------------
| eval/                   |           |
|    mean_ep_length       | 732       |
|    mean_reward          | 4.21e+03  |
| time/                   |           |
|    total_timesteps      | 12999896  |
| train/                  |           |
|    approx_kl            | 0.0187309 |
|    clip_fraction        | 0.341     |
|    clip_range           | 0.15      |
|    entropy_loss         | -30       |
|    explained_variance   | 0.885     |
|    learning_rate        | 0.0001    |
|    loss                 | -0.291    |
|    n_updates            | 1695      |
|    policy_gradient_loss | -0.0146   |
|    std                  | 1.43      |
|    value_loss           | 0.0312    |
---------------------------------------
rollout mean regret: 0.5727518200874329
---------------------------------
| rollout/           |          |
|    ep_len_mean     | 503      |
|    ep_rew_mean     | 2.93e+03 |
| time/              |          |
|    fps             | 1637     |
|    iterations      | 114      |
|    time_elapsed    | 7983     |
|    total_timesteps | 13074432 |
---------------------------------
rollout mean regret: 0.577162504196167
-----------------------------------------
| rollout/                |             |
|    ep_len_mean          | 525         |
|    ep_rew_mean          | 3.06e+03    |
| time/                   |             |
|    fps                  | 1637        |
|    iterations           | 115         |
|    time_elapsed         | 8052        |
|    total_timesteps      | 13189120    |
| train/                  |             |
|    approx_kl            | 0.018713977 |
|    clip_fraction        | 0.343       |
|    clip_range           | 0.15        |
|    entropy_loss         | -30.1       |
|    explained_variance   | 0.898       |
|    learning_rate        | 0.0001      |
|    loss                 | -0.295      |
|    n_updates            | 1710        |
|    policy_gradient_loss | -0.0151     |
|    std                  | 1.44        |
|    value_loss           | 0.0298      |
-----------------------------------------
rollout mean regret: 0.5501002073287964
-----------------------------------------
| rollout/                |             |
|    ep_len_mean          | 509         |
|    ep_rew_mean          | 2.95e+03    |
| time/                   |             |
|    fps                  | 1637        |
|    iterations           | 116         |
|    time_elapsed         | 8122        |
|    total_timesteps      | 13303808    |
| train/                  |             |
|    approx_kl            | 0.019991772 |
|    clip_fraction        | 0.354       |
|    clip_range           | 0.15        |
|    entropy_loss         | -30.2       |
|    explained_variance   | 0.864       |
|    learning_rate        | 0.0001      |
|    loss                 | -0.296      |
|    n_updates            | 1725        |
|    policy_gradient_loss | -0.0145     |
|    std                  | 1.45        |
|    value_loss           | 0.0344      |
-----------------------------------------
rollout mean regret: 0.5506302714347839
-----------------------------------------
| rollout/                |             |
|    ep_len_mean          | 514         |
|    ep_rew_mean          | 3e+03       |
| time/                   |             |
|    fps                  | 1637        |
|    iterations           | 117         |
|    time_elapsed         | 8195        |
|    total_timesteps      | 13418496    |
| train/                  |             |
|    approx_kl            | 0.019024627 |
|    clip_fraction        | 0.341       |
|    clip_range           | 0.15        |
|    entropy_loss         | -30.3       |
|    explained_variance   | 0.88        |
|    learning_rate        | 0.0001      |
|    loss                 | -0.294      |
|    n_updates            | 1740        |
|    policy_gradient_loss | -0.0145     |
|    std                  | 1.46        |
|    value_loss           | 0.0322      |
-----------------------------------------
Eval num_timesteps=13499892, episode_reward=4232.77 +/- 152.79
Episode length: 734.00 +/- 31.94
-----------------------------------------
| eval/                   |             |
|    mean_ep_length       | 734         |
|    mean_reward          | 4.23e+03    |
| time/                   |             |
|    total_timesteps      | 13499892    |
| train/                  |             |
|    approx_kl            | 0.019006625 |
|    clip_fraction        | 0.346       |
|    clip_range           | 0.15        |
|    entropy_loss         | -30.4       |
|    explained_variance   | 0.881       |
|    learning_rate        | 0.0001      |
|    loss                 | -0.298      |
|    n_updates            | 1755        |
|    policy_gradient_loss | -0.0145     |
|    std                  | 1.47        |
|    value_loss           | 0.0329      |
-----------------------------------------
rollout mean regret: 0.5243237018585205
---------------------------------
| rollout/           |          |
|    ep_len_mean     | 500      |
|    ep_rew_mean     | 2.91e+03 |
| time/              |          |
|    fps             | 1636     |
|    iterations      | 118      |
|    time_elapsed    | 8268     |
|    total_timesteps | 13533184 |
---------------------------------
rollout mean regret: 0.5914954543113708
-----------------------------------------
| rollout/                |             |
|    ep_len_mean          | 539         |
|    ep_rew_mean          | 3.16e+03    |
| time/                   |             |
|    fps                  | 1636        |
|    iterations           | 119         |
|    time_elapsed         | 8338        |
|    total_timesteps      | 13647872    |
| train/                  |             |
|    approx_kl            | 0.018642345 |
|    clip_fraction        | 0.341       |
|    clip_range           | 0.15        |
|    entropy_loss         | -30.5       |
|    explained_variance   | 0.883       |
|    learning_rate        | 0.0001      |
|    loss                 | -0.306      |
|    n_updates            | 1770        |
|    policy_gradient_loss | -0.0145     |
|    std                  | 1.48        |
|    value_loss           | 0.0314      |
-----------------------------------------
rollout mean regret: 0.5518850088119507
-----------------------------------------
| rollout/                |             |
|    ep_len_mean          | 519         |
|    ep_rew_mean          | 3.01e+03    |
| time/                   |             |
|    fps                  | 1636        |
|    iterations           | 120         |
|    time_elapsed         | 8408        |
|    total_timesteps      | 13762560    |
| train/                  |             |
|    approx_kl            | 0.018872598 |
|    clip_fraction        | 0.34        |
|    clip_range           | 0.15        |
|    entropy_loss         | -30.6       |
|    explained_variance   | 0.879       |
|    learning_rate        | 0.0001      |
|    loss                 | -0.302      |
|    n_updates            | 1785        |
|    policy_gradient_loss | -0.0146     |
|    std                  | 1.49        |
|    value_loss           | 0.0325      |
-----------------------------------------
rollout mean regret: 0.5512497425079346
----------------------------------------
| rollout/                |            |
|    ep_len_mean          | 495        |
|    ep_rew_mean          | 2.89e+03   |
| time/                   |            |
|    fps                  | 1636       |
|    iterations           | 121        |
|    time_elapsed         | 8478       |
|    total_timesteps      | 13877248   |
| train/                  |            |
|    approx_kl            | 0.01880273 |
|    clip_fraction        | 0.345      |
|    clip_range           | 0.15       |
|    entropy_loss         | -30.7      |
|    explained_variance   | 0.883      |
|    learning_rate        | 0.0001     |
|    loss                 | -0.312     |
|    n_updates            | 1800       |
|    policy_gradient_loss | -0.0144    |
|    std                  | 1.5        |
|    value_loss           | 0.0316     |
----------------------------------------
rollout mean regret: 0.5455946922302246
-----------------------------------------
| rollout/                |             |
|    ep_len_mean          | 506         |
|    ep_rew_mean          | 2.96e+03    |
| time/                   |             |
|    fps                  | 1636        |
|    iterations           | 122         |
|    time_elapsed         | 8549        |
|    total_timesteps      | 13991936    |
| train/                  |             |
|    approx_kl            | 0.019260202 |
|    clip_fraction        | 0.345       |
|    clip_range           | 0.15        |
|    entropy_loss         | -30.8       |
|    explained_variance   | 0.879       |
|    learning_rate        | 0.0001      |
|    loss                 | -0.31       |
|    n_updates            | 1815        |
|    policy_gradient_loss | -0.0148     |
|    std                  | 1.5         |
|    value_loss           | 0.0325      |
-----------------------------------------
Eval num_timesteps=13999888, episode_reward=4222.55 +/- 169.06
Episode length: 735.60 +/- 35.76
----------------------------------------
| eval/                   |            |
|    mean_ep_length       | 736        |
|    mean_reward          | 4.22e+03   |
| time/                   |            |
|    total_timesteps      | 13999888   |
| train/                  |            |
|    approx_kl            | 0.01952954 |
|    clip_fraction        | 0.347      |
|    clip_range           | 0.15       |
|    entropy_loss         | -31        |
|    explained_variance   | 0.881      |
|    learning_rate        | 0.0001     |
|    loss                 | -0.298     |
|    n_updates            | 1830       |
|    policy_gradient_loss | -0.0151    |
|    std                  | 1.52       |
|    value_loss           | 0.0319     |
----------------------------------------
rollout mean regret: 0.5567488074302673
---------------------------------
| rollout/           |          |
|    ep_len_mean     | 490      |
|    ep_rew_mean     | 2.86e+03 |
| time/              |          |
|    fps             | 1635     |
|    iterations      | 123      |
|    time_elapsed    | 8622     |
|    total_timesteps | 14106624 |
---------------------------------
rollout mean regret: 0.5464091897010803
-----------------------------------------
| rollout/                |             |
|    ep_len_mean          | 487         |
|    ep_rew_mean          | 2.84e+03    |
| time/                   |             |
|    fps                  | 1636        |
|    iterations           | 124         |
|    time_elapsed         | 8692        |
|    total_timesteps      | 14221312    |
| train/                  |             |
|    approx_kl            | 0.019310324 |
|    clip_fraction        | 0.346       |
|    clip_range           | 0.15        |
|    entropy_loss         | -31.1       |
|    explained_variance   | 0.88        |
|    learning_rate        | 0.0001      |
|    loss                 | -0.3        |
|    n_updates            | 1845        |
|    policy_gradient_loss | -0.0152     |
|    std                  | 1.53        |
|    value_loss           | 0.0318      |
-----------------------------------------
rollout mean regret: 0.5560415983200073
-----------------------------------------
| rollout/                |             |
|    ep_len_mean          | 522         |
|    ep_rew_mean          | 3.06e+03    |
| time/                   |             |
|    fps                  | 1636        |
|    iterations           | 125         |
|    time_elapsed         | 8761        |
|    total_timesteps      | 14336000    |
| train/                  |             |
|    approx_kl            | 0.019228626 |
|    clip_fraction        | 0.347       |
|    clip_range           | 0.15        |
|    entropy_loss         | -31.2       |
|    explained_variance   | 0.885       |
|    learning_rate        | 0.0001      |
|    loss                 | -0.324      |
|    n_updates            | 1860        |
|    policy_gradient_loss | -0.0151     |
|    std                  | 1.54        |
|    value_loss           | 0.0322      |
-----------------------------------------
rollout mean regret: 0.561345100402832
-----------------------------------------
| rollout/                |             |
|    ep_len_mean          | 513         |
|    ep_rew_mean          | 3.01e+03    |
| time/                   |             |
|    fps                  | 1636        |
|    iterations           | 126         |
|    time_elapsed         | 8830        |
|    total_timesteps      | 14450688    |
| train/                  |             |
|    approx_kl            | 0.018987434 |
|    clip_fraction        | 0.338       |
|    clip_range           | 0.15        |
|    entropy_loss         | -31.3       |
|    explained_variance   | 0.876       |
|    learning_rate        | 0.0001      |
|    loss                 | -0.305      |
|    n_updates            | 1875        |
|    policy_gradient_loss | -0.0148     |
|    std                  | 1.55        |
|    value_loss           | 0.0307      |
-----------------------------------------
Eval num_timesteps=14499884, episode_reward=4109.98 +/- 19.73
Episode length: 710.80 +/- 6.71
-----------------------------------------
| eval/                   |             |
|    mean_ep_length       | 711         |
|    mean_reward          | 4.11e+03    |
| time/                   |             |
|    total_timesteps      | 14499884    |
| train/                  |             |
|    approx_kl            | 0.019686623 |
|    clip_fraction        | 0.351       |
|    clip_range           | 0.15        |
|    entropy_loss         | -31.4       |
|    explained_variance   | 0.869       |
|    learning_rate        | 0.0001      |
|    loss                 | -0.312      |
|    n_updates            | 1890        |
|    policy_gradient_loss | -0.0152     |
|    std                  | 1.56        |
|    value_loss           | 0.0328      |
-----------------------------------------
rollout mean regret: 0.5471426248550415
---------------------------------
| rollout/           |          |
|    ep_len_mean     | 504      |
|    ep_rew_mean     | 2.95e+03 |
| time/              |          |
|    fps             | 1635     |
|    iterations      | 127      |
|    time_elapsed    | 8903     |
|    total_timesteps | 14565376 |
---------------------------------
rollout mean regret: 0.5079583525657654
-----------------------------------------
| rollout/                |             |
|    ep_len_mean          | 499         |
|    ep_rew_mean          | 2.92e+03    |
| time/                   |             |
|    fps                  | 1635        |
|    iterations           | 128         |
|    time_elapsed         | 8973        |
|    total_timesteps      | 14680064    |
| train/                  |             |
|    approx_kl            | 0.019673714 |
|    clip_fraction        | 0.349       |
|    clip_range           | 0.15        |
|    entropy_loss         | -31.5       |
|    explained_variance   | 0.876       |
|    learning_rate        | 0.0001      |
|    loss                 | -0.315      |
|    n_updates            | 1905        |
|    policy_gradient_loss | -0.0149     |
|    std                  | 1.57        |
|    value_loss           | 0.0325      |
-----------------------------------------
rollout mean regret: 0.5645465850830078
-----------------------------------------
| rollout/                |             |
|    ep_len_mean          | 522         |
|    ep_rew_mean          | 3.05e+03    |
| time/                   |             |
|    fps                  | 1635        |
|    iterations           | 129         |
|    time_elapsed         | 9043        |
|    total_timesteps      | 14794752    |
| train/                  |             |
|    approx_kl            | 0.019612124 |
|    clip_fraction        | 0.349       |
|    clip_range           | 0.15        |
|    entropy_loss         | -31.6       |
|    explained_variance   | 0.878       |
|    learning_rate        | 0.0001      |
|    loss                 | -0.315      |
|    n_updates            | 1920        |
|    policy_gradient_loss | -0.0144     |
|    std                  | 1.58        |
|    value_loss           | 0.0309      |
-----------------------------------------
rollout mean regret: 0.5213194489479065
----------------------------------------
| rollout/                |            |
|    ep_len_mean          | 533        |
|    ep_rew_mean          | 3.12e+03   |
| time/                   |            |
|    fps                  | 1635       |
|    iterations           | 130        |
|    time_elapsed         | 9113       |
|    total_timesteps      | 14909440   |
| train/                  |            |
|    approx_kl            | 0.01942737 |
|    clip_fraction        | 0.347      |
|    clip_range           | 0.15       |
|    entropy_loss         | -31.7      |
|    explained_variance   | 0.872      |
|    learning_rate        | 0.0001     |
|    loss                 | -0.314     |
|    n_updates            | 1935       |
|    policy_gradient_loss | -0.0148    |
|    std                  | 1.59       |
|    value_loss           | 0.033      |
----------------------------------------
Eval num_timesteps=14999880, episode_reward=4201.66 +/- 68.67
Episode length: 730.80 +/- 11.87
-----------------------------------------
| eval/                   |             |
|    mean_ep_length       | 731         |
|    mean_reward          | 4.2e+03     |
| time/                   |             |
|    total_timesteps      | 14999880    |
| train/                  |             |
|    approx_kl            | 0.019410597 |
|    clip_fraction        | 0.35        |
|    clip_range           | 0.15        |
|    entropy_loss         | -31.9       |
|    explained_variance   | 0.867       |
|    learning_rate        | 0.0001      |
|    loss                 | -0.325      |
|    n_updates            | 1950        |
|    policy_gradient_loss | -0.0146     |
|    std                  | 1.6         |
|    value_loss           | 0.0321      |
-----------------------------------------
rollout mean regret: 0.4943199157714844
---------------------------------
| rollout/           |          |
|    ep_len_mean     | 532      |
|    ep_rew_mean     | 3.11e+03 |
| time/              |          |
|    fps             | 1635     |
|    iterations      | 131      |
|    time_elapsed    | 9187     |
|    total_timesteps | 15024128 |
---------------------------------
rollout mean regret: 0.5309712886810303
-----------------------------------------
| rollout/                |             |
|    ep_len_mean          | 558         |
|    ep_rew_mean          | 3.24e+03    |
| time/                   |             |
|    fps                  | 1635        |
|    iterations           | 132         |
|    time_elapsed         | 9259        |
|    total_timesteps      | 15138816    |
| train/                  |             |
|    approx_kl            | 0.018922064 |
|    clip_fraction        | 0.343       |
|    clip_range           | 0.15        |
|    entropy_loss         | -32         |
|    explained_variance   | 0.869       |
|    learning_rate        | 0.0001      |
|    loss                 | -0.326      |
|    n_updates            | 1965        |
|    policy_gradient_loss | -0.0142     |
|    std                  | 1.61        |
|    value_loss           | 0.0306      |
-----------------------------------------
rollout mean regret: 0.5346531867980957
-----------------------------------------
| rollout/                |             |
|    ep_len_mean          | 546         |
|    ep_rew_mean          | 3.18e+03    |
| time/                   |             |
|    fps                  | 1634        |
|    iterations           | 133         |
|    time_elapsed         | 9330        |
|    total_timesteps      | 15253504    |
| train/                  |             |
|    approx_kl            | 0.019137723 |
|    clip_fraction        | 0.343       |
|    clip_range           | 0.15        |
|    entropy_loss         | -32.1       |
|    explained_variance   | 0.866       |
|    learning_rate        | 0.0001      |
|    loss                 | -0.323      |
|    n_updates            | 1980        |
|    policy_gradient_loss | -0.0146     |
|    std                  | 1.62        |
|    value_loss           | 0.0316      |
-----------------------------------------
rollout mean regret: 0.513567328453064
----------------------------------------
| rollout/                |            |
|    ep_len_mean          | 529        |
|    ep_rew_mean          | 3.07e+03   |
| time/                   |            |
|    fps                  | 1634       |
|    iterations           | 134        |
|    time_elapsed         | 9401       |
|    total_timesteps      | 15368192   |
| train/                  |            |
|    approx_kl            | 0.01937643 |
|    clip_fraction        | 0.347      |
|    clip_range           | 0.15       |
|    entropy_loss         | -32.2      |
|    explained_variance   | 0.861      |
|    learning_rate        | 0.0001     |
|    loss                 | -0.308     |
|    n_updates            | 1995       |
|    policy_gradient_loss | -0.0145    |
|    std                  | 1.64       |
|    value_loss           | 0.0315     |
----------------------------------------
rollout mean regret: 0.5342006087303162
-----------------------------------------
| rollout/                |             |
|    ep_len_mean          | 533         |
|    ep_rew_mean          | 3.09e+03    |
| time/                   |             |
|    fps                  | 1634        |
|    iterations           | 135         |
|    time_elapsed         | 9471        |
|    total_timesteps      | 15482880    |
| train/                  |             |
|    approx_kl            | 0.018837785 |
|    clip_fraction        | 0.345       |
|    clip_range           | 0.15        |
|    entropy_loss         | -32.4       |
|    explained_variance   | 0.873       |
|    learning_rate        | 0.0001      |
|    loss                 | -0.313      |
|    n_updates            | 2010        |
|    policy_gradient_loss | -0.0144     |
|    std                  | 1.65        |
|    value_loss           | 0.0313      |
-----------------------------------------
Eval num_timesteps=15499876, episode_reward=4290.21 +/- 53.36
Episode length: 751.60 +/- 11.79
-----------------------------------------
| eval/                   |             |
|    mean_ep_length       | 752         |
|    mean_reward          | 4.29e+03    |
| time/                   |             |
|    total_timesteps      | 15499876    |
| train/                  |             |
|    approx_kl            | 0.019193146 |
|    clip_fraction        | 0.347       |
|    clip_range           | 0.15        |
|    entropy_loss         | -32.5       |
|    explained_variance   | 0.861       |
|    learning_rate        | 0.0001      |
|    loss                 | -0.305      |
|    n_updates            | 2025        |
|    policy_gradient_loss | -0.0145     |
|    std                  | 1.66        |
|    value_loss           | 0.0322      |
-----------------------------------------
rollout mean regret: 0.532741904258728
---------------------------------
| rollout/           |          |
|    ep_len_mean     | 549      |
|    ep_rew_mean     | 3.19e+03 |
| time/              |          |
|    fps             | 1634     |
|    iterations      | 136      |
|    time_elapsed    | 9544     |
|    total_timesteps | 15597568 |
---------------------------------
rollout mean regret: 0.5311946868896484
-----------------------------------------
| rollout/                |             |
|    ep_len_mean          | 530         |
|    ep_rew_mean          | 3.08e+03    |
| time/                   |             |
|    fps                  | 1634        |
|    iterations           | 137         |
|    time_elapsed         | 9613        |
|    total_timesteps      | 15712256    |
| train/                  |             |
|    approx_kl            | 0.019056354 |
|    clip_fraction        | 0.345       |
|    clip_range           | 0.15        |
|    entropy_loss         | -32.6       |
|    explained_variance   | 0.857       |
|    learning_rate        | 0.0001      |
|    loss                 | -0.334      |
|    n_updates            | 2040        |
|    policy_gradient_loss | -0.0145     |
|    std                  | 1.67        |
|    value_loss           | 0.0304      |
-----------------------------------------
rollout mean regret: 0.5198054313659668
-----------------------------------------
| rollout/                |             |
|    ep_len_mean          | 554         |
|    ep_rew_mean          | 3.22e+03    |
| time/                   |             |
|    fps                  | 1634        |
|    iterations           | 138         |
|    time_elapsed         | 9683        |
|    total_timesteps      | 15826944    |
| train/                  |             |
|    approx_kl            | 0.019282047 |
|    clip_fraction        | 0.345       |
|    clip_range           | 0.15        |
|    entropy_loss         | -32.7       |
|    explained_variance   | 0.867       |
|    learning_rate        | 0.0001      |
|    loss                 | -0.317      |
|    n_updates            | 2055        |
|    policy_gradient_loss | -0.015      |
|    std                  | 1.69        |
|    value_loss           | 0.0297      |
-----------------------------------------
rollout mean regret: 0.5326316356658936
-----------------------------------------
| rollout/                |             |
|    ep_len_mean          | 546         |
|    ep_rew_mean          | 3.16e+03    |
| time/                   |             |
|    fps                  | 1634        |
|    iterations           | 139         |
|    time_elapsed         | 9753        |
|    total_timesteps      | 15941632    |
| train/                  |             |
|    approx_kl            | 0.019180762 |
|    clip_fraction        | 0.346       |
|    clip_range           | 0.15        |
|    entropy_loss         | -32.9       |
|    explained_variance   | 0.859       |
|    learning_rate        | 0.0001      |
|    loss                 | -0.324      |
|    n_updates            | 2070        |
|    policy_gradient_loss | -0.0147     |
|    std                  | 1.7         |
|    value_loss           | 0.0309      |
-----------------------------------------
Eval num_timesteps=15999872, episode_reward=4271.93 +/- 87.86
Episode length: 747.40 +/- 18.51
-----------------------------------------
| eval/                   |             |
|    mean_ep_length       | 747         |
|    mean_reward          | 4.27e+03    |
| time/                   |             |
|    total_timesteps      | 15999872    |
| train/                  |             |
|    approx_kl            | 0.018727746 |
|    clip_fraction        | 0.338       |
|    clip_range           | 0.15        |
|    entropy_loss         | -33         |
|    explained_variance   | 0.866       |
|    learning_rate        | 0.0001      |
|    loss                 | -0.321      |
|    n_updates            | 2085        |
|    policy_gradient_loss | -0.0146     |
|    std                  | 1.71        |
|    value_loss           | 0.0301      |
-----------------------------------------
rollout mean regret: 0.5298333764076233
---------------------------------
| rollout/           |          |
|    ep_len_mean     | 549      |
|    ep_rew_mean     | 3.2e+03  |
| time/              |          |
|    fps             | 1633     |
|    iterations      | 140      |
|    time_elapsed    | 9826     |
|    total_timesteps | 16056320 |
---------------------------------
rollout mean regret: 0.5071216225624084
----------------------------------------
| rollout/                |            |
|    ep_len_mean          | 540        |
|    ep_rew_mean          | 3.14e+03   |
| time/                   |            |
|    fps                  | 1634       |
|    iterations           | 141        |
|    time_elapsed         | 9895       |
|    total_timesteps      | 16171008   |
| train/                  |            |
|    approx_kl            | 0.01875189 |
|    clip_fraction        | 0.339      |
|    clip_range           | 0.15       |
|    entropy_loss         | -33.1      |
|    explained_variance   | 0.854      |
|    learning_rate        | 0.0001     |
|    loss                 | -0.299     |
|    n_updates            | 2100       |
|    policy_gradient_loss | -0.0147    |
|    std                  | 1.72       |
|    value_loss           | 0.0312     |
----------------------------------------
rollout mean regret: 0.4854177236557007
-----------------------------------------
| rollout/                |             |
|    ep_len_mean          | 545         |
|    ep_rew_mean          | 3.17e+03    |
| time/                   |             |
|    fps                  | 1634        |
|    iterations           | 142         |
|    time_elapsed         | 9965        |
|    total_timesteps      | 16285696    |
| train/                  |             |
|    approx_kl            | 0.018902585 |
|    clip_fraction        | 0.346       |
|    clip_range           | 0.15        |
|    entropy_loss         | -33.2       |
|    explained_variance   | 0.869       |
|    learning_rate        | 0.0001      |
|    loss                 | -0.337      |
|    n_updates            | 2115        |
|    policy_gradient_loss | -0.015      |
|    std                  | 1.74        |
|    value_loss           | 0.0295      |
-----------------------------------------
rollout mean regret: 0.5119455456733704
----------------------------------------
| rollout/                |            |
|    ep_len_mean          | 551        |
|    ep_rew_mean          | 3.21e+03   |
| time/                   |            |
|    fps                  | 1634       |
|    iterations           | 143        |
|    time_elapsed         | 10036      |
|    total_timesteps      | 16400384   |
| train/                  |            |
|    approx_kl            | 0.01907056 |
|    clip_fraction        | 0.347      |
|    clip_range           | 0.15       |
|    entropy_loss         | -33.4      |
|    explained_variance   | 0.856      |
|    learning_rate        | 0.0001     |
|    loss                 | -0.333     |
|    n_updates            | 2130       |
|    policy_gradient_loss | -0.0141    |
|    std                  | 1.75       |
|    value_loss           | 0.03       |
----------------------------------------
Eval num_timesteps=16499868, episode_reward=4230.79 +/- 74.66
Episode length: 740.00 +/- 17.44
-----------------------------------------
| eval/                   |             |
|    mean_ep_length       | 740         |
|    mean_reward          | 4.23e+03    |
| time/                   |             |
|    total_timesteps      | 16499868    |
| train/                  |             |
|    approx_kl            | 0.019272506 |
|    clip_fraction        | 0.344       |
|    clip_range           | 0.15        |
|    entropy_loss         | -33.5       |
|    explained_variance   | 0.854       |
|    learning_rate        | 0.0001      |
|    loss                 | -0.325      |
|    n_updates            | 2145        |
|    policy_gradient_loss | -0.015      |
|    std                  | 1.77        |
|    value_loss           | 0.0308      |
-----------------------------------------
rollout mean regret: 0.49241697788238525
---------------------------------
| rollout/           |          |
|    ep_len_mean     | 564      |
|    ep_rew_mean     | 3.28e+03 |
| time/              |          |
|    fps             | 1633     |
|    iterations      | 144      |
|    time_elapsed    | 10112    |
|    total_timesteps | 16515072 |
---------------------------------
rollout mean regret: 0.4929560422897339
-----------------------------------------
| rollout/                |             |
|    ep_len_mean          | 500         |
|    ep_rew_mean          | 2.9e+03     |
| time/                   |             |
|    fps                  | 1633        |
|    iterations           | 145         |
|    time_elapsed         | 10181       |
|    total_timesteps      | 16629760    |
| train/                  |             |
|    approx_kl            | 0.019194262 |
|    clip_fraction        | 0.351       |
|    clip_range           | 0.15        |
|    entropy_loss         | -33.7       |
|    explained_variance   | 0.832       |
|    learning_rate        | 0.0001      |
|    loss                 | -0.349      |
|    n_updates            | 2160        |
|    policy_gradient_loss | -0.0135     |
|    std                  | 1.78        |
|    value_loss           | 0.0331      |
-----------------------------------------
rollout mean regret: 0.5090272426605225
-----------------------------------------
| rollout/                |             |
|    ep_len_mean          | 535         |
|    ep_rew_mean          | 3.11e+03    |
| time/                   |             |
|    fps                  | 1633        |
|    iterations           | 146         |
|    time_elapsed         | 10253       |
|    total_timesteps      | 16744448    |
| train/                  |             |
|    approx_kl            | 0.019295406 |
|    clip_fraction        | 0.347       |
|    clip_range           | 0.15        |
|    entropy_loss         | -33.8       |
|    explained_variance   | 0.86        |
|    learning_rate        | 0.0001      |
|    loss                 | -0.328      |
|    n_updates            | 2175        |
|    policy_gradient_loss | -0.0145     |
|    std                  | 1.8         |
|    value_loss           | 0.0315      |
-----------------------------------------
rollout mean regret: 0.5180160999298096
-----------------------------------------
| rollout/                |             |
|    ep_len_mean          | 519         |
|    ep_rew_mean          | 3.01e+03    |
| time/                   |             |
|    fps                  | 1633        |
|    iterations           | 147         |
|    time_elapsed         | 10323       |
|    total_timesteps      | 16859136    |
| train/                  |             |
|    approx_kl            | 0.019530991 |
|    clip_fraction        | 0.347       |
|    clip_range           | 0.15        |
|    entropy_loss         | -34         |
|    explained_variance   | 0.85        |
|    learning_rate        | 0.0001      |
|    loss                 | -0.329      |
|    n_updates            | 2190        |
|    policy_gradient_loss | -0.0145     |
|    std                  | 1.81        |
|    value_loss           | 0.0313      |
-----------------------------------------
rollout mean regret: 0.5404812097549438
----------------------------------------
| rollout/                |            |
|    ep_len_mean          | 520        |
|    ep_rew_mean          | 3.02e+03   |
| time/                   |            |
|    fps                  | 1632       |
|    iterations           | 148        |
|    time_elapsed         | 10394      |
|    total_timesteps      | 16973824   |
| train/                  |            |
|    approx_kl            | 0.01928054 |
|    clip_fraction        | 0.34       |
|    clip_range           | 0.15       |
|    entropy_loss         | -34.1      |
|    explained_variance   | 0.876      |
|    learning_rate        | 0.0001     |
|    loss                 | -0.324     |
|    n_updates            | 2205       |
|    policy_gradient_loss | -0.0155    |
|    std                  | 1.83       |
|    value_loss           | 0.0282     |
----------------------------------------
Eval num_timesteps=16999864, episode_reward=4142.19 +/- 103.08
Episode length: 722.40 +/- 22.62
-----------------------------------------
| eval/                   |             |
|    mean_ep_length       | 722         |
|    mean_reward          | 4.14e+03    |
| time/                   |             |
|    total_timesteps      | 16999864    |
| train/                  |             |
|    approx_kl            | 0.018861214 |
|    clip_fraction        | 0.337       |
|    clip_range           | 0.15        |
|    entropy_loss         | -34.2       |
|    explained_variance   | 0.863       |
|    learning_rate        | 0.0001      |
|    loss                 | -0.317      |
|    n_updates            | 2220        |
|    policy_gradient_loss | -0.0148     |
|    std                  | 1.84        |
|    value_loss           | 0.0299      |
-----------------------------------------
rollout mean regret: 0.5411396622657776
---------------------------------
| rollout/           |          |
|    ep_len_mean     | 492      |
|    ep_rew_mean     | 2.85e+03 |
| time/              |          |
|    fps             | 1632     |
|    iterations      | 149      |
|    time_elapsed    | 10467    |
|    total_timesteps | 17088512 |
---------------------------------
rollout mean regret: 0.5607666373252869
-----------------------------------------
| rollout/                |             |
|    ep_len_mean          | 537         |
|    ep_rew_mean          | 3.12e+03    |
| time/                   |             |
|    fps                  | 1632        |
|    iterations           | 150         |
|    time_elapsed         | 10537       |
|    total_timesteps      | 17203200    |
| train/                  |             |
|    approx_kl            | 0.018661933 |
|    clip_fraction        | 0.337       |
|    clip_range           | 0.15        |
|    entropy_loss         | -34.3       |
|    explained_variance   | 0.879       |
|    learning_rate        | 0.0001      |
|    loss                 | -0.351      |
|    n_updates            | 2235        |
|    policy_gradient_loss | -0.0155     |
|    std                  | 1.85        |
|    value_loss           | 0.0281      |
-----------------------------------------
rollout mean regret: 0.568992018699646
-----------------------------------------
| rollout/                |             |
|    ep_len_mean          | 529         |
|    ep_rew_mean          | 3.07e+03    |
| time/                   |             |
|    fps                  | 1632        |
|    iterations           | 151         |
|    time_elapsed         | 10606       |
|    total_timesteps      | 17317888    |
| train/                  |             |
|    approx_kl            | 0.018902889 |
|    clip_fraction        | 0.342       |
|    clip_range           | 0.15        |
|    entropy_loss         | -34.5       |
|    explained_variance   | 0.857       |
|    learning_rate        | 0.0001      |
|    loss                 | -0.336      |
|    n_updates            | 2250        |
|    policy_gradient_loss | -0.015      |
|    std                  | 1.87        |
|    value_loss           | 0.0307      |
-----------------------------------------
rollout mean regret: 0.5636484622955322
-----------------------------------------
| rollout/                |             |
|    ep_len_mean          | 515         |
|    ep_rew_mean          | 2.99e+03    |
| time/                   |             |
|    fps                  | 1632        |
|    iterations           | 152         |
|    time_elapsed         | 10675       |
|    total_timesteps      | 17432576    |
| train/                  |             |
|    approx_kl            | 0.019063612 |
|    clip_fraction        | 0.343       |
|    clip_range           | 0.15        |
|    entropy_loss         | -34.6       |
|    explained_variance   | 0.857       |
|    learning_rate        | 0.0001      |
|    loss                 | -0.314      |
|    n_updates            | 2265        |
|    policy_gradient_loss | -0.0155     |
|    std                  | 1.88        |
|    value_loss           | 0.0316      |
-----------------------------------------
Eval num_timesteps=17499860, episode_reward=4120.56 +/- 68.05
Episode length: 716.80 +/- 12.73
-----------------------------------------
| eval/                   |             |
|    mean_ep_length       | 717         |
|    mean_reward          | 4.12e+03    |
| time/                   |             |
|    total_timesteps      | 17499860    |
| train/                  |             |
|    approx_kl            | 0.018492283 |
|    clip_fraction        | 0.335       |
|    clip_range           | 0.15        |
|    entropy_loss         | -34.7       |
|    explained_variance   | 0.861       |
|    learning_rate        | 0.0001      |
|    loss                 | -0.346      |
|    n_updates            | 2280        |
|    policy_gradient_loss | -0.0151     |
|    std                  | 1.9         |
|    value_loss           | 0.0285      |
-----------------------------------------
rollout mean regret: 0.5688847303390503
---------------------------------
| rollout/           |          |
|    ep_len_mean     | 547      |
|    ep_rew_mean     | 3.18e+03 |
| time/              |          |
|    fps             | 1632     |
|    iterations      | 153      |
|    time_elapsed    | 10748    |
|    total_timesteps | 17547264 |
---------------------------------
rollout mean regret: 0.5605143308639526
-----------------------------------------
| rollout/                |             |
|    ep_len_mean          | 539         |
|    ep_rew_mean          | 3.13e+03    |
| time/                   |             |
|    fps                  | 1632        |
|    iterations           | 154         |
|    time_elapsed         | 10817       |
|    total_timesteps      | 17661952    |
| train/                  |             |
|    approx_kl            | 0.018721143 |
|    clip_fraction        | 0.338       |
|    clip_range           | 0.15        |
|    entropy_loss         | -34.8       |
|    explained_variance   | 0.855       |
|    learning_rate        | 0.0001      |
|    loss                 | -0.348      |
|    n_updates            | 2295        |
|    policy_gradient_loss | -0.0151     |
|    std                  | 1.91        |
|    value_loss           | 0.0301      |
-----------------------------------------
rollout mean regret: 0.5686811804771423
-----------------------------------------
| rollout/                |             |
|    ep_len_mean          | 543         |
|    ep_rew_mean          | 3.16e+03    |
| time/                   |             |
|    fps                  | 1632        |
|    iterations           | 155         |
|    time_elapsed         | 10886       |
|    total_timesteps      | 17776640    |
| train/                  |             |
|    approx_kl            | 0.018551784 |
|    clip_fraction        | 0.33        |
|    clip_range           | 0.15        |
|    entropy_loss         | -34.9       |
|    explained_variance   | 0.861       |
|    learning_rate        | 0.0001      |
|    loss                 | -0.33       |
|    n_updates            | 2310        |
|    policy_gradient_loss | -0.0149     |
|    std                  | 1.92        |
|    value_loss           | 0.0286      |
-----------------------------------------
rollout mean regret: 0.5709921717643738
-----------------------------------------
| rollout/                |             |
|    ep_len_mean          | 529         |
|    ep_rew_mean          | 3.07e+03    |
| time/                   |             |
|    fps                  | 1633        |
|    iterations           | 156         |
|    time_elapsed         | 10955       |
|    total_timesteps      | 17891328    |
| train/                  |             |
|    approx_kl            | 0.018152582 |
|    clip_fraction        | 0.334       |
|    clip_range           | 0.15        |
|    entropy_loss         | -35.1       |
|    explained_variance   | 0.853       |
|    learning_rate        | 0.0001      |
|    loss                 | -0.349      |
|    n_updates            | 2325        |
|    policy_gradient_loss | -0.015      |
|    std                  | 1.94        |
|    value_loss           | 0.03        |
-----------------------------------------
Eval num_timesteps=17999856, episode_reward=4100.20 +/- 63.83
Episode length: 712.80 +/- 13.79
-----------------------------------------
| eval/                   |             |
|    mean_ep_length       | 713         |
|    mean_reward          | 4.1e+03     |
| time/                   |             |
|    total_timesteps      | 17999856    |
| train/                  |             |
|    approx_kl            | 0.018510599 |
|    clip_fraction        | 0.335       |
|    clip_range           | 0.15        |
|    entropy_loss         | -35.2       |
|    explained_variance   | 0.861       |
|    learning_rate        | 0.0001      |
|    loss                 | -0.334      |
|    n_updates            | 2340        |
|    policy_gradient_loss | -0.0154     |
|    std                  | 1.95        |
|    value_loss           | 0.0291      |
-----------------------------------------
rollout mean regret: 0.5770682096481323
---------------------------------
| rollout/           |          |
|    ep_len_mean     | 524      |
|    ep_rew_mean     | 3.05e+03 |
| time/              |          |
|    fps             | 1632     |
|    iterations      | 157      |
|    time_elapsed    | 11028    |
|    total_timesteps | 18006016 |
---------------------------------
rollout mean regret: 0.5725499391555786
----------------------------------------
| rollout/                |            |
|    ep_len_mean          | 527        |
|    ep_rew_mean          | 3.06e+03   |
| time/                   |            |
|    fps                  | 1632       |
|    iterations           | 158        |
|    time_elapsed         | 11098      |
|    total_timesteps      | 18120704   |
| train/                  |            |
|    approx_kl            | 0.01871826 |
|    clip_fraction        | 0.338      |
|    clip_range           | 0.15       |
|    entropy_loss         | -35.3      |
|    explained_variance   | 0.855      |
|    learning_rate        | 0.0001     |
|    loss                 | -0.353     |
|    n_updates            | 2355       |
|    policy_gradient_loss | -0.015     |
|    std                  | 1.97       |
|    value_loss           | 0.03       |
----------------------------------------
rollout mean regret: 0.5599895119667053
-----------------------------------------
| rollout/                |             |
|    ep_len_mean          | 534         |
|    ep_rew_mean          | 3.11e+03    |
| time/                   |             |
|    fps                  | 1632        |
|    iterations           | 159         |
|    time_elapsed         | 11169       |
|    total_timesteps      | 18235392    |
| train/                  |             |
|    approx_kl            | 0.018481387 |
|    clip_fraction        | 0.333       |
|    clip_range           | 0.15        |
|    entropy_loss         | -35.4       |
|    explained_variance   | 0.856       |
|    learning_rate        | 0.0001      |
|    loss                 | -0.344      |
|    n_updates            | 2370        |
|    policy_gradient_loss | -0.0152     |
|    std                  | 1.98        |
|    value_loss           | 0.0295      |
-----------------------------------------
rollout mean regret: 0.5588105916976929
-----------------------------------------
| rollout/                |             |
|    ep_len_mean          | 532         |
|    ep_rew_mean          | 3.1e+03     |
| time/                   |             |
|    fps                  | 1632        |
|    iterations           | 160         |
|    time_elapsed         | 11238       |
|    total_timesteps      | 18350080    |
| train/                  |             |
|    approx_kl            | 0.018202519 |
|    clip_fraction        | 0.328       |
|    clip_range           | 0.15        |
|    entropy_loss         | -35.5       |
|    explained_variance   | 0.862       |
|    learning_rate        | 0.0001      |
|    loss                 | -0.358      |
|    n_updates            | 2385        |
|    policy_gradient_loss | -0.0154     |
|    std                  | 1.99        |
|    value_loss           | 0.0281      |
-----------------------------------------
rollout mean regret: 0.5831441879272461
-----------------------------------------
| rollout/                |             |
|    ep_len_mean          | 516         |
|    ep_rew_mean          | 3.02e+03    |
| time/                   |             |
|    fps                  | 1632        |
|    iterations           | 161         |
|    time_elapsed         | 11308       |
|    total_timesteps      | 18464768    |
| train/                  |             |
|    approx_kl            | 0.018705884 |
|    clip_fraction        | 0.34        |
|    clip_range           | 0.15        |
|    entropy_loss         | -35.7       |
|    explained_variance   | 0.853       |
|    learning_rate        | 0.0001      |
|    loss                 | -0.351      |
|    n_updates            | 2400        |
|    policy_gradient_loss | -0.0152     |
|    std                  | 2.01        |
|    value_loss           | 0.0305      |
-----------------------------------------
Eval num_timesteps=18499852, episode_reward=4062.26 +/- 40.60
Episode length: 705.20 +/- 6.31
-----------------------------------------
| eval/                   |             |
|    mean_ep_length       | 705         |
|    mean_reward          | 4.06e+03    |
| time/                   |             |
|    total_timesteps      | 18499852    |
| train/                  |             |
|    approx_kl            | 0.018086536 |
|    clip_fraction        | 0.33        |
|    clip_range           | 0.15        |
|    entropy_loss         | -35.8       |
|    explained_variance   | 0.86        |
|    learning_rate        | 0.0001      |
|    loss                 | -0.358      |
|    n_updates            | 2415        |
|    policy_gradient_loss | -0.0149     |
|    std                  | 2.02        |
|    value_loss           | 0.0296      |
-----------------------------------------
rollout mean regret: 0.5672408938407898
---------------------------------
| rollout/           |          |
|    ep_len_mean     | 505      |
|    ep_rew_mean     | 2.95e+03 |
| time/              |          |
|    fps             | 1632     |
|    iterations      | 162      |
|    time_elapsed    | 11380    |
|    total_timesteps | 18579456 |
---------------------------------
rollout mean regret: 0.5524464845657349
-----------------------------------------
| rollout/                |             |
|    ep_len_mean          | 550         |
|    ep_rew_mean          | 3.19e+03    |
| time/                   |             |
|    fps                  | 1632        |
|    iterations           | 163         |
|    time_elapsed         | 11450       |
|    total_timesteps      | 18694144    |
| train/                  |             |
|    approx_kl            | 0.018591112 |
|    clip_fraction        | 0.334       |
|    clip_range           | 0.15        |
|    entropy_loss         | -35.9       |
|    explained_variance   | 0.857       |
|    learning_rate        | 0.0001      |
|    loss                 | -0.345      |
|    n_updates            | 2430        |
|    policy_gradient_loss | -0.0147     |
|    std                  | 2.04        |
|    value_loss           | 0.0296      |
-----------------------------------------
rollout mean regret: 0.5498353242874146
----------------------------------------
| rollout/                |            |
|    ep_len_mean          | 528        |
|    ep_rew_mean          | 3.06e+03   |
| time/                   |            |
|    fps                  | 1632       |
|    iterations           | 164        |
|    time_elapsed         | 11522      |
|    total_timesteps      | 18808832   |
| train/                  |            |
|    approx_kl            | 0.01895584 |
|    clip_fraction        | 0.335      |
|    clip_range           | 0.15       |
|    entropy_loss         | -36        |
|    explained_variance   | 0.856      |
|    learning_rate        | 0.0001     |
|    loss                 | -0.364     |
|    n_updates            | 2445       |
|    policy_gradient_loss | -0.0151    |
|    std                  | 2.05       |
|    value_loss           | 0.03       |
----------------------------------------
rollout mean regret: 0.5750159025192261
-----------------------------------------
| rollout/                |             |
|    ep_len_mean          | 524         |
|    ep_rew_mean          | 3.05e+03    |
| time/                   |             |
|    fps                  | 1632        |
|    iterations           | 165         |
|    time_elapsed         | 11593       |
|    total_timesteps      | 18923520    |
| train/                  |             |
|    approx_kl            | 0.018463012 |
|    clip_fraction        | 0.335       |
|    clip_range           | 0.15        |
|    entropy_loss         | -36.2       |
|    explained_variance   | 0.863       |
|    learning_rate        | 0.0001      |
|    loss                 | -0.333      |
|    n_updates            | 2460        |
|    policy_gradient_loss | -0.0152     |
|    std                  | 2.07        |
|    value_loss           | 0.0291      |
-----------------------------------------
Eval num_timesteps=18999848, episode_reward=4055.25 +/- 72.59
Episode length: 700.60 +/- 16.95
-----------------------------------------
| eval/                   |             |
|    mean_ep_length       | 701         |
|    mean_reward          | 4.06e+03    |
| time/                   |             |
|    total_timesteps      | 18999848    |
| train/                  |             |
|    approx_kl            | 0.018394414 |
|    clip_fraction        | 0.335       |
|    clip_range           | 0.15        |
|    entropy_loss         | -36.3       |
|    explained_variance   | 0.851       |
|    learning_rate        | 0.0001      |
|    loss                 | -0.362      |
|    n_updates            | 2475        |
|    policy_gradient_loss | -0.0147     |
|    std                  | 2.08        |
|    value_loss           | 0.0305      |
-----------------------------------------
rollout mean regret: 0.5425390005111694
---------------------------------
| rollout/           |          |
|    ep_len_mean     | 542      |
|    ep_rew_mean     | 3.15e+03 |
| time/              |          |
|    fps             | 1631     |
|    iterations      | 166      |
|    time_elapsed    | 11666    |
|    total_timesteps | 19038208 |
---------------------------------
rollout mean regret: 0.5570809841156006
-----------------------------------------
| rollout/                |             |
|    ep_len_mean          | 528         |
|    ep_rew_mean          | 3.08e+03    |
| time/                   |             |
|    fps                  | 1631        |
|    iterations           | 167         |
|    time_elapsed         | 11736       |
|    total_timesteps      | 19152896    |
| train/                  |             |
|    approx_kl            | 0.018428722 |
|    clip_fraction        | 0.329       |
|    clip_range           | 0.15        |
|    entropy_loss         | -36.4       |
|    explained_variance   | 0.872       |
|    learning_rate        | 0.0001      |
|    loss                 | -0.354      |
|    n_updates            | 2490        |
|    policy_gradient_loss | -0.0152     |
|    std                  | 2.1         |
|    value_loss           | 0.0284      |
-----------------------------------------
rollout mean regret: 0.5530698299407959
----------------------------------------
| rollout/                |            |
|    ep_len_mean          | 535        |
|    ep_rew_mean          | 3.11e+03   |
| time/                   |            |
|    fps                  | 1631       |
|    iterations           | 168        |
|    time_elapsed         | 11806      |
|    total_timesteps      | 19267584   |
| train/                  |            |
|    approx_kl            | 0.01856889 |
|    clip_fraction        | 0.334      |
|    clip_range           | 0.15       |
|    entropy_loss         | -36.5      |
|    explained_variance   | 0.864      |
|    learning_rate        | 0.0001     |
|    loss                 | -0.374     |
|    n_updates            | 2505       |
|    policy_gradient_loss | -0.0153    |
|    std                  | 2.12       |
|    value_loss           | 0.0291     |
----------------------------------------
rollout mean regret: 0.5454299449920654
----------------------------------------
| rollout/                |            |
|    ep_len_mean          | 497        |
|    ep_rew_mean          | 2.9e+03    |
| time/                   |            |
|    fps                  | 1632       |
|    iterations           | 169        |
|    time_elapsed         | 11876      |
|    total_timesteps      | 19382272   |
| train/                  |            |
|    approx_kl            | 0.01837771 |
|    clip_fraction        | 0.334      |
|    clip_range           | 0.15       |
|    entropy_loss         | -36.7      |
|    explained_variance   | 0.866      |
|    learning_rate        | 0.0001     |
|    loss                 | -0.351     |
|    n_updates            | 2520       |
|    policy_gradient_loss | -0.0156    |
|    std                  | 2.13       |
|    value_loss           | 0.029      |
----------------------------------------
rollout mean regret: 0.558030903339386
-----------------------------------------
| rollout/                |             |
|    ep_len_mean          | 510         |
|    ep_rew_mean          | 2.99e+03    |
| time/                   |             |
|    fps                  | 1632        |
|    iterations           | 170         |
|    time_elapsed         | 11945       |
|    total_timesteps      | 19496960    |
| train/                  |             |
|    approx_kl            | 0.018015418 |
|    clip_fraction        | 0.33        |
|    clip_range           | 0.15        |
|    entropy_loss         | -36.8       |
|    explained_variance   | 0.85        |
|    learning_rate        | 0.0001      |
|    loss                 | -0.358      |
|    n_updates            | 2535        |
|    policy_gradient_loss | -0.015      |
|    std                  | 2.15        |
|    value_loss           | 0.0305      |
-----------------------------------------
Eval num_timesteps=19499844, episode_reward=4031.10 +/- 55.31
Episode length: 697.80 +/- 12.89
-----------------------------------------
| eval/                   |             |
|    mean_ep_length       | 698         |
|    mean_reward          | 4.03e+03    |
| time/                   |             |
|    total_timesteps      | 19499844    |
| train/                  |             |
|    approx_kl            | 0.017955193 |
|    clip_fraction        | 0.33        |
|    clip_range           | 0.15        |
|    entropy_loss         | -36.9       |
|    explained_variance   | 0.852       |
|    learning_rate        | 0.0001      |
|    loss                 | -0.366      |
|    n_updates            | 2550        |
|    policy_gradient_loss | -0.0149     |
|    std                  | 2.16        |
|    value_loss           | 0.0311      |
-----------------------------------------
rollout mean regret: 0.5855035781860352
---------------------------------
| rollout/           |          |
|    ep_len_mean     | 533      |
|    ep_rew_mean     | 3.11e+03 |
| time/              |          |
|    fps             | 1631     |
|    iterations      | 171      |
|    time_elapsed    | 12018    |
|    total_timesteps | 19611648 |
---------------------------------
rollout mean regret: 0.5568870306015015
-----------------------------------------
| rollout/                |             |
|    ep_len_mean          | 510         |
|    ep_rew_mean          | 2.96e+03    |
| time/                   |             |
|    fps                  | 1631        |
|    iterations           | 172         |
|    time_elapsed         | 12088       |
|    total_timesteps      | 19726336    |
| train/                  |             |
|    approx_kl            | 0.018147776 |
|    clip_fraction        | 0.328       |
|    clip_range           | 0.15        |
|    entropy_loss         | -37         |
|    explained_variance   | 0.85        |
|    learning_rate        | 0.0001      |
|    loss                 | -0.36       |
|    n_updates            | 2565        |
|    policy_gradient_loss | -0.0153     |
|    std                  | 2.18        |
|    value_loss           | 0.029       |
-----------------------------------------
rollout mean regret: 0.5381476879119873
-----------------------------------------
| rollout/                |             |
|    ep_len_mean          | 544         |
|    ep_rew_mean          | 3.17e+03    |
| time/                   |             |
|    fps                  | 1631        |
|    iterations           | 173         |
|    time_elapsed         | 12158       |
|    total_timesteps      | 19841024    |
| train/                  |             |
|    approx_kl            | 0.018100923 |
|    clip_fraction        | 0.329       |
|    clip_range           | 0.15        |
|    entropy_loss         | -37.1       |
|    explained_variance   | 0.857       |
|    learning_rate        | 0.0001      |
|    loss                 | -0.367      |
|    n_updates            | 2580        |
|    policy_gradient_loss | -0.0152     |
|    std                  | 2.19        |
|    value_loss           | 0.0312      |
-----------------------------------------
rollout mean regret: 0.5340886116027832
----------------------------------------
| rollout/                |            |
|    ep_len_mean          | 553        |
|    ep_rew_mean          | 3.2e+03    |
| time/                   |            |
|    fps                  | 1631       |
|    iterations           | 174        |
|    time_elapsed         | 12229      |
|    total_timesteps      | 19955712   |
| train/                  |            |
|    approx_kl            | 0.01824014 |
|    clip_fraction        | 0.333      |
|    clip_range           | 0.15       |
|    entropy_loss         | -37.3      |
|    explained_variance   | 0.849      |
|    learning_rate        | 0.0001     |
|    loss                 | -0.36      |
|    n_updates            | 2595       |
|    policy_gradient_loss | -0.0149    |
|    std                  | 2.21       |
|    value_loss           | 0.03       |
----------------------------------------
Eval num_timesteps=19999840, episode_reward=4141.59 +/- 69.10
Episode length: 718.80 +/- 12.69
-----------------------------------------
| eval/                   |             |
|    mean_ep_length       | 719         |
|    mean_reward          | 4.14e+03    |
| time/                   |             |
|    total_timesteps      | 19999840    |
| train/                  |             |
|    approx_kl            | 0.018546185 |
|    clip_fraction        | 0.333       |
|    clip_range           | 0.15        |
|    entropy_loss         | -37.4       |
|    explained_variance   | 0.848       |
|    learning_rate        | 0.0001      |
|    loss                 | -0.376      |
|    n_updates            | 2610        |
|    policy_gradient_loss | -0.0147     |
|    std                  | 2.23        |
|    value_loss           | 0.0298      |
-----------------------------------------
rollout mean regret: 0.5236642956733704
---------------------------------
| rollout/           |          |
|    ep_len_mean     | 536      |
|    ep_rew_mean     | 3.1e+03  |
| time/              |          |
|    fps             | 1631     |
|    iterations      | 175      |
|    time_elapsed    | 12301    |
|    total_timesteps | 20070400 |
---------------------------------
