==== CPU INFO ====
SLURM_CPUS_ON_NODE: 14
SLURM_CPUS_PER_TASK: 8
CPU affinity: [0, 1, 2, 3, 4, 5, 6, 8, 9, 10, 11, 12, 13, 14]
Usable cores: 14
os.cpu_count(): 16
===================
Using cpu device
Logging to runs/humanoidenvcurr_ppo_lr1e-04_seed0_20260113-121109/logs/PPO_1
rollout mean regret: 6.639974594116211
---------------------------------
| rollout/           |          |
|    ep_len_mean     | 23.9     |
|    ep_rew_mean     | 54       |
| time/              |          |
|    fps             | 1555     |
|    iterations      | 1        |
|    time_elapsed    | 42       |
|    total_timesteps | 65536    |
---------------------------------
rollout mean regret: 3.4429595470428467
-----------------------------------------
| rollout/                |             |
|    ep_len_mean          | 20.7        |
|    ep_rew_mean          | 57.2        |
| time/                   |             |
|    fps                  | 1477        |
|    iterations           | 2           |
|    time_elapsed         | 88          |
|    total_timesteps      | 131072      |
| train/                  |             |
|    approx_kl            | 0.008692596 |
|    clip_fraction        | 0.177       |
|    clip_range           | 0.15        |
|    entropy_loss         | -24.2       |
|    explained_variance   | -0.349      |
|    learning_rate        | 0.0001      |
|    loss                 | -0.0347     |
|    n_updates            | 15          |
|    policy_gradient_loss | -0.0158     |
|    std                  | 1           |
|    value_loss           | 0.328       |
-----------------------------------------
rollout mean regret: 2.369795799255371
-----------------------------------------
| rollout/                |             |
|    ep_len_mean          | 19.7        |
|    ep_rew_mean          | 60.5        |
| time/                   |             |
|    fps                  | 1458        |
|    iterations           | 3           |
|    time_elapsed         | 134         |
|    total_timesteps      | 196608      |
| train/                  |             |
|    approx_kl            | 0.010304023 |
|    clip_fraction        | 0.229       |
|    clip_range           | 0.15        |
|    entropy_loss         | -24.2       |
|    explained_variance   | 0.652       |
|    learning_rate        | 0.0001      |
|    loss                 | -0.0619     |
|    n_updates            | 30          |
|    policy_gradient_loss | -0.0243     |
|    std                  | 1.01        |
|    value_loss           | 0.219       |
-----------------------------------------
rollout mean regret: 1.7973854541778564
-----------------------------------------
| rollout/                |             |
|    ep_len_mean          | 18.6        |
|    ep_rew_mean          | 63.8        |
| time/                   |             |
|    fps                  | 1452        |
|    iterations           | 4           |
|    time_elapsed         | 180         |
|    total_timesteps      | 262144      |
| train/                  |             |
|    approx_kl            | 0.010796453 |
|    clip_fraction        | 0.247       |
|    clip_range           | 0.15        |
|    entropy_loss         | -24.3       |
|    explained_variance   | 0.81        |
|    learning_rate        | 0.0001      |
|    loss                 | -0.123      |
|    n_updates            | 45          |
|    policy_gradient_loss | -0.0274     |
|    std                  | 1.01        |
|    value_loss           | 0.161       |
-----------------------------------------
rollout mean regret: 1.528127670288086
-----------------------------------------
| rollout/                |             |
|    ep_len_mean          | 17.8        |
|    ep_rew_mean          | 67.8        |
| time/                   |             |
|    fps                  | 1452        |
|    iterations           | 5           |
|    time_elapsed         | 225         |
|    total_timesteps      | 327680      |
| train/                  |             |
|    approx_kl            | 0.010784207 |
|    clip_fraction        | 0.245       |
|    clip_range           | 0.15        |
|    entropy_loss         | -24.3       |
|    explained_variance   | 0.875       |
|    learning_rate        | 0.0001      |
|    loss                 | -0.148      |
|    n_updates            | 60          |
|    policy_gradient_loss | -0.0278     |
|    std                  | 1.01        |
|    value_loss           | 0.121       |
-----------------------------------------
rollout mean regret: 1.2226622104644775
-----------------------------------------
| rollout/                |             |
|    ep_len_mean          | 17.6        |
|    ep_rew_mean          | 69.2        |
| time/                   |             |
|    fps                  | 1449        |
|    iterations           | 6           |
|    time_elapsed         | 271         |
|    total_timesteps      | 393216      |
| train/                  |             |
|    approx_kl            | 0.011023706 |
|    clip_fraction        | 0.25        |
|    clip_range           | 0.15        |
|    entropy_loss         | -24.3       |
|    explained_variance   | 0.915       |
|    learning_rate        | 0.0001      |
|    loss                 | -0.208      |
|    n_updates            | 75          |
|    policy_gradient_loss | -0.0275     |
|    std                  | 1.01        |
|    value_loss           | 0.085       |
-----------------------------------------
rollout mean regret: 0.9253223538398743
------------------------------------------
| rollout/                |              |
|    ep_len_mean          | 17.6         |
|    ep_rew_mean          | 72.1         |
| time/                   |              |
|    fps                  | 1448         |
|    iterations           | 7            |
|    time_elapsed         | 316          |
|    total_timesteps      | 458752       |
| train/                  |              |
|    approx_kl            | 0.0111804865 |
|    clip_fraction        | 0.249        |
|    clip_range           | 0.15         |
|    entropy_loss         | -24.3        |
|    explained_variance   | 0.941        |
|    learning_rate        | 0.0001       |
|    loss                 | -0.209       |
|    n_updates            | 90           |
|    policy_gradient_loss | -0.0275      |
|    std                  | 1.01         |
|    value_loss           | 0.061        |
------------------------------------------
Eval num_timesteps=500000, episode_reward=79.76 +/- 0.14
Episode length: 17.00 +/- 0.00
-----------------------------------------
| eval/                   |             |
|    mean_ep_length       | 17          |
|    mean_reward          | 79.8        |
| time/                   |             |
|    total_timesteps      | 500000      |
| train/                  |             |
|    approx_kl            | 0.010818567 |
|    clip_fraction        | 0.247       |
|    clip_range           | 0.15        |
|    entropy_loss         | -24.3       |
|    explained_variance   | 0.957       |
|    learning_rate        | 0.0001      |
|    loss                 | -0.225      |
|    n_updates            | 105         |
|    policy_gradient_loss | -0.0263     |
|    std                  | 1.01        |
|    value_loss           | 0.0446      |
-----------------------------------------
New best mean reward!
rollout mean regret: 0.717681348323822
---------------------------------
| rollout/           |          |
|    ep_len_mean     | 17.2     |
|    ep_rew_mean     | 72.8     |
| time/              |          |
|    fps             | 1448     |
|    iterations      | 8        |
|    time_elapsed    | 361      |
|    total_timesteps | 524288   |
---------------------------------
rollout mean regret: 0.5809348821640015
-----------------------------------------
| rollout/                |             |
|    ep_len_mean          | 17.4        |
|    ep_rew_mean          | 75.4        |
| time/                   |             |
|    fps                  | 1450        |
|    iterations           | 9           |
|    time_elapsed         | 406         |
|    total_timesteps      | 589824      |
| train/                  |             |
|    approx_kl            | 0.010785073 |
|    clip_fraction        | 0.24        |
|    clip_range           | 0.15        |
|    entropy_loss         | -24.3       |
|    explained_variance   | 0.97        |
|    learning_rate        | 0.0001      |
|    loss                 | -0.245      |
|    n_updates            | 120         |
|    policy_gradient_loss | -0.0254     |
|    std                  | 1.01        |
|    value_loss           | 0.0308      |
-----------------------------------------
rollout mean regret: 0.445492684841156
-----------------------------------------
| rollout/                |             |
|    ep_len_mean          | 17.3        |
|    ep_rew_mean          | 74          |
| time/                   |             |
|    fps                  | 1451        |
|    iterations           | 10          |
|    time_elapsed         | 451         |
|    total_timesteps      | 655360      |
| train/                  |             |
|    approx_kl            | 0.010189064 |
|    clip_fraction        | 0.233       |
|    clip_range           | 0.15        |
|    entropy_loss         | -24.3       |
|    explained_variance   | 0.979       |
|    learning_rate        | 0.0001      |
|    loss                 | -0.256      |
|    n_updates            | 135         |
|    policy_gradient_loss | -0.0234     |
|    std                  | 1.01        |
|    value_loss           | 0.0213      |
-----------------------------------------
rollout mean regret: 0.34486061334609985
-----------------------------------------
| rollout/                |             |
|    ep_len_mean          | 17.4        |
|    ep_rew_mean          | 75.5        |
| time/                   |             |
|    fps                  | 1450        |
|    iterations           | 11          |
|    time_elapsed         | 496         |
|    total_timesteps      | 720896      |
| train/                  |             |
|    approx_kl            | 0.010390991 |
|    clip_fraction        | 0.233       |
|    clip_range           | 0.15        |
|    entropy_loss         | -24.4       |
|    explained_variance   | 0.985       |
|    learning_rate        | 0.0001      |
|    loss                 | -0.252      |
|    n_updates            | 150         |
|    policy_gradient_loss | -0.0229     |
|    std                  | 1.01        |
|    value_loss           | 0.0158      |
-----------------------------------------
rollout mean regret: 0.25683748722076416
-----------------------------------------
| rollout/                |             |
|    ep_len_mean          | 17.2        |
|    ep_rew_mean          | 75.9        |
| time/                   |             |
|    fps                  | 1449        |
|    iterations           | 12          |
|    time_elapsed         | 542         |
|    total_timesteps      | 786432      |
| train/                  |             |
|    approx_kl            | 0.010700799 |
|    clip_fraction        | 0.24        |
|    clip_range           | 0.15        |
|    entropy_loss         | -24.4       |
|    explained_variance   | 0.988       |
|    learning_rate        | 0.0001      |
|    loss                 | -0.253      |
|    n_updates            | 165         |
|    policy_gradient_loss | -0.0222     |
|    std                  | 1.02        |
|    value_loss           | 0.0125      |
-----------------------------------------
rollout mean regret: 0.25195905566215515
-----------------------------------------
| rollout/                |             |
|    ep_len_mean          | 17.3        |
|    ep_rew_mean          | 76.6        |
| time/                   |             |
|    fps                  | 1449        |
|    iterations           | 13          |
|    time_elapsed         | 587         |
|    total_timesteps      | 851968      |
| train/                  |             |
|    approx_kl            | 0.010939054 |
|    clip_fraction        | 0.25        |
|    clip_range           | 0.15        |
|    entropy_loss         | -24.4       |
|    explained_variance   | 0.991       |
|    learning_rate        | 0.0001      |
|    loss                 | -0.264      |
|    n_updates            | 180         |
|    policy_gradient_loss | -0.0222     |
|    std                  | 1.02        |
|    value_loss           | 0.00972     |
-----------------------------------------
rollout mean regret: 0.25016114115715027
----------------------------------------
| rollout/                |            |
|    ep_len_mean          | 17.4       |
|    ep_rew_mean          | 77.5       |
| time/                   |            |
|    fps                  | 1450       |
|    iterations           | 14         |
|    time_elapsed         | 632        |
|    total_timesteps      | 917504     |
| train/                  |            |
|    approx_kl            | 0.01099791 |
|    clip_fraction        | 0.253      |
|    clip_range           | 0.15       |
|    entropy_loss         | -24.4      |
|    explained_variance   | 0.992      |
|    learning_rate        | 0.0001     |
|    loss                 | -0.267     |
|    n_updates            | 195        |
|    policy_gradient_loss | -0.0222    |
|    std                  | 1.02       |
|    value_loss           | 0.00829    |
----------------------------------------
rollout mean regret: 0.23709061741828918
-----------------------------------------
| rollout/                |             |
|    ep_len_mean          | 17.4        |
|    ep_rew_mean          | 77.4        |
| time/                   |             |
|    fps                  | 1451        |
|    iterations           | 15          |
|    time_elapsed         | 677         |
|    total_timesteps      | 983040      |
| train/                  |             |
|    approx_kl            | 0.011107786 |
|    clip_fraction        | 0.251       |
|    clip_range           | 0.15        |
|    entropy_loss         | -24.4       |
|    explained_variance   | 0.993       |
|    learning_rate        | 0.0001      |
|    loss                 | -0.254      |
|    n_updates            | 210         |
|    policy_gradient_loss | -0.022      |
|    std                  | 1.02        |
|    value_loss           | 0.00701     |
-----------------------------------------
Eval num_timesteps=1000000, episode_reward=84.11 +/- 0.11
Episode length: 18.00 +/- 0.00
-----------------------------------------
| eval/                   |             |
|    mean_ep_length       | 18          |
|    mean_reward          | 84.1        |
| time/                   |             |
|    total_timesteps      | 1000000     |
| train/                  |             |
|    approx_kl            | 0.011135487 |
|    clip_fraction        | 0.251       |
|    clip_range           | 0.15        |
|    entropy_loss         | -24.4       |
|    explained_variance   | 0.994       |
|    learning_rate        | 0.0001      |
|    loss                 | -0.266      |
|    n_updates            | 225         |
|    policy_gradient_loss | -0.0217     |
|    std                  | 1.02        |
|    value_loss           | 0.00634     |
-----------------------------------------
New best mean reward!
rollout mean regret: 0.23727531731128693
---------------------------------
| rollout/           |          |
|    ep_len_mean     | 17.4     |
|    ep_rew_mean     | 77.7     |
| time/              |          |
|    fps             | 1452     |
|    iterations      | 16       |
|    time_elapsed    | 721      |
|    total_timesteps | 1048576  |
---------------------------------
rollout mean regret: 0.24051856994628906
-----------------------------------------
| rollout/                |             |
|    ep_len_mean          | 17.6        |
|    ep_rew_mean          | 78.5        |
| time/                   |             |
|    fps                  | 1453        |
|    iterations           | 17          |
|    time_elapsed         | 766         |
|    total_timesteps      | 1114112     |
| train/                  |             |
|    approx_kl            | 0.011486044 |
|    clip_fraction        | 0.263       |
|    clip_range           | 0.15        |
|    entropy_loss         | -24.4       |
|    explained_variance   | 0.995       |
|    learning_rate        | 0.0001      |
|    loss                 | -0.253      |
|    n_updates            | 240         |
|    policy_gradient_loss | -0.023      |
|    std                  | 1.02        |
|    value_loss           | 0.00543     |
-----------------------------------------
rollout mean regret: 0.22177183628082275
-----------------------------------------
| rollout/                |             |
|    ep_len_mean          | 17.6        |
|    ep_rew_mean          | 78.7        |
| time/                   |             |
|    fps                  | 1453        |
|    iterations           | 18          |
|    time_elapsed         | 811         |
|    total_timesteps      | 1179648     |
| train/                  |             |
|    approx_kl            | 0.011671351 |
|    clip_fraction        | 0.263       |
|    clip_range           | 0.15        |
|    entropy_loss         | -24.4       |
|    explained_variance   | 0.995       |
|    learning_rate        | 0.0001      |
|    loss                 | -0.255      |
|    n_updates            | 255         |
|    policy_gradient_loss | -0.0225     |
|    std                  | 1.02        |
|    value_loss           | 0.00549     |
-----------------------------------------
rollout mean regret: 0.19719474017620087
-----------------------------------------
| rollout/                |             |
|    ep_len_mean          | 17.6        |
|    ep_rew_mean          | 78.6        |
| time/                   |             |
|    fps                  | 1454        |
|    iterations           | 19          |
|    time_elapsed         | 856         |
|    total_timesteps      | 1245184     |
| train/                  |             |
|    approx_kl            | 0.011456663 |
|    clip_fraction        | 0.262       |
|    clip_range           | 0.15        |
|    entropy_loss         | -24.4       |
|    explained_variance   | 0.995       |
|    learning_rate        | 0.0001      |
|    loss                 | -0.258      |
|    n_updates            | 270         |
|    policy_gradient_loss | -0.022      |
|    std                  | 1.02        |
|    value_loss           | 0.00532     |
-----------------------------------------
rollout mean regret: 0.1776861846446991
-----------------------------------------
| rollout/                |             |
|    ep_len_mean          | 17.9        |
|    ep_rew_mean          | 79.7        |
| time/                   |             |
|    fps                  | 1453        |
|    iterations           | 20          |
|    time_elapsed         | 901         |
|    total_timesteps      | 1310720     |
| train/                  |             |
|    approx_kl            | 0.011743206 |
|    clip_fraction        | 0.265       |
|    clip_range           | 0.15        |
|    entropy_loss         | -24.4       |
|    explained_variance   | 0.995       |
|    learning_rate        | 0.0001      |
|    loss                 | -0.269      |
|    n_updates            | 285         |
|    policy_gradient_loss | -0.0213     |
|    std                  | 1.02        |
|    value_loss           | 0.00486     |
-----------------------------------------
rollout mean regret: 0.18387863039970398
-----------------------------------------
| rollout/                |             |
|    ep_len_mean          | 17.8        |
|    ep_rew_mean          | 80.1        |
| time/                   |             |
|    fps                  | 1454        |
|    iterations           | 21          |
|    time_elapsed         | 946         |
|    total_timesteps      | 1376256     |
| train/                  |             |
|    approx_kl            | 0.011914585 |
|    clip_fraction        | 0.266       |
|    clip_range           | 0.15        |
|    entropy_loss         | -24.5       |
|    explained_variance   | 0.996       |
|    learning_rate        | 0.0001      |
|    loss                 | -0.267      |
|    n_updates            | 300         |
|    policy_gradient_loss | -0.0212     |
|    std                  | 1.02        |
|    value_loss           | 0.00428     |
-----------------------------------------
rollout mean regret: 0.16733546555042267
-----------------------------------------
| rollout/                |             |
|    ep_len_mean          | 17.9        |
|    ep_rew_mean          | 80.3        |
| time/                   |             |
|    fps                  | 1455        |
|    iterations           | 22          |
|    time_elapsed         | 990         |
|    total_timesteps      | 1441792     |
| train/                  |             |
|    approx_kl            | 0.011610533 |
|    clip_fraction        | 0.262       |
|    clip_range           | 0.15        |
|    entropy_loss         | -24.5       |
|    explained_variance   | 0.997       |
|    learning_rate        | 0.0001      |
|    loss                 | -0.265      |
|    n_updates            | 315         |
|    policy_gradient_loss | -0.0201     |
|    std                  | 1.02        |
|    value_loss           | 0.00358     |
-----------------------------------------
Eval num_timesteps=1500000, episode_reward=83.62 +/- 0.16
Episode length: 18.00 +/- 0.00
-----------------------------------------
| eval/                   |             |
|    mean_ep_length       | 18          |
|    mean_reward          | 83.6        |
| time/                   |             |
|    total_timesteps      | 1500000     |
| train/                  |             |
|    approx_kl            | 0.011120045 |
|    clip_fraction        | 0.248       |
|    clip_range           | 0.15        |
|    entropy_loss         | -24.5       |
|    explained_variance   | 0.997       |
|    learning_rate        | 0.0001      |
|    loss                 | -0.258      |
|    n_updates            | 330         |
|    policy_gradient_loss | -0.0197     |
|    std                  | 1.02        |
|    value_loss           | 0.00311     |
-----------------------------------------
rollout mean regret: 0.12598374485969543
---------------------------------
| rollout/           |          |
|    ep_len_mean     | 18       |
|    ep_rew_mean     | 80.2     |
| time/              |          |
|    fps             | 1455     |
|    iterations      | 23       |
|    time_elapsed    | 1035     |
|    total_timesteps | 1507328  |
---------------------------------
rollout mean regret: 0.1058356985449791
-----------------------------------------
| rollout/                |             |
|    ep_len_mean          | 18          |
|    ep_rew_mean          | 80.2        |
| time/                   |             |
|    fps                  | 1455        |
|    iterations           | 24          |
|    time_elapsed         | 1080        |
|    total_timesteps      | 1572864     |
| train/                  |             |
|    approx_kl            | 0.011221657 |
|    clip_fraction        | 0.25        |
|    clip_range           | 0.15        |
|    entropy_loss         | -24.5       |
|    explained_variance   | 0.997       |
|    learning_rate        | 0.0001      |
|    loss                 | -0.267      |
|    n_updates            | 345         |
|    policy_gradient_loss | -0.0186     |
|    std                  | 1.03        |
|    value_loss           | 0.0027      |
-----------------------------------------
rollout mean regret: 0.09684209525585175
-----------------------------------------
| rollout/                |             |
|    ep_len_mean          | 18          |
|    ep_rew_mean          | 80.6        |
| time/                   |             |
|    fps                  | 1455        |
|    iterations           | 25          |
|    time_elapsed         | 1125        |
|    total_timesteps      | 1638400     |
| train/                  |             |
|    approx_kl            | 0.011372775 |
|    clip_fraction        | 0.251       |
|    clip_range           | 0.15        |
|    entropy_loss         | -24.5       |
|    explained_variance   | 0.998       |
|    learning_rate        | 0.0001      |
|    loss                 | -0.265      |
|    n_updates            | 360         |
|    policy_gradient_loss | -0.0178     |
|    std                  | 1.03        |
|    value_loss           | 0.00238     |
-----------------------------------------
rollout mean regret: 0.09053405374288559
-----------------------------------------
| rollout/                |             |
|    ep_len_mean          | 17.9        |
|    ep_rew_mean          | 80.8        |
| time/                   |             |
|    fps                  | 1455        |
|    iterations           | 26          |
|    time_elapsed         | 1170        |
|    total_timesteps      | 1703936     |
| train/                  |             |
|    approx_kl            | 0.011070577 |
|    clip_fraction        | 0.248       |
|    clip_range           | 0.15        |
|    entropy_loss         | -24.5       |
|    explained_variance   | 0.998       |
|    learning_rate        | 0.0001      |
|    loss                 | -0.268      |
|    n_updates            | 375         |
|    policy_gradient_loss | -0.0176     |
|    std                  | 1.03        |
|    value_loss           | 0.00212     |
-----------------------------------------
rollout mean regret: 0.07355529069900513
-----------------------------------------
| rollout/                |             |
|    ep_len_mean          | 18          |
|    ep_rew_mean          | 80.7        |
| time/                   |             |
|    fps                  | 1456        |
|    iterations           | 27          |
|    time_elapsed         | 1214        |
|    total_timesteps      | 1769472     |
| train/                  |             |
|    approx_kl            | 0.010984262 |
|    clip_fraction        | 0.238       |
|    clip_range           | 0.15        |
|    entropy_loss         | -24.6       |
|    explained_variance   | 0.998       |
|    learning_rate        | 0.0001      |
|    loss                 | -0.276      |
|    n_updates            | 390         |
|    policy_gradient_loss | -0.0166     |
|    std                  | 1.03        |
|    value_loss           | 0.00184     |
-----------------------------------------
rollout mean regret: 0.07149782031774521
-----------------------------------------
| rollout/                |             |
|    ep_len_mean          | 18          |
|    ep_rew_mean          | 80.7        |
| time/                   |             |
|    fps                  | 1457        |
|    iterations           | 28          |
|    time_elapsed         | 1259        |
|    total_timesteps      | 1835008     |
| train/                  |             |
|    approx_kl            | 0.011128923 |
|    clip_fraction        | 0.247       |
|    clip_range           | 0.15        |
|    entropy_loss         | -24.6       |
|    explained_variance   | 0.998       |
|    learning_rate        | 0.0001      |
|    loss                 | -0.266      |
|    n_updates            | 405         |
|    policy_gradient_loss | -0.0167     |
|    std                  | 1.03        |
|    value_loss           | 0.00158     |
-----------------------------------------
rollout mean regret: 0.06294851005077362
-----------------------------------------
| rollout/                |             |
|    ep_len_mean          | 18          |
|    ep_rew_mean          | 80.7        |
| time/                   |             |
|    fps                  | 1457        |
|    iterations           | 29          |
|    time_elapsed         | 1303        |
|    total_timesteps      | 1900544     |
| train/                  |             |
|    approx_kl            | 0.010731864 |
|    clip_fraction        | 0.237       |
|    clip_range           | 0.15        |
|    entropy_loss         | -24.6       |
|    explained_variance   | 0.999       |
|    learning_rate        | 0.0001      |
|    loss                 | -0.272      |
|    n_updates            | 420         |
|    policy_gradient_loss | -0.0153     |
|    std                  | 1.03        |
|    value_loss           | 0.00137     |
-----------------------------------------
rollout mean regret: 0.05826284736394882
----------------------------------------
| rollout/                |            |
|    ep_len_mean          | 18         |
|    ep_rew_mean          | 80.9       |
| time/                   |            |
|    fps                  | 1458       |
|    iterations           | 30         |
|    time_elapsed         | 1348       |
|    total_timesteps      | 1966080    |
| train/                  |            |
|    approx_kl            | 0.01174442 |
|    clip_fraction        | 0.253      |
|    clip_range           | 0.15       |
|    entropy_loss         | -24.6      |
|    explained_variance   | 0.999      |
|    learning_rate        | 0.0001     |
|    loss                 | -0.263     |
|    n_updates            | 435        |
|    policy_gradient_loss | -0.0162    |
|    std                  | 1.03       |
|    value_loss           | 0.00126    |
----------------------------------------
Eval num_timesteps=2000000, episode_reward=83.23 +/- 0.20
Episode length: 18.00 +/- 0.00
-----------------------------------------
| eval/                   |             |
|    mean_ep_length       | 18          |
|    mean_reward          | 83.2        |
| time/                   |             |
|    total_timesteps      | 2000000     |
| train/                  |             |
|    approx_kl            | 0.011791635 |
|    clip_fraction        | 0.255       |
|    clip_range           | 0.15        |
|    entropy_loss         | -24.7       |
|    explained_variance   | 0.999       |
|    learning_rate        | 0.0001      |
|    loss                 | -0.268      |
|    n_updates            | 450         |
|    policy_gradient_loss | -0.0157     |
|    std                  | 1.04        |
|    value_loss           | 0.00139     |
-----------------------------------------
rollout mean regret: 0.05880148336291313
---------------------------------
| rollout/           |          |
|    ep_len_mean     | 18       |
|    ep_rew_mean     | 80.9     |
| time/              |          |
|    fps             | 1458     |
|    iterations      | 31       |
|    time_elapsed    | 1393     |
|    total_timesteps | 2031616  |
---------------------------------
rollout mean regret: 0.052000030875205994
-----------------------------------------
| rollout/                |             |
|    ep_len_mean          | 18          |
|    ep_rew_mean          | 81          |
| time/                   |             |
|    fps                  | 1458        |
|    iterations           | 32          |
|    time_elapsed         | 1437        |
|    total_timesteps      | 2097152     |
| train/                  |             |
|    approx_kl            | 0.011059103 |
|    clip_fraction        | 0.241       |
|    clip_range           | 0.15        |
|    entropy_loss         | -24.7       |
|    explained_variance   | 0.999       |
|    learning_rate        | 0.0001      |
|    loss                 | -0.263      |
|    n_updates            | 465         |
|    policy_gradient_loss | -0.0147     |
|    std                  | 1.04        |
|    value_loss           | 0.00136     |
-----------------------------------------
rollout mean regret: 0.05253564566373825
-----------------------------------------
| rollout/                |             |
|    ep_len_mean          | 18          |
|    ep_rew_mean          | 80.9        |
| time/                   |             |
|    fps                  | 1459        |
|    iterations           | 33          |
|    time_elapsed         | 1482        |
|    total_timesteps      | 2162688     |
| train/                  |             |
|    approx_kl            | 0.011157437 |
|    clip_fraction        | 0.243       |
|    clip_range           | 0.15        |
|    entropy_loss         | -24.7       |
|    explained_variance   | 0.999       |
|    learning_rate        | 0.0001      |
|    loss                 | -0.262      |
|    n_updates            | 480         |
|    policy_gradient_loss | -0.0154     |
|    std                  | 1.04        |
|    value_loss           | 0.000965    |
-----------------------------------------
rollout mean regret: 0.05362384766340256
-----------------------------------------
| rollout/                |             |
|    ep_len_mean          | 18          |
|    ep_rew_mean          | 81.1        |
| time/                   |             |
|    fps                  | 1459        |
|    iterations           | 34          |
|    time_elapsed         | 1527        |
|    total_timesteps      | 2228224     |
| train/                  |             |
|    approx_kl            | 0.010985065 |
|    clip_fraction        | 0.239       |
|    clip_range           | 0.15        |
|    entropy_loss         | -24.8       |
|    explained_variance   | 0.999       |
|    learning_rate        | 0.0001      |
|    loss                 | -0.267      |
|    n_updates            | 495         |
|    policy_gradient_loss | -0.0152     |
|    std                  | 1.04        |
|    value_loss           | 0.000837    |
-----------------------------------------
rollout mean regret: 0.047001905739307404
-----------------------------------------
| rollout/                |             |
|    ep_len_mean          | 18          |
|    ep_rew_mean          | 81.1        |
| time/                   |             |
|    fps                  | 1459        |
|    iterations           | 35          |
|    time_elapsed         | 1572        |
|    total_timesteps      | 2293760     |
| train/                  |             |
|    approx_kl            | 0.011349291 |
|    clip_fraction        | 0.24        |
|    clip_range           | 0.15        |
|    entropy_loss         | -24.8       |
|    explained_variance   | 0.999       |
|    learning_rate        | 0.0001      |
|    loss                 | -0.262      |
|    n_updates            | 510         |
|    policy_gradient_loss | -0.0143     |
|    std                  | 1.04        |
|    value_loss           | 0.000859    |
-----------------------------------------
rollout mean regret: 0.05597176402807236
-----------------------------------------
| rollout/                |             |
|    ep_len_mean          | 18          |
|    ep_rew_mean          | 81.1        |
| time/                   |             |
|    fps                  | 1459        |
|    iterations           | 36          |
|    time_elapsed         | 1616        |
|    total_timesteps      | 2359296     |
| train/                  |             |
|    approx_kl            | 0.011770591 |
|    clip_fraction        | 0.256       |
|    clip_range           | 0.15        |
|    entropy_loss         | -24.8       |
|    explained_variance   | 0.999       |
|    learning_rate        | 0.0001      |
|    loss                 | -0.265      |
|    n_updates            | 525         |
|    policy_gradient_loss | -0.0152     |
|    std                  | 1.05        |
|    value_loss           | 0.0011      |
-----------------------------------------
rollout mean regret: 0.05845586955547333
-----------------------------------------
| rollout/                |             |
|    ep_len_mean          | 18          |
|    ep_rew_mean          | 81          |
| time/                   |             |
|    fps                  | 1459        |
|    iterations           | 37          |
|    time_elapsed         | 1661        |
|    total_timesteps      | 2424832     |
| train/                  |             |
|    approx_kl            | 0.010813331 |
|    clip_fraction        | 0.237       |
|    clip_range           | 0.15        |
|    entropy_loss         | -24.9       |
|    explained_variance   | 0.999       |
|    learning_rate        | 0.0001      |
|    loss                 | -0.263      |
|    n_updates            | 540         |
|    policy_gradient_loss | -0.0145     |
|    std                  | 1.05        |
|    value_loss           | 0.000861    |
-----------------------------------------
rollout mean regret: 0.05551876127719879
-----------------------------------------
| rollout/                |             |
|    ep_len_mean          | 18          |
|    ep_rew_mean          | 80.9        |
| time/                   |             |
|    fps                  | 1459        |
|    iterations           | 38          |
|    time_elapsed         | 1706        |
|    total_timesteps      | 2490368     |
| train/                  |             |
|    approx_kl            | 0.011254888 |
|    clip_fraction        | 0.243       |
|    clip_range           | 0.15        |
|    entropy_loss         | -24.9       |
|    explained_variance   | 0.999       |
|    learning_rate        | 0.0001      |
|    loss                 | -0.257      |
|    n_updates            | 555         |
|    policy_gradient_loss | -0.0149     |
|    std                  | 1.05        |
|    value_loss           | 0.000899    |
-----------------------------------------
Eval num_timesteps=2500000, episode_reward=83.04 +/- 0.14
Episode length: 18.00 +/- 0.00
-----------------------------------------
| eval/                   |             |
|    mean_ep_length       | 18          |
|    mean_reward          | 83          |
| time/                   |             |
|    total_timesteps      | 2500000     |
| train/                  |             |
|    approx_kl            | 0.011519387 |
|    clip_fraction        | 0.251       |
|    clip_range           | 0.15        |
|    entropy_loss         | -24.9       |
|    explained_variance   | 0.999       |
|    learning_rate        | 0.0001      |
|    loss                 | -0.269      |
|    n_updates            | 570         |
|    policy_gradient_loss | -0.015      |
|    std                  | 1.05        |
|    value_loss           | 0.000972    |
-----------------------------------------
rollout mean regret: 0.06133922562003136
---------------------------------
| rollout/           |          |
|    ep_len_mean     | 18       |
|    ep_rew_mean     | 80.8     |
| time/              |          |
|    fps             | 1459     |
|    iterations      | 39       |
|    time_elapsed    | 1751     |
|    total_timesteps | 2555904  |
---------------------------------
rollout mean regret: 0.06721621751785278
-----------------------------------------
| rollout/                |             |
|    ep_len_mean          | 18.1        |
|    ep_rew_mean          | 81.4        |
| time/                   |             |
|    fps                  | 1459        |
|    iterations           | 40          |
|    time_elapsed         | 1795        |
|    total_timesteps      | 2621440     |
| train/                  |             |
|    approx_kl            | 0.012344794 |
|    clip_fraction        | 0.266       |
|    clip_range           | 0.15        |
|    entropy_loss         | -25         |
|    explained_variance   | 0.999       |
|    learning_rate        | 0.0001      |
|    loss                 | -0.266      |
|    n_updates            | 585         |
|    policy_gradient_loss | -0.0153     |
|    std                  | 1.06        |
|    value_loss           | 0.00104     |
-----------------------------------------
rollout mean regret: 0.06783322989940643
------------------------------------------
| rollout/                |              |
|    ep_len_mean          | 18           |
|    ep_rew_mean          | 81           |
| time/                   |              |
|    fps                  | 1460         |
|    iterations           | 41           |
|    time_elapsed         | 1840         |
|    total_timesteps      | 2686976      |
| train/                  |              |
|    approx_kl            | 0.0118017625 |
|    clip_fraction        | 0.253        |
|    clip_range           | 0.15         |
|    entropy_loss         | -25          |
|    explained_variance   | 0.999        |
|    learning_rate        | 0.0001       |
|    loss                 | -0.274       |
|    n_updates            | 600          |
|    policy_gradient_loss | -0.0155      |
|    std                  | 1.06         |
|    value_loss           | 0.000885     |
------------------------------------------
rollout mean regret: 0.07855048775672913
-----------------------------------------
| rollout/                |             |
|    ep_len_mean          | 18.1        |
|    ep_rew_mean          | 81          |
| time/                   |             |
|    fps                  | 1460        |
|    iterations           | 42          |
|    time_elapsed         | 1884        |
|    total_timesteps      | 2752512     |
| train/                  |             |
|    approx_kl            | 0.012079991 |
|    clip_fraction        | 0.259       |
|    clip_range           | 0.15        |
|    entropy_loss         | -25         |
|    explained_variance   | 0.999       |
|    learning_rate        | 0.0001      |
|    loss                 | -0.276      |
|    n_updates            | 615         |
|    policy_gradient_loss | -0.0157     |
|    std                  | 1.06        |
|    value_loss           | 0.00107     |
-----------------------------------------
rollout mean regret: 0.09014571458101273
-----------------------------------------
| rollout/                |             |
|    ep_len_mean          | 18          |
|    ep_rew_mean          | 80.9        |
| time/                   |             |
|    fps                  | 1460        |
|    iterations           | 43          |
|    time_elapsed         | 1929        |
|    total_timesteps      | 2818048     |
| train/                  |             |
|    approx_kl            | 0.012305422 |
|    clip_fraction        | 0.259       |
|    clip_range           | 0.15        |
|    entropy_loss         | -25.1       |
|    explained_variance   | 0.999       |
|    learning_rate        | 0.0001      |
|    loss                 | -0.258      |
|    n_updates            | 630         |
|    policy_gradient_loss | -0.0146     |
|    std                  | 1.06        |
|    value_loss           | 0.00137     |
-----------------------------------------
rollout mean regret: 0.08401128649711609
-----------------------------------------
| rollout/                |             |
|    ep_len_mean          | 18.1        |
|    ep_rew_mean          | 81.1        |
| time/                   |             |
|    fps                  | 1460        |
|    iterations           | 44          |
|    time_elapsed         | 1974        |
|    total_timesteps      | 2883584     |
| train/                  |             |
|    approx_kl            | 0.012378131 |
|    clip_fraction        | 0.261       |
|    clip_range           | 0.15        |
|    entropy_loss         | -25.1       |
|    explained_variance   | 0.999       |
|    learning_rate        | 0.0001      |
|    loss                 | -0.273      |
|    n_updates            | 645         |
|    policy_gradient_loss | -0.0154     |
|    std                  | 1.06        |
|    value_loss           | 0.00131     |
-----------------------------------------
rollout mean regret: 0.08543857932090759
----------------------------------------
| rollout/                |            |
|    ep_len_mean          | 18.2       |
|    ep_rew_mean          | 81.7       |
| time/                   |            |
|    fps                  | 1460       |
|    iterations           | 45         |
|    time_elapsed         | 2018       |
|    total_timesteps      | 2949120    |
| train/                  |            |
|    approx_kl            | 0.01252179 |
|    clip_fraction        | 0.27       |
|    clip_range           | 0.15       |
|    entropy_loss         | -25.1      |
|    explained_variance   | 0.999      |
|    learning_rate        | 0.0001     |
|    loss                 | -0.269     |
|    n_updates            | 660        |
|    policy_gradient_loss | -0.0157    |
|    std                  | 1.06       |
|    value_loss           | 0.00135    |
----------------------------------------
Eval num_timesteps=3000000, episode_reward=85.18 +/- 2.38
Episode length: 18.60 +/- 0.49
-----------------------------------------
| eval/                   |             |
|    mean_ep_length       | 18.6        |
|    mean_reward          | 85.2        |
| time/                   |             |
|    total_timesteps      | 3000000     |
| train/                  |             |
|    approx_kl            | 0.012665985 |
|    clip_fraction        | 0.277       |
|    clip_range           | 0.15        |
|    entropy_loss         | -25.1       |
|    explained_variance   | 0.998       |
|    learning_rate        | 0.0001      |
|    loss                 | -0.269      |
|    n_updates            | 675         |
|    policy_gradient_loss | -0.0167     |
|    std                  | 1.06        |
|    value_loss           | 0.00162     |
-----------------------------------------
New best mean reward!
rollout mean regret: 0.10093265771865845
---------------------------------
| rollout/           |          |
|    ep_len_mean     | 18.2     |
|    ep_rew_mean     | 81.3     |
| time/              |          |
|    fps             | 1460     |
|    iterations      | 46       |
|    time_elapsed    | 2063     |
|    total_timesteps | 3014656  |
---------------------------------
rollout mean regret: 0.11240234971046448
-----------------------------------------
| rollout/                |             |
|    ep_len_mean          | 18.1        |
|    ep_rew_mean          | 81.2        |
| time/                   |             |
|    fps                  | 1461        |
|    iterations           | 47          |
|    time_elapsed         | 2108        |
|    total_timesteps      | 3080192     |
| train/                  |             |
|    approx_kl            | 0.012996413 |
|    clip_fraction        | 0.28        |
|    clip_range           | 0.15        |
|    entropy_loss         | -25.1       |
|    explained_variance   | 0.998       |
|    learning_rate        | 0.0001      |
|    loss                 | -0.259      |
|    n_updates            | 690         |
|    policy_gradient_loss | -0.0167     |
|    std                  | 1.06        |
|    value_loss           | 0.00176     |
-----------------------------------------
rollout mean regret: 0.11542496085166931
-----------------------------------------
| rollout/                |             |
|    ep_len_mean          | 18.2        |
|    ep_rew_mean          | 81.4        |
| time/                   |             |
|    fps                  | 1461        |
|    iterations           | 48          |
|    time_elapsed         | 2153        |
|    total_timesteps      | 3145728     |
| train/                  |             |
|    approx_kl            | 0.012571219 |
|    clip_fraction        | 0.27        |
|    clip_range           | 0.15        |
|    entropy_loss         | -25.1       |
|    explained_variance   | 0.998       |
|    learning_rate        | 0.0001      |
|    loss                 | -0.266      |
|    n_updates            | 705         |
|    policy_gradient_loss | -0.0164     |
|    std                  | 1.07        |
|    value_loss           | 0.00201     |
-----------------------------------------
rollout mean regret: 0.14295557141304016
-----------------------------------------
| rollout/                |             |
|    ep_len_mean          | 18.1        |
|    ep_rew_mean          | 81.3        |
| time/                   |             |
|    fps                  | 1461        |
|    iterations           | 49          |
|    time_elapsed         | 2197        |
|    total_timesteps      | 3211264     |
| train/                  |             |
|    approx_kl            | 0.013054733 |
|    clip_fraction        | 0.28        |
|    clip_range           | 0.15        |
|    entropy_loss         | -25.1       |
|    explained_variance   | 0.998       |
|    learning_rate        | 0.0001      |
|    loss                 | -0.27       |
|    n_updates            | 720         |
|    policy_gradient_loss | -0.0172     |
|    std                  | 1.07        |
|    value_loss           | 0.0022      |
-----------------------------------------
rollout mean regret: 0.13083906471729279
-----------------------------------------
| rollout/                |             |
|    ep_len_mean          | 18.2        |
|    ep_rew_mean          | 81.5        |
| time/                   |             |
|    fps                  | 1461        |
|    iterations           | 50          |
|    time_elapsed         | 2242        |
|    total_timesteps      | 3276800     |
| train/                  |             |
|    approx_kl            | 0.012302194 |
|    clip_fraction        | 0.267       |
|    clip_range           | 0.15        |
|    entropy_loss         | -25.1       |
|    explained_variance   | 0.998       |
|    learning_rate        | 0.0001      |
|    loss                 | -0.262      |
|    n_updates            | 735         |
|    policy_gradient_loss | -0.017      |
|    std                  | 1.07        |
|    value_loss           | 0.00248     |
-----------------------------------------
rollout mean regret: 0.14697982370853424
-----------------------------------------
| rollout/                |             |
|    ep_len_mean          | 18.3        |
|    ep_rew_mean          | 82          |
| time/                   |             |
|    fps                  | 1461        |
|    iterations           | 51          |
|    time_elapsed         | 2287        |
|    total_timesteps      | 3342336     |
| train/                  |             |
|    approx_kl            | 0.012522295 |
|    clip_fraction        | 0.275       |
|    clip_range           | 0.15        |
|    entropy_loss         | -25.1       |
|    explained_variance   | 0.997       |
|    learning_rate        | 0.0001      |
|    loss                 | -0.26       |
|    n_updates            | 750         |
|    policy_gradient_loss | -0.0173     |
|    std                  | 1.07        |
|    value_loss           | 0.0026      |
-----------------------------------------
rollout mean regret: 0.1558457463979721
-----------------------------------------
| rollout/                |             |
|    ep_len_mean          | 18.3        |
|    ep_rew_mean          | 82.3        |
| time/                   |             |
|    fps                  | 1461        |
|    iterations           | 52          |
|    time_elapsed         | 2332        |
|    total_timesteps      | 3407872     |
| train/                  |             |
|    approx_kl            | 0.012509964 |
|    clip_fraction        | 0.271       |
|    clip_range           | 0.15        |
|    entropy_loss         | -25.1       |
|    explained_variance   | 0.997       |
|    learning_rate        | 0.0001      |
|    loss                 | -0.266      |
|    n_updates            | 765         |
|    policy_gradient_loss | -0.017      |
|    std                  | 1.07        |
|    value_loss           | 0.00304     |
-----------------------------------------
rollout mean regret: 0.17892450094223022
-----------------------------------------
| rollout/                |             |
|    ep_len_mean          | 18.4        |
|    ep_rew_mean          | 82.4        |
| time/                   |             |
|    fps                  | 1461        |
|    iterations           | 53          |
|    time_elapsed         | 2377        |
|    total_timesteps      | 3473408     |
| train/                  |             |
|    approx_kl            | 0.012567039 |
|    clip_fraction        | 0.271       |
|    clip_range           | 0.15        |
|    entropy_loss         | -25.1       |
|    explained_variance   | 0.997       |
|    learning_rate        | 0.0001      |
|    loss                 | -0.276      |
|    n_updates            | 780         |
|    policy_gradient_loss | -0.0169     |
|    std                  | 1.07        |
|    value_loss           | 0.00299     |
-----------------------------------------
Eval num_timesteps=3500000, episode_reward=85.08 +/- 2.32
Episode length: 18.60 +/- 0.49
-----------------------------------------
| eval/                   |             |
|    mean_ep_length       | 18.6        |
|    mean_reward          | 85.1        |
| time/                   |             |
|    total_timesteps      | 3500000     |
| train/                  |             |
|    approx_kl            | 0.011949416 |
|    clip_fraction        | 0.259       |
|    clip_range           | 0.15        |
|    entropy_loss         | -25.1       |
|    explained_variance   | 0.997       |
|    learning_rate        | 0.0001      |
|    loss                 | -0.276      |
|    n_updates            | 795         |
|    policy_gradient_loss | -0.0168     |
|    std                  | 1.07        |
|    value_loss           | 0.00304     |
-----------------------------------------
rollout mean regret: 0.15714511275291443
---------------------------------
| rollout/           |          |
|    ep_len_mean     | 18.4     |
|    ep_rew_mean     | 82.6     |
| time/              |          |
|    fps             | 1461     |
|    iterations      | 54       |
|    time_elapsed    | 2422     |
|    total_timesteps | 3538944  |
---------------------------------
rollout mean regret: 0.1487911492586136
-----------------------------------------
| rollout/                |             |
|    ep_len_mean          | 18.5        |
|    ep_rew_mean          | 82.6        |
| time/                   |             |
|    fps                  | 1461        |
|    iterations           | 55          |
|    time_elapsed         | 2466        |
|    total_timesteps      | 3604480     |
| train/                  |             |
|    approx_kl            | 0.011949415 |
|    clip_fraction        | 0.261       |
|    clip_range           | 0.15        |
|    entropy_loss         | -25.1       |
|    explained_variance   | 0.997       |
|    learning_rate        | 0.0001      |
|    loss                 | -0.273      |
|    n_updates            | 810         |
|    policy_gradient_loss | -0.0166     |
|    std                  | 1.07        |
|    value_loss           | 0.00303     |
-----------------------------------------
rollout mean regret: 0.14006608724594116
-----------------------------------------
| rollout/                |             |
|    ep_len_mean          | 18.4        |
|    ep_rew_mean          | 82.6        |
| time/                   |             |
|    fps                  | 1461        |
|    iterations           | 56          |
|    time_elapsed         | 2511        |
|    total_timesteps      | 3670016     |
| train/                  |             |
|    approx_kl            | 0.012582707 |
|    clip_fraction        | 0.269       |
|    clip_range           | 0.15        |
|    entropy_loss         | -25.1       |
|    explained_variance   | 0.997       |
|    learning_rate        | 0.0001      |
|    loss                 | -0.267      |
|    n_updates            | 825         |
|    policy_gradient_loss | -0.0171     |
|    std                  | 1.07        |
|    value_loss           | 0.00304     |
-----------------------------------------
rollout mean regret: 0.1408931314945221
-----------------------------------------
| rollout/                |             |
|    ep_len_mean          | 18.6        |
|    ep_rew_mean          | 83.1        |
| time/                   |             |
|    fps                  | 1461        |
|    iterations           | 57          |
|    time_elapsed         | 2556        |
|    total_timesteps      | 3735552     |
| train/                  |             |
|    approx_kl            | 0.012352591 |
|    clip_fraction        | 0.268       |
|    clip_range           | 0.15        |
|    entropy_loss         | -25.1       |
|    explained_variance   | 0.997       |
|    learning_rate        | 0.0001      |
|    loss                 | -0.275      |
|    n_updates            | 840         |
|    policy_gradient_loss | -0.0166     |
|    std                  | 1.07        |
|    value_loss           | 0.00284     |
-----------------------------------------
rollout mean regret: 0.13459622859954834
-----------------------------------------
| rollout/                |             |
|    ep_len_mean          | 18.5        |
|    ep_rew_mean          | 82.9        |
| time/                   |             |
|    fps                  | 1461        |
|    iterations           | 58          |
|    time_elapsed         | 2601        |
|    total_timesteps      | 3801088     |
| train/                  |             |
|    approx_kl            | 0.012079364 |
|    clip_fraction        | 0.267       |
|    clip_range           | 0.15        |
|    entropy_loss         | -25.1       |
|    explained_variance   | 0.997       |
|    learning_rate        | 0.0001      |
|    loss                 | -0.275      |
|    n_updates            | 855         |
|    policy_gradient_loss | -0.0169     |
|    std                  | 1.07        |
|    value_loss           | 0.00294     |
-----------------------------------------
rollout mean regret: 0.14654505252838135
----------------------------------------
| rollout/                |            |
|    ep_len_mean          | 18.6       |
|    ep_rew_mean          | 83.6       |
| time/                   |            |
|    fps                  | 1461       |
|    iterations           | 59         |
|    time_elapsed         | 2646       |
|    total_timesteps      | 3866624    |
| train/                  |            |
|    approx_kl            | 0.01219018 |
|    clip_fraction        | 0.27       |
|    clip_range           | 0.15       |
|    entropy_loss         | -25.1      |
|    explained_variance   | 0.997      |
|    learning_rate        | 0.0001     |
|    loss                 | -0.274     |
|    n_updates            | 870        |
|    policy_gradient_loss | -0.0164    |
|    std                  | 1.07       |
|    value_loss           | 0.00274    |
----------------------------------------
rollout mean regret: 0.14308297634124756
-----------------------------------------
| rollout/                |             |
|    ep_len_mean          | 18.6        |
|    ep_rew_mean          | 83.3        |
| time/                   |             |
|    fps                  | 1461        |
|    iterations           | 60          |
|    time_elapsed         | 2691        |
|    total_timesteps      | 3932160     |
| train/                  |             |
|    approx_kl            | 0.012471607 |
|    clip_fraction        | 0.269       |
|    clip_range           | 0.15        |
|    entropy_loss         | -25.1       |
|    explained_variance   | 0.997       |
|    learning_rate        | 0.0001      |
|    loss                 | -0.271      |
|    n_updates            | 885         |
|    policy_gradient_loss | -0.0165     |
|    std                  | 1.07        |
|    value_loss           | 0.00294     |
-----------------------------------------
rollout mean regret: 0.1540723443031311
----------------------------------------
| rollout/                |            |
|    ep_len_mean          | 18.7       |
|    ep_rew_mean          | 83.5       |
| time/                   |            |
|    fps                  | 1461       |
|    iterations           | 61         |
|    time_elapsed         | 2736       |
|    total_timesteps      | 3997696    |
| train/                  |            |
|    approx_kl            | 0.01244764 |
|    clip_fraction        | 0.272      |
|    clip_range           | 0.15       |
|    entropy_loss         | -25.1      |
|    explained_variance   | 0.997      |
|    learning_rate        | 0.0001     |
|    loss                 | -0.26      |
|    n_updates            | 900        |
|    policy_gradient_loss | -0.0165    |
|    std                  | 1.07       |
|    value_loss           | 0.0027     |
----------------------------------------
Eval num_timesteps=4000000, episode_reward=85.56 +/- 1.83
Episode length: 18.80 +/- 0.40
-----------------------------------------
| eval/                   |             |
|    mean_ep_length       | 18.8        |
|    mean_reward          | 85.6        |
| time/                   |             |
|    total_timesteps      | 4000000     |
| train/                  |             |
|    approx_kl            | 0.012130642 |
|    clip_fraction        | 0.262       |
|    clip_range           | 0.15        |
|    entropy_loss         | -25.1       |
|    explained_variance   | 0.997       |
|    learning_rate        | 0.0001      |
|    loss                 | -0.262      |
|    n_updates            | 915         |
|    policy_gradient_loss | -0.0157     |
|    std                  | 1.07        |
|    value_loss           | 0.00277     |
-----------------------------------------
New best mean reward!
rollout mean regret: 0.1712302416563034
---------------------------------
| rollout/           |          |
|    ep_len_mean     | 18.6     |
|    ep_rew_mean     | 83.6     |
| time/              |          |
|    fps             | 1461     |
|    iterations      | 62       |
|    time_elapsed    | 2781     |
|    total_timesteps | 4063232  |
---------------------------------
rollout mean regret: 0.14782464504241943
-----------------------------------------
| rollout/                |             |
|    ep_len_mean          | 18.7        |
|    ep_rew_mean          | 83.8        |
| time/                   |             |
|    fps                  | 1461        |
|    iterations           | 63          |
|    time_elapsed         | 2825        |
|    total_timesteps      | 4128768     |
| train/                  |             |
|    approx_kl            | 0.012161155 |
|    clip_fraction        | 0.257       |
|    clip_range           | 0.15        |
|    entropy_loss         | -25.1       |
|    explained_variance   | 0.997       |
|    learning_rate        | 0.0001      |
|    loss                 | -0.26       |
|    n_updates            | 930         |
|    policy_gradient_loss | -0.0155     |
|    std                  | 1.07        |
|    value_loss           | 0.00287     |
-----------------------------------------
rollout mean regret: 0.14334511756896973
-----------------------------------------
| rollout/                |             |
|    ep_len_mean          | 18.7        |
|    ep_rew_mean          | 83.6        |
| time/                   |             |
|    fps                  | 1461        |
|    iterations           | 64          |
|    time_elapsed         | 2870        |
|    total_timesteps      | 4194304     |
| train/                  |             |
|    approx_kl            | 0.012185011 |
|    clip_fraction        | 0.259       |
|    clip_range           | 0.15        |
|    entropy_loss         | -25.1       |
|    explained_variance   | 0.998       |
|    learning_rate        | 0.0001      |
|    loss                 | -0.269      |
|    n_updates            | 945         |
|    policy_gradient_loss | -0.0154     |
|    std                  | 1.07        |
|    value_loss           | 0.00262     |
-----------------------------------------
rollout mean regret: 0.14903420209884644
-----------------------------------------
| rollout/                |             |
|    ep_len_mean          | 18.7        |
|    ep_rew_mean          | 83.9        |
| time/                   |             |
|    fps                  | 1461        |
|    iterations           | 65          |
|    time_elapsed         | 2915        |
|    total_timesteps      | 4259840     |
| train/                  |             |
|    approx_kl            | 0.012528333 |
|    clip_fraction        | 0.269       |
|    clip_range           | 0.15        |
|    entropy_loss         | -25.1       |
|    explained_variance   | 0.998       |
|    learning_rate        | 0.0001      |
|    loss                 | -0.263      |
|    n_updates            | 960         |
|    policy_gradient_loss | -0.0157     |
|    std                  | 1.07        |
|    value_loss           | 0.00263     |
-----------------------------------------
rollout mean regret: 0.1402738392353058
----------------------------------------
| rollout/                |            |
|    ep_len_mean          | 18.8       |
|    ep_rew_mean          | 84.2       |
| time/                   |            |
|    fps                  | 1461       |
|    iterations           | 66         |
|    time_elapsed         | 2960       |
|    total_timesteps      | 4325376    |
| train/                  |            |
|    approx_kl            | 0.01264148 |
|    clip_fraction        | 0.269      |
|    clip_range           | 0.15       |
|    entropy_loss         | -25.1      |
|    explained_variance   | 0.997      |
|    learning_rate        | 0.0001     |
|    loss                 | -0.279     |
|    n_updates            | 975        |
|    policy_gradient_loss | -0.0156    |
|    std                  | 1.07       |
|    value_loss           | 0.00271    |
----------------------------------------
rollout mean regret: 0.13295859098434448
-----------------------------------------
| rollout/                |             |
|    ep_len_mean          | 18.8        |
|    ep_rew_mean          | 84.6        |
| time/                   |             |
|    fps                  | 1461        |
|    iterations           | 67          |
|    time_elapsed         | 3005        |
|    total_timesteps      | 4390912     |
| train/                  |             |
|    approx_kl            | 0.012195447 |
|    clip_fraction        | 0.259       |
|    clip_range           | 0.15        |
|    entropy_loss         | -25.2       |
|    explained_variance   | 0.998       |
|    learning_rate        | 0.0001      |
|    loss                 | -0.273      |
|    n_updates            | 990         |
|    policy_gradient_loss | -0.015      |
|    std                  | 1.07        |
|    value_loss           | 0.00246     |
-----------------------------------------
rollout mean regret: 0.12798599898815155
----------------------------------------
| rollout/                |            |
|    ep_len_mean          | 18.9       |
|    ep_rew_mean          | 84.7       |
| time/                   |            |
|    fps                  | 1461       |
|    iterations           | 68         |
|    time_elapsed         | 3049       |
|    total_timesteps      | 4456448    |
| train/                  |            |
|    approx_kl            | 0.01218831 |
|    clip_fraction        | 0.263      |
|    clip_range           | 0.15       |
|    entropy_loss         | -25.2      |
|    explained_variance   | 0.998      |
|    learning_rate        | 0.0001     |
|    loss                 | -0.26      |
|    n_updates            | 1005       |
|    policy_gradient_loss | -0.0145    |
|    std                  | 1.07       |
|    value_loss           | 0.00233    |
----------------------------------------
Eval num_timesteps=4500000, episode_reward=86.56 +/- 0.17
Episode length: 19.00 +/- 0.00
-----------------------------------------
| eval/                   |             |
|    mean_ep_length       | 19          |
|    mean_reward          | 86.6        |
| time/                   |             |
|    total_timesteps      | 4500000     |
| train/                  |             |
|    approx_kl            | 0.012432944 |
|    clip_fraction        | 0.261       |
|    clip_range           | 0.15        |
|    entropy_loss         | -25.2       |
|    explained_variance   | 0.998       |
|    learning_rate        | 0.0001      |
|    loss                 | -0.275      |
|    n_updates            | 1020        |
|    policy_gradient_loss | -0.0147     |
|    std                  | 1.07        |
|    value_loss           | 0.00249     |
-----------------------------------------
New best mean reward!
rollout mean regret: 0.13126087188720703
---------------------------------
| rollout/           |          |
|    ep_len_mean     | 18.8     |
|    ep_rew_mean     | 84.3     |
| time/              |          |
|    fps             | 1461     |
|    iterations      | 69       |
|    time_elapsed    | 3094     |
|    total_timesteps | 4521984  |
---------------------------------
rollout mean regret: 0.12951412796974182
-----------------------------------------
| rollout/                |             |
|    ep_len_mean          | 18.8        |
|    ep_rew_mean          | 83.8        |
| time/                   |             |
|    fps                  | 1461        |
|    iterations           | 70          |
|    time_elapsed         | 3139        |
|    total_timesteps      | 4587520     |
| train/                  |             |
|    approx_kl            | 0.012216896 |
|    clip_fraction        | 0.265       |
|    clip_range           | 0.15        |
|    entropy_loss         | -25.2       |
|    explained_variance   | 0.998       |
|    learning_rate        | 0.0001      |
|    loss                 | -0.267      |
|    n_updates            | 1035        |
|    policy_gradient_loss | -0.0144     |
|    std                  | 1.07        |
|    value_loss           | 0.00253     |
-----------------------------------------
rollout mean regret: 0.12764868140220642
-----------------------------------------
| rollout/                |             |
|    ep_len_mean          | 18.9        |
|    ep_rew_mean          | 84.7        |
| time/                   |             |
|    fps                  | 1461        |
|    iterations           | 71          |
|    time_elapsed         | 3184        |
|    total_timesteps      | 4653056     |
| train/                  |             |
|    approx_kl            | 0.012328686 |
|    clip_fraction        | 0.261       |
|    clip_range           | 0.15        |
|    entropy_loss         | -25.2       |
|    explained_variance   | 0.998       |
|    learning_rate        | 0.0001      |
|    loss                 | -0.264      |
|    n_updates            | 1050        |
|    policy_gradient_loss | -0.0141     |
|    std                  | 1.08        |
|    value_loss           | 0.00241     |
-----------------------------------------
rollout mean regret: 0.1081610843539238
----------------------------------------
| rollout/                |            |
|    ep_len_mean          | 18.8       |
|    ep_rew_mean          | 84.2       |
| time/                   |            |
|    fps                  | 1461       |
|    iterations           | 72         |
|    time_elapsed         | 3228       |
|    total_timesteps      | 4718592    |
| train/                  |            |
|    approx_kl            | 0.01257466 |
|    clip_fraction        | 0.259      |
|    clip_range           | 0.15       |
|    entropy_loss         | -25.3      |
|    explained_variance   | 0.998      |
|    learning_rate        | 0.0001     |
|    loss                 | -0.27      |
|    n_updates            | 1065       |
|    policy_gradient_loss | -0.0142    |
|    std                  | 1.08       |
|    value_loss           | 0.00231    |
----------------------------------------
rollout mean regret: 0.11886610090732574
-----------------------------------------
| rollout/                |             |
|    ep_len_mean          | 18.8        |
|    ep_rew_mean          | 84.2        |
| time/                   |             |
|    fps                  | 1461        |
|    iterations           | 73          |
|    time_elapsed         | 3273        |
|    total_timesteps      | 4784128     |
| train/                  |             |
|    approx_kl            | 0.012450673 |
|    clip_fraction        | 0.261       |
|    clip_range           | 0.15        |
|    entropy_loss         | -25.3       |
|    explained_variance   | 0.998       |
|    learning_rate        | 0.0001      |
|    loss                 | -0.277      |
|    n_updates            | 1080        |
|    policy_gradient_loss | -0.0146     |
|    std                  | 1.08        |
|    value_loss           | 0.00202     |
-----------------------------------------
rollout mean regret: 0.11829175800085068
------------------------------------------
| rollout/                |              |
|    ep_len_mean          | 18.8         |
|    ep_rew_mean          | 84.6         |
| time/                   |              |
|    fps                  | 1461         |
|    iterations           | 74           |
|    time_elapsed         | 3318         |
|    total_timesteps      | 4849664      |
| train/                  |              |
|    approx_kl            | 0.0121650165 |
|    clip_fraction        | 0.26         |
|    clip_range           | 0.15         |
|    entropy_loss         | -25.3        |
|    explained_variance   | 0.998        |
|    learning_rate        | 0.0001       |
|    loss                 | -0.269       |
|    n_updates            | 1095         |
|    policy_gradient_loss | -0.0142      |
|    std                  | 1.08         |
|    value_loss           | 0.00209      |
------------------------------------------
rollout mean regret: 0.10041439533233643
----------------------------------------
| rollout/                |            |
|    ep_len_mean          | 18.9       |
|    ep_rew_mean          | 85         |
| time/                   |            |
|    fps                  | 1461       |
|    iterations           | 75         |
|    time_elapsed         | 3362       |
|    total_timesteps      | 4915200    |
| train/                  |            |
|    approx_kl            | 0.01252302 |
|    clip_fraction        | 0.265      |
|    clip_range           | 0.15       |
|    entropy_loss         | -25.3      |
|    explained_variance   | 0.998      |
|    learning_rate        | 0.0001     |
|    loss                 | -0.274     |
|    n_updates            | 1110       |
|    policy_gradient_loss | -0.0148    |
|    std                  | 1.08       |
|    value_loss           | 0.00188    |
----------------------------------------
rollout mean regret: 0.11018113791942596
-----------------------------------------
| rollout/                |             |
|    ep_len_mean          | 18.9        |
|    ep_rew_mean          | 85          |
| time/                   |             |
|    fps                  | 1461        |
|    iterations           | 76          |
|    time_elapsed         | 3407        |
|    total_timesteps      | 4980736     |
| train/                  |             |
|    approx_kl            | 0.012757052 |
|    clip_fraction        | 0.261       |
|    clip_range           | 0.15        |
|    entropy_loss         | -25.3       |
|    explained_variance   | 0.998       |
|    learning_rate        | 0.0001      |
|    loss                 | -0.274      |
|    n_updates            | 1125        |
|    policy_gradient_loss | -0.014      |
|    std                  | 1.08        |
|    value_loss           | 0.00193     |
-----------------------------------------
Eval num_timesteps=5000000, episode_reward=83.58 +/- 2.38
Episode length: 18.40 +/- 0.49
-----------------------------------------
| eval/                   |             |
|    mean_ep_length       | 18.4        |
|    mean_reward          | 83.6        |
| time/                   |             |
|    total_timesteps      | 5000000     |
| train/                  |             |
|    approx_kl            | 0.012769176 |
|    clip_fraction        | 0.267       |
|    clip_range           | 0.15        |
|    entropy_loss         | -25.4       |
|    explained_variance   | 0.998       |
|    learning_rate        | 0.0001      |
|    loss                 | -0.262      |
|    n_updates            | 1140        |
|    policy_gradient_loss | -0.0136     |
|    std                  | 1.08        |
|    value_loss           | 0.00202     |
-----------------------------------------
rollout mean regret: 0.10356586426496506
---------------------------------
| rollout/           |          |
|    ep_len_mean     | 18.9     |
|    ep_rew_mean     | 84.6     |
| time/              |          |
|    fps             | 1461     |
|    iterations      | 77       |
|    time_elapsed    | 3451     |
|    total_timesteps | 5046272  |
---------------------------------
rollout mean regret: 0.1093216985464096
----------------------------------------
| rollout/                |            |
|    ep_len_mean          | 18.9       |
|    ep_rew_mean          | 84.8       |
| time/                   |            |
|    fps                  | 1462       |
|    iterations           | 78         |
|    time_elapsed         | 3496       |
|    total_timesteps      | 5111808    |
| train/                  |            |
|    approx_kl            | 0.01250232 |
|    clip_fraction        | 0.263      |
|    clip_range           | 0.15       |
|    entropy_loss         | -25.4      |
|    explained_variance   | 0.998      |
|    learning_rate        | 0.0001     |
|    loss                 | -0.272     |
|    n_updates            | 1155       |
|    policy_gradient_loss | -0.0138    |
|    std                  | 1.09       |
|    value_loss           | 0.00191    |
----------------------------------------
rollout mean regret: 0.10524298250675201
-----------------------------------------
| rollout/                |             |
|    ep_len_mean          | 18.9        |
|    ep_rew_mean          | 85          |
| time/                   |             |
|    fps                  | 1462        |
|    iterations           | 79          |
|    time_elapsed         | 3541        |
|    total_timesteps      | 5177344     |
| train/                  |             |
|    approx_kl            | 0.012968687 |
|    clip_fraction        | 0.274       |
|    clip_range           | 0.15        |
|    entropy_loss         | -25.4       |
|    explained_variance   | 0.998       |
|    learning_rate        | 0.0001      |
|    loss                 | -0.266      |
|    n_updates            | 1170        |
|    policy_gradient_loss | -0.0142     |
|    std                  | 1.09        |
|    value_loss           | 0.00184     |
-----------------------------------------
rollout mean regret: 0.09506412595510483
-----------------------------------------
| rollout/                |             |
|    ep_len_mean          | 18.9        |
|    ep_rew_mean          | 84.8        |
| time/                   |             |
|    fps                  | 1462        |
|    iterations           | 80          |
|    time_elapsed         | 3586        |
|    total_timesteps      | 5242880     |
| train/                  |             |
|    approx_kl            | 0.013341023 |
|    clip_fraction        | 0.271       |
|    clip_range           | 0.15        |
|    entropy_loss         | -25.4       |
|    explained_variance   | 0.998       |
|    learning_rate        | 0.0001      |
|    loss                 | -0.281      |
|    n_updates            | 1185        |
|    policy_gradient_loss | -0.0137     |
|    std                  | 1.09        |
|    value_loss           | 0.00182     |
-----------------------------------------
rollout mean regret: 0.09307075291872025
-----------------------------------------
| rollout/                |             |
|    ep_len_mean          | 18.9        |
|    ep_rew_mean          | 84.8        |
| time/                   |             |
|    fps                  | 1462        |
|    iterations           | 81          |
|    time_elapsed         | 3630        |
|    total_timesteps      | 5308416     |
| train/                  |             |
|    approx_kl            | 0.013396844 |
|    clip_fraction        | 0.273       |
|    clip_range           | 0.15        |
|    entropy_loss         | -25.4       |
|    explained_variance   | 0.998       |
|    learning_rate        | 0.0001      |
|    loss                 | -0.271      |
|    n_updates            | 1200        |
|    policy_gradient_loss | -0.0134     |
|    std                  | 1.09        |
|    value_loss           | 0.00173     |
-----------------------------------------
rollout mean regret: 0.10043170303106308
-----------------------------------------
| rollout/                |             |
|    ep_len_mean          | 18.9        |
|    ep_rew_mean          | 84.9        |
| time/                   |             |
|    fps                  | 1462        |
|    iterations           | 82          |
|    time_elapsed         | 3675        |
|    total_timesteps      | 5373952     |
| train/                  |             |
|    approx_kl            | 0.012592157 |
|    clip_fraction        | 0.263       |
|    clip_range           | 0.15        |
|    entropy_loss         | -25.5       |
|    explained_variance   | 0.998       |
|    learning_rate        | 0.0001      |
|    loss                 | -0.266      |
|    n_updates            | 1215        |
|    policy_gradient_loss | -0.0128     |
|    std                  | 1.09        |
|    value_loss           | 0.00168     |
-----------------------------------------
rollout mean regret: 0.10048805177211761
-----------------------------------------
| rollout/                |             |
|    ep_len_mean          | 18.9        |
|    ep_rew_mean          | 84.9        |
| time/                   |             |
|    fps                  | 1462        |
|    iterations           | 83          |
|    time_elapsed         | 3719        |
|    total_timesteps      | 5439488     |
| train/                  |             |
|    approx_kl            | 0.013371458 |
|    clip_fraction        | 0.273       |
|    clip_range           | 0.15        |
|    entropy_loss         | -25.5       |
|    explained_variance   | 0.998       |
|    learning_rate        | 0.0001      |
|    loss                 | -0.28       |
|    n_updates            | 1230        |
|    policy_gradient_loss | -0.0134     |
|    std                  | 1.09        |
|    value_loss           | 0.00191     |
-----------------------------------------
Eval num_timesteps=5500000, episode_reward=85.49 +/- 1.91
Episode length: 18.80 +/- 0.40
----------------------------------------
| eval/                   |            |
|    mean_ep_length       | 18.8       |
|    mean_reward          | 85.5       |
| time/                   |            |
|    total_timesteps      | 5500000    |
| train/                  |            |
|    approx_kl            | 0.01358327 |
|    clip_fraction        | 0.278      |
|    clip_range           | 0.15       |
|    entropy_loss         | -25.5      |
|    explained_variance   | 0.998      |
|    learning_rate        | 0.0001     |
|    loss                 | -0.268     |
|    n_updates            | 1245       |
|    policy_gradient_loss | -0.0137    |
|    std                  | 1.1        |
|    value_loss           | 0.00167    |
----------------------------------------
rollout mean regret: 0.08800013363361359
---------------------------------
| rollout/           |          |
|    ep_len_mean     | 19       |
|    ep_rew_mean     | 85.3     |
| time/              |          |
|    fps             | 1462     |
|    iterations      | 84       |
|    time_elapsed    | 3764     |
|    total_timesteps | 5505024  |
---------------------------------
rollout mean regret: 0.09300932288169861
-----------------------------------------
| rollout/                |             |
|    ep_len_mean          | 18.9        |
|    ep_rew_mean          | 84.8        |
| time/                   |             |
|    fps                  | 1462        |
|    iterations           | 85          |
|    time_elapsed         | 3809        |
|    total_timesteps      | 5570560     |
| train/                  |             |
|    approx_kl            | 0.013625474 |
|    clip_fraction        | 0.284       |
|    clip_range           | 0.15        |
|    entropy_loss         | -25.6       |
|    explained_variance   | 0.998       |
|    learning_rate        | 0.0001      |
|    loss                 | -0.269      |
|    n_updates            | 1260        |
|    policy_gradient_loss | -0.0131     |
|    std                  | 1.1         |
|    value_loss           | 0.00166     |
-----------------------------------------
rollout mean regret: 0.08757735043764114
-----------------------------------------
| rollout/                |             |
|    ep_len_mean          | 18.9        |
|    ep_rew_mean          | 84.8        |
| time/                   |             |
|    fps                  | 1462        |
|    iterations           | 86          |
|    time_elapsed         | 3854        |
|    total_timesteps      | 5636096     |
| train/                  |             |
|    approx_kl            | 0.013576699 |
|    clip_fraction        | 0.281       |
|    clip_range           | 0.15        |
|    entropy_loss         | -25.6       |
|    explained_variance   | 0.998       |
|    learning_rate        | 0.0001      |
|    loss                 | -0.271      |
|    n_updates            | 1275        |
|    policy_gradient_loss | -0.0134     |
|    std                  | 1.1         |
|    value_loss           | 0.00174     |
-----------------------------------------
rollout mean regret: 0.09096924960613251
-----------------------------------------
| rollout/                |             |
|    ep_len_mean          | 19          |
|    ep_rew_mean          | 85.2        |
| time/                   |             |
|    fps                  | 1461        |
|    iterations           | 87          |
|    time_elapsed         | 3900        |
|    total_timesteps      | 5701632     |
| train/                  |             |
|    approx_kl            | 0.014144521 |
|    clip_fraction        | 0.287       |
|    clip_range           | 0.15        |
|    entropy_loss         | -25.6       |
|    explained_variance   | 0.998       |
|    learning_rate        | 0.0001      |
|    loss                 | -0.268      |
|    n_updates            | 1290        |
|    policy_gradient_loss | -0.0131     |
|    std                  | 1.11        |
|    value_loss           | 0.00193     |
-----------------------------------------
rollout mean regret: 0.08950022608041763
-----------------------------------------
| rollout/                |             |
|    ep_len_mean          | 19          |
|    ep_rew_mean          | 85.2        |
| time/                   |             |
|    fps                  | 1461        |
|    iterations           | 88          |
|    time_elapsed         | 3945        |
|    total_timesteps      | 5767168     |
| train/                  |             |
|    approx_kl            | 0.013264744 |
|    clip_fraction        | 0.28        |
|    clip_range           | 0.15        |
|    entropy_loss         | -25.7       |
|    explained_variance   | 0.999       |
|    learning_rate        | 0.0001      |
|    loss                 | -0.28       |
|    n_updates            | 1305        |
|    policy_gradient_loss | -0.0133     |
|    std                  | 1.11        |
|    value_loss           | 0.00149     |
-----------------------------------------
rollout mean regret: 0.08089806139469147
-----------------------------------------
| rollout/                |             |
|    ep_len_mean          | 19          |
|    ep_rew_mean          | 85.2        |
| time/                   |             |
|    fps                  | 1461        |
|    iterations           | 89          |
|    time_elapsed         | 3990        |
|    total_timesteps      | 5832704     |
| train/                  |             |
|    approx_kl            | 0.013616167 |
|    clip_fraction        | 0.281       |
|    clip_range           | 0.15        |
|    entropy_loss         | -25.7       |
|    explained_variance   | 0.999       |
|    learning_rate        | 0.0001      |
|    loss                 | -0.272      |
|    n_updates            | 1320        |
|    policy_gradient_loss | -0.0132     |
|    std                  | 1.11        |
|    value_loss           | 0.00152     |
-----------------------------------------
rollout mean regret: 0.07272854447364807
-----------------------------------------
| rollout/                |             |
|    ep_len_mean          | 19          |
|    ep_rew_mean          | 84.9        |
| time/                   |             |
|    fps                  | 1461        |
|    iterations           | 90          |
|    time_elapsed         | 4034        |
|    total_timesteps      | 5898240     |
| train/                  |             |
|    approx_kl            | 0.014199993 |
|    clip_fraction        | 0.285       |
|    clip_range           | 0.15        |
|    entropy_loss         | -25.8       |
|    explained_variance   | 0.998       |
|    learning_rate        | 0.0001      |
|    loss                 | -0.274      |
|    n_updates            | 1335        |
|    policy_gradient_loss | -0.0135     |
|    std                  | 1.11        |
|    value_loss           | 0.00166     |
-----------------------------------------
rollout mean regret: 0.07729560136795044
-----------------------------------------
| rollout/                |             |
|    ep_len_mean          | 18.9        |
|    ep_rew_mean          | 85          |
| time/                   |             |
|    fps                  | 1461        |
|    iterations           | 91          |
|    time_elapsed         | 4079        |
|    total_timesteps      | 5963776     |
| train/                  |             |
|    approx_kl            | 0.014094805 |
|    clip_fraction        | 0.286       |
|    clip_range           | 0.15        |
|    entropy_loss         | -25.8       |
|    explained_variance   | 0.999       |
|    learning_rate        | 0.0001      |
|    loss                 | -0.272      |
|    n_updates            | 1350        |
|    policy_gradient_loss | -0.0136     |
|    std                  | 1.12        |
|    value_loss           | 0.00127     |
-----------------------------------------
Eval num_timesteps=6000000, episode_reward=86.35 +/- 0.11
Episode length: 19.00 +/- 0.00
-----------------------------------------
| eval/                   |             |
|    mean_ep_length       | 19          |
|    mean_reward          | 86.4        |
| time/                   |             |
|    total_timesteps      | 6000000     |
| train/                  |             |
|    approx_kl            | 0.013776397 |
|    clip_fraction        | 0.285       |
|    clip_range           | 0.15        |
|    entropy_loss         | -25.8       |
|    explained_variance   | 0.999       |
|    learning_rate        | 0.0001      |
|    loss                 | -0.274      |
|    n_updates            | 1365        |
|    policy_gradient_loss | -0.0135     |
|    std                  | 1.12        |
|    value_loss           | 0.00125     |
-----------------------------------------
rollout mean regret: 0.07830129563808441
---------------------------------
| rollout/           |          |
|    ep_len_mean     | 18.9     |
|    ep_rew_mean     | 85.1     |
| time/              |          |
|    fps             | 1462     |
|    iterations      | 92       |
|    time_elapsed    | 4123     |
|    total_timesteps | 6029312  |
---------------------------------
rollout mean regret: 0.08428776264190674
-----------------------------------------
| rollout/                |             |
|    ep_len_mean          | 18.9        |
|    ep_rew_mean          | 85.3        |
| time/                   |             |
|    fps                  | 1462        |
|    iterations           | 93          |
|    time_elapsed         | 4168        |
|    total_timesteps      | 6094848     |
| train/                  |             |
|    approx_kl            | 0.013901509 |
|    clip_fraction        | 0.282       |
|    clip_range           | 0.15        |
|    entropy_loss         | -25.9       |
|    explained_variance   | 0.999       |
|    learning_rate        | 0.0001      |
|    loss                 | -0.267      |
|    n_updates            | 1380        |
|    policy_gradient_loss | -0.0133     |
|    std                  | 1.12        |
|    value_loss           | 0.00128     |
-----------------------------------------
rollout mean regret: 0.08083898574113846
-----------------------------------------
| rollout/                |             |
|    ep_len_mean          | 18.9        |
|    ep_rew_mean          | 84.9        |
| time/                   |             |
|    fps                  | 1462        |
|    iterations           | 94          |
|    time_elapsed         | 4213        |
|    total_timesteps      | 6160384     |
| train/                  |             |
|    approx_kl            | 0.013843805 |
|    clip_fraction        | 0.278       |
|    clip_range           | 0.15        |
|    entropy_loss         | -25.9       |
|    explained_variance   | 0.999       |
|    learning_rate        | 0.0001      |
|    loss                 | -0.287      |
|    n_updates            | 1395        |
|    policy_gradient_loss | -0.0134     |
|    std                  | 1.13        |
|    value_loss           | 0.00128     |
-----------------------------------------
rollout mean regret: 0.08452319353818893
-----------------------------------------
| rollout/                |             |
|    ep_len_mean          | 18.9        |
|    ep_rew_mean          | 85.2        |
| time/                   |             |
|    fps                  | 1462        |
|    iterations           | 95          |
|    time_elapsed         | 4258        |
|    total_timesteps      | 6225920     |
| train/                  |             |
|    approx_kl            | 0.014037348 |
|    clip_fraction        | 0.286       |
|    clip_range           | 0.15        |
|    entropy_loss         | -26         |
|    explained_variance   | 0.999       |
|    learning_rate        | 0.0001      |
|    loss                 | -0.278      |
|    n_updates            | 1410        |
|    policy_gradient_loss | -0.0138     |
|    std                  | 1.13        |
|    value_loss           | 0.00114     |
-----------------------------------------
rollout mean regret: 0.08457498252391815
-----------------------------------------
| rollout/                |             |
|    ep_len_mean          | 19          |
|    ep_rew_mean          | 85.1        |
| time/                   |             |
|    fps                  | 1462        |
|    iterations           | 96          |
|    time_elapsed         | 4302        |
|    total_timesteps      | 6291456     |
| train/                  |             |
|    approx_kl            | 0.014049178 |
|    clip_fraction        | 0.281       |
|    clip_range           | 0.15        |
|    entropy_loss         | -26         |
|    explained_variance   | 0.999       |
|    learning_rate        | 0.0001      |
|    loss                 | -0.279      |
|    n_updates            | 1425        |
|    policy_gradient_loss | -0.0133     |
|    std                  | 1.13        |
|    value_loss           | 0.00108     |
-----------------------------------------
rollout mean regret: 0.07510527968406677
-----------------------------------------
| rollout/                |             |
|    ep_len_mean          | 19          |
|    ep_rew_mean          | 85.2        |
| time/                   |             |
|    fps                  | 1462        |
|    iterations           | 97          |
|    time_elapsed         | 4347        |
|    total_timesteps      | 6356992     |
| train/                  |             |
|    approx_kl            | 0.013957985 |
|    clip_fraction        | 0.289       |
|    clip_range           | 0.15        |
|    entropy_loss         | -26.1       |
|    explained_variance   | 0.999       |
|    learning_rate        | 0.0001      |
|    loss                 | -0.281      |
|    n_updates            | 1440        |
|    policy_gradient_loss | -0.0127     |
|    std                  | 1.14        |
|    value_loss           | 0.00123     |
-----------------------------------------
rollout mean regret: 0.06422224640846252
-----------------------------------------
| rollout/                |             |
|    ep_len_mean          | 19          |
|    ep_rew_mean          | 85          |
| time/                   |             |
|    fps                  | 1462        |
|    iterations           | 98          |
|    time_elapsed         | 4392        |
|    total_timesteps      | 6422528     |
| train/                  |             |
|    approx_kl            | 0.013590852 |
|    clip_fraction        | 0.285       |
|    clip_range           | 0.15        |
|    entropy_loss         | -26.2       |
|    explained_variance   | 0.999       |
|    learning_rate        | 0.0001      |
|    loss                 | -0.279      |
|    n_updates            | 1455        |
|    policy_gradient_loss | -0.0129     |
|    std                  | 1.14        |
|    value_loss           | 0.00106     |
-----------------------------------------
rollout mean regret: 0.06864138692617416
-----------------------------------------
| rollout/                |             |
|    ep_len_mean          | 19          |
|    ep_rew_mean          | 85.3        |
| time/                   |             |
|    fps                  | 1462        |
|    iterations           | 99          |
|    time_elapsed         | 4437        |
|    total_timesteps      | 6488064     |
| train/                  |             |
|    approx_kl            | 0.014165715 |
|    clip_fraction        | 0.291       |
|    clip_range           | 0.15        |
|    entropy_loss         | -26.2       |
|    explained_variance   | 0.999       |
|    learning_rate        | 0.0001      |
|    loss                 | -0.282      |
|    n_updates            | 1470        |
|    policy_gradient_loss | -0.0136     |
|    std                  | 1.15        |
|    value_loss           | 0.00123     |
-----------------------------------------
Eval num_timesteps=6500000, episode_reward=85.43 +/- 2.07
Episode length: 18.80 +/- 0.40
-----------------------------------------
| eval/                   |             |
|    mean_ep_length       | 18.8        |
|    mean_reward          | 85.4        |
| time/                   |             |
|    total_timesteps      | 6500000     |
| train/                  |             |
|    approx_kl            | 0.013569475 |
|    clip_fraction        | 0.281       |
|    clip_range           | 0.15        |
|    entropy_loss         | -26.3       |
|    explained_variance   | 0.999       |
|    learning_rate        | 0.0001      |
|    loss                 | -0.276      |
|    n_updates            | 1485        |
|    policy_gradient_loss | -0.013      |
|    std                  | 1.15        |
|    value_loss           | 0.00112     |
-----------------------------------------
rollout mean regret: 0.07566405832767487
---------------------------------
| rollout/           |          |
|    ep_len_mean     | 18.9     |
|    ep_rew_mean     | 85.1     |
| time/              |          |
|    fps             | 1462     |
|    iterations      | 100      |
|    time_elapsed    | 4482     |
|    total_timesteps | 6553600  |
---------------------------------
rollout mean regret: 0.06331910192966461
-----------------------------------------
| rollout/                |             |
|    ep_len_mean          | 19          |
|    ep_rew_mean          | 84.9        |
| time/                   |             |
|    fps                  | 1461        |
|    iterations           | 101         |
|    time_elapsed         | 4527        |
|    total_timesteps      | 6619136     |
| train/                  |             |
|    approx_kl            | 0.013488613 |
|    clip_fraction        | 0.282       |
|    clip_range           | 0.15        |
|    entropy_loss         | -26.3       |
|    explained_variance   | 0.999       |
|    learning_rate        | 0.0001      |
|    loss                 | -0.268      |
|    n_updates            | 1500        |
|    policy_gradient_loss | -0.0128     |
|    std                  | 1.15        |
|    value_loss           | 0.00108     |
-----------------------------------------
rollout mean regret: 0.06309269368648529
------------------------------------------
| rollout/                |              |
|    ep_len_mean          | 19           |
|    ep_rew_mean          | 85           |
| time/                   |              |
|    fps                  | 1461         |
|    iterations           | 102          |
|    time_elapsed         | 4572         |
|    total_timesteps      | 6684672      |
| train/                  |              |
|    approx_kl            | 0.0139825195 |
|    clip_fraction        | 0.288        |
|    clip_range           | 0.15         |
|    entropy_loss         | -26.4        |
|    explained_variance   | 0.999        |
|    learning_rate        | 0.0001       |
|    loss                 | -0.279       |
|    n_updates            | 1515         |
|    policy_gradient_loss | -0.0133      |
|    std                  | 1.16         |
|    value_loss           | 0.00107      |
------------------------------------------
rollout mean regret: 0.06235859915614128
-----------------------------------------
| rollout/                |             |
|    ep_len_mean          | 18.9        |
|    ep_rew_mean          | 85.1        |
| time/                   |             |
|    fps                  | 1461        |
|    iterations           | 103         |
|    time_elapsed         | 4617        |
|    total_timesteps      | 6750208     |
| train/                  |             |
|    approx_kl            | 0.014049742 |
|    clip_fraction        | 0.295       |
|    clip_range           | 0.15        |
|    entropy_loss         | -26.4       |
|    explained_variance   | 0.999       |
|    learning_rate        | 0.0001      |
|    loss                 | -0.263      |
|    n_updates            | 1530        |
|    policy_gradient_loss | -0.0129     |
|    std                  | 1.16        |
|    value_loss           | 0.00107     |
-----------------------------------------
rollout mean regret: 0.06224210560321808
-----------------------------------------
| rollout/                |             |
|    ep_len_mean          | 19          |
|    ep_rew_mean          | 85.3        |
| time/                   |             |
|    fps                  | 1462        |
|    iterations           | 104         |
|    time_elapsed         | 4661        |
|    total_timesteps      | 6815744     |
| train/                  |             |
|    approx_kl            | 0.013708505 |
|    clip_fraction        | 0.283       |
|    clip_range           | 0.15        |
|    entropy_loss         | -26.5       |
|    explained_variance   | 0.999       |
|    learning_rate        | 0.0001      |
|    loss                 | -0.28       |
|    n_updates            | 1545        |
|    policy_gradient_loss | -0.0132     |
|    std                  | 1.16        |
|    value_loss           | 0.000888    |
-----------------------------------------
rollout mean regret: 0.06665300577878952
-----------------------------------------
| rollout/                |             |
|    ep_len_mean          | 18.9        |
|    ep_rew_mean          | 85          |
| time/                   |             |
|    fps                  | 1462        |
|    iterations           | 105         |
|    time_elapsed         | 4706        |
|    total_timesteps      | 6881280     |
| train/                  |             |
|    approx_kl            | 0.014822417 |
|    clip_fraction        | 0.294       |
|    clip_range           | 0.15        |
|    entropy_loss         | -26.6       |
|    explained_variance   | 0.999       |
|    learning_rate        | 0.0001      |
|    loss                 | -0.282      |
|    n_updates            | 1560        |
|    policy_gradient_loss | -0.0133     |
|    std                  | 1.17        |
|    value_loss           | 0.000996    |
-----------------------------------------
rollout mean regret: 0.06610366702079773
-----------------------------------------
| rollout/                |             |
|    ep_len_mean          | 18.9        |
|    ep_rew_mean          | 85          |
| time/                   |             |
|    fps                  | 1462        |
|    iterations           | 106         |
|    time_elapsed         | 4751        |
|    total_timesteps      | 6946816     |
| train/                  |             |
|    approx_kl            | 0.014055492 |
|    clip_fraction        | 0.292       |
|    clip_range           | 0.15        |
|    entropy_loss         | -26.6       |
|    explained_variance   | 0.999       |
|    learning_rate        | 0.0001      |
|    loss                 | -0.274      |
|    n_updates            | 1575        |
|    policy_gradient_loss | -0.0133     |
|    std                  | 1.17        |
|    value_loss           | 0.00103     |
-----------------------------------------
Eval num_timesteps=7000000, episode_reward=86.29 +/- 0.11
Episode length: 19.00 +/- 0.00
-----------------------------------------
| eval/                   |             |
|    mean_ep_length       | 19          |
|    mean_reward          | 86.3        |
| time/                   |             |
|    total_timesteps      | 7000000     |
| train/                  |             |
|    approx_kl            | 0.013858633 |
|    clip_fraction        | 0.287       |
|    clip_range           | 0.15        |
|    entropy_loss         | -26.7       |
|    explained_variance   | 0.999       |
|    learning_rate        | 0.0001      |
|    loss                 | -0.288      |
|    n_updates            | 1590        |
|    policy_gradient_loss | -0.0132     |
|    std                  | 1.18        |
|    value_loss           | 0.000992    |
-----------------------------------------
rollout mean regret: 0.054315708577632904
---------------------------------
| rollout/           |          |
|    ep_len_mean     | 19       |
|    ep_rew_mean     | 85.1     |
| time/              |          |
|    fps             | 1462     |
|    iterations      | 107      |
|    time_elapsed    | 4795     |
|    total_timesteps | 7012352  |
---------------------------------
rollout mean regret: 0.05265238136053085
-----------------------------------------
| rollout/                |             |
|    ep_len_mean          | 19          |
|    ep_rew_mean          | 85.4        |
| time/                   |             |
|    fps                  | 1462        |
|    iterations           | 108         |
|    time_elapsed         | 4840        |
|    total_timesteps      | 7077888     |
| train/                  |             |
|    approx_kl            | 0.014051737 |
|    clip_fraction        | 0.286       |
|    clip_range           | 0.15        |
|    entropy_loss         | -26.8       |
|    explained_variance   | 0.999       |
|    learning_rate        | 0.0001      |
|    loss                 | -0.29       |
|    n_updates            | 1605        |
|    policy_gradient_loss | -0.0136     |
|    std                  | 1.18        |
|    value_loss           | 0.000939    |
-----------------------------------------
rollout mean regret: 0.057407230138778687
-----------------------------------------
| rollout/                |             |
|    ep_len_mean          | 18.9        |
|    ep_rew_mean          | 85          |
| time/                   |             |
|    fps                  | 1462        |
|    iterations           | 109         |
|    time_elapsed         | 4885        |
|    total_timesteps      | 7143424     |
| train/                  |             |
|    approx_kl            | 0.013718529 |
|    clip_fraction        | 0.286       |
|    clip_range           | 0.15        |
|    entropy_loss         | -26.8       |
|    explained_variance   | 0.999       |
|    learning_rate        | 0.0001      |
|    loss                 | -0.293      |
|    n_updates            | 1620        |
|    policy_gradient_loss | -0.013      |
|    std                  | 1.19        |
|    value_loss           | 0.000838    |
-----------------------------------------
rollout mean regret: 0.05666457861661911
-----------------------------------------
| rollout/                |             |
|    ep_len_mean          | 19          |
|    ep_rew_mean          | 85.4        |
| time/                   |             |
|    fps                  | 1462        |
|    iterations           | 110         |
|    time_elapsed         | 4930        |
|    total_timesteps      | 7208960     |
| train/                  |             |
|    approx_kl            | 0.013929281 |
|    clip_fraction        | 0.292       |
|    clip_range           | 0.15        |
|    entropy_loss         | -26.9       |
|    explained_variance   | 0.999       |
|    learning_rate        | 0.0001      |
|    loss                 | -0.287      |
|    n_updates            | 1635        |
|    policy_gradient_loss | -0.013      |
|    std                  | 1.19        |
|    value_loss           | 0.000856    |
-----------------------------------------
rollout mean regret: 0.0642143115401268
----------------------------------------
| rollout/                |            |
|    ep_len_mean          | 18.9       |
|    ep_rew_mean          | 84.6       |
| time/                   |            |
|    fps                  | 1462       |
|    iterations           | 111        |
|    time_elapsed         | 4975       |
|    total_timesteps      | 7274496    |
| train/                  |            |
|    approx_kl            | 0.01368353 |
|    clip_fraction        | 0.288      |
|    clip_range           | 0.15       |
|    entropy_loss         | -26.9      |
|    explained_variance   | 0.999      |
|    learning_rate        | 0.0001     |
|    loss                 | -0.292     |
|    n_updates            | 1650       |
|    policy_gradient_loss | -0.013     |
|    std                  | 1.2        |
|    value_loss           | 0.000945   |
----------------------------------------
rollout mean regret: 0.0639670193195343
-----------------------------------------
| rollout/                |             |
|    ep_len_mean          | 18.9        |
|    ep_rew_mean          | 85          |
| time/                   |             |
|    fps                  | 1461        |
|    iterations           | 112         |
|    time_elapsed         | 5020        |
|    total_timesteps      | 7340032     |
| train/                  |             |
|    approx_kl            | 0.014426922 |
|    clip_fraction        | 0.294       |
|    clip_range           | 0.15        |
|    entropy_loss         | -27         |
|    explained_variance   | 0.999       |
|    learning_rate        | 0.0001      |
|    loss                 | -0.291      |
|    n_updates            | 1665        |
|    policy_gradient_loss | -0.0136     |
|    std                  | 1.2         |
|    value_loss           | 0.000981    |
-----------------------------------------
rollout mean regret: 0.05819115787744522
-----------------------------------------
| rollout/                |             |
|    ep_len_mean          | 19          |
|    ep_rew_mean          | 85.3        |
| time/                   |             |
|    fps                  | 1461        |
|    iterations           | 113         |
|    time_elapsed         | 5065        |
|    total_timesteps      | 7405568     |
| train/                  |             |
|    approx_kl            | 0.013459622 |
|    clip_fraction        | 0.282       |
|    clip_range           | 0.15        |
|    entropy_loss         | -27         |
|    explained_variance   | 0.999       |
|    learning_rate        | 0.0001      |
|    loss                 | -0.293      |
|    n_updates            | 1680        |
|    policy_gradient_loss | -0.0132     |
|    std                  | 1.2         |
|    value_loss           | 0.000843    |
-----------------------------------------
rollout mean regret: 0.06712737679481506
-----------------------------------------
| rollout/                |             |
|    ep_len_mean          | 19          |
|    ep_rew_mean          | 85.1        |
| time/                   |             |
|    fps                  | 1461        |
|    iterations           | 114         |
|    time_elapsed         | 5110        |
|    total_timesteps      | 7471104     |
| train/                  |             |
|    approx_kl            | 0.014248351 |
|    clip_fraction        | 0.29        |
|    clip_range           | 0.15        |
|    entropy_loss         | -27.1       |
|    explained_variance   | 0.999       |
|    learning_rate        | 0.0001      |
|    loss                 | -0.289      |
|    n_updates            | 1695        |
|    policy_gradient_loss | -0.0131     |
|    std                  | 1.21        |
|    value_loss           | 0.00099     |
-----------------------------------------
Eval num_timesteps=7500000, episode_reward=85.09 +/- 2.04
Episode length: 18.80 +/- 0.40
-----------------------------------------
| eval/                   |             |
|    mean_ep_length       | 18.8        |
|    mean_reward          | 85.1        |
| time/                   |             |
|    total_timesteps      | 7500000     |
| train/                  |             |
|    approx_kl            | 0.013942778 |
|    clip_fraction        | 0.286       |
|    clip_range           | 0.15        |
|    entropy_loss         | -27.1       |
|    explained_variance   | 0.999       |
|    learning_rate        | 0.0001      |
|    loss                 | -0.281      |
|    n_updates            | 1710        |
|    policy_gradient_loss | -0.0128     |
|    std                  | 1.21        |
|    value_loss           | 0.00102     |
-----------------------------------------
rollout mean regret: 0.0758364349603653
---------------------------------
| rollout/           |          |
|    ep_len_mean     | 18.9     |
|    ep_rew_mean     | 85.1     |
| time/              |          |
|    fps             | 1461     |
|    iterations      | 115      |
|    time_elapsed    | 5155     |
|    total_timesteps | 7536640  |
---------------------------------
rollout mean regret: 0.0701642781496048
-----------------------------------------
| rollout/                |             |
|    ep_len_mean          | 19          |
|    ep_rew_mean          | 85.2        |
| time/                   |             |
|    fps                  | 1461        |
|    iterations           | 116         |
|    time_elapsed         | 5200        |
|    total_timesteps      | 7602176     |
| train/                  |             |
|    approx_kl            | 0.014438988 |
|    clip_fraction        | 0.296       |
|    clip_range           | 0.15        |
|    entropy_loss         | -27.2       |
|    explained_variance   | 0.999       |
|    learning_rate        | 0.0001      |
|    loss                 | -0.288      |
|    n_updates            | 1725        |
|    policy_gradient_loss | -0.0135     |
|    std                  | 1.22        |
|    value_loss           | 0.000907    |
-----------------------------------------
rollout mean regret: 0.044290151447057724
-----------------------------------------
| rollout/                |             |
|    ep_len_mean          | 19          |
|    ep_rew_mean          | 85.1        |
| time/                   |             |
|    fps                  | 1461        |
|    iterations           | 117         |
|    time_elapsed         | 5245        |
|    total_timesteps      | 7667712     |
| train/                  |             |
|    approx_kl            | 0.013866484 |
|    clip_fraction        | 0.286       |
|    clip_range           | 0.15        |
|    entropy_loss         | -27.3       |
|    explained_variance   | 0.999       |
|    learning_rate        | 0.0001      |
|    loss                 | -0.297      |
|    n_updates            | 1740        |
|    policy_gradient_loss | -0.0131     |
|    std                  | 1.22        |
|    value_loss           | 0.000749    |
-----------------------------------------
rollout mean regret: 0.0452948659658432
-----------------------------------------
| rollout/                |             |
|    ep_len_mean          | 19          |
|    ep_rew_mean          | 85.3        |
| time/                   |             |
|    fps                  | 1461        |
|    iterations           | 118         |
|    time_elapsed         | 5290        |
|    total_timesteps      | 7733248     |
| train/                  |             |
|    approx_kl            | 0.014258017 |
|    clip_fraction        | 0.291       |
|    clip_range           | 0.15        |
|    entropy_loss         | -27.3       |
|    explained_variance   | 0.999       |
|    learning_rate        | 0.0001      |
|    loss                 | -0.289      |
|    n_updates            | 1755        |
|    policy_gradient_loss | -0.013      |
|    std                  | 1.22        |
|    value_loss           | 0.000852    |
-----------------------------------------
rollout mean regret: 0.052972398698329926
-----------------------------------------
| rollout/                |             |
|    ep_len_mean          | 19          |
|    ep_rew_mean          | 85.3        |
| time/                   |             |
|    fps                  | 1461        |
|    iterations           | 119         |
|    time_elapsed         | 5335        |
|    total_timesteps      | 7798784     |
| train/                  |             |
|    approx_kl            | 0.014278844 |
|    clip_fraction        | 0.293       |
|    clip_range           | 0.15        |
|    entropy_loss         | -27.4       |
|    explained_variance   | 0.999       |
|    learning_rate        | 0.0001      |
|    loss                 | -0.297      |
|    n_updates            | 1770        |
|    policy_gradient_loss | -0.0134     |
|    std                  | 1.23        |
|    value_loss           | 0.000859    |
-----------------------------------------
rollout mean regret: 0.0595293790102005
-----------------------------------------
| rollout/                |             |
|    ep_len_mean          | 19          |
|    ep_rew_mean          | 85.4        |
| time/                   |             |
|    fps                  | 1461        |
|    iterations           | 120         |
|    time_elapsed         | 5380        |
|    total_timesteps      | 7864320     |
| train/                  |             |
|    approx_kl            | 0.014495658 |
|    clip_fraction        | 0.294       |
|    clip_range           | 0.15        |
|    entropy_loss         | -27.5       |
|    explained_variance   | 0.999       |
|    learning_rate        | 0.0001      |
|    loss                 | -0.299      |
|    n_updates            | 1785        |
|    policy_gradient_loss | -0.0133     |
|    std                  | 1.24        |
|    value_loss           | 0.000958    |
-----------------------------------------
rollout mean regret: 0.055771660059690475
-----------------------------------------
| rollout/                |             |
|    ep_len_mean          | 19          |
|    ep_rew_mean          | 85.2        |
| time/                   |             |
|    fps                  | 1461        |
|    iterations           | 121         |
|    time_elapsed         | 5424        |
|    total_timesteps      | 7929856     |
| train/                  |             |
|    approx_kl            | 0.013913408 |
|    clip_fraction        | 0.291       |
|    clip_range           | 0.15        |
|    entropy_loss         | -27.5       |
|    explained_variance   | 0.999       |
|    learning_rate        | 0.0001      |
|    loss                 | -0.287      |
|    n_updates            | 1800        |
|    policy_gradient_loss | -0.0131     |
|    std                  | 1.24        |
|    value_loss           | 0.000825    |
-----------------------------------------
rollout mean regret: 0.05028950050473213
-----------------------------------------
| rollout/                |             |
|    ep_len_mean          | 19          |
|    ep_rew_mean          | 85.4        |
| time/                   |             |
|    fps                  | 1461        |
|    iterations           | 122         |
|    time_elapsed         | 5469        |
|    total_timesteps      | 7995392     |
| train/                  |             |
|    approx_kl            | 0.013697063 |
|    clip_fraction        | 0.286       |
|    clip_range           | 0.15        |
|    entropy_loss         | -27.6       |
|    explained_variance   | 0.999       |
|    learning_rate        | 0.0001      |
|    loss                 | -0.293      |
|    n_updates            | 1815        |
|    policy_gradient_loss | -0.0131     |
|    std                  | 1.24        |
|    value_loss           | 0.000742    |
-----------------------------------------
Eval num_timesteps=8000000, episode_reward=86.27 +/- 0.12
Episode length: 19.00 +/- 0.00
-----------------------------------------
| eval/                   |             |
|    mean_ep_length       | 19          |
|    mean_reward          | 86.3        |
| time/                   |             |
|    total_timesteps      | 8000000     |
| train/                  |             |
|    approx_kl            | 0.013652298 |
|    clip_fraction        | 0.292       |
|    clip_range           | 0.15        |
|    entropy_loss         | -27.6       |
|    explained_variance   | 0.999       |
|    learning_rate        | 0.0001      |
|    loss                 | -0.297      |
|    n_updates            | 1830        |
|    policy_gradient_loss | -0.0138     |
|    std                  | 1.25        |
|    value_loss           | 0.000804    |
-----------------------------------------
rollout mean regret: 0.04646382853388786
---------------------------------
| rollout/           |          |
|    ep_len_mean     | 19       |
|    ep_rew_mean     | 85.3     |
| time/              |          |
|    fps             | 1461     |
|    iterations      | 123      |
|    time_elapsed    | 5514     |
|    total_timesteps | 8060928  |
---------------------------------
rollout mean regret: 0.055630967020988464
-----------------------------------------
| rollout/                |             |
|    ep_len_mean          | 19          |
|    ep_rew_mean          | 85.1        |
| time/                   |             |
|    fps                  | 1461        |
|    iterations           | 124         |
|    time_elapsed         | 5560        |
|    total_timesteps      | 8126464     |
| train/                  |             |
|    approx_kl            | 0.014002616 |
|    clip_fraction        | 0.29        |
|    clip_range           | 0.15        |
|    entropy_loss         | -27.7       |
|    explained_variance   | 0.999       |
|    learning_rate        | 0.0001      |
|    loss                 | -0.285      |
|    n_updates            | 1845        |
|    policy_gradient_loss | -0.013      |
|    std                  | 1.25        |
|    value_loss           | 0.000837    |
-----------------------------------------
rollout mean regret: 0.039526715874671936
-----------------------------------------
| rollout/                |             |
|    ep_len_mean          | 19          |
|    ep_rew_mean          | 85.1        |
| time/                   |             |
|    fps                  | 1461        |
|    iterations           | 125         |
|    time_elapsed         | 5605        |
|    total_timesteps      | 8192000     |
| train/                  |             |
|    approx_kl            | 0.014062762 |
|    clip_fraction        | 0.289       |
|    clip_range           | 0.15        |
|    entropy_loss         | -27.7       |
|    explained_variance   | 0.999       |
|    learning_rate        | 0.0001      |
|    loss                 | -0.299      |
|    n_updates            | 1860        |
|    policy_gradient_loss | -0.0128     |
|    std                  | 1.26        |
|    value_loss           | 0.00078     |
-----------------------------------------
rollout mean regret: 0.05703706666827202
-----------------------------------------
| rollout/                |             |
|    ep_len_mean          | 19          |
|    ep_rew_mean          | 85.3        |
| time/                   |             |
|    fps                  | 1461        |
|    iterations           | 126         |
|    time_elapsed         | 5649        |
|    total_timesteps      | 8257536     |
| train/                  |             |
|    approx_kl            | 0.014103774 |
|    clip_fraction        | 0.294       |
|    clip_range           | 0.15        |
|    entropy_loss         | -27.8       |
|    explained_variance   | 0.999       |
|    learning_rate        | 0.0001      |
|    loss                 | -0.301      |
|    n_updates            | 1875        |
|    policy_gradient_loss | -0.0132     |
|    std                  | 1.26        |
|    value_loss           | 0.00081     |
-----------------------------------------
rollout mean regret: 0.05523449182510376
-----------------------------------------
| rollout/                |             |
|    ep_len_mean          | 19          |
|    ep_rew_mean          | 85.2        |
| time/                   |             |
|    fps                  | 1461        |
|    iterations           | 127         |
|    time_elapsed         | 5694        |
|    total_timesteps      | 8323072     |
| train/                  |             |
|    approx_kl            | 0.013373585 |
|    clip_fraction        | 0.286       |
|    clip_range           | 0.15        |
|    entropy_loss         | -27.9       |
|    explained_variance   | 0.999       |
|    learning_rate        | 0.0001      |
|    loss                 | -0.288      |
|    n_updates            | 1890        |
|    policy_gradient_loss | -0.0127     |
|    std                  | 1.27        |
|    value_loss           | 0.000774    |
-----------------------------------------
rollout mean regret: 0.04912916570901871
-----------------------------------------
| rollout/                |             |
|    ep_len_mean          | 19          |
|    ep_rew_mean          | 85.3        |
| time/                   |             |
|    fps                  | 1461        |
|    iterations           | 128         |
|    time_elapsed         | 5739        |
|    total_timesteps      | 8388608     |
| train/                  |             |
|    approx_kl            | 0.013917835 |
|    clip_fraction        | 0.289       |
|    clip_range           | 0.15        |
|    entropy_loss         | -27.9       |
|    explained_variance   | 0.999       |
|    learning_rate        | 0.0001      |
|    loss                 | -0.293      |
|    n_updates            | 1905        |
|    policy_gradient_loss | -0.013      |
|    std                  | 1.27        |
|    value_loss           | 0.000788    |
-----------------------------------------
rollout mean regret: 0.04490344226360321
-----------------------------------------
| rollout/                |             |
|    ep_len_mean          | 19          |
|    ep_rew_mean          | 85.2        |
| time/                   |             |
|    fps                  | 1461        |
|    iterations           | 129         |
|    time_elapsed         | 5784        |
|    total_timesteps      | 8454144     |
| train/                  |             |
|    approx_kl            | 0.013461394 |
|    clip_fraction        | 0.282       |
|    clip_range           | 0.15        |
|    entropy_loss         | -28         |
|    explained_variance   | 0.999       |
|    learning_rate        | 0.0001      |
|    loss                 | -0.306      |
|    n_updates            | 1920        |
|    policy_gradient_loss | -0.0124     |
|    std                  | 1.28        |
|    value_loss           | 0.000741    |
-----------------------------------------
Eval num_timesteps=8500000, episode_reward=86.15 +/- 0.14
Episode length: 19.00 +/- 0.00
-----------------------------------------
| eval/                   |             |
|    mean_ep_length       | 19          |
|    mean_reward          | 86.1        |
| time/                   |             |
|    total_timesteps      | 8500000     |
| train/                  |             |
|    approx_kl            | 0.014216914 |
|    clip_fraction        | 0.29        |
|    clip_range           | 0.15        |
|    entropy_loss         | -28.1       |
|    explained_variance   | 0.999       |
|    learning_rate        | 0.0001      |
|    loss                 | -0.304      |
|    n_updates            | 1935        |
|    policy_gradient_loss | -0.0129     |
|    std                  | 1.28        |
|    value_loss           | 0.000786    |
-----------------------------------------
rollout mean regret: 0.04907909780740738
---------------------------------
| rollout/           |          |
|    ep_len_mean     | 19       |
|    ep_rew_mean     | 85.3     |
| time/              |          |
|    fps             | 1461     |
|    iterations      | 130      |
|    time_elapsed    | 5829     |
|    total_timesteps | 8519680  |
---------------------------------
rollout mean regret: 0.04597887769341469
-----------------------------------------
| rollout/                |             |
|    ep_len_mean          | 19          |
|    ep_rew_mean          | 85.2        |
| time/                   |             |
|    fps                  | 1461        |
|    iterations           | 131         |
|    time_elapsed         | 5874        |
|    total_timesteps      | 8585216     |
| train/                  |             |
|    approx_kl            | 0.013686515 |
|    clip_fraction        | 0.282       |
|    clip_range           | 0.15        |
|    entropy_loss         | -28.1       |
|    explained_variance   | 0.999       |
|    learning_rate        | 0.0001      |
|    loss                 | -0.297      |
|    n_updates            | 1950        |
|    policy_gradient_loss | -0.0129     |
|    std                  | 1.29        |
|    value_loss           | 0.00066     |
-----------------------------------------
rollout mean regret: 0.05843966454267502
-----------------------------------------
| rollout/                |             |
|    ep_len_mean          | 19          |
|    ep_rew_mean          | 85.2        |
| time/                   |             |
|    fps                  | 1461        |
|    iterations           | 132         |
|    time_elapsed         | 5918        |
|    total_timesteps      | 8650752     |
| train/                  |             |
|    approx_kl            | 0.014739525 |
|    clip_fraction        | 0.297       |
|    clip_range           | 0.15        |
|    entropy_loss         | -28.2       |
|    explained_variance   | 0.999       |
|    learning_rate        | 0.0001      |
|    loss                 | -0.296      |
|    n_updates            | 1965        |
|    policy_gradient_loss | -0.0124     |
|    std                  | 1.29        |
|    value_loss           | 0.000798    |
-----------------------------------------
rollout mean regret: 0.04712957888841629
-----------------------------------------
| rollout/                |             |
|    ep_len_mean          | 19          |
|    ep_rew_mean          | 85.4        |
| time/                   |             |
|    fps                  | 1461        |
|    iterations           | 133         |
|    time_elapsed         | 5963        |
|    total_timesteps      | 8716288     |
| train/                  |             |
|    approx_kl            | 0.013963621 |
|    clip_fraction        | 0.29        |
|    clip_range           | 0.15        |
|    entropy_loss         | -28.3       |
|    explained_variance   | 0.999       |
|    learning_rate        | 0.0001      |
|    loss                 | -0.296      |
|    n_updates            | 1980        |
|    policy_gradient_loss | -0.0131     |
|    std                  | 1.3         |
|    value_loss           | 0.00077     |
-----------------------------------------
rollout mean regret: 0.04846067726612091
----------------------------------------
| rollout/                |            |
|    ep_len_mean          | 19         |
|    ep_rew_mean          | 85.2       |
| time/                   |            |
|    fps                  | 1461       |
|    iterations           | 134        |
|    time_elapsed         | 6008       |
|    total_timesteps      | 8781824    |
| train/                  |            |
|    approx_kl            | 0.01394869 |
|    clip_fraction        | 0.286      |
|    clip_range           | 0.15       |
|    entropy_loss         | -28.3      |
|    explained_variance   | 0.999      |
|    learning_rate        | 0.0001     |
|    loss                 | -0.298     |
|    n_updates            | 1995       |
|    policy_gradient_loss | -0.0134    |
|    std                  | 1.3        |
|    value_loss           | 0.000604   |
----------------------------------------
rollout mean regret: 0.04983381927013397
----------------------------------------
| rollout/                |            |
|    ep_len_mean          | 19         |
|    ep_rew_mean          | 85.3       |
| time/                   |            |
|    fps                  | 1461       |
|    iterations           | 135        |
|    time_elapsed         | 6054       |
|    total_timesteps      | 8847360    |
| train/                  |            |
|    approx_kl            | 0.01367829 |
|    clip_fraction        | 0.283      |
|    clip_range           | 0.15       |
|    entropy_loss         | -28.3      |
|    explained_variance   | 0.999      |
|    learning_rate        | 0.0001     |
|    loss                 | -0.3       |
|    n_updates            | 2010       |
|    policy_gradient_loss | -0.013     |
|    std                  | 1.3        |
|    value_loss           | 0.000662   |
----------------------------------------
rollout mean regret: 0.06257029622793198
----------------------------------------
| rollout/                |            |
|    ep_len_mean          | 19         |
|    ep_rew_mean          | 85.2       |
| time/                   |            |
|    fps                  | 1461       |
|    iterations           | 136        |
|    time_elapsed         | 6099       |
|    total_timesteps      | 8912896    |
| train/                  |            |
|    approx_kl            | 0.01389909 |
|    clip_fraction        | 0.291      |
|    clip_range           | 0.15       |
|    entropy_loss         | -28.4      |
|    explained_variance   | 0.999      |
|    learning_rate        | 0.0001     |
|    loss                 | -0.301     |
|    n_updates            | 2025       |
|    policy_gradient_loss | -0.0127    |
|    std                  | 1.31       |
|    value_loss           | 0.000738   |
----------------------------------------
rollout mean regret: 0.04948088526725769
-----------------------------------------
| rollout/                |             |
|    ep_len_mean          | 19          |
|    ep_rew_mean          | 85.1        |
| time/                   |             |
|    fps                  | 1461        |
|    iterations           | 137         |
|    time_elapsed         | 6144        |
|    total_timesteps      | 8978432     |
| train/                  |             |
|    approx_kl            | 0.013707149 |
|    clip_fraction        | 0.284       |
|    clip_range           | 0.15        |
|    entropy_loss         | -28.4       |
|    explained_variance   | 0.999       |
|    learning_rate        | 0.0001      |
|    loss                 | -0.304      |
|    n_updates            | 2040        |
|    policy_gradient_loss | -0.0129     |
|    std                  | 1.31        |
|    value_loss           | 0.000662    |
-----------------------------------------
Eval num_timesteps=9000000, episode_reward=85.99 +/- 0.21
Episode length: 19.00 +/- 0.00
-----------------------------------------
| eval/                   |             |
|    mean_ep_length       | 19          |
|    mean_reward          | 86          |
| time/                   |             |
|    total_timesteps      | 9000000     |
| train/                  |             |
|    approx_kl            | 0.013605326 |
|    clip_fraction        | 0.281       |
|    clip_range           | 0.15        |
|    entropy_loss         | -28.5       |
|    explained_variance   | 0.999       |
|    learning_rate        | 0.0001      |
|    loss                 | -0.311      |
|    n_updates            | 2055        |
|    policy_gradient_loss | -0.0132     |
|    std                  | 1.32        |
|    value_loss           | 0.000663    |
-----------------------------------------
rollout mean regret: 0.05208202451467514
---------------------------------
| rollout/           |          |
|    ep_len_mean     | 19       |
|    ep_rew_mean     | 85.3     |
| time/              |          |
|    fps             | 1461     |
|    iterations      | 138      |
|    time_elapsed    | 6188     |
|    total_timesteps | 9043968  |
---------------------------------
rollout mean regret: 0.06796180456876755
-----------------------------------------
| rollout/                |             |
|    ep_len_mean          | 19          |
|    ep_rew_mean          | 85.2        |
| time/                   |             |
|    fps                  | 1461        |
|    iterations           | 139         |
|    time_elapsed         | 6234        |
|    total_timesteps      | 9109504     |
| train/                  |             |
|    approx_kl            | 0.013572343 |
|    clip_fraction        | 0.284       |
|    clip_range           | 0.15        |
|    entropy_loss         | -28.6       |
|    explained_variance   | 0.999       |
|    learning_rate        | 0.0001      |
|    loss                 | -0.297      |
|    n_updates            | 2070        |
|    policy_gradient_loss | -0.0126     |
|    std                  | 1.32        |
|    value_loss           | 0.000629    |
-----------------------------------------
rollout mean regret: 0.06184031814336777
-----------------------------------------
| rollout/                |             |
|    ep_len_mean          | 19          |
|    ep_rew_mean          | 85.1        |
| time/                   |             |
|    fps                  | 1461        |
|    iterations           | 140         |
|    time_elapsed         | 6279        |
|    total_timesteps      | 9175040     |
| train/                  |             |
|    approx_kl            | 0.013705258 |
|    clip_fraction        | 0.287       |
|    clip_range           | 0.15        |
|    entropy_loss         | -28.6       |
|    explained_variance   | 0.999       |
|    learning_rate        | 0.0001      |
|    loss                 | -0.307      |
|    n_updates            | 2085        |
|    policy_gradient_loss | -0.0131     |
|    std                  | 1.33        |
|    value_loss           | 0.000766    |
-----------------------------------------
rollout mean regret: 0.05858663469552994
------------------------------------------
| rollout/                |              |
|    ep_len_mean          | 19           |
|    ep_rew_mean          | 85.3         |
| time/                   |              |
|    fps                  | 1461         |
|    iterations           | 141          |
|    time_elapsed         | 6324         |
|    total_timesteps      | 9240576      |
| train/                  |              |
|    approx_kl            | 0.0140647665 |
|    clip_fraction        | 0.29         |
|    clip_range           | 0.15         |
|    entropy_loss         | -28.7        |
|    explained_variance   | 0.999        |
|    learning_rate        | 0.0001       |
|    loss                 | -0.299       |
|    n_updates            | 2100         |
|    policy_gradient_loss | -0.0131      |
|    std                  | 1.33         |
|    value_loss           | 0.00073      |
------------------------------------------
rollout mean regret: 0.05049306899309158
-----------------------------------------
| rollout/                |             |
|    ep_len_mean          | 19          |
|    ep_rew_mean          | 85.1        |
| time/                   |             |
|    fps                  | 1461        |
|    iterations           | 142         |
|    time_elapsed         | 6369        |
|    total_timesteps      | 9306112     |
| train/                  |             |
|    approx_kl            | 0.014067708 |
|    clip_fraction        | 0.295       |
|    clip_range           | 0.15        |
|    entropy_loss         | -28.8       |
|    explained_variance   | 0.999       |
|    learning_rate        | 0.0001      |
|    loss                 | -0.293      |
|    n_updates            | 2115        |
|    policy_gradient_loss | -0.0132     |
|    std                  | 1.34        |
|    value_loss           | 0.000779    |
-----------------------------------------
rollout mean regret: 0.04508974403142929
----------------------------------------
| rollout/                |            |
|    ep_len_mean          | 19         |
|    ep_rew_mean          | 85.3       |
| time/                   |            |
|    fps                  | 1461       |
|    iterations           | 143        |
|    time_elapsed         | 6414       |
|    total_timesteps      | 9371648    |
| train/                  |            |
|    approx_kl            | 0.01330322 |
|    clip_fraction        | 0.279      |
|    clip_range           | 0.15       |
|    entropy_loss         | -28.8      |
|    explained_variance   | 0.999      |
|    learning_rate        | 0.0001     |
|    loss                 | -0.302     |
|    n_updates            | 2130       |
|    policy_gradient_loss | -0.0134    |
|    std                  | 1.34       |
|    value_loss           | 0.000595   |
----------------------------------------
rollout mean regret: 0.0438929907977581
-----------------------------------------
| rollout/                |             |
|    ep_len_mean          | 19          |
|    ep_rew_mean          | 85.2        |
| time/                   |             |
|    fps                  | 1461        |
|    iterations           | 144         |
|    time_elapsed         | 6458        |
|    total_timesteps      | 9437184     |
| train/                  |             |
|    approx_kl            | 0.013714023 |
|    clip_fraction        | 0.282       |
|    clip_range           | 0.15        |
|    entropy_loss         | -28.9       |
|    explained_variance   | 0.999       |
|    learning_rate        | 0.0001      |
|    loss                 | -0.301      |
|    n_updates            | 2145        |
|    policy_gradient_loss | -0.0129     |
|    std                  | 1.35        |
|    value_loss           | 0.000584    |
-----------------------------------------
Eval num_timesteps=9500000, episode_reward=86.01 +/- 0.17
Episode length: 19.00 +/- 0.00
-----------------------------------------
| eval/                   |             |
|    mean_ep_length       | 19          |
|    mean_reward          | 86          |
| time/                   |             |
|    total_timesteps      | 9500000     |
| train/                  |             |
|    approx_kl            | 0.013771266 |
|    clip_fraction        | 0.286       |
|    clip_range           | 0.15        |
|    entropy_loss         | -29         |
|    explained_variance   | 0.999       |
|    learning_rate        | 0.0001      |
|    loss                 | -0.299      |
|    n_updates            | 2160        |
|    policy_gradient_loss | -0.0128     |
|    std                  | 1.36        |
|    value_loss           | 0.000671    |
-----------------------------------------
rollout mean regret: 0.05378015339374542
---------------------------------
| rollout/           |          |
|    ep_len_mean     | 19       |
|    ep_rew_mean     | 85.3     |
| time/              |          |
|    fps             | 1461     |
|    iterations      | 145      |
|    time_elapsed    | 6503     |
|    total_timesteps | 9502720  |
---------------------------------
rollout mean regret: 0.061075594276189804
-----------------------------------------
| rollout/                |             |
|    ep_len_mean          | 19          |
|    ep_rew_mean          | 85.3        |
| time/                   |             |
|    fps                  | 1461        |
|    iterations           | 146         |
|    time_elapsed         | 6548        |
|    total_timesteps      | 9568256     |
| train/                  |             |
|    approx_kl            | 0.013458494 |
|    clip_fraction        | 0.282       |
|    clip_range           | 0.15        |
|    entropy_loss         | -29         |
|    explained_variance   | 0.999       |
|    learning_rate        | 0.0001      |
|    loss                 | -0.312      |
|    n_updates            | 2175        |
|    policy_gradient_loss | -0.0136     |
|    std                  | 1.36        |
|    value_loss           | 0.000723    |
-----------------------------------------
rollout mean regret: 0.055138200521469116
-----------------------------------------
| rollout/                |             |
|    ep_len_mean          | 19          |
|    ep_rew_mean          | 85.2        |
| time/                   |             |
|    fps                  | 1461        |
|    iterations           | 147         |
|    time_elapsed         | 6593        |
|    total_timesteps      | 9633792     |
| train/                  |             |
|    approx_kl            | 0.013540661 |
|    clip_fraction        | 0.284       |
|    clip_range           | 0.15        |
|    entropy_loss         | -29.1       |
|    explained_variance   | 0.999       |
|    learning_rate        | 0.0001      |
|    loss                 | -0.304      |
|    n_updates            | 2190        |
|    policy_gradient_loss | -0.0134     |
|    std                  | 1.37        |
|    value_loss           | 0.000581    |
-----------------------------------------
rollout mean regret: 0.05059940367937088
-----------------------------------------
| rollout/                |             |
|    ep_len_mean          | 19          |
|    ep_rew_mean          | 85.2        |
| time/                   |             |
|    fps                  | 1461        |
|    iterations           | 148         |
|    time_elapsed         | 6637        |
|    total_timesteps      | 9699328     |
| train/                  |             |
|    approx_kl            | 0.013692839 |
|    clip_fraction        | 0.288       |
|    clip_range           | 0.15        |
|    entropy_loss         | -29.2       |
|    explained_variance   | 0.999       |
|    learning_rate        | 0.0001      |
|    loss                 | -0.311      |
|    n_updates            | 2205        |
|    policy_gradient_loss | -0.0133     |
|    std                  | 1.37        |
|    value_loss           | 0.000611    |
-----------------------------------------
rollout mean regret: 0.04930397868156433
-----------------------------------------
| rollout/                |             |
|    ep_len_mean          | 19          |
|    ep_rew_mean          | 85.1        |
| time/                   |             |
|    fps                  | 1461        |
|    iterations           | 149         |
|    time_elapsed         | 6682        |
|    total_timesteps      | 9764864     |
| train/                  |             |
|    approx_kl            | 0.013672108 |
|    clip_fraction        | 0.286       |
|    clip_range           | 0.15        |
|    entropy_loss         | -29.2       |
|    explained_variance   | 0.999       |
|    learning_rate        | 0.0001      |
|    loss                 | -0.314      |
|    n_updates            | 2220        |
|    policy_gradient_loss | -0.0128     |
|    std                  | 1.38        |
|    value_loss           | 0.000719    |
-----------------------------------------
rollout mean regret: 0.055577706545591354
-----------------------------------------
| rollout/                |             |
|    ep_len_mean          | 19          |
|    ep_rew_mean          | 85          |
| time/                   |             |
|    fps                  | 1461        |
|    iterations           | 150         |
|    time_elapsed         | 6727        |
|    total_timesteps      | 9830400     |
| train/                  |             |
|    approx_kl            | 0.013852097 |
|    clip_fraction        | 0.288       |
|    clip_range           | 0.15        |
|    entropy_loss         | -29.3       |
|    explained_variance   | 0.999       |
|    learning_rate        | 0.0001      |
|    loss                 | -0.303      |
|    n_updates            | 2235        |
|    policy_gradient_loss | -0.0129     |
|    std                  | 1.38        |
|    value_loss           | 0.000738    |
-----------------------------------------
rollout mean regret: 0.055490680038928986
-----------------------------------------
| rollout/                |             |
|    ep_len_mean          | 19          |
|    ep_rew_mean          | 85.3        |
| time/                   |             |
|    fps                  | 1461        |
|    iterations           | 151         |
|    time_elapsed         | 6772        |
|    total_timesteps      | 9895936     |
| train/                  |             |
|    approx_kl            | 0.013872881 |
|    clip_fraction        | 0.289       |
|    clip_range           | 0.15        |
|    entropy_loss         | -29.4       |
|    explained_variance   | 0.999       |
|    learning_rate        | 0.0001      |
|    loss                 | -0.315      |
|    n_updates            | 2250        |
|    policy_gradient_loss | -0.0136     |
|    std                  | 1.39        |
|    value_loss           | 0.000739    |
-----------------------------------------
rollout mean regret: 0.055159807205200195
-----------------------------------------
| rollout/                |             |
|    ep_len_mean          | 19          |
|    ep_rew_mean          | 84.7        |
| time/                   |             |
|    fps                  | 1461        |
|    iterations           | 152         |
|    time_elapsed         | 6817        |
|    total_timesteps      | 9961472     |
| train/                  |             |
|    approx_kl            | 0.014386201 |
|    clip_fraction        | 0.292       |
|    clip_range           | 0.15        |
|    entropy_loss         | -29.5       |
|    explained_variance   | 0.999       |
|    learning_rate        | 0.0001      |
|    loss                 | -0.301      |
|    n_updates            | 2265        |
|    policy_gradient_loss | -0.0134     |
|    std                  | 1.4         |
|    value_loss           | 0.000776    |
-----------------------------------------
Eval num_timesteps=10000000, episode_reward=85.99 +/- 0.25
Episode length: 19.00 +/- 0.00
-----------------------------------------
| eval/                   |             |
|    mean_ep_length       | 19          |
|    mean_reward          | 86          |
| time/                   |             |
|    total_timesteps      | 10000000    |
| train/                  |             |
|    approx_kl            | 0.014129454 |
|    clip_fraction        | 0.296       |
|    clip_range           | 0.15        |
|    entropy_loss         | -29.5       |
|    explained_variance   | 0.999       |
|    learning_rate        | 0.0001      |
|    loss                 | -0.315      |
|    n_updates            | 2280        |
|    policy_gradient_loss | -0.0135     |
|    std                  | 1.4         |
|    value_loss           | 0.00101     |
-----------------------------------------
rollout mean regret: 0.04932066798210144
---------------------------------
| rollout/           |          |
|    ep_len_mean     | 19       |
|    ep_rew_mean     | 85.3     |
| time/              |          |
|    fps             | 1461     |
|    iterations      | 153      |
|    time_elapsed    | 6862     |
|    total_timesteps | 10027008 |
---------------------------------
rollout mean regret: 0.05532349273562431
-----------------------------------------
| rollout/                |             |
|    ep_len_mean          | 19          |
|    ep_rew_mean          | 85.3        |
| time/                   |             |
|    fps                  | 1461        |
|    iterations           | 154         |
|    time_elapsed         | 6907        |
|    total_timesteps      | 10092544    |
| train/                  |             |
|    approx_kl            | 0.013610501 |
|    clip_fraction        | 0.282       |
|    clip_range           | 0.15        |
|    entropy_loss         | -29.6       |
|    explained_variance   | 0.999       |
|    learning_rate        | 0.0001      |
|    loss                 | -0.317      |
|    n_updates            | 2295        |
|    policy_gradient_loss | -0.0132     |
|    std                  | 1.41        |
|    value_loss           | 0.00062     |
-----------------------------------------
rollout mean regret: 0.0609598383307457
-----------------------------------------
| rollout/                |             |
|    ep_len_mean          | 19          |
|    ep_rew_mean          | 85.2        |
| time/                   |             |
|    fps                  | 1461        |
|    iterations           | 155         |
|    time_elapsed         | 6952        |
|    total_timesteps      | 10158080    |
| train/                  |             |
|    approx_kl            | 0.013466923 |
|    clip_fraction        | 0.282       |
|    clip_range           | 0.15        |
|    entropy_loss         | -29.7       |
|    explained_variance   | 0.999       |
|    learning_rate        | 0.0001      |
|    loss                 | -0.311      |
|    n_updates            | 2310        |
|    policy_gradient_loss | -0.013      |
|    std                  | 1.41        |
|    value_loss           | 0.000708    |
-----------------------------------------
rollout mean regret: 0.05469858646392822
-----------------------------------------
| rollout/                |             |
|    ep_len_mean          | 19          |
|    ep_rew_mean          | 84.9        |
| time/                   |             |
|    fps                  | 1461        |
|    iterations           | 156         |
|    time_elapsed         | 6997        |
|    total_timesteps      | 10223616    |
| train/                  |             |
|    approx_kl            | 0.013629999 |
|    clip_fraction        | 0.288       |
|    clip_range           | 0.15        |
|    entropy_loss         | -29.7       |
|    explained_variance   | 0.999       |
|    learning_rate        | 0.0001      |
|    loss                 | -0.322      |
|    n_updates            | 2325        |
|    policy_gradient_loss | -0.0132     |
|    std                  | 1.42        |
|    value_loss           | 0.000644    |
-----------------------------------------
rollout mean regret: 0.05027282238006592
-----------------------------------------
| rollout/                |             |
|    ep_len_mean          | 19          |
|    ep_rew_mean          | 85          |
| time/                   |             |
|    fps                  | 1461        |
|    iterations           | 157         |
|    time_elapsed         | 7042        |
|    total_timesteps      | 10289152    |
| train/                  |             |
|    approx_kl            | 0.013312848 |
|    clip_fraction        | 0.277       |
|    clip_range           | 0.15        |
|    entropy_loss         | -29.8       |
|    explained_variance   | 0.999       |
|    learning_rate        | 0.0001      |
|    loss                 | -0.317      |
|    n_updates            | 2340        |
|    policy_gradient_loss | -0.0128     |
|    std                  | 1.43        |
|    value_loss           | 0.000723    |
-----------------------------------------
rollout mean regret: 0.05655581131577492
-----------------------------------------
| rollout/                |             |
|    ep_len_mean          | 19          |
|    ep_rew_mean          | 85          |
| time/                   |             |
|    fps                  | 1461        |
|    iterations           | 158         |
|    time_elapsed         | 7086        |
|    total_timesteps      | 10354688    |
| train/                  |             |
|    approx_kl            | 0.013973948 |
|    clip_fraction        | 0.299       |
|    clip_range           | 0.15        |
|    entropy_loss         | -29.9       |
|    explained_variance   | 0.999       |
|    learning_rate        | 0.0001      |
|    loss                 | -0.319      |
|    n_updates            | 2355        |
|    policy_gradient_loss | -0.0128     |
|    std                  | 1.43        |
|    value_loss           | 0.000926    |
-----------------------------------------
rollout mean regret: 0.06013237684965134
-----------------------------------------
| rollout/                |             |
|    ep_len_mean          | 19          |
|    ep_rew_mean          | 84.9        |
| time/                   |             |
|    fps                  | 1461        |
|    iterations           | 159         |
|    time_elapsed         | 7132        |
|    total_timesteps      | 10420224    |
| train/                  |             |
|    approx_kl            | 0.014023897 |
|    clip_fraction        | 0.289       |
|    clip_range           | 0.15        |
|    entropy_loss         | -30         |
|    explained_variance   | 0.999       |
|    learning_rate        | 0.0001      |
|    loss                 | -0.317      |
|    n_updates            | 2370        |
|    policy_gradient_loss | -0.0134     |
|    std                  | 1.44        |
|    value_loss           | 0.00084     |
-----------------------------------------
rollout mean regret: 0.049440763890743256
-----------------------------------------
| rollout/                |             |
|    ep_len_mean          | 19          |
|    ep_rew_mean          | 85          |
| time/                   |             |
|    fps                  | 1460        |
|    iterations           | 160         |
|    time_elapsed         | 7177        |
|    total_timesteps      | 10485760    |
| train/                  |             |
|    approx_kl            | 0.013957458 |
|    clip_fraction        | 0.288       |
|    clip_range           | 0.15        |
|    entropy_loss         | -30         |
|    explained_variance   | 0.999       |
|    learning_rate        | 0.0001      |
|    loss                 | -0.317      |
|    n_updates            | 2385        |
|    policy_gradient_loss | -0.0133     |
|    std                  | 1.45        |
|    value_loss           | 0.000799    |
-----------------------------------------
Eval num_timesteps=10500000, episode_reward=86.09 +/- 0.10
Episode length: 19.00 +/- 0.00
-----------------------------------------
| eval/                   |             |
|    mean_ep_length       | 19          |
|    mean_reward          | 86.1        |
| time/                   |             |
|    total_timesteps      | 10500000    |
| train/                  |             |
|    approx_kl            | 0.013578134 |
|    clip_fraction        | 0.282       |
|    clip_range           | 0.15        |
|    entropy_loss         | -30.1       |
|    explained_variance   | 0.999       |
|    learning_rate        | 0.0001      |
|    loss                 | -0.315      |
|    n_updates            | 2400        |
|    policy_gradient_loss | -0.0135     |
|    std                  | 1.45        |
|    value_loss           | 0.000665    |
-----------------------------------------
rollout mean regret: 0.04001285135746002
---------------------------------
| rollout/           |          |
|    ep_len_mean     | 19       |
|    ep_rew_mean     | 85.3     |
| time/              |          |
|    fps             | 1460     |
|    iterations      | 161      |
|    time_elapsed    | 7222     |
|    total_timesteps | 10551296 |
---------------------------------
rollout mean regret: 0.04441762715578079
-----------------------------------------
| rollout/                |             |
|    ep_len_mean          | 19          |
|    ep_rew_mean          | 85.3        |
| time/                   |             |
|    fps                  | 1460        |
|    iterations           | 162         |
|    time_elapsed         | 7267        |
|    total_timesteps      | 10616832    |
| train/                  |             |
|    approx_kl            | 0.013656036 |
|    clip_fraction        | 0.278       |
|    clip_range           | 0.15        |
|    entropy_loss         | -30.2       |
|    explained_variance   | 0.999       |
|    learning_rate        | 0.0001      |
|    loss                 | -0.318      |
|    n_updates            | 2415        |
|    policy_gradient_loss | -0.0128     |
|    std                  | 1.46        |
|    value_loss           | 0.000703    |
-----------------------------------------
rollout mean regret: 0.03879253566265106
-----------------------------------------
| rollout/                |             |
|    ep_len_mean          | 19          |
|    ep_rew_mean          | 85.3        |
| time/                   |             |
|    fps                  | 1460        |
|    iterations           | 163         |
|    time_elapsed         | 7312        |
|    total_timesteps      | 10682368    |
| train/                  |             |
|    approx_kl            | 0.013627248 |
|    clip_fraction        | 0.285       |
|    clip_range           | 0.15        |
|    entropy_loss         | -30.3       |
|    explained_variance   | 0.999       |
|    learning_rate        | 0.0001      |
|    loss                 | -0.311      |
|    n_updates            | 2430        |
|    policy_gradient_loss | -0.0135     |
|    std                  | 1.47        |
|    value_loss           | 0.000684    |
-----------------------------------------
rollout mean regret: 0.04467873275279999
------------------------------------------
| rollout/                |              |
|    ep_len_mean          | 19           |
|    ep_rew_mean          | 85.2         |
| time/                   |              |
|    fps                  | 1460         |
|    iterations           | 164          |
|    time_elapsed         | 7357         |
|    total_timesteps      | 10747904     |
| train/                  |              |
|    approx_kl            | 0.0137680005 |
|    clip_fraction        | 0.281        |
|    clip_range           | 0.15         |
|    entropy_loss         | -30.3        |
|    explained_variance   | 0.999        |
|    learning_rate        | 0.0001       |
|    loss                 | -0.317       |
|    n_updates            | 2445         |
|    policy_gradient_loss | -0.0133      |
|    std                  | 1.47         |
|    value_loss           | 0.000545     |
------------------------------------------
rollout mean regret: 0.050224147737026215
-----------------------------------------
| rollout/                |             |
|    ep_len_mean          | 19          |
|    ep_rew_mean          | 85.2        |
| time/                   |             |
|    fps                  | 1460        |
|    iterations           | 165         |
|    time_elapsed         | 7402        |
|    total_timesteps      | 10813440    |
| train/                  |             |
|    approx_kl            | 0.013063012 |
|    clip_fraction        | 0.276       |
|    clip_range           | 0.15        |
|    entropy_loss         | -30.4       |
|    explained_variance   | 0.999       |
|    learning_rate        | 0.0001      |
|    loss                 | -0.315      |
|    n_updates            | 2460        |
|    policy_gradient_loss | -0.0136     |
|    std                  | 1.48        |
|    value_loss           | 0.000631    |
-----------------------------------------
rollout mean regret: 0.0561453253030777
-----------------------------------------
| rollout/                |             |
|    ep_len_mean          | 19          |
|    ep_rew_mean          | 85          |
| time/                   |             |
|    fps                  | 1460        |
|    iterations           | 166         |
|    time_elapsed         | 7446        |
|    total_timesteps      | 10878976    |
| train/                  |             |
|    approx_kl            | 0.013736589 |
|    clip_fraction        | 0.286       |
|    clip_range           | 0.15        |
|    entropy_loss         | -30.4       |
|    explained_variance   | 0.999       |
|    learning_rate        | 0.0001      |
|    loss                 | -0.324      |
|    n_updates            | 2475        |
|    policy_gradient_loss | -0.0134     |
|    std                  | 1.48        |
|    value_loss           | 0.000782    |
-----------------------------------------
rollout mean regret: 0.06337220966815948
-----------------------------------------
| rollout/                |             |
|    ep_len_mean          | 19          |
|    ep_rew_mean          | 85.2        |
| time/                   |             |
|    fps                  | 1460        |
|    iterations           | 167         |
|    time_elapsed         | 7491        |
|    total_timesteps      | 10944512    |
| train/                  |             |
|    approx_kl            | 0.013910495 |
|    clip_fraction        | 0.286       |
|    clip_range           | 0.15        |
|    entropy_loss         | -30.5       |
|    explained_variance   | 0.999       |
|    learning_rate        | 0.0001      |
|    loss                 | -0.323      |
|    n_updates            | 2490        |
|    policy_gradient_loss | -0.0138     |
|    std                  | 1.49        |
|    value_loss           | 0.000821    |
-----------------------------------------
Eval num_timesteps=11000000, episode_reward=85.83 +/- 0.09
Episode length: 19.00 +/- 0.00
-----------------------------------------
| eval/                   |             |
|    mean_ep_length       | 19          |
|    mean_reward          | 85.8        |
| time/                   |             |
|    total_timesteps      | 11000000    |
| train/                  |             |
|    approx_kl            | 0.013096049 |
|    clip_fraction        | 0.28        |
|    clip_range           | 0.15        |
|    entropy_loss         | -30.5       |
|    explained_variance   | 0.999       |
|    learning_rate        | 0.0001      |
|    loss                 | -0.33       |
|    n_updates            | 2505        |
|    policy_gradient_loss | -0.0139     |
|    std                  | 1.49        |
|    value_loss           | 0.000574    |
-----------------------------------------
rollout mean regret: 0.05706077814102173
---------------------------------
| rollout/           |          |
|    ep_len_mean     | 19       |
|    ep_rew_mean     | 85.2     |
| time/              |          |
|    fps             | 1460     |
|    iterations      | 168      |
|    time_elapsed    | 7537     |
|    total_timesteps | 11010048 |
---------------------------------
rollout mean regret: 0.053990405052900314
-----------------------------------------
| rollout/                |             |
|    ep_len_mean          | 19          |
|    ep_rew_mean          | 85.1        |
| time/                   |             |
|    fps                  | 1460        |
|    iterations           | 169         |
|    time_elapsed         | 7582        |
|    total_timesteps      | 11075584    |
| train/                  |             |
|    approx_kl            | 0.013609387 |
|    clip_fraction        | 0.287       |
|    clip_range           | 0.15        |
|    entropy_loss         | -30.6       |
|    explained_variance   | 0.999       |
|    learning_rate        | 0.0001      |
|    loss                 | -0.324      |
|    n_updates            | 2520        |
|    policy_gradient_loss | -0.0132     |
|    std                  | 1.5         |
|    value_loss           | 0.000719    |
-----------------------------------------
rollout mean regret: 0.04829251766204834
-----------------------------------------
| rollout/                |             |
|    ep_len_mean          | 19          |
|    ep_rew_mean          | 85.1        |
| time/                   |             |
|    fps                  | 1460        |
|    iterations           | 170         |
|    time_elapsed         | 7628        |
|    total_timesteps      | 11141120    |
| train/                  |             |
|    approx_kl            | 0.013500523 |
|    clip_fraction        | 0.279       |
|    clip_range           | 0.15        |
|    entropy_loss         | -30.7       |
|    explained_variance   | 0.999       |
|    learning_rate        | 0.0001      |
|    loss                 | -0.327      |
|    n_updates            | 2535        |
|    policy_gradient_loss | -0.0133     |
|    std                  | 1.5         |
|    value_loss           | 0.000606    |
-----------------------------------------
rollout mean regret: 0.04975764453411102
------------------------------------------
| rollout/                |              |
|    ep_len_mean          | 19           |
|    ep_rew_mean          | 84.9         |
| time/                   |              |
|    fps                  | 1460         |
|    iterations           | 171          |
|    time_elapsed         | 7672         |
|    total_timesteps      | 11206656     |
| train/                  |              |
|    approx_kl            | 0.0137743745 |
|    clip_fraction        | 0.288        |
|    clip_range           | 0.15         |
|    entropy_loss         | -30.7        |
|    explained_variance   | 0.999        |
|    learning_rate        | 0.0001       |
|    loss                 | -0.322       |
|    n_updates            | 2550         |
|    policy_gradient_loss | -0.0133      |
|    std                  | 1.51         |
|    value_loss           | 0.000749     |
------------------------------------------
rollout mean regret: 0.05096649378538132
-----------------------------------------
| rollout/                |             |
|    ep_len_mean          | 19          |
|    ep_rew_mean          | 85.2        |
| time/                   |             |
|    fps                  | 1460        |
|    iterations           | 172         |
|    time_elapsed         | 7717        |
|    total_timesteps      | 11272192    |
| train/                  |             |
|    approx_kl            | 0.013657431 |
|    clip_fraction        | 0.287       |
|    clip_range           | 0.15        |
|    entropy_loss         | -30.8       |
|    explained_variance   | 0.999       |
|    learning_rate        | 0.0001      |
|    loss                 | -0.331      |
|    n_updates            | 2565        |
|    policy_gradient_loss | -0.0137     |
|    std                  | 1.52        |
|    value_loss           | 0.000719    |
-----------------------------------------
rollout mean regret: 0.04652827978134155
-----------------------------------------
| rollout/                |             |
|    ep_len_mean          | 19          |
|    ep_rew_mean          | 85.1        |
| time/                   |             |
|    fps                  | 1460        |
|    iterations           | 173         |
|    time_elapsed         | 7762        |
|    total_timesteps      | 11337728    |
| train/                  |             |
|    approx_kl            | 0.013381338 |
|    clip_fraction        | 0.284       |
|    clip_range           | 0.15        |
|    entropy_loss         | -30.9       |
|    explained_variance   | 0.999       |
|    learning_rate        | 0.0001      |
|    loss                 | -0.322      |
|    n_updates            | 2580        |
|    policy_gradient_loss | -0.0136     |
|    std                  | 1.52        |
|    value_loss           | 0.000739    |
-----------------------------------------
rollout mean regret: 0.04332864657044411
----------------------------------------
| rollout/                |            |
|    ep_len_mean          | 19         |
|    ep_rew_mean          | 84.9       |
| time/                   |            |
|    fps                  | 1460       |
|    iterations           | 174        |
|    time_elapsed         | 7807       |
|    total_timesteps      | 11403264   |
| train/                  |            |
|    approx_kl            | 0.01279699 |
|    clip_fraction        | 0.271      |
|    clip_range           | 0.15       |
|    entropy_loss         | -30.9      |
|    explained_variance   | 0.999      |
|    learning_rate        | 0.0001     |
|    loss                 | -0.325     |
|    n_updates            | 2595       |
|    policy_gradient_loss | -0.0138    |
|    std                  | 1.53       |
|    value_loss           | 0.000582   |
----------------------------------------
rollout mean regret: 0.04548085480928421
----------------------------------------
| rollout/                |            |
|    ep_len_mean          | 19         |
|    ep_rew_mean          | 85.2       |
| time/                   |            |
|    fps                  | 1460       |
|    iterations           | 175        |
|    time_elapsed         | 7852       |
|    total_timesteps      | 11468800   |
| train/                  |            |
|    approx_kl            | 0.01359815 |
|    clip_fraction        | 0.287      |
|    clip_range           | 0.15       |
|    entropy_loss         | -31        |
|    explained_variance   | 0.999      |
|    learning_rate        | 0.0001     |
|    loss                 | -0.332     |
|    n_updates            | 2610       |
|    policy_gradient_loss | -0.0141    |
|    std                  | 1.53       |
|    value_loss           | 0.000718   |
----------------------------------------
Eval num_timesteps=11500000, episode_reward=85.96 +/- 0.21
Episode length: 19.00 +/- 0.00
-----------------------------------------
| eval/                   |             |
|    mean_ep_length       | 19          |
|    mean_reward          | 86          |
| time/                   |             |
|    total_timesteps      | 11500000    |
| train/                  |             |
|    approx_kl            | 0.013312316 |
|    clip_fraction        | 0.279       |
|    clip_range           | 0.15        |
|    entropy_loss         | -31         |
|    explained_variance   | 0.999       |
|    learning_rate        | 0.0001      |
|    loss                 | -0.333      |
|    n_updates            | 2625        |
|    policy_gradient_loss | -0.0138     |
|    std                  | 1.54        |
|    value_loss           | 0.000531    |
-----------------------------------------
rollout mean regret: 0.04455312341451645
---------------------------------
| rollout/           |          |
|    ep_len_mean     | 19       |
|    ep_rew_mean     | 85.1     |
| time/              |          |
|    fps             | 1460     |
|    iterations      | 176      |
|    time_elapsed    | 7897     |
|    total_timesteps | 11534336 |
---------------------------------
rollout mean regret: 0.04227011650800705
-----------------------------------------
| rollout/                |             |
|    ep_len_mean          | 19          |
|    ep_rew_mean          | 85.3        |
| time/                   |             |
|    fps                  | 1460        |
|    iterations           | 177         |
|    time_elapsed         | 7942        |
|    total_timesteps      | 11599872    |
| train/                  |             |
|    approx_kl            | 0.013847421 |
|    clip_fraction        | 0.289       |
|    clip_range           | 0.15        |
|    entropy_loss         | -31.1       |
|    explained_variance   | 0.999       |
|    learning_rate        | 0.0001      |
|    loss                 | -0.335      |
|    n_updates            | 2640        |
|    policy_gradient_loss | -0.0132     |
|    std                  | 1.55        |
|    value_loss           | 0.000696    |
-----------------------------------------
rollout mean regret: 0.04708656296133995
-----------------------------------------
| rollout/                |             |
|    ep_len_mean          | 19          |
|    ep_rew_mean          | 85.1        |
| time/                   |             |
|    fps                  | 1460        |
|    iterations           | 178         |
|    time_elapsed         | 7988        |
|    total_timesteps      | 11665408    |
| train/                  |             |
|    approx_kl            | 0.012995263 |
|    clip_fraction        | 0.275       |
|    clip_range           | 0.15        |
|    entropy_loss         | -31.2       |
|    explained_variance   | 0.999       |
|    learning_rate        | 0.0001      |
|    loss                 | -0.327      |
|    n_updates            | 2655        |
|    policy_gradient_loss | -0.0132     |
|    std                  | 1.55        |
|    value_loss           | 0.000661    |
-----------------------------------------
rollout mean regret: 0.04721429944038391
----------------------------------------
| rollout/                |            |
|    ep_len_mean          | 19         |
|    ep_rew_mean          | 85.1       |
| time/                   |            |
|    fps                  | 1460       |
|    iterations           | 179        |
|    time_elapsed         | 8032       |
|    total_timesteps      | 11730944   |
| train/                  |            |
|    approx_kl            | 0.01291765 |
|    clip_fraction        | 0.271      |
|    clip_range           | 0.15       |
|    entropy_loss         | -31.2      |
|    explained_variance   | 0.999      |
|    learning_rate        | 0.0001     |
|    loss                 | -0.322     |
|    n_updates            | 2670       |
|    policy_gradient_loss | -0.0136    |
|    std                  | 1.55       |
|    value_loss           | 0.000481   |
----------------------------------------
rollout mean regret: 0.053366243839263916
-----------------------------------------
| rollout/                |             |
|    ep_len_mean          | 19          |
|    ep_rew_mean          | 85          |
| time/                   |             |
|    fps                  | 1460        |
|    iterations           | 180         |
|    time_elapsed         | 8078        |
|    total_timesteps      | 11796480    |
| train/                  |             |
|    approx_kl            | 0.013128499 |
|    clip_fraction        | 0.283       |
|    clip_range           | 0.15        |
|    entropy_loss         | -31.3       |
|    explained_variance   | 0.999       |
|    learning_rate        | 0.0001      |
|    loss                 | -0.321      |
|    n_updates            | 2685        |
|    policy_gradient_loss | -0.0131     |
|    std                  | 1.56        |
|    value_loss           | 0.000713    |
-----------------------------------------
rollout mean regret: 0.043832696974277496
-----------------------------------------
| rollout/                |             |
|    ep_len_mean          | 19          |
|    ep_rew_mean          | 85          |
| time/                   |             |
|    fps                  | 1460        |
|    iterations           | 181         |
|    time_elapsed         | 8123        |
|    total_timesteps      | 11862016    |
| train/                  |             |
|    approx_kl            | 0.013264184 |
|    clip_fraction        | 0.28        |
|    clip_range           | 0.15        |
|    entropy_loss         | -31.3       |
|    explained_variance   | 0.999       |
|    learning_rate        | 0.0001      |
|    loss                 | -0.336      |
|    n_updates            | 2700        |
|    policy_gradient_loss | -0.0138     |
|    std                  | 1.57        |
|    value_loss           | 0.000594    |
-----------------------------------------
rollout mean regret: 0.05437396466732025
----------------------------------------
| rollout/                |            |
|    ep_len_mean          | 19         |
|    ep_rew_mean          | 85.1       |
| time/                   |            |
|    fps                  | 1460       |
|    iterations           | 182        |
|    time_elapsed         | 8168       |
|    total_timesteps      | 11927552   |
| train/                  |            |
|    approx_kl            | 0.01378183 |
|    clip_fraction        | 0.287      |
|    clip_range           | 0.15       |
|    entropy_loss         | -31.4      |
|    explained_variance   | 0.999      |
|    learning_rate        | 0.0001     |
|    loss                 | -0.332     |
|    n_updates            | 2715       |
|    policy_gradient_loss | -0.0137    |
|    std                  | 1.57       |
|    value_loss           | 0.000663   |
----------------------------------------
rollout mean regret: 0.04818765074014664
-----------------------------------------
| rollout/                |             |
|    ep_len_mean          | 19          |
|    ep_rew_mean          | 85.1        |
| time/                   |             |
|    fps                  | 1460        |
|    iterations           | 183         |
|    time_elapsed         | 8213        |
|    total_timesteps      | 11993088    |
| train/                  |             |
|    approx_kl            | 0.013394283 |
|    clip_fraction        | 0.279       |
|    clip_range           | 0.15        |
|    entropy_loss         | -31.5       |
|    explained_variance   | 0.999       |
|    learning_rate        | 0.0001      |
|    loss                 | -0.33       |
|    n_updates            | 2730        |
|    policy_gradient_loss | -0.0133     |
|    std                  | 1.58        |
|    value_loss           | 0.000724    |
-----------------------------------------
Eval num_timesteps=12000000, episode_reward=85.71 +/- 0.18
Episode length: 19.00 +/- 0.00
-----------------------------------------
| eval/                   |             |
|    mean_ep_length       | 19          |
|    mean_reward          | 85.7        |
| time/                   |             |
|    total_timesteps      | 12000000    |
| train/                  |             |
|    approx_kl            | 0.013349682 |
|    clip_fraction        | 0.278       |
|    clip_range           | 0.15        |
|    entropy_loss         | -31.5       |
|    explained_variance   | 0.999       |
|    learning_rate        | 0.0001      |
|    loss                 | -0.336      |
|    n_updates            | 2745        |
|    policy_gradient_loss | -0.0139     |
|    std                  | 1.59        |
|    value_loss           | 0.000614    |
-----------------------------------------
rollout mean regret: 0.03949878364801407
---------------------------------
| rollout/           |          |
|    ep_len_mean     | 19       |
|    ep_rew_mean     | 85.3     |
| time/              |          |
|    fps             | 1460     |
|    iterations      | 184      |
|    time_elapsed    | 8258     |
|    total_timesteps | 12058624 |
---------------------------------
rollout mean regret: 0.038462936878204346
-----------------------------------------
| rollout/                |             |
|    ep_len_mean          | 19          |
|    ep_rew_mean          | 85.3        |
| time/                   |             |
|    fps                  | 1460        |
|    iterations           | 185         |
|    time_elapsed         | 8303        |
|    total_timesteps      | 12124160    |
| train/                  |             |
|    approx_kl            | 0.013622183 |
|    clip_fraction        | 0.278       |
|    clip_range           | 0.15        |
|    entropy_loss         | -31.6       |
|    explained_variance   | 0.999       |
|    learning_rate        | 0.0001      |
|    loss                 | -0.332      |
|    n_updates            | 2760        |
|    policy_gradient_loss | -0.0137     |
|    std                  | 1.59        |
|    value_loss           | 0.00061     |
-----------------------------------------
rollout mean regret: 0.04247867316007614
-----------------------------------------
| rollout/                |             |
|    ep_len_mean          | 19          |
|    ep_rew_mean          | 85.2        |
| time/                   |             |
|    fps                  | 1460        |
|    iterations           | 186         |
|    time_elapsed         | 8348        |
|    total_timesteps      | 12189696    |
| train/                  |             |
|    approx_kl            | 0.013498295 |
|    clip_fraction        | 0.275       |
|    clip_range           | 0.15        |
|    entropy_loss         | -31.7       |
|    explained_variance   | 0.999       |
|    learning_rate        | 0.0001      |
|    loss                 | -0.336      |
|    n_updates            | 2775        |
|    policy_gradient_loss | -0.0132     |
|    std                  | 1.6         |
|    value_loss           | 0.000598    |
-----------------------------------------
rollout mean regret: 0.045914292335510254
-----------------------------------------
| rollout/                |             |
|    ep_len_mean          | 19          |
|    ep_rew_mean          | 85.2        |
| time/                   |             |
|    fps                  | 1460        |
|    iterations           | 187         |
|    time_elapsed         | 8393        |
|    total_timesteps      | 12255232    |
| train/                  |             |
|    approx_kl            | 0.013010656 |
|    clip_fraction        | 0.272       |
|    clip_range           | 0.15        |
|    entropy_loss         | -31.7       |
|    explained_variance   | 0.999       |
|    learning_rate        | 0.0001      |
|    loss                 | -0.331      |
|    n_updates            | 2790        |
|    policy_gradient_loss | -0.0131     |
|    std                  | 1.61        |
|    value_loss           | 0.000569    |
-----------------------------------------
rollout mean regret: 0.03700071573257446
------------------------------------------
| rollout/                |              |
|    ep_len_mean          | 19           |
|    ep_rew_mean          | 85.1         |
| time/                   |              |
|    fps                  | 1460         |
|    iterations           | 188          |
|    time_elapsed         | 8438         |
|    total_timesteps      | 12320768     |
| train/                  |              |
|    approx_kl            | 0.0131865535 |
|    clip_fraction        | 0.273        |
|    clip_range           | 0.15         |
|    entropy_loss         | -31.8        |
|    explained_variance   | 0.999        |
|    learning_rate        | 0.0001       |
|    loss                 | -0.339       |
|    n_updates            | 2805         |
|    policy_gradient_loss | -0.0136      |
|    std                  | 1.61         |
|    value_loss           | 0.000587     |
------------------------------------------
rollout mean regret: 0.04236672818660736
-----------------------------------------
| rollout/                |             |
|    ep_len_mean          | 19          |
|    ep_rew_mean          | 85.1        |
| time/                   |             |
|    fps                  | 1460        |
|    iterations           | 189         |
|    time_elapsed         | 8482        |
|    total_timesteps      | 12386304    |
| train/                  |             |
|    approx_kl            | 0.013846282 |
|    clip_fraction        | 0.286       |
|    clip_range           | 0.15        |
|    entropy_loss         | -31.9       |
|    explained_variance   | 0.999       |
|    learning_rate        | 0.0001      |
|    loss                 | -0.331      |
|    n_updates            | 2820        |
|    policy_gradient_loss | -0.0135     |
|    std                  | 1.62        |
|    value_loss           | 0.000669    |
-----------------------------------------
rollout mean regret: 0.0396980457007885
-----------------------------------------
| rollout/                |             |
|    ep_len_mean          | 19          |
|    ep_rew_mean          | 85.3        |
| time/                   |             |
|    fps                  | 1460        |
|    iterations           | 190         |
|    time_elapsed         | 8527        |
|    total_timesteps      | 12451840    |
| train/                  |             |
|    approx_kl            | 0.013633692 |
|    clip_fraction        | 0.283       |
|    clip_range           | 0.15        |
|    entropy_loss         | -31.9       |
|    explained_variance   | 0.999       |
|    learning_rate        | 0.0001      |
|    loss                 | -0.337      |
|    n_updates            | 2835        |
|    policy_gradient_loss | -0.014      |
|    std                  | 1.63        |
|    value_loss           | 0.000573    |
-----------------------------------------
Eval num_timesteps=12500000, episode_reward=85.72 +/- 0.19
Episode length: 19.00 +/- 0.00
-----------------------------------------
| eval/                   |             |
|    mean_ep_length       | 19          |
|    mean_reward          | 85.7        |
| time/                   |             |
|    total_timesteps      | 12500000    |
| train/                  |             |
|    approx_kl            | 0.013409077 |
|    clip_fraction        | 0.278       |
|    clip_range           | 0.15        |
|    entropy_loss         | -32         |
|    explained_variance   | 0.999       |
|    learning_rate        | 0.0001      |
|    loss                 | -0.341      |
|    n_updates            | 2850        |
|    policy_gradient_loss | -0.0136     |
|    std                  | 1.63        |
|    value_loss           | 0.00065     |
-----------------------------------------
rollout mean regret: 0.0438164547085762
---------------------------------
| rollout/           |          |
|    ep_len_mean     | 19       |
|    ep_rew_mean     | 85.2     |
| time/              |          |
|    fps             | 1460     |
|    iterations      | 191      |
|    time_elapsed    | 8573     |
|    total_timesteps | 12517376 |
---------------------------------
rollout mean regret: 0.04174079746007919
-----------------------------------------
| rollout/                |             |
|    ep_len_mean          | 19          |
|    ep_rew_mean          | 84.9        |
| time/                   |             |
|    fps                  | 1460        |
|    iterations           | 192         |
|    time_elapsed         | 8617        |
|    total_timesteps      | 12582912    |
| train/                  |             |
|    approx_kl            | 0.013211457 |
|    clip_fraction        | 0.28        |
|    clip_range           | 0.15        |
|    entropy_loss         | -32.1       |
|    explained_variance   | 0.999       |
|    learning_rate        | 0.0001      |
|    loss                 | -0.344      |
|    n_updates            | 2865        |
|    policy_gradient_loss | -0.0136     |
|    std                  | 1.64        |
|    value_loss           | 0.000631    |
-----------------------------------------
rollout mean regret: 0.046033889055252075
-----------------------------------------
| rollout/                |             |
|    ep_len_mean          | 19          |
|    ep_rew_mean          | 85.1        |
| time/                   |             |
|    fps                  | 1460        |
|    iterations           | 193         |
|    time_elapsed         | 8662        |
|    total_timesteps      | 12648448    |
| train/                  |             |
|    approx_kl            | 0.012924502 |
|    clip_fraction        | 0.275       |
|    clip_range           | 0.15        |
|    entropy_loss         | -32.1       |
|    explained_variance   | 0.999       |
|    learning_rate        | 0.0001      |
|    loss                 | -0.335      |
|    n_updates            | 2880        |
|    policy_gradient_loss | -0.0142     |
|    std                  | 1.65        |
|    value_loss           | 0.000585    |
-----------------------------------------
rollout mean regret: 0.04773612320423126
-----------------------------------------
| rollout/                |             |
|    ep_len_mean          | 19          |
|    ep_rew_mean          | 85.3        |
| time/                   |             |
|    fps                  | 1460        |
|    iterations           | 194         |
|    time_elapsed         | 8707        |
|    total_timesteps      | 12713984    |
| train/                  |             |
|    approx_kl            | 0.012947265 |
|    clip_fraction        | 0.276       |
|    clip_range           | 0.15        |
|    entropy_loss         | -32.2       |
|    explained_variance   | 0.999       |
|    learning_rate        | 0.0001      |
|    loss                 | -0.344      |
|    n_updates            | 2895        |
|    policy_gradient_loss | -0.0141     |
|    std                  | 1.65        |
|    value_loss           | 0.000575    |
-----------------------------------------
rollout mean regret: 0.05143282189965248
-----------------------------------------
| rollout/                |             |
|    ep_len_mean          | 19          |
|    ep_rew_mean          | 85.2        |
| time/                   |             |
|    fps                  | 1459        |
|    iterations           | 195         |
|    time_elapsed         | 8753        |
|    total_timesteps      | 12779520    |
| train/                  |             |
|    approx_kl            | 0.012580596 |
|    clip_fraction        | 0.268       |
|    clip_range           | 0.15        |
|    entropy_loss         | -32.3       |
|    explained_variance   | 0.999       |
|    learning_rate        | 0.0001      |
|    loss                 | -0.349      |
|    n_updates            | 2910        |
|    policy_gradient_loss | -0.0132     |
|    std                  | 1.66        |
|    value_loss           | 0.000635    |
-----------------------------------------
rollout mean regret: 0.05530518293380737
-----------------------------------------
| rollout/                |             |
|    ep_len_mean          | 19          |
|    ep_rew_mean          | 85.1        |
| time/                   |             |
|    fps                  | 1459        |
|    iterations           | 196         |
|    time_elapsed         | 8799        |
|    total_timesteps      | 12845056    |
| train/                  |             |
|    approx_kl            | 0.013523804 |
|    clip_fraction        | 0.277       |
|    clip_range           | 0.15        |
|    entropy_loss         | -32.3       |
|    explained_variance   | 0.999       |
|    learning_rate        | 0.0001      |
|    loss                 | -0.346      |
|    n_updates            | 2925        |
|    policy_gradient_loss | -0.0142     |
|    std                  | 1.67        |
|    value_loss           | 0.000626    |
-----------------------------------------
rollout mean regret: 0.053351934999227524
----------------------------------------
| rollout/                |            |
|    ep_len_mean          | 19         |
|    ep_rew_mean          | 85.1       |
| time/                   |            |
|    fps                  | 1459       |
|    iterations           | 197        |
|    time_elapsed         | 8844       |
|    total_timesteps      | 12910592   |
| train/                  |            |
|    approx_kl            | 0.01317545 |
|    clip_fraction        | 0.274      |
|    clip_range           | 0.15       |
|    entropy_loss         | -32.4      |
|    explained_variance   | 0.999      |
|    learning_rate        | 0.0001     |
|    loss                 | -0.343     |
|    n_updates            | 2940       |
|    policy_gradient_loss | -0.0138    |
|    std                  | 1.67       |
|    value_loss           | 0.000639   |
----------------------------------------
rollout mean regret: 0.0574939139187336
-----------------------------------------
| rollout/                |             |
|    ep_len_mean          | 19          |
|    ep_rew_mean          | 85.2        |
| time/                   |             |
|    fps                  | 1459        |
|    iterations           | 198         |
|    time_elapsed         | 8889        |
|    total_timesteps      | 12976128    |
| train/                  |             |
|    approx_kl            | 0.012991531 |
|    clip_fraction        | 0.273       |
|    clip_range           | 0.15        |
|    entropy_loss         | -32.4       |
|    explained_variance   | 0.999       |
|    learning_rate        | 0.0001      |
|    loss                 | -0.344      |
|    n_updates            | 2955        |
|    policy_gradient_loss | -0.0137     |
|    std                  | 1.68        |
|    value_loss           | 0.000613    |
-----------------------------------------
Eval num_timesteps=13000000, episode_reward=85.68 +/- 0.12
Episode length: 19.00 +/- 0.00
-----------------------------------------
| eval/                   |             |
|    mean_ep_length       | 19          |
|    mean_reward          | 85.7        |
| time/                   |             |
|    total_timesteps      | 13000000    |
| train/                  |             |
|    approx_kl            | 0.013291913 |
|    clip_fraction        | 0.283       |
|    clip_range           | 0.15        |
|    entropy_loss         | -32.5       |
|    explained_variance   | 0.999       |
|    learning_rate        | 0.0001      |
|    loss                 | -0.343      |
|    n_updates            | 2970        |
|    policy_gradient_loss | -0.0138     |
|    std                  | 1.68        |
|    value_loss           | 0.000606    |
-----------------------------------------
rollout mean regret: 0.053047966212034225
---------------------------------
| rollout/           |          |
|    ep_len_mean     | 19       |
|    ep_rew_mean     | 85.1     |
| time/              |          |
|    fps             | 1459     |
|    iterations      | 199      |
|    time_elapsed    | 8934     |
|    total_timesteps | 13041664 |
---------------------------------
rollout mean regret: 0.0559619665145874
-----------------------------------------
| rollout/                |             |
|    ep_len_mean          | 19          |
|    ep_rew_mean          | 85          |
| time/                   |             |
|    fps                  | 1459        |
|    iterations           | 200         |
|    time_elapsed         | 8978        |
|    total_timesteps      | 13107200    |
| train/                  |             |
|    approx_kl            | 0.013043001 |
|    clip_fraction        | 0.272       |
|    clip_range           | 0.15        |
|    entropy_loss         | -32.6       |
|    explained_variance   | 0.999       |
|    learning_rate        | 0.0001      |
|    loss                 | -0.346      |
|    n_updates            | 2985        |
|    policy_gradient_loss | -0.0133     |
|    std                  | 1.69        |
|    value_loss           | 0.000487    |
-----------------------------------------
rollout mean regret: 0.05371654033660889
-----------------------------------------
| rollout/                |             |
|    ep_len_mean          | 19          |
|    ep_rew_mean          | 85.2        |
| time/                   |             |
|    fps                  | 1459        |
|    iterations           | 201         |
|    time_elapsed         | 9023        |
|    total_timesteps      | 13172736    |
| train/                  |             |
|    approx_kl            | 0.013465356 |
|    clip_fraction        | 0.282       |
|    clip_range           | 0.15        |
|    entropy_loss         | -32.6       |
|    explained_variance   | 0.999       |
|    learning_rate        | 0.0001      |
|    loss                 | -0.351      |
|    n_updates            | 3000        |
|    policy_gradient_loss | -0.0141     |
|    std                  | 1.7         |
|    value_loss           | 0.000569    |
-----------------------------------------
rollout mean regret: 0.054124865680933
-----------------------------------------
| rollout/                |             |
|    ep_len_mean          | 19          |
|    ep_rew_mean          | 85.1        |
| time/                   |             |
|    fps                  | 1459        |
|    iterations           | 202         |
|    time_elapsed         | 9068        |
|    total_timesteps      | 13238272    |
| train/                  |             |
|    approx_kl            | 0.012758172 |
|    clip_fraction        | 0.271       |
|    clip_range           | 0.15        |
|    entropy_loss         | -32.7       |
|    explained_variance   | 0.999       |
|    learning_rate        | 0.0001      |
|    loss                 | -0.349      |
|    n_updates            | 3015        |
|    policy_gradient_loss | -0.0143     |
|    std                  | 1.7         |
|    value_loss           | 0.000476    |
-----------------------------------------
rollout mean regret: 0.043360814452171326
-----------------------------------------
| rollout/                |             |
|    ep_len_mean          | 19          |
|    ep_rew_mean          | 85          |
| time/                   |             |
|    fps                  | 1459        |
|    iterations           | 203         |
|    time_elapsed         | 9113        |
|    total_timesteps      | 13303808    |
| train/                  |             |
|    approx_kl            | 0.012774734 |
|    clip_fraction        | 0.27        |
|    clip_range           | 0.15        |
|    entropy_loss         | -32.7       |
|    explained_variance   | 0.999       |
|    learning_rate        | 0.0001      |
|    loss                 | -0.35       |
|    n_updates            | 3030        |
|    policy_gradient_loss | -0.0136     |
|    std                  | 1.71        |
|    value_loss           | 0.000499    |
-----------------------------------------
rollout mean regret: 0.04730109125375748
-----------------------------------------
| rollout/                |             |
|    ep_len_mean          | 19          |
|    ep_rew_mean          | 85.1        |
| time/                   |             |
|    fps                  | 1459        |
|    iterations           | 204         |
|    time_elapsed         | 9158        |
|    total_timesteps      | 13369344    |
| train/                  |             |
|    approx_kl            | 0.013454569 |
|    clip_fraction        | 0.275       |
|    clip_range           | 0.15        |
|    entropy_loss         | -32.8       |
|    explained_variance   | 0.999       |
|    learning_rate        | 0.0001      |
|    loss                 | -0.352      |
|    n_updates            | 3045        |
|    policy_gradient_loss | -0.0134     |
|    std                  | 1.72        |
|    value_loss           | 0.000591    |
-----------------------------------------
rollout mean regret: 0.04364259913563728
-----------------------------------------
| rollout/                |             |
|    ep_len_mean          | 19          |
|    ep_rew_mean          | 85.2        |
| time/                   |             |
|    fps                  | 1459        |
|    iterations           | 205         |
|    time_elapsed         | 9203        |
|    total_timesteps      | 13434880    |
| train/                  |             |
|    approx_kl            | 0.013028563 |
|    clip_fraction        | 0.273       |
|    clip_range           | 0.15        |
|    entropy_loss         | -32.9       |
|    explained_variance   | 0.999       |
|    learning_rate        | 0.0001      |
|    loss                 | -0.343      |
|    n_updates            | 3060        |
|    policy_gradient_loss | -0.013      |
|    std                  | 1.72        |
|    value_loss           | 0.000589    |
-----------------------------------------
Eval num_timesteps=13500000, episode_reward=85.74 +/- 0.08
Episode length: 19.00 +/- 0.00
-----------------------------------------
| eval/                   |             |
|    mean_ep_length       | 19          |
|    mean_reward          | 85.7        |
| time/                   |             |
|    total_timesteps      | 13500000    |
| train/                  |             |
|    approx_kl            | 0.012937525 |
|    clip_fraction        | 0.264       |
|    clip_range           | 0.15        |
|    entropy_loss         | -33         |
|    explained_variance   | 1           |
|    learning_rate        | 0.0001      |
|    loss                 | -0.349      |
|    n_updates            | 3075        |
|    policy_gradient_loss | -0.0136     |
|    std                  | 1.73        |
|    value_loss           | 0.000406    |
-----------------------------------------
rollout mean regret: 0.043881967663764954
---------------------------------
| rollout/           |          |
|    ep_len_mean     | 19       |
|    ep_rew_mean     | 85.1     |
| time/              |          |
|    fps             | 1459     |
|    iterations      | 206      |
|    time_elapsed    | 9248     |
|    total_timesteps | 13500416 |
---------------------------------
rollout mean regret: 0.039256952702999115
-----------------------------------------
| rollout/                |             |
|    ep_len_mean          | 19          |
|    ep_rew_mean          | 85.1        |
| time/                   |             |
|    fps                  | 1459        |
|    iterations           | 207         |
|    time_elapsed         | 9293        |
|    total_timesteps      | 13565952    |
| train/                  |             |
|    approx_kl            | 0.012628129 |
|    clip_fraction        | 0.27        |
|    clip_range           | 0.15        |
|    entropy_loss         | -33         |
|    explained_variance   | 0.999       |
|    learning_rate        | 0.0001      |
|    loss                 | -0.344      |
|    n_updates            | 3090        |
|    policy_gradient_loss | -0.0134     |
|    std                  | 1.74        |
|    value_loss           | 0.000525    |
-----------------------------------------
rollout mean regret: 0.04036460071802139
-----------------------------------------
| rollout/                |             |
|    ep_len_mean          | 19          |
|    ep_rew_mean          | 84.9        |
| time/                   |             |
|    fps                  | 1459        |
|    iterations           | 208         |
|    time_elapsed         | 9338        |
|    total_timesteps      | 13631488    |
| train/                  |             |
|    approx_kl            | 0.012923627 |
|    clip_fraction        | 0.272       |
|    clip_range           | 0.15        |
|    entropy_loss         | -33.1       |
|    explained_variance   | 0.999       |
|    learning_rate        | 0.0001      |
|    loss                 | -0.35       |
|    n_updates            | 3105        |
|    policy_gradient_loss | -0.0134     |
|    std                  | 1.74        |
|    value_loss           | 0.000537    |
-----------------------------------------
rollout mean regret: 0.04144033044576645
-----------------------------------------
| rollout/                |             |
|    ep_len_mean          | 19          |
|    ep_rew_mean          | 85.2        |
| time/                   |             |
|    fps                  | 1459        |
|    iterations           | 209         |
|    time_elapsed         | 9383        |
|    total_timesteps      | 13697024    |
| train/                  |             |
|    approx_kl            | 0.012616322 |
|    clip_fraction        | 0.266       |
|    clip_range           | 0.15        |
|    entropy_loss         | -33.2       |
|    explained_variance   | 0.999       |
|    learning_rate        | 0.0001      |
|    loss                 | -0.358      |
|    n_updates            | 3120        |
|    policy_gradient_loss | -0.0133     |
|    std                  | 1.75        |
|    value_loss           | 0.0005      |
-----------------------------------------
rollout mean regret: 0.04122522100806236
-----------------------------------------
| rollout/                |             |
|    ep_len_mean          | 19          |
|    ep_rew_mean          | 85.2        |
| time/                   |             |
|    fps                  | 1459        |
|    iterations           | 210         |
|    time_elapsed         | 9429        |
|    total_timesteps      | 13762560    |
| train/                  |             |
|    approx_kl            | 0.012266573 |
|    clip_fraction        | 0.26        |
|    clip_range           | 0.15        |
|    entropy_loss         | -33.2       |
|    explained_variance   | 1           |
|    learning_rate        | 0.0001      |
|    loss                 | -0.354      |
|    n_updates            | 3135        |
|    policy_gradient_loss | -0.0133     |
|    std                  | 1.76        |
|    value_loss           | 0.000396    |
-----------------------------------------
rollout mean regret: 0.03989335149526596
-----------------------------------------
| rollout/                |             |
|    ep_len_mean          | 19          |
|    ep_rew_mean          | 85          |
| time/                   |             |
|    fps                  | 1459        |
|    iterations           | 211         |
|    time_elapsed         | 9474        |
|    total_timesteps      | 13828096    |
| train/                  |             |
|    approx_kl            | 0.012988152 |
|    clip_fraction        | 0.274       |
|    clip_range           | 0.15        |
|    entropy_loss         | -33.3       |
|    explained_variance   | 0.999       |
|    learning_rate        | 0.0001      |
|    loss                 | -0.356      |
|    n_updates            | 3150        |
|    policy_gradient_loss | -0.0133     |
|    std                  | 1.77        |
|    value_loss           | 0.000481    |
-----------------------------------------
rollout mean regret: 0.03771575912833214
----------------------------------------
| rollout/                |            |
|    ep_len_mean          | 19         |
|    ep_rew_mean          | 85         |
| time/                   |            |
|    fps                  | 1459       |
|    iterations           | 212        |
|    time_elapsed         | 9519       |
|    total_timesteps      | 13893632   |
| train/                  |            |
|    approx_kl            | 0.01283974 |
|    clip_fraction        | 0.265      |
|    clip_range           | 0.15       |
|    entropy_loss         | -33.4      |
|    explained_variance   | 1          |
|    learning_rate        | 0.0001     |
|    loss                 | -0.346     |
|    n_updates            | 3165       |
|    policy_gradient_loss | -0.0128    |
|    std                  | 1.78       |
|    value_loss           | 0.000371   |
----------------------------------------
rollout mean regret: 0.042156003415584564
-----------------------------------------
| rollout/                |             |
|    ep_len_mean          | 19          |
|    ep_rew_mean          | 85          |
| time/                   |             |
|    fps                  | 1459        |
|    iterations           | 213         |
|    time_elapsed         | 9564        |
|    total_timesteps      | 13959168    |
| train/                  |             |
|    approx_kl            | 0.013567159 |
|    clip_fraction        | 0.281       |
|    clip_range           | 0.15        |
|    entropy_loss         | -33.4       |
|    explained_variance   | 0.999       |
|    learning_rate        | 0.0001      |
|    loss                 | -0.357      |
|    n_updates            | 3180        |
|    policy_gradient_loss | -0.0133     |
|    std                  | 1.79        |
|    value_loss           | 0.000685    |
-----------------------------------------
Eval num_timesteps=14000000, episode_reward=85.81 +/- 0.19
Episode length: 19.00 +/- 0.00
-----------------------------------------
| eval/                   |             |
|    mean_ep_length       | 19          |
|    mean_reward          | 85.8        |
| time/                   |             |
|    total_timesteps      | 14000000    |
| train/                  |             |
|    approx_kl            | 0.013599075 |
|    clip_fraction        | 0.283       |
|    clip_range           | 0.15        |
|    entropy_loss         | -33.5       |
|    explained_variance   | 0.999       |
|    learning_rate        | 0.0001      |
|    loss                 | -0.353      |
|    n_updates            | 3195        |
|    policy_gradient_loss | -0.014      |
|    std                  | 1.79        |
|    value_loss           | 0.000624    |
-----------------------------------------
rollout mean regret: 0.04333856329321861
---------------------------------
| rollout/           |          |
|    ep_len_mean     | 19       |
|    ep_rew_mean     | 85.1     |
| time/              |          |
|    fps             | 1459     |
|    iterations      | 214      |
|    time_elapsed    | 9609     |
|    total_timesteps | 14024704 |
---------------------------------
rollout mean regret: 0.04824037104845047
----------------------------------------
| rollout/                |            |
|    ep_len_mean          | 19         |
|    ep_rew_mean          | 85.1       |
| time/                   |            |
|    fps                  | 1459       |
|    iterations           | 215        |
|    time_elapsed         | 9653       |
|    total_timesteps      | 14090240   |
| train/                  |            |
|    approx_kl            | 0.01328631 |
|    clip_fraction        | 0.275      |
|    clip_range           | 0.15       |
|    entropy_loss         | -33.6      |
|    explained_variance   | 0.999      |
|    learning_rate        | 0.0001     |
|    loss                 | -0.345     |
|    n_updates            | 3210       |
|    policy_gradient_loss | -0.0137    |
|    std                  | 1.8        |
|    value_loss           | 0.000575   |
----------------------------------------
rollout mean regret: 0.034933339804410934
-----------------------------------------
| rollout/                |             |
|    ep_len_mean          | 19          |
|    ep_rew_mean          | 85.1        |
| time/                   |             |
|    fps                  | 1459        |
|    iterations           | 216         |
|    time_elapsed         | 9698        |
|    total_timesteps      | 14155776    |
| train/                  |             |
|    approx_kl            | 0.012571137 |
|    clip_fraction        | 0.263       |
|    clip_range           | 0.15        |
|    entropy_loss         | -33.7       |
|    explained_variance   | 1           |
|    learning_rate        | 0.0001      |
|    loss                 | -0.352      |
|    n_updates            | 3225        |
|    policy_gradient_loss | -0.0139     |
|    std                  | 1.81        |
|    value_loss           | 0.000402    |
-----------------------------------------
rollout mean regret: 0.04109674692153931
-----------------------------------------
| rollout/                |             |
|    ep_len_mean          | 19          |
|    ep_rew_mean          | 84.9        |
| time/                   |             |
|    fps                  | 1459        |
|    iterations           | 217         |
|    time_elapsed         | 9743        |
|    total_timesteps      | 14221312    |
| train/                  |             |
|    approx_kl            | 0.012921473 |
|    clip_fraction        | 0.273       |
|    clip_range           | 0.15        |
|    entropy_loss         | -33.7       |
|    explained_variance   | 0.999       |
|    learning_rate        | 0.0001      |
|    loss                 | -0.355      |
|    n_updates            | 3240        |
|    policy_gradient_loss | -0.0136     |
|    std                  | 1.82        |
|    value_loss           | 0.000507    |
-----------------------------------------
rollout mean regret: 0.046939119696617126
-----------------------------------------
| rollout/                |             |
|    ep_len_mean          | 19          |
|    ep_rew_mean          | 85.1        |
| time/                   |             |
|    fps                  | 1459        |
|    iterations           | 218         |
|    time_elapsed         | 9788        |
|    total_timesteps      | 14286848    |
| train/                  |             |
|    approx_kl            | 0.013573862 |
|    clip_fraction        | 0.277       |
|    clip_range           | 0.15        |
|    entropy_loss         | -33.8       |
|    explained_variance   | 0.999       |
|    learning_rate        | 0.0001      |
|    loss                 | -0.355      |
|    n_updates            | 3255        |
|    policy_gradient_loss | -0.0137     |
|    std                  | 1.83        |
|    value_loss           | 0.000625    |
-----------------------------------------
rollout mean regret: 0.03736399859189987
-----------------------------------------
| rollout/                |             |
|    ep_len_mean          | 19          |
|    ep_rew_mean          | 85.2        |
| time/                   |             |
|    fps                  | 1459        |
|    iterations           | 219         |
|    time_elapsed         | 9833        |
|    total_timesteps      | 14352384    |
| train/                  |             |
|    approx_kl            | 0.013036238 |
|    clip_fraction        | 0.271       |
|    clip_range           | 0.15        |
|    entropy_loss         | -33.9       |
|    explained_variance   | 0.999       |
|    learning_rate        | 0.0001      |
|    loss                 | -0.355      |
|    n_updates            | 3270        |
|    policy_gradient_loss | -0.0142     |
|    std                  | 1.83        |
|    value_loss           | 0.000605    |
-----------------------------------------
rollout mean regret: 0.032573387026786804
-----------------------------------------
| rollout/                |             |
|    ep_len_mean          | 19          |
|    ep_rew_mean          | 85.2        |
| time/                   |             |
|    fps                  | 1459        |
|    iterations           | 220         |
|    time_elapsed         | 9879        |
|    total_timesteps      | 14417920    |
| train/                  |             |
|    approx_kl            | 0.013060452 |
|    clip_fraction        | 0.273       |
|    clip_range           | 0.15        |
|    entropy_loss         | -34         |
|    explained_variance   | 0.999       |
|    learning_rate        | 0.0001      |
|    loss                 | -0.354      |
|    n_updates            | 3285        |
|    policy_gradient_loss | -0.0139     |
|    std                  | 1.84        |
|    value_loss           | 0.000641    |
-----------------------------------------
rollout mean regret: 0.039013735949993134
------------------------------------------
| rollout/                |              |
|    ep_len_mean          | 19           |
|    ep_rew_mean          | 84.9         |
| time/                   |              |
|    fps                  | 1459         |
|    iterations           | 221          |
|    time_elapsed         | 9924         |
|    total_timesteps      | 14483456     |
| train/                  |              |
|    approx_kl            | 0.0130652655 |
|    clip_fraction        | 0.272        |
|    clip_range           | 0.15         |
|    entropy_loss         | -34          |
|    explained_variance   | 0.999        |
|    learning_rate        | 0.0001       |
|    loss                 | -0.355       |
|    n_updates            | 3300         |
|    policy_gradient_loss | -0.014       |
|    std                  | 1.85         |
|    value_loss           | 0.000682     |
------------------------------------------
Eval num_timesteps=14500000, episode_reward=85.69 +/- 0.19
Episode length: 19.00 +/- 0.00
-----------------------------------------
| eval/                   |             |
|    mean_ep_length       | 19          |
|    mean_reward          | 85.7        |
| time/                   |             |
|    total_timesteps      | 14500000    |
| train/                  |             |
|    approx_kl            | 0.012302857 |
|    clip_fraction        | 0.264       |
|    clip_range           | 0.15        |
|    entropy_loss         | -34.1       |
|    explained_variance   | 0.999       |
|    learning_rate        | 0.0001      |
|    loss                 | -0.349      |
|    n_updates            | 3315        |
|    policy_gradient_loss | -0.0134     |
|    std                  | 1.86        |
|    value_loss           | 0.000543    |
-----------------------------------------
rollout mean regret: 0.03008444607257843
---------------------------------
| rollout/           |          |
|    ep_len_mean     | 19       |
|    ep_rew_mean     | 84.9     |
| time/              |          |
|    fps             | 1459     |
|    iterations      | 222      |
|    time_elapsed    | 9969     |
|    total_timesteps | 14548992 |
---------------------------------
rollout mean regret: 0.03590802103281021
-----------------------------------------
| rollout/                |             |
|    ep_len_mean          | 19          |
|    ep_rew_mean          | 85          |
| time/                   |             |
|    fps                  | 1459        |
|    iterations           | 223         |
|    time_elapsed         | 10014       |
|    total_timesteps      | 14614528    |
| train/                  |             |
|    approx_kl            | 0.013278212 |
|    clip_fraction        | 0.279       |
|    clip_range           | 0.15        |
|    entropy_loss         | -34.2       |
|    explained_variance   | 0.999       |
|    learning_rate        | 0.0001      |
|    loss                 | -0.371      |
|    n_updates            | 3330        |
|    policy_gradient_loss | -0.0139     |
|    std                  | 1.87        |
|    value_loss           | 0.000678    |
-----------------------------------------
rollout mean regret: 0.03746805340051651
-----------------------------------------
| rollout/                |             |
|    ep_len_mean          | 19          |
|    ep_rew_mean          | 85.1        |
| time/                   |             |
|    fps                  | 1459        |
|    iterations           | 224         |
|    time_elapsed         | 10059       |
|    total_timesteps      | 14680064    |
| train/                  |             |
|    approx_kl            | 0.013063027 |
|    clip_fraction        | 0.272       |
|    clip_range           | 0.15        |
|    entropy_loss         | -34.2       |
|    explained_variance   | 0.999       |
|    learning_rate        | 0.0001      |
|    loss                 | -0.364      |
|    n_updates            | 3345        |
|    policy_gradient_loss | -0.0137     |
|    std                  | 1.87        |
|    value_loss           | 0.000532    |
-----------------------------------------
rollout mean regret: 0.04880635440349579
-----------------------------------------
| rollout/                |             |
|    ep_len_mean          | 19          |
|    ep_rew_mean          | 85.2        |
| time/                   |             |
|    fps                  | 1459        |
|    iterations           | 225         |
|    time_elapsed         | 10104       |
|    total_timesteps      | 14745600    |
| train/                  |             |
|    approx_kl            | 0.013181484 |
|    clip_fraction        | 0.275       |
|    clip_range           | 0.15        |
|    entropy_loss         | -34.3       |
|    explained_variance   | 0.999       |
|    learning_rate        | 0.0001      |
|    loss                 | -0.358      |
|    n_updates            | 3360        |
|    policy_gradient_loss | -0.0136     |
|    std                  | 1.88        |
|    value_loss           | 0.000643    |
-----------------------------------------
rollout mean regret: 0.040250424295663834
-----------------------------------------
| rollout/                |             |
|    ep_len_mean          | 19          |
|    ep_rew_mean          | 85.2        |
| time/                   |             |
|    fps                  | 1459        |
|    iterations           | 226         |
|    time_elapsed         | 10149       |
|    total_timesteps      | 14811136    |
| train/                  |             |
|    approx_kl            | 0.012392404 |
|    clip_fraction        | 0.262       |
|    clip_range           | 0.15        |
|    entropy_loss         | -34.4       |
|    explained_variance   | 0.999       |
|    learning_rate        | 0.0001      |
|    loss                 | -0.363      |
|    n_updates            | 3375        |
|    policy_gradient_loss | -0.0147     |
|    std                  | 1.89        |
|    value_loss           | 0.000456    |
-----------------------------------------
rollout mean regret: 0.04565778374671936
-----------------------------------------
| rollout/                |             |
|    ep_len_mean          | 19          |
|    ep_rew_mean          | 85          |
| time/                   |             |
|    fps                  | 1459        |
|    iterations           | 227         |
|    time_elapsed         | 10194       |
|    total_timesteps      | 14876672    |
| train/                  |             |
|    approx_kl            | 0.013291599 |
|    clip_fraction        | 0.274       |
|    clip_range           | 0.15        |
|    entropy_loss         | -34.4       |
|    explained_variance   | 0.999       |
|    learning_rate        | 0.0001      |
|    loss                 | -0.359      |
|    n_updates            | 3390        |
|    policy_gradient_loss | -0.0138     |
|    std                  | 1.9         |
|    value_loss           | 0.000562    |
-----------------------------------------
rollout mean regret: 0.045059934258461
------------------------------------------
| rollout/                |              |
|    ep_len_mean          | 19           |
|    ep_rew_mean          | 85.3         |
| time/                   |              |
|    fps                  | 1459         |
|    iterations           | 228          |
|    time_elapsed         | 10240        |
|    total_timesteps      | 14942208     |
| train/                  |              |
|    approx_kl            | 0.0127003975 |
|    clip_fraction        | 0.263        |
|    clip_range           | 0.15         |
|    entropy_loss         | -34.5        |
|    explained_variance   | 0.999        |
|    learning_rate        | 0.0001       |
|    loss                 | -0.362       |
|    n_updates            | 3405         |
|    policy_gradient_loss | -0.0138      |
|    std                  | 1.9          |
|    value_loss           | 0.000526     |
------------------------------------------
Eval num_timesteps=15000000, episode_reward=85.62 +/- 0.06
Episode length: 19.00 +/- 0.00
-----------------------------------------
| eval/                   |             |
|    mean_ep_length       | 19          |
|    mean_reward          | 85.6        |
| time/                   |             |
|    total_timesteps      | 15000000    |
| train/                  |             |
|    approx_kl            | 0.013408362 |
|    clip_fraction        | 0.278       |
|    clip_range           | 0.15        |
|    entropy_loss         | -34.6       |
|    explained_variance   | 0.999       |
|    learning_rate        | 0.0001      |
|    loss                 | -0.357      |
|    n_updates            | 3420        |
|    policy_gradient_loss | -0.0137     |
|    std                  | 1.91        |
|    value_loss           | 0.000582    |
-----------------------------------------
rollout mean regret: 0.04473693668842316
---------------------------------
| rollout/           |          |
|    ep_len_mean     | 19       |
|    ep_rew_mean     | 85.1     |
| time/              |          |
|    fps             | 1459     |
|    iterations      | 229      |
|    time_elapsed    | 10285    |
|    total_timesteps | 15007744 |
---------------------------------
rollout mean regret: 0.04083136469125748
-----------------------------------------
| rollout/                |             |
|    ep_len_mean          | 19          |
|    ep_rew_mean          | 85          |
| time/                   |             |
|    fps                  | 1459        |
|    iterations           | 230         |
|    time_elapsed         | 10330       |
|    total_timesteps      | 15073280    |
| train/                  |             |
|    approx_kl            | 0.012866124 |
|    clip_fraction        | 0.269       |
|    clip_range           | 0.15        |
|    entropy_loss         | -34.6       |
|    explained_variance   | 0.999       |
|    learning_rate        | 0.0001      |
|    loss                 | -0.365      |
|    n_updates            | 3435        |
|    policy_gradient_loss | -0.0144     |
|    std                  | 1.92        |
|    value_loss           | 0.000526    |
-----------------------------------------
rollout mean regret: 0.03906116262078285
------------------------------------------
| rollout/                |              |
|    ep_len_mean          | 19           |
|    ep_rew_mean          | 85           |
| time/                   |              |
|    fps                  | 1459         |
|    iterations           | 231          |
|    time_elapsed         | 10375        |
|    total_timesteps      | 15138816     |
| train/                  |              |
|    approx_kl            | 0.0125867305 |
|    clip_fraction        | 0.264        |
|    clip_range           | 0.15         |
|    entropy_loss         | -34.7        |
|    explained_variance   | 1            |
|    learning_rate        | 0.0001       |
|    loss                 | -0.365       |
|    n_updates            | 3450         |
|    policy_gradient_loss | -0.0139      |
|    std                  | 1.93         |
|    value_loss           | 0.000461     |
------------------------------------------
rollout mean regret: 0.034530848264694214
-----------------------------------------
| rollout/                |             |
|    ep_len_mean          | 19          |
|    ep_rew_mean          | 85.2        |
| time/                   |             |
|    fps                  | 1459        |
|    iterations           | 232         |
|    time_elapsed         | 10420       |
|    total_timesteps      | 15204352    |
| train/                  |             |
|    approx_kl            | 0.013063269 |
|    clip_fraction        | 0.272       |
|    clip_range           | 0.15        |
|    entropy_loss         | -34.8       |
|    explained_variance   | 0.999       |
|    learning_rate        | 0.0001      |
|    loss                 | -0.368      |
|    n_updates            | 3465        |
|    policy_gradient_loss | -0.0134     |
|    std                  | 1.94        |
|    value_loss           | 0.000639    |
-----------------------------------------
rollout mean regret: 0.024761850014328957
-----------------------------------------
| rollout/                |             |
|    ep_len_mean          | 19          |
|    ep_rew_mean          | 85.1        |
| time/                   |             |
|    fps                  | 1459        |
|    iterations           | 233         |
|    time_elapsed         | 10465       |
|    total_timesteps      | 15269888    |
| train/                  |             |
|    approx_kl            | 0.012278793 |
|    clip_fraction        | 0.261       |
|    clip_range           | 0.15        |
|    entropy_loss         | -34.8       |
|    explained_variance   | 1           |
|    learning_rate        | 0.0001      |
|    loss                 | -0.361      |
|    n_updates            | 3480        |
|    policy_gradient_loss | -0.0137     |
|    std                  | 1.94        |
|    value_loss           | 0.000443    |
-----------------------------------------
rollout mean regret: 0.027914078906178474
-----------------------------------------
| rollout/                |             |
|    ep_len_mean          | 19          |
|    ep_rew_mean          | 85          |
| time/                   |             |
|    fps                  | 1459        |
|    iterations           | 234         |
|    time_elapsed         | 10510       |
|    total_timesteps      | 15335424    |
| train/                  |             |
|    approx_kl            | 0.012913018 |
|    clip_fraction        | 0.268       |
|    clip_range           | 0.15        |
|    entropy_loss         | -34.9       |
|    explained_variance   | 1           |
|    learning_rate        | 0.0001      |
|    loss                 | -0.375      |
|    n_updates            | 3495        |
|    policy_gradient_loss | -0.0144     |
|    std                  | 1.95        |
|    value_loss           | 0.000458    |
-----------------------------------------
rollout mean regret: 0.034582994878292084
-----------------------------------------
| rollout/                |             |
|    ep_len_mean          | 19          |
|    ep_rew_mean          | 85.1        |
| time/                   |             |
|    fps                  | 1459        |
|    iterations           | 235         |
|    time_elapsed         | 10555       |
|    total_timesteps      | 15400960    |
| train/                  |             |
|    approx_kl            | 0.013069913 |
|    clip_fraction        | 0.275       |
|    clip_range           | 0.15        |
|    entropy_loss         | -34.9       |
|    explained_variance   | 0.999       |
|    learning_rate        | 0.0001      |
|    loss                 | -0.366      |
|    n_updates            | 3510        |
|    policy_gradient_loss | -0.0132     |
|    std                  | 1.96        |
|    value_loss           | 0.000584    |
-----------------------------------------
rollout mean regret: 0.03270288556814194
----------------------------------------
| rollout/                |            |
|    ep_len_mean          | 19         |
|    ep_rew_mean          | 85         |
| time/                   |            |
|    fps                  | 1458       |
|    iterations           | 236        |
|    time_elapsed         | 10601      |
|    total_timesteps      | 15466496   |
| train/                  |            |
|    approx_kl            | 0.01274338 |
|    clip_fraction        | 0.269      |
|    clip_range           | 0.15       |
|    entropy_loss         | -35        |
|    explained_variance   | 0.999      |
|    learning_rate        | 0.0001     |
|    loss                 | -0.37      |
|    n_updates            | 3525       |
|    policy_gradient_loss | -0.0138    |
|    std                  | 1.97       |
|    value_loss           | 0.000474   |
----------------------------------------
Eval num_timesteps=15500000, episode_reward=85.74 +/- 0.22
Episode length: 19.00 +/- 0.00
-----------------------------------------
| eval/                   |             |
|    mean_ep_length       | 19          |
|    mean_reward          | 85.7        |
| time/                   |             |
|    total_timesteps      | 15500000    |
| train/                  |             |
|    approx_kl            | 0.012592861 |
|    clip_fraction        | 0.265       |
|    clip_range           | 0.15        |
|    entropy_loss         | -35.1       |
|    explained_variance   | 1           |
|    learning_rate        | 0.0001      |
|    loss                 | -0.367      |
|    n_updates            | 3540        |
|    policy_gradient_loss | -0.014      |
|    std                  | 1.98        |
|    value_loss           | 0.000459    |
-----------------------------------------
rollout mean regret: 0.03177861124277115
---------------------------------
| rollout/           |          |
|    ep_len_mean     | 19       |
|    ep_rew_mean     | 85.1     |
| time/              |          |
|    fps             | 1458     |
|    iterations      | 237      |
|    time_elapsed    | 10645    |
|    total_timesteps | 15532032 |
---------------------------------
rollout mean regret: 0.03999128192663193
-----------------------------------------
| rollout/                |             |
|    ep_len_mean          | 19          |
|    ep_rew_mean          | 85.1        |
| time/                   |             |
|    fps                  | 1458        |
|    iterations           | 238         |
|    time_elapsed         | 10690       |
|    total_timesteps      | 15597568    |
| train/                  |             |
|    approx_kl            | 0.012857184 |
|    clip_fraction        | 0.27        |
|    clip_range           | 0.15        |
|    entropy_loss         | -35.2       |
|    explained_variance   | 0.999       |
|    learning_rate        | 0.0001      |
|    loss                 | -0.364      |
|    n_updates            | 3555        |
|    policy_gradient_loss | -0.0135     |
|    std                  | 1.98        |
|    value_loss           | 0.000538    |
-----------------------------------------
rollout mean regret: 0.03575638681650162
-----------------------------------------
| rollout/                |             |
|    ep_len_mean          | 19          |
|    ep_rew_mean          | 85.2        |
| time/                   |             |
|    fps                  | 1458        |
|    iterations           | 239         |
|    time_elapsed         | 10737       |
|    total_timesteps      | 15663104    |
| train/                  |             |
|    approx_kl            | 0.012625461 |
|    clip_fraction        | 0.264       |
|    clip_range           | 0.15        |
|    entropy_loss         | -35.2       |
|    explained_variance   | 1           |
|    learning_rate        | 0.0001      |
|    loss                 | -0.374      |
|    n_updates            | 3570        |
|    policy_gradient_loss | -0.0144     |
|    std                  | 1.99        |
|    value_loss           | 0.000436    |
-----------------------------------------
rollout mean regret: 0.03166069835424423
-----------------------------------------
| rollout/                |             |
|    ep_len_mean          | 19          |
|    ep_rew_mean          | 85.2        |
| time/                   |             |
|    fps                  | 1458        |
|    iterations           | 240         |
|    time_elapsed         | 10782       |
|    total_timesteps      | 15728640    |
| train/                  |             |
|    approx_kl            | 0.012884626 |
|    clip_fraction        | 0.272       |
|    clip_range           | 0.15        |
|    entropy_loss         | -35.3       |
|    explained_variance   | 0.999       |
|    learning_rate        | 0.0001      |
|    loss                 | -0.376      |
|    n_updates            | 3585        |
|    policy_gradient_loss | -0.014      |
|    std                  | 2           |
|    value_loss           | 0.000591    |
-----------------------------------------
rollout mean regret: 0.03614286333322525
-----------------------------------------
| rollout/                |             |
|    ep_len_mean          | 19          |
|    ep_rew_mean          | 85.1        |
| time/                   |             |
|    fps                  | 1458        |
|    iterations           | 241         |
|    time_elapsed         | 10827       |
|    total_timesteps      | 15794176    |
| train/                  |             |
|    approx_kl            | 0.012387359 |
|    clip_fraction        | 0.261       |
|    clip_range           | 0.15        |
|    entropy_loss         | -35.4       |
|    explained_variance   | 0.999       |
|    learning_rate        | 0.0001      |
|    loss                 | -0.377      |
|    n_updates            | 3600        |
|    policy_gradient_loss | -0.0134     |
|    std                  | 2.01        |
|    value_loss           | 0.000465    |
-----------------------------------------
rollout mean regret: 0.03373011201620102
-----------------------------------------
| rollout/                |             |
|    ep_len_mean          | 19          |
|    ep_rew_mean          | 85.2        |
| time/                   |             |
|    fps                  | 1458        |
|    iterations           | 242         |
|    time_elapsed         | 10872       |
|    total_timesteps      | 15859712    |
| train/                  |             |
|    approx_kl            | 0.012642307 |
|    clip_fraction        | 0.269       |
|    clip_range           | 0.15        |
|    entropy_loss         | -35.4       |
|    explained_variance   | 0.999       |
|    learning_rate        | 0.0001      |
|    loss                 | -0.377      |
|    n_updates            | 3615        |
|    policy_gradient_loss | -0.0143     |
|    std                  | 2.02        |
|    value_loss           | 0.000483    |
-----------------------------------------
rollout mean regret: 0.03819830343127251
-----------------------------------------
| rollout/                |             |
|    ep_len_mean          | 19          |
|    ep_rew_mean          | 85          |
| time/                   |             |
|    fps                  | 1458        |
|    iterations           | 243         |
|    time_elapsed         | 10917       |
|    total_timesteps      | 15925248    |
| train/                  |             |
|    approx_kl            | 0.012657287 |
|    clip_fraction        | 0.27        |
|    clip_range           | 0.15        |
|    entropy_loss         | -35.5       |
|    explained_variance   | 1           |
|    learning_rate        | 0.0001      |
|    loss                 | -0.375      |
|    n_updates            | 3630        |
|    policy_gradient_loss | -0.014      |
|    std                  | 2.03        |
|    value_loss           | 0.000416    |
-----------------------------------------
rollout mean regret: 0.03578345477581024
----------------------------------------
| rollout/                |            |
|    ep_len_mean          | 18.9       |
|    ep_rew_mean          | 85         |
| time/                   |            |
|    fps                  | 1458       |
|    iterations           | 244        |
|    time_elapsed         | 10962      |
|    total_timesteps      | 15990784   |
| train/                  |            |
|    approx_kl            | 0.01243294 |
|    clip_fraction        | 0.263      |
|    clip_range           | 0.15       |
|    entropy_loss         | -35.6      |
|    explained_variance   | 1          |
|    learning_rate        | 0.0001     |
|    loss                 | -0.371     |
|    n_updates            | 3645       |
|    policy_gradient_loss | -0.0145    |
|    std                  | 2.03       |
|    value_loss           | 0.000422   |
----------------------------------------
Eval num_timesteps=16000000, episode_reward=85.50 +/- 0.17
Episode length: 19.00 +/- 0.00
-----------------------------------------
| eval/                   |             |
|    mean_ep_length       | 19          |
|    mean_reward          | 85.5        |
| time/                   |             |
|    total_timesteps      | 16000000    |
| train/                  |             |
|    approx_kl            | 0.012762383 |
|    clip_fraction        | 0.266       |
|    clip_range           | 0.15        |
|    entropy_loss         | -35.6       |
|    explained_variance   | 0.999       |
|    learning_rate        | 0.0001      |
|    loss                 | -0.376      |
|    n_updates            | 3660        |
|    policy_gradient_loss | -0.0142     |
|    std                  | 2.04        |
|    value_loss           | 0.000484    |
-----------------------------------------
rollout mean regret: 0.03747321665287018
---------------------------------
| rollout/           |          |
|    ep_len_mean     | 19       |
|    ep_rew_mean     | 85.1     |
| time/              |          |
|    fps             | 1458     |
|    iterations      | 245      |
|    time_elapsed    | 11007    |
|    total_timesteps | 16056320 |
---------------------------------
rollout mean regret: 0.03895345330238342
-----------------------------------------
| rollout/                |             |
|    ep_len_mean          | 19          |
|    ep_rew_mean          | 84.8        |
| time/                   |             |
|    fps                  | 1458        |
|    iterations           | 246         |
|    time_elapsed         | 11052       |
|    total_timesteps      | 16121856    |
| train/                  |             |
|    approx_kl            | 0.012923014 |
|    clip_fraction        | 0.266       |
|    clip_range           | 0.15        |
|    entropy_loss         | -35.7       |
|    explained_variance   | 0.999       |
|    learning_rate        | 0.0001      |
|    loss                 | -0.367      |
|    n_updates            | 3675        |
|    policy_gradient_loss | -0.014      |
|    std                  | 2.05        |
|    value_loss           | 0.000573    |
-----------------------------------------
rollout mean regret: 0.04650067910552025
-----------------------------------------
| rollout/                |             |
|    ep_len_mean          | 19          |
|    ep_rew_mean          | 85          |
| time/                   |             |
|    fps                  | 1458        |
|    iterations           | 247         |
|    time_elapsed         | 11098       |
|    total_timesteps      | 16187392    |
| train/                  |             |
|    approx_kl            | 0.012843678 |
|    clip_fraction        | 0.266       |
|    clip_range           | 0.15        |
|    entropy_loss         | -35.8       |
|    explained_variance   | 0.999       |
|    learning_rate        | 0.0001      |
|    loss                 | -0.378      |
|    n_updates            | 3690        |
|    policy_gradient_loss | -0.0139     |
|    std                  | 2.06        |
|    value_loss           | 0.000528    |
-----------------------------------------
rollout mean regret: 0.055944740772247314
----------------------------------------
| rollout/                |            |
|    ep_len_mean          | 19         |
|    ep_rew_mean          | 85         |
| time/                   |            |
|    fps                  | 1458       |
|    iterations           | 248        |
|    time_elapsed         | 11144      |
|    total_timesteps      | 16252928   |
| train/                  |            |
|    approx_kl            | 0.01306881 |
|    clip_fraction        | 0.271      |
|    clip_range           | 0.15       |
|    entropy_loss         | -35.8      |
|    explained_variance   | 0.999      |
|    learning_rate        | 0.0001     |
|    loss                 | -0.371     |
|    n_updates            | 3705       |
|    policy_gradient_loss | -0.0144    |
|    std                  | 2.07       |
|    value_loss           | 0.000519   |
----------------------------------------
rollout mean regret: 0.04392942041158676
-----------------------------------------
| rollout/                |             |
|    ep_len_mean          | 19          |
|    ep_rew_mean          | 84.8        |
| time/                   |             |
|    fps                  | 1458        |
|    iterations           | 249         |
|    time_elapsed         | 11189       |
|    total_timesteps      | 16318464    |
| train/                  |             |
|    approx_kl            | 0.012568961 |
|    clip_fraction        | 0.267       |
|    clip_range           | 0.15        |
|    entropy_loss         | -35.9       |
|    explained_variance   | 0.999       |
|    learning_rate        | 0.0001      |
|    loss                 | -0.388      |
|    n_updates            | 3720        |
|    policy_gradient_loss | -0.0142     |
|    std                  | 2.08        |
|    value_loss           | 0.00052     |
-----------------------------------------
rollout mean regret: 0.04291153699159622
-----------------------------------------
| rollout/                |             |
|    ep_len_mean          | 19          |
|    ep_rew_mean          | 85          |
| time/                   |             |
|    fps                  | 1458        |
|    iterations           | 250         |
|    time_elapsed         | 11234       |
|    total_timesteps      | 16384000    |
| train/                  |             |
|    approx_kl            | 0.012747105 |
|    clip_fraction        | 0.264       |
|    clip_range           | 0.15        |
|    entropy_loss         | -36         |
|    explained_variance   | 0.999       |
|    learning_rate        | 0.0001      |
|    loss                 | -0.374      |
|    n_updates            | 3735        |
|    policy_gradient_loss | -0.0139     |
|    std                  | 2.09        |
|    value_loss           | 0.000579    |
-----------------------------------------
rollout mean regret: 0.046169526875019073
-----------------------------------------
| rollout/                |             |
|    ep_len_mean          | 19          |
|    ep_rew_mean          | 84.9        |
| time/                   |             |
|    fps                  | 1458        |
|    iterations           | 251         |
|    time_elapsed         | 11278       |
|    total_timesteps      | 16449536    |
| train/                  |             |
|    approx_kl            | 0.012973508 |
|    clip_fraction        | 0.271       |
|    clip_range           | 0.15        |
|    entropy_loss         | -36.1       |
|    explained_variance   | 0.999       |
|    learning_rate        | 0.0001      |
|    loss                 | -0.374      |
|    n_updates            | 3750        |
|    policy_gradient_loss | -0.014      |
|    std                  | 2.1         |
|    value_loss           | 0.000608    |
-----------------------------------------
Eval num_timesteps=16500000, episode_reward=85.60 +/- 0.17
Episode length: 19.00 +/- 0.00
-----------------------------------------
| eval/                   |             |
|    mean_ep_length       | 19          |
|    mean_reward          | 85.6        |
| time/                   |             |
|    total_timesteps      | 16500000    |
| train/                  |             |
|    approx_kl            | 0.012331408 |
|    clip_fraction        | 0.263       |
|    clip_range           | 0.15        |
|    entropy_loss         | -36.2       |
|    explained_variance   | 0.999       |
|    learning_rate        | 0.0001      |
|    loss                 | -0.38       |
|    n_updates            | 3765        |
|    policy_gradient_loss | -0.0141     |
|    std                  | 2.11        |
|    value_loss           | 0.00053     |
-----------------------------------------
rollout mean regret: 0.03933793306350708
---------------------------------
| rollout/           |          |
|    ep_len_mean     | 19       |
|    ep_rew_mean     | 85.1     |
| time/              |          |
|    fps             | 1458     |
|    iterations      | 252      |
|    time_elapsed    | 11323    |
|    total_timesteps | 16515072 |
---------------------------------
rollout mean regret: 0.042701900005340576
-----------------------------------------
| rollout/                |             |
|    ep_len_mean          | 19          |
|    ep_rew_mean          | 85.1        |
| time/                   |             |
|    fps                  | 1458        |
|    iterations           | 253         |
|    time_elapsed         | 11368       |
|    total_timesteps      | 16580608    |
| train/                  |             |
|    approx_kl            | 0.012916336 |
|    clip_fraction        | 0.263       |
|    clip_range           | 0.15        |
|    entropy_loss         | -36.2       |
|    explained_variance   | 0.999       |
|    learning_rate        | 0.0001      |
|    loss                 | -0.383      |
|    n_updates            | 3780        |
|    policy_gradient_loss | -0.014      |
|    std                  | 2.12        |
|    value_loss           | 0.000486    |
-----------------------------------------
rollout mean regret: 0.05837602913379669
-----------------------------------------
| rollout/                |             |
|    ep_len_mean          | 19          |
|    ep_rew_mean          | 84.8        |
| time/                   |             |
|    fps                  | 1458        |
|    iterations           | 254         |
|    time_elapsed         | 11413       |
|    total_timesteps      | 16646144    |
| train/                  |             |
|    approx_kl            | 0.013263758 |
|    clip_fraction        | 0.276       |
|    clip_range           | 0.15        |
|    entropy_loss         | -36.3       |
|    explained_variance   | 0.999       |
|    learning_rate        | 0.0001      |
|    loss                 | -0.376      |
|    n_updates            | 3795        |
|    policy_gradient_loss | -0.0149     |
|    std                  | 2.13        |
|    value_loss           | 0.000658    |
-----------------------------------------
rollout mean regret: 0.0457649752497673
-----------------------------------------
| rollout/                |             |
|    ep_len_mean          | 19          |
|    ep_rew_mean          | 85.1        |
| time/                   |             |
|    fps                  | 1458        |
|    iterations           | 255         |
|    time_elapsed         | 11458       |
|    total_timesteps      | 16711680    |
| train/                  |             |
|    approx_kl            | 0.012775358 |
|    clip_fraction        | 0.266       |
|    clip_range           | 0.15        |
|    entropy_loss         | -36.4       |
|    explained_variance   | 0.999       |
|    learning_rate        | 0.0001      |
|    loss                 | -0.377      |
|    n_updates            | 3810        |
|    policy_gradient_loss | -0.0143     |
|    std                  | 2.14        |
|    value_loss           | 0.000601    |
-----------------------------------------
rollout mean regret: 0.038852378726005554
-----------------------------------------
| rollout/                |             |
|    ep_len_mean          | 18.9        |
|    ep_rew_mean          | 84.9        |
| time/                   |             |
|    fps                  | 1458        |
|    iterations           | 256         |
|    time_elapsed         | 11504       |
|    total_timesteps      | 16777216    |
| train/                  |             |
|    approx_kl            | 0.012835074 |
|    clip_fraction        | 0.264       |
|    clip_range           | 0.15        |
|    entropy_loss         | -36.4       |
|    explained_variance   | 0.999       |
|    learning_rate        | 0.0001      |
|    loss                 | -0.376      |
|    n_updates            | 3825        |
|    policy_gradient_loss | -0.015      |
|    std                  | 2.14        |
|    value_loss           | 0.000481    |
-----------------------------------------
rollout mean regret: 0.04806006699800491
-----------------------------------------
| rollout/                |             |
|    ep_len_mean          | 19          |
|    ep_rew_mean          | 85.1        |
| time/                   |             |
|    fps                  | 1458        |
|    iterations           | 257         |
|    time_elapsed         | 11549       |
|    total_timesteps      | 16842752    |
| train/                  |             |
|    approx_kl            | 0.012555022 |
|    clip_fraction        | 0.265       |
|    clip_range           | 0.15        |
|    entropy_loss         | -36.5       |
|    explained_variance   | 1           |
|    learning_rate        | 0.0001      |
|    loss                 | -0.382      |
|    n_updates            | 3840        |
|    policy_gradient_loss | -0.0143     |
|    std                  | 2.15        |
|    value_loss           | 0.000451    |
-----------------------------------------
rollout mean regret: 0.051780715584754944
-----------------------------------------
| rollout/                |             |
|    ep_len_mean          | 19          |
|    ep_rew_mean          | 85          |
| time/                   |             |
|    fps                  | 1458        |
|    iterations           | 258         |
|    time_elapsed         | 11594       |
|    total_timesteps      | 16908288    |
| train/                  |             |
|    approx_kl            | 0.013994122 |
|    clip_fraction        | 0.281       |
|    clip_range           | 0.15        |
|    entropy_loss         | -36.6       |
|    explained_variance   | 0.999       |
|    learning_rate        | 0.0001      |
|    loss                 | -0.394      |
|    n_updates            | 3855        |
|    policy_gradient_loss | -0.0147     |
|    std                  | 2.16        |
|    value_loss           | 0.000644    |
-----------------------------------------
rollout mean regret: 0.0379207581281662
-----------------------------------------
| rollout/                |             |
|    ep_len_mean          | 19          |
|    ep_rew_mean          | 85.2        |
| time/                   |             |
|    fps                  | 1458        |
|    iterations           | 259         |
|    time_elapsed         | 11639       |
|    total_timesteps      | 16973824    |
| train/                  |             |
|    approx_kl            | 0.012703666 |
|    clip_fraction        | 0.263       |
|    clip_range           | 0.15        |
|    entropy_loss         | -36.6       |
|    explained_variance   | 0.999       |
|    learning_rate        | 0.0001      |
|    loss                 | -0.381      |
|    n_updates            | 3870        |
|    policy_gradient_loss | -0.0142     |
|    std                  | 2.17        |
|    value_loss           | 0.000565    |
-----------------------------------------
Eval num_timesteps=17000000, episode_reward=85.51 +/- 0.15
Episode length: 19.00 +/- 0.00
----------------------------------------
| eval/                   |            |
|    mean_ep_length       | 19         |
|    mean_reward          | 85.5       |
| time/                   |            |
|    total_timesteps      | 17000000   |
| train/                  |            |
|    approx_kl            | 0.01269933 |
|    clip_fraction        | 0.266      |
|    clip_range           | 0.15       |
|    entropy_loss         | -36.7      |
|    explained_variance   | 0.999      |
|    learning_rate        | 0.0001     |
|    loss                 | -0.39      |
|    n_updates            | 3885       |
|    policy_gradient_loss | -0.0144    |
|    std                  | 2.18       |
|    value_loss           | 0.000534   |
----------------------------------------
rollout mean regret: 0.03426350653171539
---------------------------------
| rollout/           |          |
|    ep_len_mean     | 19       |
|    ep_rew_mean     | 85       |
| time/              |          |
|    fps             | 1458     |
|    iterations      | 260      |
|    time_elapsed    | 11684    |
|    total_timesteps | 17039360 |
---------------------------------
rollout mean regret: 0.039837874472141266
-----------------------------------------
| rollout/                |             |
|    ep_len_mean          | 19          |
|    ep_rew_mean          | 85          |
| time/                   |             |
|    fps                  | 1458        |
|    iterations           | 261         |
|    time_elapsed         | 11730       |
|    total_timesteps      | 17104896    |
| train/                  |             |
|    approx_kl            | 0.012917665 |
|    clip_fraction        | 0.269       |
|    clip_range           | 0.15        |
|    entropy_loss         | -36.8       |
|    explained_variance   | 1           |
|    learning_rate        | 0.0001      |
|    loss                 | -0.383      |
|    n_updates            | 3900        |
|    policy_gradient_loss | -0.0148     |
|    std                  | 2.19        |
|    value_loss           | 0.000473    |
-----------------------------------------
rollout mean regret: 0.050969336181879044
-----------------------------------------
| rollout/                |             |
|    ep_len_mean          | 19          |
|    ep_rew_mean          | 84.9        |
| time/                   |             |
|    fps                  | 1458        |
|    iterations           | 262         |
|    time_elapsed         | 11775       |
|    total_timesteps      | 17170432    |
| train/                  |             |
|    approx_kl            | 0.013274491 |
|    clip_fraction        | 0.272       |
|    clip_range           | 0.15        |
|    entropy_loss         | -36.9       |
|    explained_variance   | 0.999       |
|    learning_rate        | 0.0001      |
|    loss                 | -0.38       |
|    n_updates            | 3915        |
|    policy_gradient_loss | -0.0139     |
|    std                  | 2.21        |
|    value_loss           | 0.000711    |
-----------------------------------------
rollout mean regret: 0.04166411980986595
-----------------------------------------
| rollout/                |             |
|    ep_len_mean          | 19          |
|    ep_rew_mean          | 85          |
| time/                   |             |
|    fps                  | 1458        |
|    iterations           | 263         |
|    time_elapsed         | 11820       |
|    total_timesteps      | 17235968    |
| train/                  |             |
|    approx_kl            | 0.012239617 |
|    clip_fraction        | 0.256       |
|    clip_range           | 0.15        |
|    entropy_loss         | -36.9       |
|    explained_variance   | 0.999       |
|    learning_rate        | 0.0001      |
|    loss                 | -0.387      |
|    n_updates            | 3930        |
|    policy_gradient_loss | -0.0145     |
|    std                  | 2.21        |
|    value_loss           | 0.000524    |
-----------------------------------------
rollout mean regret: 0.04980042576789856
-----------------------------------------
| rollout/                |             |
|    ep_len_mean          | 19          |
|    ep_rew_mean          | 85          |
| time/                   |             |
|    fps                  | 1458        |
|    iterations           | 264         |
|    time_elapsed         | 11865       |
|    total_timesteps      | 17301504    |
| train/                  |             |
|    approx_kl            | 0.013389345 |
|    clip_fraction        | 0.275       |
|    clip_range           | 0.15        |
|    entropy_loss         | -37         |
|    explained_variance   | 0.999       |
|    learning_rate        | 0.0001      |
|    loss                 | -0.394      |
|    n_updates            | 3945        |
|    policy_gradient_loss | -0.0143     |
|    std                  | 2.22        |
|    value_loss           | 0.000685    |
-----------------------------------------
rollout mean regret: 0.054942987859249115
-----------------------------------------
| rollout/                |             |
|    ep_len_mean          | 19          |
|    ep_rew_mean          | 84.9        |
| time/                   |             |
|    fps                  | 1458        |
|    iterations           | 265         |
|    time_elapsed         | 11910       |
|    total_timesteps      | 17367040    |
| train/                  |             |
|    approx_kl            | 0.012999893 |
|    clip_fraction        | 0.27        |
|    clip_range           | 0.15        |
|    entropy_loss         | -37.1       |
|    explained_variance   | 0.999       |
|    learning_rate        | 0.0001      |
|    loss                 | -0.387      |
|    n_updates            | 3960        |
|    policy_gradient_loss | -0.0142     |
|    std                  | 2.23        |
|    value_loss           | 0.000553    |
-----------------------------------------
rollout mean regret: 0.04356752336025238
-----------------------------------------
| rollout/                |             |
|    ep_len_mean          | 19          |
|    ep_rew_mean          | 85.1        |
| time/                   |             |
|    fps                  | 1458        |
|    iterations           | 266         |
|    time_elapsed         | 11955       |
|    total_timesteps      | 17432576    |
| train/                  |             |
|    approx_kl            | 0.012670865 |
|    clip_fraction        | 0.263       |
|    clip_range           | 0.15        |
|    entropy_loss         | -37.2       |
|    explained_variance   | 0.999       |
|    learning_rate        | 0.0001      |
|    loss                 | -0.385      |
|    n_updates            | 3975        |
|    policy_gradient_loss | -0.0142     |
|    std                  | 2.24        |
|    value_loss           | 0.000662    |
-----------------------------------------
rollout mean regret: 0.03764813393354416
-----------------------------------------
| rollout/                |             |
|    ep_len_mean          | 19          |
|    ep_rew_mean          | 85.2        |
| time/                   |             |
|    fps                  | 1458        |
|    iterations           | 267         |
|    time_elapsed         | 11999       |
|    total_timesteps      | 17498112    |
| train/                  |             |
|    approx_kl            | 0.012645265 |
|    clip_fraction        | 0.265       |
|    clip_range           | 0.15        |
|    entropy_loss         | -37.2       |
|    explained_variance   | 0.999       |
|    learning_rate        | 0.0001      |
|    loss                 | -0.391      |
|    n_updates            | 3990        |
|    policy_gradient_loss | -0.0143     |
|    std                  | 2.25        |
|    value_loss           | 0.000652    |
-----------------------------------------
Eval num_timesteps=17500000, episode_reward=85.63 +/- 0.11
Episode length: 19.00 +/- 0.00
-----------------------------------------
| eval/                   |             |
|    mean_ep_length       | 19          |
|    mean_reward          | 85.6        |
| time/                   |             |
|    total_timesteps      | 17500000    |
| train/                  |             |
|    approx_kl            | 0.013008298 |
|    clip_fraction        | 0.273       |
|    clip_range           | 0.15        |
|    entropy_loss         | -37.3       |
|    explained_variance   | 0.999       |
|    learning_rate        | 0.0001      |
|    loss                 | -0.388      |
|    n_updates            | 4005        |
|    policy_gradient_loss | -0.0141     |
|    std                  | 2.26        |
|    value_loss           | 0.000686    |
-----------------------------------------
rollout mean regret: 0.03723698854446411
---------------------------------
| rollout/           |          |
|    ep_len_mean     | 19       |
|    ep_rew_mean     | 85.1     |
| time/              |          |
|    fps             | 1458     |
|    iterations      | 268      |
|    time_elapsed    | 12044    |
|    total_timesteps | 17563648 |
---------------------------------
rollout mean regret: 0.04320717975497246
-----------------------------------------
| rollout/                |             |
|    ep_len_mean          | 19          |
|    ep_rew_mean          | 85.1        |
| time/                   |             |
|    fps                  | 1458        |
|    iterations           | 269         |
|    time_elapsed         | 12089       |
|    total_timesteps      | 17629184    |
| train/                  |             |
|    approx_kl            | 0.012992372 |
|    clip_fraction        | 0.269       |
|    clip_range           | 0.15        |
|    entropy_loss         | -37.3       |
|    explained_variance   | 0.999       |
|    learning_rate        | 0.0001      |
|    loss                 | -0.391      |
|    n_updates            | 4020        |
|    policy_gradient_loss | -0.0143     |
|    std                  | 2.27        |
|    value_loss           | 0.000527    |
-----------------------------------------
rollout mean regret: 0.042404528707265854
----------------------------------------
| rollout/                |            |
|    ep_len_mean          | 19         |
|    ep_rew_mean          | 85.1       |
| time/                   |            |
|    fps                  | 1458       |
|    iterations           | 270        |
|    time_elapsed         | 12136      |
|    total_timesteps      | 17694720   |
| train/                  |            |
|    approx_kl            | 0.01311421 |
|    clip_fraction        | 0.272      |
|    clip_range           | 0.15       |
|    entropy_loss         | -37.4      |
|    explained_variance   | 0.999      |
|    learning_rate        | 0.0001     |
|    loss                 | -0.388     |
|    n_updates            | 4035       |
|    policy_gradient_loss | -0.0143    |
|    std                  | 2.28       |
|    value_loss           | 0.000547   |
----------------------------------------
rollout mean regret: 0.03925922513008118
------------------------------------------
| rollout/                |              |
|    ep_len_mean          | 19           |
|    ep_rew_mean          | 85           |
| time/                   |              |
|    fps                  | 1458         |
|    iterations           | 271          |
|    time_elapsed         | 12181        |
|    total_timesteps      | 17760256     |
| train/                  |              |
|    approx_kl            | 0.0132752145 |
|    clip_fraction        | 0.273        |
|    clip_range           | 0.15         |
|    entropy_loss         | -37.4        |
|    explained_variance   | 0.999        |
|    learning_rate        | 0.0001       |
|    loss                 | -0.399       |
|    n_updates            | 4050         |
|    policy_gradient_loss | -0.0144      |
|    std                  | 2.28         |
|    value_loss           | 0.000567     |
------------------------------------------
rollout mean regret: 0.03861493989825249
-----------------------------------------
| rollout/                |             |
|    ep_len_mean          | 19          |
|    ep_rew_mean          | 85.1        |
| time/                   |             |
|    fps                  | 1458        |
|    iterations           | 272         |
|    time_elapsed         | 12225       |
|    total_timesteps      | 17825792    |
| train/                  |             |
|    approx_kl            | 0.012465956 |
|    clip_fraction        | 0.264       |
|    clip_range           | 0.15        |
|    entropy_loss         | -37.5       |
|    explained_variance   | 0.999       |
|    learning_rate        | 0.0001      |
|    loss                 | -0.389      |
|    n_updates            | 4065        |
|    policy_gradient_loss | -0.0146     |
|    std                  | 2.29        |
|    value_loss           | 0.000531    |
-----------------------------------------
rollout mean regret: 0.05007372424006462
-----------------------------------------
| rollout/                |             |
|    ep_len_mean          | 19          |
|    ep_rew_mean          | 84.9        |
| time/                   |             |
|    fps                  | 1458        |
|    iterations           | 273         |
|    time_elapsed         | 12270       |
|    total_timesteps      | 17891328    |
| train/                  |             |
|    approx_kl            | 0.012446506 |
|    clip_fraction        | 0.26        |
|    clip_range           | 0.15        |
|    entropy_loss         | -37.6       |
|    explained_variance   | 0.999       |
|    learning_rate        | 0.0001      |
|    loss                 | -0.383      |
|    n_updates            | 4080        |
|    policy_gradient_loss | -0.0135     |
|    std                  | 2.3         |
|    value_loss           | 0.000479    |
-----------------------------------------
rollout mean regret: 0.04713961482048035
----------------------------------------
| rollout/                |            |
|    ep_len_mean          | 19         |
|    ep_rew_mean          | 85         |
| time/                   |            |
|    fps                  | 1458       |
|    iterations           | 274        |
|    time_elapsed         | 12315      |
|    total_timesteps      | 17956864   |
| train/                  |            |
|    approx_kl            | 0.01205271 |
|    clip_fraction        | 0.251      |
|    clip_range           | 0.15       |
|    entropy_loss         | -37.6      |
|    explained_variance   | 0.999      |
|    learning_rate        | 0.0001     |
|    loss                 | -0.396     |
|    n_updates            | 4095       |
|    policy_gradient_loss | -0.0144    |
|    std                  | 2.31       |
|    value_loss           | 0.000463   |
----------------------------------------
Eval num_timesteps=18000000, episode_reward=85.67 +/- 0.16
Episode length: 19.00 +/- 0.00
-----------------------------------------
| eval/                   |             |
|    mean_ep_length       | 19          |
|    mean_reward          | 85.7        |
| time/                   |             |
|    total_timesteps      | 18000000    |
| train/                  |             |
|    approx_kl            | 0.013138542 |
|    clip_fraction        | 0.275       |
|    clip_range           | 0.15        |
|    entropy_loss         | -37.7       |
|    explained_variance   | 0.999       |
|    learning_rate        | 0.0001      |
|    loss                 | -0.39       |
|    n_updates            | 4110        |
|    policy_gradient_loss | -0.0138     |
|    std                  | 2.32        |
|    value_loss           | 0.000635    |
-----------------------------------------
rollout mean regret: 0.05606723204255104
---------------------------------
| rollout/           |          |
|    ep_len_mean     | 19       |
|    ep_rew_mean     | 85.2     |
| time/              |          |
|    fps             | 1457     |
|    iterations      | 275      |
|    time_elapsed    | 12361    |
|    total_timesteps | 18022400 |
---------------------------------
rollout mean regret: 0.061428431421518326
----------------------------------------
| rollout/                |            |
|    ep_len_mean          | 19         |
|    ep_rew_mean          | 85.2       |
| time/                   |            |
|    fps                  | 1457       |
|    iterations           | 276        |
|    time_elapsed         | 12406      |
|    total_timesteps      | 18087936   |
| train/                  |            |
|    approx_kl            | 0.01275113 |
|    clip_fraction        | 0.264      |
|    clip_range           | 0.15       |
|    entropy_loss         | -37.8      |
|    explained_variance   | 0.999      |
|    learning_rate        | 0.0001     |
|    loss                 | -0.396     |
|    n_updates            | 4125       |
|    policy_gradient_loss | -0.0144    |
|    std                  | 2.33       |
|    value_loss           | 0.000505   |
----------------------------------------
rollout mean regret: 0.05562612786889076
-----------------------------------------
| rollout/                |             |
|    ep_len_mean          | 19          |
|    ep_rew_mean          | 85.1        |
| time/                   |             |
|    fps                  | 1457        |
|    iterations           | 277         |
|    time_elapsed         | 12451       |
|    total_timesteps      | 18153472    |
| train/                  |             |
|    approx_kl            | 0.013186608 |
|    clip_fraction        | 0.272       |
|    clip_range           | 0.15        |
|    entropy_loss         | -37.8       |
|    explained_variance   | 0.999       |
|    learning_rate        | 0.0001      |
|    loss                 | -0.395      |
|    n_updates            | 4140        |
|    policy_gradient_loss | -0.0144     |
|    std                  | 2.34        |
|    value_loss           | 0.000684    |
-----------------------------------------
rollout mean regret: 0.045544400811195374
----------------------------------------
| rollout/                |            |
|    ep_len_mean          | 19         |
|    ep_rew_mean          | 85         |
| time/                   |            |
|    fps                  | 1457       |
|    iterations           | 278        |
|    time_elapsed         | 12496      |
|    total_timesteps      | 18219008   |
| train/                  |            |
|    approx_kl            | 0.01317474 |
|    clip_fraction        | 0.262      |
|    clip_range           | 0.15       |
|    entropy_loss         | -37.9      |
|    explained_variance   | 0.999      |
|    learning_rate        | 0.0001     |
|    loss                 | -0.399     |
|    n_updates            | 4155       |
|    policy_gradient_loss | -0.0147    |
|    std                  | 2.35       |
|    value_loss           | 0.000492   |
----------------------------------------
rollout mean regret: 0.0437832847237587
-----------------------------------------
| rollout/                |             |
|    ep_len_mean          | 19          |
|    ep_rew_mean          | 85          |
| time/                   |             |
|    fps                  | 1457        |
|    iterations           | 279         |
|    time_elapsed         | 12542       |
|    total_timesteps      | 18284544    |
| train/                  |             |
|    approx_kl            | 0.013069337 |
|    clip_fraction        | 0.272       |
|    clip_range           | 0.15        |
|    entropy_loss         | -38         |
|    explained_variance   | 0.999       |
|    learning_rate        | 0.0001      |
|    loss                 | -0.396      |
|    n_updates            | 4170        |
|    policy_gradient_loss | -0.0138     |
|    std                  | 2.37        |
|    value_loss           | 0.000785    |
-----------------------------------------
rollout mean regret: 0.03568999841809273
-----------------------------------------
| rollout/                |             |
|    ep_len_mean          | 19          |
|    ep_rew_mean          | 84.7        |
| time/                   |             |
|    fps                  | 1457        |
|    iterations           | 280         |
|    time_elapsed         | 12590       |
|    total_timesteps      | 18350080    |
| train/                  |             |
|    approx_kl            | 0.012884371 |
|    clip_fraction        | 0.267       |
|    clip_range           | 0.15        |
|    entropy_loss         | -38         |
|    explained_variance   | 0.999       |
|    learning_rate        | 0.0001      |
|    loss                 | -0.408      |
|    n_updates            | 4185        |
|    policy_gradient_loss | -0.0144     |
|    std                  | 2.37        |
|    value_loss           | 0.000619    |
-----------------------------------------
rollout mean regret: 0.04619000107049942
-----------------------------------------
| rollout/                |             |
|    ep_len_mean          | 19          |
|    ep_rew_mean          | 85          |
| time/                   |             |
|    fps                  | 1457        |
|    iterations           | 281         |
|    time_elapsed         | 12635       |
|    total_timesteps      | 18415616    |
| train/                  |             |
|    approx_kl            | 0.012785112 |
|    clip_fraction        | 0.267       |
|    clip_range           | 0.15        |
|    entropy_loss         | -38.1       |
|    explained_variance   | 0.999       |
|    learning_rate        | 0.0001      |
|    loss                 | -0.395      |
|    n_updates            | 4200        |
|    policy_gradient_loss | -0.0145     |
|    std                  | 2.38        |
|    value_loss           | 0.000695    |
-----------------------------------------
rollout mean regret: 0.03458490967750549
-----------------------------------------
| rollout/                |             |
|    ep_len_mean          | 19          |
|    ep_rew_mean          | 84.7        |
| time/                   |             |
|    fps                  | 1457        |
|    iterations           | 282         |
|    time_elapsed         | 12681       |
|    total_timesteps      | 18481152    |
| train/                  |             |
|    approx_kl            | 0.012618342 |
|    clip_fraction        | 0.258       |
|    clip_range           | 0.15        |
|    entropy_loss         | -38.2       |
|    explained_variance   | 0.999       |
|    learning_rate        | 0.0001      |
|    loss                 | -0.391      |
|    n_updates            | 4215        |
|    policy_gradient_loss | -0.0136     |
|    std                  | 2.39        |
|    value_loss           | 0.000624    |
-----------------------------------------
Eval num_timesteps=18500000, episode_reward=85.51 +/- 0.17
Episode length: 19.00 +/- 0.00
-----------------------------------------
| eval/                   |             |
|    mean_ep_length       | 19          |
|    mean_reward          | 85.5        |
| time/                   |             |
|    total_timesteps      | 18500000    |
| train/                  |             |
|    approx_kl            | 0.012612099 |
|    clip_fraction        | 0.263       |
|    clip_range           | 0.15        |
|    entropy_loss         | -38.3       |
|    explained_variance   | 0.999       |
|    learning_rate        | 0.0001      |
|    loss                 | -0.399      |
|    n_updates            | 4230        |
|    policy_gradient_loss | -0.0144     |
|    std                  | 2.4         |
|    value_loss           | 0.000644    |
-----------------------------------------
rollout mean regret: 0.03352341055870056
---------------------------------
| rollout/           |          |
|    ep_len_mean     | 19       |
|    ep_rew_mean     | 85.1     |
| time/              |          |
|    fps             | 1457     |
|    iterations      | 283      |
|    time_elapsed    | 12726    |
|    total_timesteps | 18546688 |
---------------------------------
rollout mean regret: 0.03632957488298416
-----------------------------------------
| rollout/                |             |
|    ep_len_mean          | 19          |
|    ep_rew_mean          | 84.8        |
| time/                   |             |
|    fps                  | 1457        |
|    iterations           | 284         |
|    time_elapsed         | 12771       |
|    total_timesteps      | 18612224    |
| train/                  |             |
|    approx_kl            | 0.012885459 |
|    clip_fraction        | 0.272       |
|    clip_range           | 0.15        |
|    entropy_loss         | -38.3       |
|    explained_variance   | 0.999       |
|    learning_rate        | 0.0001      |
|    loss                 | -0.401      |
|    n_updates            | 4245        |
|    policy_gradient_loss | -0.0137     |
|    std                  | 2.42        |
|    value_loss           | 0.000607    |
-----------------------------------------
rollout mean regret: 0.03934432938694954
----------------------------------------
| rollout/                |            |
|    ep_len_mean          | 19         |
|    ep_rew_mean          | 85         |
| time/                   |            |
|    fps                  | 1457       |
|    iterations           | 285        |
|    time_elapsed         | 12816      |
|    total_timesteps      | 18677760   |
| train/                  |            |
|    approx_kl            | 0.01317195 |
|    clip_fraction        | 0.272      |
|    clip_range           | 0.15       |
|    entropy_loss         | -38.4      |
|    explained_variance   | 0.999      |
|    learning_rate        | 0.0001     |
|    loss                 | -0.41      |
|    n_updates            | 4260       |
|    policy_gradient_loss | -0.0143    |
|    std                  | 2.43       |
|    value_loss           | 0.000686   |
----------------------------------------
rollout mean regret: 0.0382704883813858
------------------------------------------
| rollout/                |              |
|    ep_len_mean          | 19           |
|    ep_rew_mean          | 85           |
| time/                   |              |
|    fps                  | 1457         |
|    iterations           | 286          |
|    time_elapsed         | 12861        |
|    total_timesteps      | 18743296     |
| train/                  |              |
|    approx_kl            | 0.0124916155 |
|    clip_fraction        | 0.258        |
|    clip_range           | 0.15         |
|    entropy_loss         | -38.5        |
|    explained_variance   | 0.999        |
|    learning_rate        | 0.0001       |
|    loss                 | -0.398       |
|    n_updates            | 4275         |
|    policy_gradient_loss | -0.0142      |
|    std                  | 2.44         |
|    value_loss           | 0.000635     |
------------------------------------------
rollout mean regret: 0.045495711266994476
----------------------------------------
| rollout/                |            |
|    ep_len_mean          | 19         |
|    ep_rew_mean          | 84.9       |
| time/                   |            |
|    fps                  | 1457       |
|    iterations           | 287        |
|    time_elapsed         | 12906      |
|    total_timesteps      | 18808832   |
| train/                  |            |
|    approx_kl            | 0.01293967 |
|    clip_fraction        | 0.268      |
|    clip_range           | 0.15       |
|    entropy_loss         | -38.6      |
|    explained_variance   | 0.999      |
|    learning_rate        | 0.0001     |
|    loss                 | -0.408     |
|    n_updates            | 4290       |
|    policy_gradient_loss | -0.0145    |
|    std                  | 2.45       |
|    value_loss           | 0.000668   |
----------------------------------------
rollout mean regret: 0.04283976927399635
-----------------------------------------
| rollout/                |             |
|    ep_len_mean          | 19          |
|    ep_rew_mean          | 85          |
| time/                   |             |
|    fps                  | 1457        |
|    iterations           | 288         |
|    time_elapsed         | 12951       |
|    total_timesteps      | 18874368    |
| train/                  |             |
|    approx_kl            | 0.012226641 |
|    clip_fraction        | 0.259       |
|    clip_range           | 0.15        |
|    entropy_loss         | -38.6       |
|    explained_variance   | 0.999       |
|    learning_rate        | 0.0001      |
|    loss                 | -0.41       |
|    n_updates            | 4305        |
|    policy_gradient_loss | -0.0147     |
|    std                  | 2.46        |
|    value_loss           | 0.000608    |
-----------------------------------------
rollout mean regret: 0.042816661298274994
-----------------------------------------
| rollout/                |             |
|    ep_len_mean          | 19          |
|    ep_rew_mean          | 84.8        |
| time/                   |             |
|    fps                  | 1457        |
|    iterations           | 289         |
|    time_elapsed         | 12996       |
|    total_timesteps      | 18939904    |
| train/                  |             |
|    approx_kl            | 0.012529473 |
|    clip_fraction        | 0.265       |
|    clip_range           | 0.15        |
|    entropy_loss         | -38.7       |
|    explained_variance   | 0.999       |
|    learning_rate        | 0.0001      |
|    loss                 | -0.399      |
|    n_updates            | 4320        |
|    policy_gradient_loss | -0.0146     |
|    std                  | 2.48        |
|    value_loss           | 0.000515    |
-----------------------------------------
Eval num_timesteps=19000000, episode_reward=85.57 +/- 0.17
Episode length: 19.00 +/- 0.00
-----------------------------------------
| eval/                   |             |
|    mean_ep_length       | 19          |
|    mean_reward          | 85.6        |
| time/                   |             |
|    total_timesteps      | 19000000    |
| train/                  |             |
|    approx_kl            | 0.012514098 |
|    clip_fraction        | 0.262       |
|    clip_range           | 0.15        |
|    entropy_loss         | -38.8       |
|    explained_variance   | 0.999       |
|    learning_rate        | 0.0001      |
|    loss                 | -0.403      |
|    n_updates            | 4335        |
|    policy_gradient_loss | -0.0137     |
|    std                  | 2.49        |
|    value_loss           | 0.000581    |
-----------------------------------------
rollout mean regret: 0.04021446779370308
---------------------------------
| rollout/           |          |
|    ep_len_mean     | 19       |
|    ep_rew_mean     | 85.1     |
| time/              |          |
|    fps             | 1457     |
|    iterations      | 290      |
|    time_elapsed    | 13042    |
|    total_timesteps | 19005440 |
---------------------------------
rollout mean regret: 0.03743264079093933
-----------------------------------------
| rollout/                |             |
|    ep_len_mean          | 19          |
|    ep_rew_mean          | 84.9        |
| time/                   |             |
|    fps                  | 1457        |
|    iterations           | 291         |
|    time_elapsed         | 13087       |
|    total_timesteps      | 19070976    |
| train/                  |             |
|    approx_kl            | 0.012336537 |
|    clip_fraction        | 0.261       |
|    clip_range           | 0.15        |
|    entropy_loss         | -38.9       |
|    explained_variance   | 0.999       |
|    learning_rate        | 0.0001      |
|    loss                 | -0.407      |
|    n_updates            | 4350        |
|    policy_gradient_loss | -0.0136     |
|    std                  | 2.5         |
|    value_loss           | 0.000481    |
-----------------------------------------
rollout mean regret: 0.04420110583305359
-----------------------------------------
| rollout/                |             |
|    ep_len_mean          | 19          |
|    ep_rew_mean          | 84.8        |
| time/                   |             |
|    fps                  | 1457        |
|    iterations           | 292         |
|    time_elapsed         | 13132       |
|    total_timesteps      | 19136512    |
| train/                  |             |
|    approx_kl            | 0.012770779 |
|    clip_fraction        | 0.265       |
|    clip_range           | 0.15        |
|    entropy_loss         | -38.9       |
|    explained_variance   | 0.999       |
|    learning_rate        | 0.0001      |
|    loss                 | -0.408      |
|    n_updates            | 4365        |
|    policy_gradient_loss | -0.0142     |
|    std                  | 2.51        |
|    value_loss           | 0.000559    |
-----------------------------------------
rollout mean regret: 0.051678359508514404
-----------------------------------------
| rollout/                |             |
|    ep_len_mean          | 19          |
|    ep_rew_mean          | 85.1        |
| time/                   |             |
|    fps                  | 1457        |
|    iterations           | 293         |
|    time_elapsed         | 13177       |
|    total_timesteps      | 19202048    |
| train/                  |             |
|    approx_kl            | 0.013011964 |
|    clip_fraction        | 0.262       |
|    clip_range           | 0.15        |
|    entropy_loss         | -39         |
|    explained_variance   | 0.999       |
|    learning_rate        | 0.0001      |
|    loss                 | -0.417      |
|    n_updates            | 4380        |
|    policy_gradient_loss | -0.0148     |
|    std                  | 2.52        |
|    value_loss           | 0.000553    |
-----------------------------------------
rollout mean regret: 0.054104968905448914
-----------------------------------------
| rollout/                |             |
|    ep_len_mean          | 19          |
|    ep_rew_mean          | 84.8        |
| time/                   |             |
|    fps                  | 1457        |
|    iterations           | 294         |
|    time_elapsed         | 13222       |
|    total_timesteps      | 19267584    |
| train/                  |             |
|    approx_kl            | 0.012930156 |
|    clip_fraction        | 0.267       |
|    clip_range           | 0.15        |
|    entropy_loss         | -39.1       |
|    explained_variance   | 0.999       |
|    learning_rate        | 0.0001      |
|    loss                 | -0.408      |
|    n_updates            | 4395        |
|    policy_gradient_loss | -0.0145     |
|    std                  | 2.53        |
|    value_loss           | 0.000682    |
-----------------------------------------
rollout mean regret: 0.0397825688123703
-----------------------------------------
| rollout/                |             |
|    ep_len_mean          | 19          |
|    ep_rew_mean          | 85          |
| time/                   |             |
|    fps                  | 1457        |
|    iterations           | 295         |
|    time_elapsed         | 13267       |
|    total_timesteps      | 19333120    |
| train/                  |             |
|    approx_kl            | 0.012571869 |
|    clip_fraction        | 0.261       |
|    clip_range           | 0.15        |
|    entropy_loss         | -39.1       |
|    explained_variance   | 0.999       |
|    learning_rate        | 0.0001      |
|    loss                 | -0.407      |
|    n_updates            | 4410        |
|    policy_gradient_loss | -0.0148     |
|    std                  | 2.54        |
|    value_loss           | 0.000649    |
-----------------------------------------
rollout mean regret: 0.04008793085813522
----------------------------------------
| rollout/                |            |
|    ep_len_mean          | 19         |
|    ep_rew_mean          | 85.1       |
| time/                   |            |
|    fps                  | 1457       |
|    iterations           | 296        |
|    time_elapsed         | 13312      |
|    total_timesteps      | 19398656   |
| train/                  |            |
|    approx_kl            | 0.01262426 |
|    clip_fraction        | 0.263      |
|    clip_range           | 0.15       |
|    entropy_loss         | -39.2      |
|    explained_variance   | 1          |
|    learning_rate        | 0.0001     |
|    loss                 | -0.412     |
|    n_updates            | 4425       |
|    policy_gradient_loss | -0.0145    |
|    std                  | 2.55       |
|    value_loss           | 0.00046    |
----------------------------------------
rollout mean regret: 0.04039977863430977
-----------------------------------------
| rollout/                |             |
|    ep_len_mean          | 19          |
|    ep_rew_mean          | 85          |
| time/                   |             |
|    fps                  | 1457        |
|    iterations           | 297         |
|    time_elapsed         | 13358       |
|    total_timesteps      | 19464192    |
| train/                  |             |
|    approx_kl            | 0.012608776 |
|    clip_fraction        | 0.258       |
|    clip_range           | 0.15        |
|    entropy_loss         | -39.3       |
|    explained_variance   | 1           |
|    learning_rate        | 0.0001      |
|    loss                 | -0.404      |
|    n_updates            | 4440        |
|    policy_gradient_loss | -0.014      |
|    std                  | 2.56        |
|    value_loss           | 0.000456    |
-----------------------------------------
Eval num_timesteps=19500000, episode_reward=85.58 +/- 0.11
Episode length: 19.00 +/- 0.00
-----------------------------------------
| eval/                   |             |
|    mean_ep_length       | 19          |
|    mean_reward          | 85.6        |
| time/                   |             |
|    total_timesteps      | 19500000    |
| train/                  |             |
|    approx_kl            | 0.012553477 |
|    clip_fraction        | 0.264       |
|    clip_range           | 0.15        |
|    entropy_loss         | -39.3       |
|    explained_variance   | 0.999       |
|    learning_rate        | 0.0001      |
|    loss                 | -0.408      |
|    n_updates            | 4455        |
|    policy_gradient_loss | -0.014      |
|    std                  | 2.57        |
|    value_loss           | 0.000601    |
-----------------------------------------
rollout mean regret: 0.04745687171816826
---------------------------------
| rollout/           |          |
|    ep_len_mean     | 19       |
|    ep_rew_mean     | 85.1     |
| time/              |          |
|    fps             | 1457     |
|    iterations      | 298      |
|    time_elapsed    | 13403    |
|    total_timesteps | 19529728 |
---------------------------------
rollout mean regret: 0.04275145381689072
-----------------------------------------
| rollout/                |             |
|    ep_len_mean          | 19          |
|    ep_rew_mean          | 84.9        |
| time/                   |             |
|    fps                  | 1457        |
|    iterations           | 299         |
|    time_elapsed         | 13448       |
|    total_timesteps      | 19595264    |
| train/                  |             |
|    approx_kl            | 0.012484578 |
|    clip_fraction        | 0.26        |
|    clip_range           | 0.15        |
|    entropy_loss         | -39.4       |
|    explained_variance   | 0.999       |
|    learning_rate        | 0.0001      |
|    loss                 | -0.41       |
|    n_updates            | 4470        |
|    policy_gradient_loss | -0.0145     |
|    std                  | 2.59        |
|    value_loss           | 0.000469    |
-----------------------------------------
rollout mean regret: 0.04338975250720978
-----------------------------------------
| rollout/                |             |
|    ep_len_mean          | 19          |
|    ep_rew_mean          | 85.1        |
| time/                   |             |
|    fps                  | 1457        |
|    iterations           | 300         |
|    time_elapsed         | 13493       |
|    total_timesteps      | 19660800    |
| train/                  |             |
|    approx_kl            | 0.012873283 |
|    clip_fraction        | 0.268       |
|    clip_range           | 0.15        |
|    entropy_loss         | -39.5       |
|    explained_variance   | 0.999       |
|    learning_rate        | 0.0001      |
|    loss                 | -0.422      |
|    n_updates            | 4485        |
|    policy_gradient_loss | -0.0144     |
|    std                  | 2.6         |
|    value_loss           | 0.000688    |
-----------------------------------------
rollout mean regret: 0.03292612358927727
-----------------------------------------
| rollout/                |             |
|    ep_len_mean          | 19          |
|    ep_rew_mean          | 84.9        |
| time/                   |             |
|    fps                  | 1457        |
|    iterations           | 301         |
|    time_elapsed         | 13538       |
|    total_timesteps      | 19726336    |
| train/                  |             |
|    approx_kl            | 0.012352775 |
|    clip_fraction        | 0.254       |
|    clip_range           | 0.15        |
|    entropy_loss         | -39.5       |
|    explained_variance   | 1           |
|    learning_rate        | 0.0001      |
|    loss                 | -0.415      |
|    n_updates            | 4500        |
|    policy_gradient_loss | -0.0145     |
|    std                  | 2.61        |
|    value_loss           | 0.00039     |
-----------------------------------------
rollout mean regret: 0.037390947341918945
-----------------------------------------
| rollout/                |             |
|    ep_len_mean          | 19          |
|    ep_rew_mean          | 84.9        |
| time/                   |             |
|    fps                  | 1457        |
|    iterations           | 302         |
|    time_elapsed         | 13583       |
|    total_timesteps      | 19791872    |
| train/                  |             |
|    approx_kl            | 0.012738844 |
|    clip_fraction        | 0.261       |
|    clip_range           | 0.15        |
|    entropy_loss         | -39.6       |
|    explained_variance   | 0.999       |
|    learning_rate        | 0.0001      |
|    loss                 | -0.397      |
|    n_updates            | 4515        |
|    policy_gradient_loss | -0.0133     |
|    std                  | 2.62        |
|    value_loss           | 0.000565    |
-----------------------------------------
rollout mean regret: 0.036799997091293335
-----------------------------------------
| rollout/                |             |
|    ep_len_mean          | 19          |
|    ep_rew_mean          | 84.9        |
| time/                   |             |
|    fps                  | 1456        |
|    iterations           | 303         |
|    time_elapsed         | 13629       |
|    total_timesteps      | 19857408    |
| train/                  |             |
|    approx_kl            | 0.012347596 |
|    clip_fraction        | 0.265       |
|    clip_range           | 0.15        |
|    entropy_loss         | -39.7       |
|    explained_variance   | 0.999       |
|    learning_rate        | 0.0001      |
|    loss                 | -0.416      |
|    n_updates            | 4530        |
|    policy_gradient_loss | -0.0145     |
|    std                  | 2.63        |
|    value_loss           | 0.000581    |
-----------------------------------------
rollout mean regret: 0.04494069516658783
-----------------------------------------
| rollout/                |             |
|    ep_len_mean          | 19          |
|    ep_rew_mean          | 85          |
| time/                   |             |
|    fps                  | 1456        |
|    iterations           | 304         |
|    time_elapsed         | 13675       |
|    total_timesteps      | 19922944    |
| train/                  |             |
|    approx_kl            | 0.012175021 |
|    clip_fraction        | 0.253       |
|    clip_range           | 0.15        |
|    entropy_loss         | -39.7       |
|    explained_variance   | 0.999       |
|    learning_rate        | 0.0001      |
|    loss                 | -0.415      |
|    n_updates            | 4545        |
|    policy_gradient_loss | -0.0147     |
|    std                  | 2.64        |
|    value_loss           | 0.000505    |
-----------------------------------------
rollout mean regret: 0.05446621775627136
-----------------------------------------
| rollout/                |             |
|    ep_len_mean          | 19          |
|    ep_rew_mean          | 85.2        |
| time/                   |             |
|    fps                  | 1456        |
|    iterations           | 305         |
|    time_elapsed         | 13719       |
|    total_timesteps      | 19988480    |
| train/                  |             |
|    approx_kl            | 0.012291538 |
|    clip_fraction        | 0.256       |
|    clip_range           | 0.15        |
|    entropy_loss         | -39.8       |
|    explained_variance   | 0.999       |
|    learning_rate        | 0.0001      |
|    loss                 | -0.419      |
|    n_updates            | 4560        |
|    policy_gradient_loss | -0.0141     |
|    std                  | 2.65        |
|    value_loss           | 0.000514    |
-----------------------------------------
Eval num_timesteps=20000000, episode_reward=85.51 +/- 0.14
Episode length: 19.00 +/- 0.00
-----------------------------------------
| eval/                   |             |
|    mean_ep_length       | 19          |
|    mean_reward          | 85.5        |
| time/                   |             |
|    total_timesteps      | 20000000    |
| train/                  |             |
|    approx_kl            | 0.012748326 |
|    clip_fraction        | 0.264       |
|    clip_range           | 0.15        |
|    entropy_loss         | -39.9       |
|    explained_variance   | 0.999       |
|    learning_rate        | 0.0001      |
|    loss                 | -0.406      |
|    n_updates            | 4575        |
|    policy_gradient_loss | -0.0145     |
|    std                  | 2.66        |
|    value_loss           | 0.000649    |
-----------------------------------------
rollout mean regret: 0.05724237114191055
---------------------------------
| rollout/           |          |
|    ep_len_mean     | 19       |
|    ep_rew_mean     | 85.1     |
| time/              |          |
|    fps             | 1456     |
|    iterations      | 306      |
|    time_elapsed    | 13765    |
|    total_timesteps | 20054016 |
---------------------------------
