==== CPU INFO ====
SLURM_CPUS_ON_NODE: 14
SLURM_CPUS_PER_TASK: 8
CPU affinity: [0, 1, 2, 3, 4, 5, 6, 8, 9, 10, 11, 12, 13, 14]
Usable cores: 14
os.cpu_count(): 16
===================
Using cpu device
Logging to runs/humanoid-v5-plane_ppo_lr1e-04_seed0_20251219-135707/logs/PPO_1
rollout mean regret: 7.27523946762085
---------------------------------
| rollout/           |          |
|    ep_len_mean     | 21.2     |
|    ep_rew_mean     | 92.9     |
| time/              |          |
|    fps             | 2220     |
|    iterations      | 1        |
|    time_elapsed    | 29       |
|    total_timesteps | 65536    |
---------------------------------
rollout mean regret: 3.6164956092834473
-----------------------------------------
| rollout/                |             |
|    ep_len_mean          | 23.3        |
|    ep_rew_mean          | 102         |
| time/                   |             |
|    fps                  | 1852        |
|    iterations           | 2           |
|    time_elapsed         | 70          |
|    total_timesteps      | 131072      |
| train/                  |             |
|    approx_kl            | 0.008246044 |
|    clip_fraction        | 0.168       |
|    clip_range           | 0.15        |
|    entropy_loss         | -24.2       |
|    explained_variance   | -1.26       |
|    learning_rate        | 0.0001      |
|    loss                 | -0.213      |
|    n_updates            | 15          |
|    policy_gradient_loss | -0.0149     |
|    std                  | 1           |
|    value_loss           | 0.136       |
-----------------------------------------
rollout mean regret: 1.9842047691345215
-----------------------------------------
| rollout/                |             |
|    ep_len_mean          | 24.6        |
|    ep_rew_mean          | 108         |
| time/                   |             |
|    fps                  | 1767        |
|    iterations           | 3           |
|    time_elapsed         | 111         |
|    total_timesteps      | 196608      |
| train/                  |             |
|    approx_kl            | 0.007889174 |
|    clip_fraction        | 0.168       |
|    clip_range           | 0.15        |
|    entropy_loss         | -24.2       |
|    explained_variance   | 0.608       |
|    learning_rate        | 0.0001      |
|    loss                 | -0.228      |
|    n_updates            | 30          |
|    policy_gradient_loss | -0.0184     |
|    std                  | 1.01        |
|    value_loss           | 0.0421      |
-----------------------------------------
rollout mean regret: 1.6589610576629639
-----------------------------------------
| rollout/                |             |
|    ep_len_mean          | 25.9        |
|    ep_rew_mean          | 114         |
| time/                   |             |
|    fps                  | 1710        |
|    iterations           | 4           |
|    time_elapsed         | 153         |
|    total_timesteps      | 262144      |
| train/                  |             |
|    approx_kl            | 0.010615056 |
|    clip_fraction        | 0.245       |
|    clip_range           | 0.15        |
|    entropy_loss         | -24.3       |
|    explained_variance   | 0.833       |
|    learning_rate        | 0.0001      |
|    loss                 | -0.214      |
|    n_updates            | 45          |
|    policy_gradient_loss | -0.0273     |
|    std                  | 1.01        |
|    value_loss           | 0.0699      |
-----------------------------------------
rollout mean regret: 1.7158480882644653
-----------------------------------------
| rollout/                |             |
|    ep_len_mean          | 31.1        |
|    ep_rew_mean          | 136         |
| time/                   |             |
|    fps                  | 1691        |
|    iterations           | 5           |
|    time_elapsed         | 193         |
|    total_timesteps      | 327680      |
| train/                  |             |
|    approx_kl            | 0.012380554 |
|    clip_fraction        | 0.281       |
|    clip_range           | 0.15        |
|    entropy_loss         | -24.3       |
|    explained_variance   | 0.853       |
|    learning_rate        | 0.0001      |
|    loss                 | -0.175      |
|    n_updates            | 60          |
|    policy_gradient_loss | -0.0313     |
|    std                  | 1.01        |
|    value_loss           | 0.1         |
-----------------------------------------
rollout mean regret: 1.698833703994751
-----------------------------------------
| rollout/                |             |
|    ep_len_mean          | 37.6        |
|    ep_rew_mean          | 165         |
| time/                   |             |
|    fps                  | 1661        |
|    iterations           | 6           |
|    time_elapsed         | 236         |
|    total_timesteps      | 393216      |
| train/                  |             |
|    approx_kl            | 0.012627132 |
|    clip_fraction        | 0.285       |
|    clip_range           | 0.15        |
|    entropy_loss         | -24.3       |
|    explained_variance   | 0.852       |
|    learning_rate        | 0.0001      |
|    loss                 | -0.161      |
|    n_updates            | 75          |
|    policy_gradient_loss | -0.0319     |
|    std                  | 1.01        |
|    value_loss           | 0.12        |
-----------------------------------------
rollout mean regret: 1.6278032064437866
----------------------------------------
| rollout/                |            |
|    ep_len_mean          | 41.3       |
|    ep_rew_mean          | 182        |
| time/                   |            |
|    fps                  | 1637       |
|    iterations           | 7          |
|    time_elapsed         | 280        |
|    total_timesteps      | 458752     |
| train/                  |            |
|    approx_kl            | 0.01230881 |
|    clip_fraction        | 0.281      |
|    clip_range           | 0.15       |
|    entropy_loss         | -24.3      |
|    explained_variance   | 0.857      |
|    learning_rate        | 0.0001     |
|    loss                 | -0.17      |
|    n_updates            | 90         |
|    policy_gradient_loss | -0.0316    |
|    std                  | 1.01       |
|    value_loss           | 0.128      |
----------------------------------------
Eval num_timesteps=500000, episode_reward=404.29 +/- 18.88
Episode length: 84.00 +/- 3.95
-----------------------------------------
| eval/                   |             |
|    mean_ep_length       | 84          |
|    mean_reward          | 404         |
| time/                   |             |
|    total_timesteps      | 500000      |
| train/                  |             |
|    approx_kl            | 0.012227584 |
|    clip_fraction        | 0.273       |
|    clip_range           | 0.15        |
|    entropy_loss         | -24.3       |
|    explained_variance   | 0.866       |
|    learning_rate        | 0.0001      |
|    loss                 | -0.179      |
|    n_updates            | 105         |
|    policy_gradient_loss | -0.031      |
|    std                  | 1.01        |
|    value_loss           | 0.12        |
-----------------------------------------
New best mean reward!
rollout mean regret: 1.455061674118042
---------------------------------
| rollout/           |          |
|    ep_len_mean     | 47.9     |
|    ep_rew_mean     | 211      |
| time/              |          |
|    fps             | 1611     |
|    iterations      | 8        |
|    time_elapsed    | 325      |
|    total_timesteps | 524288   |
---------------------------------
rollout mean regret: 1.2613742351531982
-----------------------------------------
| rollout/                |             |
|    ep_len_mean          | 54.7        |
|    ep_rew_mean          | 242         |
| time/                   |             |
|    fps                  | 1600        |
|    iterations           | 9           |
|    time_elapsed         | 368         |
|    total_timesteps      | 589824      |
| train/                  |             |
|    approx_kl            | 0.011916287 |
|    clip_fraction        | 0.262       |
|    clip_range           | 0.15        |
|    entropy_loss         | -24.3       |
|    explained_variance   | 0.885       |
|    learning_rate        | 0.0001      |
|    loss                 | -0.187      |
|    n_updates            | 120         |
|    policy_gradient_loss | -0.03       |
|    std                  | 1.01        |
|    value_loss           | 0.104       |
-----------------------------------------
rollout mean regret: 1.0545858144760132
-----------------------------------------
| rollout/                |             |
|    ep_len_mean          | 62.7        |
|    ep_rew_mean          | 279         |
| time/                   |             |
|    fps                  | 1582        |
|    iterations           | 10          |
|    time_elapsed         | 414         |
|    total_timesteps      | 655360      |
| train/                  |             |
|    approx_kl            | 0.011532578 |
|    clip_fraction        | 0.254       |
|    clip_range           | 0.15        |
|    entropy_loss         | -24.3       |
|    explained_variance   | 0.903       |
|    learning_rate        | 0.0001      |
|    loss                 | -0.194      |
|    n_updates            | 135         |
|    policy_gradient_loss | -0.0287     |
|    std                  | 1.01        |
|    value_loss           | 0.0879      |
-----------------------------------------
rollout mean regret: 0.8794642686843872
-----------------------------------------
| rollout/                |             |
|    ep_len_mean          | 66.5        |
|    ep_rew_mean          | 297         |
| time/                   |             |
|    fps                  | 1571        |
|    iterations           | 11          |
|    time_elapsed         | 458         |
|    total_timesteps      | 720896      |
| train/                  |             |
|    approx_kl            | 0.010950591 |
|    clip_fraction        | 0.24        |
|    clip_range           | 0.15        |
|    entropy_loss         | -24.3       |
|    explained_variance   | 0.924       |
|    learning_rate        | 0.0001      |
|    loss                 | -0.22       |
|    n_updates            | 150         |
|    policy_gradient_loss | -0.0271     |
|    std                  | 1.01        |
|    value_loss           | 0.0684      |
-----------------------------------------
rollout mean regret: 0.736236572265625
-----------------------------------------
| rollout/                |             |
|    ep_len_mean          | 70.1        |
|    ep_rew_mean          | 313         |
| time/                   |             |
|    fps                  | 1566        |
|    iterations           | 12          |
|    time_elapsed         | 502         |
|    total_timesteps      | 786432      |
| train/                  |             |
|    approx_kl            | 0.010728827 |
|    clip_fraction        | 0.228       |
|    clip_range           | 0.15        |
|    entropy_loss         | -24.3       |
|    explained_variance   | 0.938       |
|    learning_rate        | 0.0001      |
|    loss                 | -0.239      |
|    n_updates            | 165         |
|    policy_gradient_loss | -0.0257     |
|    std                  | 1.01        |
|    value_loss           | 0.0542      |
-----------------------------------------
rollout mean regret: 0.6277015209197998
-----------------------------------------
| rollout/                |             |
|    ep_len_mean          | 72.5        |
|    ep_rew_mean          | 324         |
| time/                   |             |
|    fps                  | 1555        |
|    iterations           | 13          |
|    time_elapsed         | 547         |
|    total_timesteps      | 851968      |
| train/                  |             |
|    approx_kl            | 0.010430028 |
|    clip_fraction        | 0.218       |
|    clip_range           | 0.15        |
|    entropy_loss         | -24.4       |
|    explained_variance   | 0.95        |
|    learning_rate        | 0.0001      |
|    loss                 | -0.247      |
|    n_updates            | 180         |
|    policy_gradient_loss | -0.0246     |
|    std                  | 1.02        |
|    value_loss           | 0.0452      |
-----------------------------------------
rollout mean regret: 0.5970500111579895
-----------------------------------------
| rollout/                |             |
|    ep_len_mean          | 75          |
|    ep_rew_mean          | 335         |
| time/                   |             |
|    fps                  | 1544        |
|    iterations           | 14          |
|    time_elapsed         | 594         |
|    total_timesteps      | 917504      |
| train/                  |             |
|    approx_kl            | 0.010199737 |
|    clip_fraction        | 0.211       |
|    clip_range           | 0.15        |
|    entropy_loss         | -24.4       |
|    explained_variance   | 0.957       |
|    learning_rate        | 0.0001      |
|    loss                 | -0.244      |
|    n_updates            | 195         |
|    policy_gradient_loss | -0.0234     |
|    std                  | 1.02        |
|    value_loss           | 0.0404      |
-----------------------------------------
rollout mean regret: 0.566145658493042
-----------------------------------------
| rollout/                |             |
|    ep_len_mean          | 78          |
|    ep_rew_mean          | 349         |
| time/                   |             |
|    fps                  | 1536        |
|    iterations           | 15          |
|    time_elapsed         | 639         |
|    total_timesteps      | 983040      |
| train/                  |             |
|    approx_kl            | 0.010561146 |
|    clip_fraction        | 0.214       |
|    clip_range           | 0.15        |
|    entropy_loss         | -24.4       |
|    explained_variance   | 0.958       |
|    learning_rate        | 0.0001      |
|    loss                 | -0.239      |
|    n_updates            | 210         |
|    policy_gradient_loss | -0.0235     |
|    std                  | 1.02        |
|    value_loss           | 0.0389      |
-----------------------------------------
Eval num_timesteps=1000000, episode_reward=461.48 +/- 63.97
Episode length: 96.40 +/- 13.18
-----------------------------------------
| eval/                   |             |
|    mean_ep_length       | 96.4        |
|    mean_reward          | 461         |
| time/                   |             |
|    total_timesteps      | 1000000     |
| train/                  |             |
|    approx_kl            | 0.010458242 |
|    clip_fraction        | 0.213       |
|    clip_range           | 0.15        |
|    entropy_loss         | -24.5       |
|    explained_variance   | 0.96        |
|    learning_rate        | 0.0001      |
|    loss                 | -0.238      |
|    n_updates            | 225         |
|    policy_gradient_loss | -0.0233     |
|    std                  | 1.02        |
|    value_loss           | 0.036       |
-----------------------------------------
New best mean reward!
rollout mean regret: 0.5312562584877014
---------------------------------
| rollout/           |          |
|    ep_len_mean     | 77.3     |
|    ep_rew_mean     | 346      |
| time/              |          |
|    fps             | 1528     |
|    iterations      | 16       |
|    time_elapsed    | 685      |
|    total_timesteps | 1048576  |
---------------------------------
rollout mean regret: 0.5038866400718689
-----------------------------------------
| rollout/                |             |
|    ep_len_mean          | 76.8        |
|    ep_rew_mean          | 344         |
| time/                   |             |
|    fps                  | 1523        |
|    iterations           | 17          |
|    time_elapsed         | 731         |
|    total_timesteps      | 1114112     |
| train/                  |             |
|    approx_kl            | 0.010222684 |
|    clip_fraction        | 0.209       |
|    clip_range           | 0.15        |
|    entropy_loss         | -24.5       |
|    explained_variance   | 0.963       |
|    learning_rate        | 0.0001      |
|    loss                 | -0.244      |
|    n_updates            | 240         |
|    policy_gradient_loss | -0.0221     |
|    std                  | 1.02        |
|    value_loss           | 0.0332      |
-----------------------------------------
rollout mean regret: 0.5329341888427734
-----------------------------------------
| rollout/                |             |
|    ep_len_mean          | 83.7        |
|    ep_rew_mean          | 376         |
| time/                   |             |
|    fps                  | 1516        |
|    iterations           | 18          |
|    time_elapsed         | 777         |
|    total_timesteps      | 1179648     |
| train/                  |             |
|    approx_kl            | 0.010650564 |
|    clip_fraction        | 0.215       |
|    clip_range           | 0.15        |
|    entropy_loss         | -24.5       |
|    explained_variance   | 0.963       |
|    learning_rate        | 0.0001      |
|    loss                 | -0.242      |
|    n_updates            | 255         |
|    policy_gradient_loss | -0.0225     |
|    std                  | 1.03        |
|    value_loss           | 0.0322      |
-----------------------------------------
rollout mean regret: 0.515082597732544
-----------------------------------------
| rollout/                |             |
|    ep_len_mean          | 86.8        |
|    ep_rew_mean          | 390         |
| time/                   |             |
|    fps                  | 1512        |
|    iterations           | 19          |
|    time_elapsed         | 823         |
|    total_timesteps      | 1245184     |
| train/                  |             |
|    approx_kl            | 0.010509194 |
|    clip_fraction        | 0.212       |
|    clip_range           | 0.15        |
|    entropy_loss         | -24.6       |
|    explained_variance   | 0.964       |
|    learning_rate        | 0.0001      |
|    loss                 | -0.247      |
|    n_updates            | 270         |
|    policy_gradient_loss | -0.0218     |
|    std                  | 1.03        |
|    value_loss           | 0.0312      |
-----------------------------------------
rollout mean regret: 0.5054947137832642
-----------------------------------------
| rollout/                |             |
|    ep_len_mean          | 85.6        |
|    ep_rew_mean          | 384         |
| time/                   |             |
|    fps                  | 1504        |
|    iterations           | 20          |
|    time_elapsed         | 871         |
|    total_timesteps      | 1310720     |
| train/                  |             |
|    approx_kl            | 0.011071343 |
|    clip_fraction        | 0.221       |
|    clip_range           | 0.15        |
|    entropy_loss         | -24.6       |
|    explained_variance   | 0.965       |
|    learning_rate        | 0.0001      |
|    loss                 | -0.248      |
|    n_updates            | 285         |
|    policy_gradient_loss | -0.0228     |
|    std                  | 1.03        |
|    value_loss           | 0.0292      |
-----------------------------------------
rollout mean regret: 0.4967306852340698
-----------------------------------------
| rollout/                |             |
|    ep_len_mean          | 82.7        |
|    ep_rew_mean          | 371         |
| time/                   |             |
|    fps                  | 1502        |
|    iterations           | 21          |
|    time_elapsed         | 916         |
|    total_timesteps      | 1376256     |
| train/                  |             |
|    approx_kl            | 0.010840073 |
|    clip_fraction        | 0.219       |
|    clip_range           | 0.15        |
|    entropy_loss         | -24.7       |
|    explained_variance   | 0.966       |
|    learning_rate        | 0.0001      |
|    loss                 | -0.25       |
|    n_updates            | 300         |
|    policy_gradient_loss | -0.0223     |
|    std                  | 1.03        |
|    value_loss           | 0.0287      |
-----------------------------------------
rollout mean regret: 0.4840626120567322
-----------------------------------------
| rollout/                |             |
|    ep_len_mean          | 88.6        |
|    ep_rew_mean          | 398         |
| time/                   |             |
|    fps                  | 1498        |
|    iterations           | 22          |
|    time_elapsed         | 962         |
|    total_timesteps      | 1441792     |
| train/                  |             |
|    approx_kl            | 0.011228947 |
|    clip_fraction        | 0.224       |
|    clip_range           | 0.15        |
|    entropy_loss         | -24.7       |
|    explained_variance   | 0.967       |
|    learning_rate        | 0.0001      |
|    loss                 | -0.256      |
|    n_updates            | 315         |
|    policy_gradient_loss | -0.0228     |
|    std                  | 1.04        |
|    value_loss           | 0.0274      |
-----------------------------------------
Eval num_timesteps=1500000, episode_reward=504.29 +/- 13.56
Episode length: 105.60 +/- 2.58
-----------------------------------------
| eval/                   |             |
|    mean_ep_length       | 106         |
|    mean_reward          | 504         |
| time/                   |             |
|    total_timesteps      | 1500000     |
| train/                  |             |
|    approx_kl            | 0.011421004 |
|    clip_fraction        | 0.227       |
|    clip_range           | 0.15        |
|    entropy_loss         | -24.7       |
|    explained_variance   | 0.968       |
|    learning_rate        | 0.0001      |
|    loss                 | -0.256      |
|    n_updates            | 330         |
|    policy_gradient_loss | -0.0229     |
|    std                  | 1.04        |
|    value_loss           | 0.0263      |
-----------------------------------------
New best mean reward!
rollout mean regret: 0.4686805009841919
---------------------------------
| rollout/           |          |
|    ep_len_mean     | 84       |
|    ep_rew_mean     | 377      |
| time/              |          |
|    fps             | 1493     |
|    iterations      | 23       |
|    time_elapsed    | 1009     |
|    total_timesteps | 1507328  |
---------------------------------
rollout mean regret: 0.4823472201824188
-----------------------------------------
| rollout/                |             |
|    ep_len_mean          | 85.5        |
|    ep_rew_mean          | 383         |
| time/                   |             |
|    fps                  | 1490        |
|    iterations           | 24          |
|    time_elapsed         | 1055        |
|    total_timesteps      | 1572864     |
| train/                  |             |
|    approx_kl            | 0.011175928 |
|    clip_fraction        | 0.22        |
|    clip_range           | 0.15        |
|    entropy_loss         | -24.8       |
|    explained_variance   | 0.97        |
|    learning_rate        | 0.0001      |
|    loss                 | -0.245      |
|    n_updates            | 345         |
|    policy_gradient_loss | -0.0222     |
|    std                  | 1.04        |
|    value_loss           | 0.0244      |
-----------------------------------------
rollout mean regret: 0.49210113286972046
-----------------------------------------
| rollout/                |             |
|    ep_len_mean          | 88.9        |
|    ep_rew_mean          | 399         |
| time/                   |             |
|    fps                  | 1490        |
|    iterations           | 25          |
|    time_elapsed         | 1099        |
|    total_timesteps      | 1638400     |
| train/                  |             |
|    approx_kl            | 0.011407743 |
|    clip_fraction        | 0.233       |
|    clip_range           | 0.15        |
|    entropy_loss         | -24.8       |
|    explained_variance   | 0.97        |
|    learning_rate        | 0.0001      |
|    loss                 | -0.26       |
|    n_updates            | 360         |
|    policy_gradient_loss | -0.0231     |
|    std                  | 1.04        |
|    value_loss           | 0.023       |
-----------------------------------------
rollout mean regret: 0.4649975299835205
-----------------------------------------
| rollout/                |             |
|    ep_len_mean          | 89.5        |
|    ep_rew_mean          | 401         |
| time/                   |             |
|    fps                  | 1486        |
|    iterations           | 26          |
|    time_elapsed         | 1146        |
|    total_timesteps      | 1703936     |
| train/                  |             |
|    approx_kl            | 0.011288714 |
|    clip_fraction        | 0.227       |
|    clip_range           | 0.15        |
|    entropy_loss         | -24.9       |
|    explained_variance   | 0.971       |
|    learning_rate        | 0.0001      |
|    loss                 | -0.26       |
|    n_updates            | 375         |
|    policy_gradient_loss | -0.0224     |
|    std                  | 1.05        |
|    value_loss           | 0.0221      |
-----------------------------------------
rollout mean regret: 0.4687953591346741
-----------------------------------------
| rollout/                |             |
|    ep_len_mean          | 92          |
|    ep_rew_mean          | 414         |
| time/                   |             |
|    fps                  | 1484        |
|    iterations           | 27          |
|    time_elapsed         | 1191        |
|    total_timesteps      | 1769472     |
| train/                  |             |
|    approx_kl            | 0.011729758 |
|    clip_fraction        | 0.231       |
|    clip_range           | 0.15        |
|    entropy_loss         | -24.9       |
|    explained_variance   | 0.972       |
|    learning_rate        | 0.0001      |
|    loss                 | -0.256      |
|    n_updates            | 390         |
|    policy_gradient_loss | -0.0227     |
|    std                  | 1.05        |
|    value_loss           | 0.0213      |
-----------------------------------------
rollout mean regret: 0.46607840061187744
-----------------------------------------
| rollout/                |             |
|    ep_len_mean          | 93.9        |
|    ep_rew_mean          | 422         |
| time/                   |             |
|    fps                  | 1482        |
|    iterations           | 28          |
|    time_elapsed         | 1238        |
|    total_timesteps      | 1835008     |
| train/                  |             |
|    approx_kl            | 0.011726268 |
|    clip_fraction        | 0.236       |
|    clip_range           | 0.15        |
|    entropy_loss         | -24.9       |
|    explained_variance   | 0.973       |
|    learning_rate        | 0.0001      |
|    loss                 | -0.273      |
|    n_updates            | 405         |
|    policy_gradient_loss | -0.0229     |
|    std                  | 1.05        |
|    value_loss           | 0.0212      |
-----------------------------------------
rollout mean regret: 0.43422695994377136
-----------------------------------------
| rollout/                |             |
|    ep_len_mean          | 92.2        |
|    ep_rew_mean          | 415         |
| time/                   |             |
|    fps                  | 1477        |
|    iterations           | 29          |
|    time_elapsed         | 1286        |
|    total_timesteps      | 1900544     |
| train/                  |             |
|    approx_kl            | 0.011616373 |
|    clip_fraction        | 0.228       |
|    clip_range           | 0.15        |
|    entropy_loss         | -25         |
|    explained_variance   | 0.973       |
|    learning_rate        | 0.0001      |
|    loss                 | -0.266      |
|    n_updates            | 420         |
|    policy_gradient_loss | -0.0224     |
|    std                  | 1.05        |
|    value_loss           | 0.0204      |
-----------------------------------------
rollout mean regret: 0.47881877422332764
-----------------------------------------
| rollout/                |             |
|    ep_len_mean          | 96.8        |
|    ep_rew_mean          | 435         |
| time/                   |             |
|    fps                  | 1475        |
|    iterations           | 30          |
|    time_elapsed         | 1332        |
|    total_timesteps      | 1966080     |
| train/                  |             |
|    approx_kl            | 0.011744594 |
|    clip_fraction        | 0.231       |
|    clip_range           | 0.15        |
|    entropy_loss         | -25         |
|    explained_variance   | 0.974       |
|    learning_rate        | 0.0001      |
|    loss                 | -0.264      |
|    n_updates            | 435         |
|    policy_gradient_loss | -0.0222     |
|    std                  | 1.06        |
|    value_loss           | 0.0198      |
-----------------------------------------
Eval num_timesteps=2000000, episode_reward=574.79 +/- 89.37
Episode length: 120.20 +/- 18.70
------------------------------------------
| eval/                   |              |
|    mean_ep_length       | 120          |
|    mean_reward          | 575          |
| time/                   |              |
|    total_timesteps      | 2000000      |
| train/                  |              |
|    approx_kl            | 0.0117921475 |
|    clip_fraction        | 0.234        |
|    clip_range           | 0.15         |
|    entropy_loss         | -25.1        |
|    explained_variance   | 0.974        |
|    learning_rate        | 0.0001       |
|    loss                 | -0.259       |
|    n_updates            | 450          |
|    policy_gradient_loss | -0.0222      |
|    std                  | 1.06         |
|    value_loss           | 0.0194       |
------------------------------------------
New best mean reward!
rollout mean regret: 0.4627426266670227
---------------------------------
| rollout/           |          |
|    ep_len_mean     | 95.2     |
|    ep_rew_mean     | 428      |
| time/              |          |
|    fps             | 1471     |
|    iterations      | 31       |
|    time_elapsed    | 1380     |
|    total_timesteps | 2031616  |
---------------------------------
rollout mean regret: 0.46630093455314636
-----------------------------------------
| rollout/                |             |
|    ep_len_mean          | 102         |
|    ep_rew_mean          | 460         |
| time/                   |             |
|    fps                  | 1470        |
|    iterations           | 32          |
|    time_elapsed         | 1426        |
|    total_timesteps      | 2097152     |
| train/                  |             |
|    approx_kl            | 0.012269728 |
|    clip_fraction        | 0.239       |
|    clip_range           | 0.15        |
|    entropy_loss         | -25.1       |
|    explained_variance   | 0.975       |
|    learning_rate        | 0.0001      |
|    loss                 | -0.265      |
|    n_updates            | 465         |
|    policy_gradient_loss | -0.0227     |
|    std                  | 1.06        |
|    value_loss           | 0.0189      |
-----------------------------------------
rollout mean regret: 0.44406193494796753
-----------------------------------------
| rollout/                |             |
|    ep_len_mean          | 98.7        |
|    ep_rew_mean          | 444         |
| time/                   |             |
|    fps                  | 1468        |
|    iterations           | 33          |
|    time_elapsed         | 1473        |
|    total_timesteps      | 2162688     |
| train/                  |             |
|    approx_kl            | 0.012086921 |
|    clip_fraction        | 0.239       |
|    clip_range           | 0.15        |
|    entropy_loss         | -25.1       |
|    explained_variance   | 0.975       |
|    learning_rate        | 0.0001      |
|    loss                 | -0.27       |
|    n_updates            | 480         |
|    policy_gradient_loss | -0.0228     |
|    std                  | 1.06        |
|    value_loss           | 0.0185      |
-----------------------------------------
rollout mean regret: 0.4508886933326721
-----------------------------------------
| rollout/                |             |
|    ep_len_mean          | 99.7        |
|    ep_rew_mean          | 448         |
| time/                   |             |
|    fps                  | 1466        |
|    iterations           | 34          |
|    time_elapsed         | 1519        |
|    total_timesteps      | 2228224     |
| train/                  |             |
|    approx_kl            | 0.012200795 |
|    clip_fraction        | 0.238       |
|    clip_range           | 0.15        |
|    entropy_loss         | -25.2       |
|    explained_variance   | 0.976       |
|    learning_rate        | 0.0001      |
|    loss                 | -0.271      |
|    n_updates            | 495         |
|    policy_gradient_loss | -0.0216     |
|    std                  | 1.07        |
|    value_loss           | 0.0184      |
-----------------------------------------
rollout mean regret: 0.48526352643966675
-----------------------------------------
| rollout/                |             |
|    ep_len_mean          | 102         |
|    ep_rew_mean          | 457         |
| time/                   |             |
|    fps                  | 1464        |
|    iterations           | 35          |
|    time_elapsed         | 1566        |
|    total_timesteps      | 2293760     |
| train/                  |             |
|    approx_kl            | 0.012408138 |
|    clip_fraction        | 0.243       |
|    clip_range           | 0.15        |
|    entropy_loss         | -25.2       |
|    explained_variance   | 0.975       |
|    learning_rate        | 0.0001      |
|    loss                 | -0.271      |
|    n_updates            | 510         |
|    policy_gradient_loss | -0.0229     |
|    std                  | 1.07        |
|    value_loss           | 0.0185      |
-----------------------------------------
rollout mean regret: 0.4399322271347046
-----------------------------------------
| rollout/                |             |
|    ep_len_mean          | 103         |
|    ep_rew_mean          | 463         |
| time/                   |             |
|    fps                  | 1463        |
|    iterations           | 36          |
|    time_elapsed         | 1611        |
|    total_timesteps      | 2359296     |
| train/                  |             |
|    approx_kl            | 0.012450663 |
|    clip_fraction        | 0.246       |
|    clip_range           | 0.15        |
|    entropy_loss         | -25.3       |
|    explained_variance   | 0.976       |
|    learning_rate        | 0.0001      |
|    loss                 | -0.267      |
|    n_updates            | 525         |
|    policy_gradient_loss | -0.0228     |
|    std                  | 1.07        |
|    value_loss           | 0.018       |
-----------------------------------------
rollout mean regret: 0.4705325961112976
-----------------------------------------
| rollout/                |             |
|    ep_len_mean          | 103         |
|    ep_rew_mean          | 464         |
| time/                   |             |
|    fps                  | 1461        |
|    iterations           | 37          |
|    time_elapsed         | 1658        |
|    total_timesteps      | 2424832     |
| train/                  |             |
|    approx_kl            | 0.012351722 |
|    clip_fraction        | 0.241       |
|    clip_range           | 0.15        |
|    entropy_loss         | -25.3       |
|    explained_variance   | 0.977       |
|    learning_rate        | 0.0001      |
|    loss                 | -0.269      |
|    n_updates            | 540         |
|    policy_gradient_loss | -0.0218     |
|    std                  | 1.07        |
|    value_loss           | 0.0178      |
-----------------------------------------
rollout mean regret: 0.4492717981338501
-----------------------------------------
| rollout/                |             |
|    ep_len_mean          | 108         |
|    ep_rew_mean          | 486         |
| time/                   |             |
|    fps                  | 1459        |
|    iterations           | 38          |
|    time_elapsed         | 1705        |
|    total_timesteps      | 2490368     |
| train/                  |             |
|    approx_kl            | 0.012689365 |
|    clip_fraction        | 0.247       |
|    clip_range           | 0.15        |
|    entropy_loss         | -25.3       |
|    explained_variance   | 0.977       |
|    learning_rate        | 0.0001      |
|    loss                 | -0.265      |
|    n_updates            | 555         |
|    policy_gradient_loss | -0.0229     |
|    std                  | 1.08        |
|    value_loss           | 0.0179      |
-----------------------------------------
Eval num_timesteps=2500000, episode_reward=539.49 +/- 58.25
Episode length: 114.20 +/- 11.82
-----------------------------------------
| eval/                   |             |
|    mean_ep_length       | 114         |
|    mean_reward          | 539         |
| time/                   |             |
|    total_timesteps      | 2500000     |
| train/                  |             |
|    approx_kl            | 0.012725891 |
|    clip_fraction        | 0.246       |
|    clip_range           | 0.15        |
|    entropy_loss         | -25.4       |
|    explained_variance   | 0.978       |
|    learning_rate        | 0.0001      |
|    loss                 | -0.277      |
|    n_updates            | 570         |
|    policy_gradient_loss | -0.0223     |
|    std                  | 1.08        |
|    value_loss           | 0.017       |
-----------------------------------------
rollout mean regret: 0.41226351261138916
---------------------------------
| rollout/           |          |
|    ep_len_mean     | 105      |
|    ep_rew_mean     | 474      |
| time/              |          |
|    fps             | 1456     |
|    iterations      | 39       |
|    time_elapsed    | 1754     |
|    total_timesteps | 2555904  |
---------------------------------
rollout mean regret: 0.43402528762817383
----------------------------------------
| rollout/                |            |
|    ep_len_mean          | 106        |
|    ep_rew_mean          | 475        |
| time/                   |            |
|    fps                  | 1455       |
|    iterations           | 40         |
|    time_elapsed         | 1800       |
|    total_timesteps      | 2621440    |
| train/                  |            |
|    approx_kl            | 0.01281978 |
|    clip_fraction        | 0.25       |
|    clip_range           | 0.15       |
|    entropy_loss         | -25.4      |
|    explained_variance   | 0.978      |
|    learning_rate        | 0.0001     |
|    loss                 | -0.269     |
|    n_updates            | 585        |
|    policy_gradient_loss | -0.0223    |
|    std                  | 1.08       |
|    value_loss           | 0.0172     |
----------------------------------------
rollout mean regret: 0.4240356683731079
-----------------------------------------
| rollout/                |             |
|    ep_len_mean          | 105         |
|    ep_rew_mean          | 471         |
| time/                   |             |
|    fps                  | 1454        |
|    iterations           | 41          |
|    time_elapsed         | 1847        |
|    total_timesteps      | 2686976     |
| train/                  |             |
|    approx_kl            | 0.012737168 |
|    clip_fraction        | 0.251       |
|    clip_range           | 0.15        |
|    entropy_loss         | -25.5       |
|    explained_variance   | 0.978       |
|    learning_rate        | 0.0001      |
|    loss                 | -0.27       |
|    n_updates            | 600         |
|    policy_gradient_loss | -0.0226     |
|    std                  | 1.09        |
|    value_loss           | 0.0171      |
-----------------------------------------
rollout mean regret: 0.43785619735717773
------------------------------------------
| rollout/                |              |
|    ep_len_mean          | 112          |
|    ep_rew_mean          | 506          |
| time/                   |              |
|    fps                  | 1452         |
|    iterations           | 42           |
|    time_elapsed         | 1895         |
|    total_timesteps      | 2752512      |
| train/                  |              |
|    approx_kl            | 0.0127691785 |
|    clip_fraction        | 0.248        |
|    clip_range           | 0.15         |
|    entropy_loss         | -25.5        |
|    explained_variance   | 0.979        |
|    learning_rate        | 0.0001       |
|    loss                 | -0.265       |
|    n_updates            | 615          |
|    policy_gradient_loss | -0.022       |
|    std                  | 1.09         |
|    value_loss           | 0.0165       |
------------------------------------------
rollout mean regret: 0.42495620250701904
-----------------------------------------
| rollout/                |             |
|    ep_len_mean          | 109         |
|    ep_rew_mean          | 492         |
| time/                   |             |
|    fps                  | 1451        |
|    iterations           | 43          |
|    time_elapsed         | 1941        |
|    total_timesteps      | 2818048     |
| train/                  |             |
|    approx_kl            | 0.012916278 |
|    clip_fraction        | 0.253       |
|    clip_range           | 0.15        |
|    entropy_loss         | -25.6       |
|    explained_variance   | 0.979       |
|    learning_rate        | 0.0001      |
|    loss                 | -0.278      |
|    n_updates            | 630         |
|    policy_gradient_loss | -0.0227     |
|    std                  | 1.09        |
|    value_loss           | 0.0161      |
-----------------------------------------
rollout mean regret: 0.42525196075439453
-----------------------------------------
| rollout/                |             |
|    ep_len_mean          | 111         |
|    ep_rew_mean          | 500         |
| time/                   |             |
|    fps                  | 1450        |
|    iterations           | 44          |
|    time_elapsed         | 1987        |
|    total_timesteps      | 2883584     |
| train/                  |             |
|    approx_kl            | 0.012972707 |
|    clip_fraction        | 0.256       |
|    clip_range           | 0.15        |
|    entropy_loss         | -25.6       |
|    explained_variance   | 0.979       |
|    learning_rate        | 0.0001      |
|    loss                 | -0.266      |
|    n_updates            | 645         |
|    policy_gradient_loss | -0.0222     |
|    std                  | 1.1         |
|    value_loss           | 0.0162      |
-----------------------------------------
rollout mean regret: 0.41883140802383423
-----------------------------------------
| rollout/                |             |
|    ep_len_mean          | 108         |
|    ep_rew_mean          | 487         |
| time/                   |             |
|    fps                  | 1450        |
|    iterations           | 45          |
|    time_elapsed         | 2033        |
|    total_timesteps      | 2949120     |
| train/                  |             |
|    approx_kl            | 0.013367042 |
|    clip_fraction        | 0.259       |
|    clip_range           | 0.15        |
|    entropy_loss         | -25.7       |
|    explained_variance   | 0.979       |
|    learning_rate        | 0.0001      |
|    loss                 | -0.274      |
|    n_updates            | 660         |
|    policy_gradient_loss | -0.0224     |
|    std                  | 1.1         |
|    value_loss           | 0.016       |
-----------------------------------------
Eval num_timesteps=3000000, episode_reward=592.48 +/- 88.91
Episode length: 124.60 +/- 18.16
------------------------------------------
| eval/                   |              |
|    mean_ep_length       | 125          |
|    mean_reward          | 592          |
| time/                   |              |
|    total_timesteps      | 3000000      |
| train/                  |              |
|    approx_kl            | 0.0132302465 |
|    clip_fraction        | 0.256        |
|    clip_range           | 0.15         |
|    entropy_loss         | -25.7        |
|    explained_variance   | 0.979        |
|    learning_rate        | 0.0001       |
|    loss                 | -0.278       |
|    n_updates            | 675          |
|    policy_gradient_loss | -0.0226      |
|    std                  | 1.1          |
|    value_loss           | 0.0159       |
------------------------------------------
New best mean reward!
rollout mean regret: 0.417557030916214
---------------------------------
| rollout/           |          |
|    ep_len_mean     | 114      |
|    ep_rew_mean     | 514      |
| time/              |          |
|    fps             | 1448     |
|    iterations      | 46       |
|    time_elapsed    | 2081     |
|    total_timesteps | 3014656  |
---------------------------------
rollout mean regret: 0.4193264842033386
-----------------------------------------
| rollout/                |             |
|    ep_len_mean          | 117         |
|    ep_rew_mean          | 530         |
| time/                   |             |
|    fps                  | 1448        |
|    iterations           | 47          |
|    time_elapsed         | 2127        |
|    total_timesteps      | 3080192     |
| train/                  |             |
|    approx_kl            | 0.013301085 |
|    clip_fraction        | 0.258       |
|    clip_range           | 0.15        |
|    entropy_loss         | -25.7       |
|    explained_variance   | 0.98        |
|    learning_rate        | 0.0001      |
|    loss                 | -0.288      |
|    n_updates            | 690         |
|    policy_gradient_loss | -0.0231     |
|    std                  | 1.1         |
|    value_loss           | 0.0156      |
-----------------------------------------
rollout mean regret: 0.42845243215560913
----------------------------------------
| rollout/                |            |
|    ep_len_mean          | 118        |
|    ep_rew_mean          | 531        |
| time/                   |            |
|    fps                  | 1446       |
|    iterations           | 48         |
|    time_elapsed         | 2174       |
|    total_timesteps      | 3145728    |
| train/                  |            |
|    approx_kl            | 0.01314234 |
|    clip_fraction        | 0.257      |
|    clip_range           | 0.15       |
|    entropy_loss         | -25.8      |
|    explained_variance   | 0.98       |
|    learning_rate        | 0.0001     |
|    loss                 | -0.278     |
|    n_updates            | 705        |
|    policy_gradient_loss | -0.0229    |
|    std                  | 1.11       |
|    value_loss           | 0.015      |
----------------------------------------
rollout mean regret: 0.4209839403629303
-----------------------------------------
| rollout/                |             |
|    ep_len_mean          | 120         |
|    ep_rew_mean          | 543         |
| time/                   |             |
|    fps                  | 1446        |
|    iterations           | 49          |
|    time_elapsed         | 2220        |
|    total_timesteps      | 3211264     |
| train/                  |             |
|    approx_kl            | 0.013440645 |
|    clip_fraction        | 0.261       |
|    clip_range           | 0.15        |
|    entropy_loss         | -25.8       |
|    explained_variance   | 0.98        |
|    learning_rate        | 0.0001      |
|    loss                 | -0.278      |
|    n_updates            | 720         |
|    policy_gradient_loss | -0.0221     |
|    std                  | 1.11        |
|    value_loss           | 0.0153      |
-----------------------------------------
rollout mean regret: 0.44179606437683105
----------------------------------------
| rollout/                |            |
|    ep_len_mean          | 118        |
|    ep_rew_mean          | 533        |
| time/                   |            |
|    fps                  | 1444       |
|    iterations           | 50         |
|    time_elapsed         | 2267       |
|    total_timesteps      | 3276800    |
| train/                  |            |
|    approx_kl            | 0.01366579 |
|    clip_fraction        | 0.265      |
|    clip_range           | 0.15       |
|    entropy_loss         | -25.9      |
|    explained_variance   | 0.98       |
|    learning_rate        | 0.0001     |
|    loss                 | -0.279     |
|    n_updates            | 735        |
|    policy_gradient_loss | -0.0226    |
|    std                  | 1.11       |
|    value_loss           | 0.0154     |
----------------------------------------
rollout mean regret: 0.45087218284606934
-----------------------------------------
| rollout/                |             |
|    ep_len_mean          | 125         |
|    ep_rew_mean          | 566         |
| time/                   |             |
|    fps                  | 1444        |
|    iterations           | 51          |
|    time_elapsed         | 2313        |
|    total_timesteps      | 3342336     |
| train/                  |             |
|    approx_kl            | 0.013560517 |
|    clip_fraction        | 0.26        |
|    clip_range           | 0.15        |
|    entropy_loss         | -25.9       |
|    explained_variance   | 0.981       |
|    learning_rate        | 0.0001      |
|    loss                 | -0.272      |
|    n_updates            | 750         |
|    policy_gradient_loss | -0.0225     |
|    std                  | 1.12        |
|    value_loss           | 0.015       |
-----------------------------------------
rollout mean regret: 0.4257233738899231
-----------------------------------------
| rollout/                |             |
|    ep_len_mean          | 116         |
|    ep_rew_mean          | 524         |
| time/                   |             |
|    fps                  | 1443        |
|    iterations           | 52          |
|    time_elapsed         | 2360        |
|    total_timesteps      | 3407872     |
| train/                  |             |
|    approx_kl            | 0.014195545 |
|    clip_fraction        | 0.265       |
|    clip_range           | 0.15        |
|    entropy_loss         | -26         |
|    explained_variance   | 0.98        |
|    learning_rate        | 0.0001      |
|    loss                 | -0.277      |
|    n_updates            | 765         |
|    policy_gradient_loss | -0.0227     |
|    std                  | 1.12        |
|    value_loss           | 0.0151      |
-----------------------------------------
rollout mean regret: 0.43060678243637085
-----------------------------------------
| rollout/                |             |
|    ep_len_mean          | 126         |
|    ep_rew_mean          | 569         |
| time/                   |             |
|    fps                  | 1442        |
|    iterations           | 53          |
|    time_elapsed         | 2407        |
|    total_timesteps      | 3473408     |
| train/                  |             |
|    approx_kl            | 0.013898765 |
|    clip_fraction        | 0.265       |
|    clip_range           | 0.15        |
|    entropy_loss         | -26         |
|    explained_variance   | 0.98        |
|    learning_rate        | 0.0001      |
|    loss                 | -0.275      |
|    n_updates            | 780         |
|    policy_gradient_loss | -0.023      |
|    std                  | 1.12        |
|    value_loss           | 0.0153      |
-----------------------------------------
Eval num_timesteps=3500000, episode_reward=738.21 +/- 224.08
Episode length: 155.40 +/- 46.31
------------------------------------------
| eval/                   |              |
|    mean_ep_length       | 155          |
|    mean_reward          | 738          |
| time/                   |              |
|    total_timesteps      | 3500000      |
| train/                  |              |
|    approx_kl            | 0.0138814645 |
|    clip_fraction        | 0.264        |
|    clip_range           | 0.15         |
|    entropy_loss         | -26.1        |
|    explained_variance   | 0.981        |
|    learning_rate        | 0.0001       |
|    loss                 | -0.28        |
|    n_updates            | 795          |
|    policy_gradient_loss | -0.0226      |
|    std                  | 1.13         |
|    value_loss           | 0.0149       |
------------------------------------------
New best mean reward!
rollout mean regret: 0.43045929074287415
---------------------------------
| rollout/           |          |
|    ep_len_mean     | 123      |
|    ep_rew_mean     | 556      |
| time/              |          |
|    fps             | 1441     |
|    iterations      | 54       |
|    time_elapsed    | 2454     |
|    total_timesteps | 3538944  |
---------------------------------
rollout mean regret: 0.4276125729084015
-----------------------------------------
| rollout/                |             |
|    ep_len_mean          | 129         |
|    ep_rew_mean          | 583         |
| time/                   |             |
|    fps                  | 1441        |
|    iterations           | 55          |
|    time_elapsed         | 2500        |
|    total_timesteps      | 3604480     |
| train/                  |             |
|    approx_kl            | 0.014155238 |
|    clip_fraction        | 0.268       |
|    clip_range           | 0.15        |
|    entropy_loss         | -26.1       |
|    explained_variance   | 0.98        |
|    learning_rate        | 0.0001      |
|    loss                 | -0.263      |
|    n_updates            | 810         |
|    policy_gradient_loss | -0.0227     |
|    std                  | 1.13        |
|    value_loss           | 0.0156      |
-----------------------------------------
rollout mean regret: 0.4476453959941864
-----------------------------------------
| rollout/                |             |
|    ep_len_mean          | 128         |
|    ep_rew_mean          | 578         |
| time/                   |             |
|    fps                  | 1440        |
|    iterations           | 56          |
|    time_elapsed         | 2547        |
|    total_timesteps      | 3670016     |
| train/                  |             |
|    approx_kl            | 0.014123606 |
|    clip_fraction        | 0.27        |
|    clip_range           | 0.15        |
|    entropy_loss         | -26.2       |
|    explained_variance   | 0.98        |
|    learning_rate        | 0.0001      |
|    loss                 | -0.269      |
|    n_updates            | 825         |
|    policy_gradient_loss | -0.0226     |
|    std                  | 1.13        |
|    value_loss           | 0.0157      |
-----------------------------------------
rollout mean regret: 0.4788901209831238
-----------------------------------------
| rollout/                |             |
|    ep_len_mean          | 137         |
|    ep_rew_mean          | 620         |
| time/                   |             |
|    fps                  | 1439        |
|    iterations           | 57          |
|    time_elapsed         | 2594        |
|    total_timesteps      | 3735552     |
| train/                  |             |
|    approx_kl            | 0.014042094 |
|    clip_fraction        | 0.268       |
|    clip_range           | 0.15        |
|    entropy_loss         | -26.2       |
|    explained_variance   | 0.98        |
|    learning_rate        | 0.0001      |
|    loss                 | -0.277      |
|    n_updates            | 840         |
|    policy_gradient_loss | -0.0224     |
|    std                  | 1.14        |
|    value_loss           | 0.015       |
-----------------------------------------
rollout mean regret: 0.46238088607788086
-----------------------------------------
| rollout/                |             |
|    ep_len_mean          | 131         |
|    ep_rew_mean          | 594         |
| time/                   |             |
|    fps                  | 1438        |
|    iterations           | 58          |
|    time_elapsed         | 2641        |
|    total_timesteps      | 3801088     |
| train/                  |             |
|    approx_kl            | 0.014207593 |
|    clip_fraction        | 0.269       |
|    clip_range           | 0.15        |
|    entropy_loss         | -26.3       |
|    explained_variance   | 0.98        |
|    learning_rate        | 0.0001      |
|    loss                 | -0.279      |
|    n_updates            | 855         |
|    policy_gradient_loss | -0.0225     |
|    std                  | 1.14        |
|    value_loss           | 0.0154      |
-----------------------------------------
rollout mean regret: 0.46981850266456604
------------------------------------------
| rollout/                |              |
|    ep_len_mean          | 138          |
|    ep_rew_mean          | 622          |
| time/                   |              |
|    fps                  | 1438         |
|    iterations           | 59           |
|    time_elapsed         | 2687         |
|    total_timesteps      | 3866624      |
| train/                  |              |
|    approx_kl            | 0.0141534405 |
|    clip_fraction        | 0.271        |
|    clip_range           | 0.15         |
|    entropy_loss         | -26.3        |
|    explained_variance   | 0.979        |
|    learning_rate        | 0.0001       |
|    loss                 | -0.282       |
|    n_updates            | 870          |
|    policy_gradient_loss | -0.0228      |
|    std                  | 1.14         |
|    value_loss           | 0.0157       |
------------------------------------------
rollout mean regret: 0.4447988271713257
-----------------------------------------
| rollout/                |             |
|    ep_len_mean          | 136         |
|    ep_rew_mean          | 612         |
| time/                   |             |
|    fps                  | 1438        |
|    iterations           | 60          |
|    time_elapsed         | 2733        |
|    total_timesteps      | 3932160     |
| train/                  |             |
|    approx_kl            | 0.014243115 |
|    clip_fraction        | 0.271       |
|    clip_range           | 0.15        |
|    entropy_loss         | -26.3       |
|    explained_variance   | 0.979       |
|    learning_rate        | 0.0001      |
|    loss                 | -0.277      |
|    n_updates            | 885         |
|    policy_gradient_loss | -0.0228     |
|    std                  | 1.14        |
|    value_loss           | 0.0159      |
-----------------------------------------
rollout mean regret: 0.4632501006126404
-----------------------------------------
| rollout/                |             |
|    ep_len_mean          | 145         |
|    ep_rew_mean          | 656         |
| time/                   |             |
|    fps                  | 1437        |
|    iterations           | 61          |
|    time_elapsed         | 2781        |
|    total_timesteps      | 3997696     |
| train/                  |             |
|    approx_kl            | 0.014500035 |
|    clip_fraction        | 0.274       |
|    clip_range           | 0.15        |
|    entropy_loss         | -26.4       |
|    explained_variance   | 0.979       |
|    learning_rate        | 0.0001      |
|    loss                 | -0.282      |
|    n_updates            | 900         |
|    policy_gradient_loss | -0.0229     |
|    std                  | 1.15        |
|    value_loss           | 0.0163      |
-----------------------------------------
Eval num_timesteps=4000000, episode_reward=693.88 +/- 155.40
Episode length: 146.60 +/- 32.60
-----------------------------------------
| eval/                   |             |
|    mean_ep_length       | 147         |
|    mean_reward          | 694         |
| time/                   |             |
|    total_timesteps      | 4000000     |
| train/                  |             |
|    approx_kl            | 0.014278285 |
|    clip_fraction        | 0.273       |
|    clip_range           | 0.15        |
|    entropy_loss         | -26.4       |
|    explained_variance   | 0.979       |
|    learning_rate        | 0.0001      |
|    loss                 | -0.28       |
|    n_updates            | 915         |
|    policy_gradient_loss | -0.0227     |
|    std                  | 1.15        |
|    value_loss           | 0.0159      |
-----------------------------------------
rollout mean regret: 0.4598793387413025
---------------------------------
| rollout/           |          |
|    ep_len_mean     | 139      |
|    ep_rew_mean     | 626      |
| time/              |          |
|    fps             | 1435     |
|    iterations      | 62       |
|    time_elapsed    | 2829     |
|    total_timesteps | 4063232  |
---------------------------------
rollout mean regret: 0.46681249141693115
----------------------------------------
| rollout/                |            |
|    ep_len_mean          | 143        |
|    ep_rew_mean          | 646        |
| time/                   |            |
|    fps                  | 1435       |
|    iterations           | 63         |
|    time_elapsed         | 2875       |
|    total_timesteps      | 4128768    |
| train/                  |            |
|    approx_kl            | 0.01460547 |
|    clip_fraction        | 0.273      |
|    clip_range           | 0.15       |
|    entropy_loss         | -26.5      |
|    explained_variance   | 0.98       |
|    learning_rate        | 0.0001     |
|    loss                 | -0.278     |
|    n_updates            | 930        |
|    policy_gradient_loss | -0.023     |
|    std                  | 1.15       |
|    value_loss           | 0.0157     |
----------------------------------------
rollout mean regret: 0.45478466153144836
-----------------------------------------
| rollout/                |             |
|    ep_len_mean          | 145         |
|    ep_rew_mean          | 653         |
| time/                   |             |
|    fps                  | 1435        |
|    iterations           | 64          |
|    time_elapsed         | 2922        |
|    total_timesteps      | 4194304     |
| train/                  |             |
|    approx_kl            | 0.014631477 |
|    clip_fraction        | 0.276       |
|    clip_range           | 0.15        |
|    entropy_loss         | -26.5       |
|    explained_variance   | 0.98        |
|    learning_rate        | 0.0001      |
|    loss                 | -0.283      |
|    n_updates            | 945         |
|    policy_gradient_loss | -0.0237     |
|    std                  | 1.16        |
|    value_loss           | 0.0158      |
-----------------------------------------
rollout mean regret: 0.4441431760787964
-----------------------------------------
| rollout/                |             |
|    ep_len_mean          | 143         |
|    ep_rew_mean          | 647         |
| time/                   |             |
|    fps                  | 1434        |
|    iterations           | 65          |
|    time_elapsed         | 2970        |
|    total_timesteps      | 4259840     |
| train/                  |             |
|    approx_kl            | 0.014795661 |
|    clip_fraction        | 0.279       |
|    clip_range           | 0.15        |
|    entropy_loss         | -26.5       |
|    explained_variance   | 0.98        |
|    learning_rate        | 0.0001      |
|    loss                 | -0.277      |
|    n_updates            | 960         |
|    policy_gradient_loss | -0.0229     |
|    std                  | 1.16        |
|    value_loss           | 0.0159      |
-----------------------------------------
rollout mean regret: 0.4755965769290924
-----------------------------------------
| rollout/                |             |
|    ep_len_mean          | 154         |
|    ep_rew_mean          | 694         |
| time/                   |             |
|    fps                  | 1434        |
|    iterations           | 66          |
|    time_elapsed         | 3016        |
|    total_timesteps      | 4325376     |
| train/                  |             |
|    approx_kl            | 0.014820065 |
|    clip_fraction        | 0.28        |
|    clip_range           | 0.15        |
|    entropy_loss         | -26.6       |
|    explained_variance   | 0.98        |
|    learning_rate        | 0.0001      |
|    loss                 | -0.279      |
|    n_updates            | 975         |
|    policy_gradient_loss | -0.0229     |
|    std                  | 1.16        |
|    value_loss           | 0.0159      |
-----------------------------------------
rollout mean regret: 0.46834665536880493
-----------------------------------------
| rollout/                |             |
|    ep_len_mean          | 147         |
|    ep_rew_mean          | 663         |
| time/                   |             |
|    fps                  | 1433        |
|    iterations           | 67          |
|    time_elapsed         | 3063        |
|    total_timesteps      | 4390912     |
| train/                  |             |
|    approx_kl            | 0.014760451 |
|    clip_fraction        | 0.277       |
|    clip_range           | 0.15        |
|    entropy_loss         | -26.6       |
|    explained_variance   | 0.979       |
|    learning_rate        | 0.0001      |
|    loss                 | -0.29       |
|    n_updates            | 990         |
|    policy_gradient_loss | -0.0232     |
|    std                  | 1.16        |
|    value_loss           | 0.0161      |
-----------------------------------------
rollout mean regret: 0.47354960441589355
-----------------------------------------
| rollout/                |             |
|    ep_len_mean          | 162         |
|    ep_rew_mean          | 733         |
| time/                   |             |
|    fps                  | 1433        |
|    iterations           | 68          |
|    time_elapsed         | 3109        |
|    total_timesteps      | 4456448     |
| train/                  |             |
|    approx_kl            | 0.014997923 |
|    clip_fraction        | 0.283       |
|    clip_range           | 0.15        |
|    entropy_loss         | -26.7       |
|    explained_variance   | 0.979       |
|    learning_rate        | 0.0001      |
|    loss                 | -0.289      |
|    n_updates            | 1005        |
|    policy_gradient_loss | -0.023      |
|    std                  | 1.17        |
|    value_loss           | 0.0164      |
-----------------------------------------
Eval num_timesteps=4500000, episode_reward=529.95 +/- 53.52
Episode length: 114.00 +/- 12.08
-----------------------------------------
| eval/                   |             |
|    mean_ep_length       | 114         |
|    mean_reward          | 530         |
| time/                   |             |
|    total_timesteps      | 4500000     |
| train/                  |             |
|    approx_kl            | 0.015140573 |
|    clip_fraction        | 0.284       |
|    clip_range           | 0.15        |
|    entropy_loss         | -26.7       |
|    explained_variance   | 0.978       |
|    learning_rate        | 0.0001      |
|    loss                 | -0.284      |
|    n_updates            | 1020        |
|    policy_gradient_loss | -0.0236     |
|    std                  | 1.17        |
|    value_loss           | 0.0169      |
-----------------------------------------
rollout mean regret: 0.47628337144851685
---------------------------------
| rollout/           |          |
|    ep_len_mean     | 166      |
|    ep_rew_mean     | 750      |
| time/              |          |
|    fps             | 1432     |
|    iterations      | 69       |
|    time_elapsed    | 3157     |
|    total_timesteps | 4521984  |
---------------------------------
rollout mean regret: 0.4929683208465576
-----------------------------------------
| rollout/                |             |
|    ep_len_mean          | 170         |
|    ep_rew_mean          | 769         |
| time/                   |             |
|    fps                  | 1431        |
|    iterations           | 70          |
|    time_elapsed         | 3204        |
|    total_timesteps      | 4587520     |
| train/                  |             |
|    approx_kl            | 0.014988504 |
|    clip_fraction        | 0.283       |
|    clip_range           | 0.15        |
|    entropy_loss         | -26.7       |
|    explained_variance   | 0.978       |
|    learning_rate        | 0.0001      |
|    loss                 | -0.279      |
|    n_updates            | 1035        |
|    policy_gradient_loss | -0.023      |
|    std                  | 1.17        |
|    value_loss           | 0.0164      |
-----------------------------------------
rollout mean regret: 0.4860932528972626
-----------------------------------------
| rollout/                |             |
|    ep_len_mean          | 172         |
|    ep_rew_mean          | 779         |
| time/                   |             |
|    fps                  | 1431        |
|    iterations           | 71          |
|    time_elapsed         | 3251        |
|    total_timesteps      | 4653056     |
| train/                  |             |
|    approx_kl            | 0.015083436 |
|    clip_fraction        | 0.283       |
|    clip_range           | 0.15        |
|    entropy_loss         | -26.8       |
|    explained_variance   | 0.977       |
|    learning_rate        | 0.0001      |
|    loss                 | -0.279      |
|    n_updates            | 1050        |
|    policy_gradient_loss | -0.0234     |
|    std                  | 1.18        |
|    value_loss           | 0.0178      |
-----------------------------------------
rollout mean regret: 0.46999239921569824
-----------------------------------------
| rollout/                |             |
|    ep_len_mean          | 170         |
|    ep_rew_mean          | 768         |
| time/                   |             |
|    fps                  | 1430        |
|    iterations           | 72          |
|    time_elapsed         | 3298        |
|    total_timesteps      | 4718592     |
| train/                  |             |
|    approx_kl            | 0.015222262 |
|    clip_fraction        | 0.285       |
|    clip_range           | 0.15        |
|    entropy_loss         | -26.8       |
|    explained_variance   | 0.978       |
|    learning_rate        | 0.0001      |
|    loss                 | -0.281      |
|    n_updates            | 1065        |
|    policy_gradient_loss | -0.0233     |
|    std                  | 1.18        |
|    value_loss           | 0.0172      |
-----------------------------------------
rollout mean regret: 0.4737737774848938
-----------------------------------------
| rollout/                |             |
|    ep_len_mean          | 178         |
|    ep_rew_mean          | 804         |
| time/                   |             |
|    fps                  | 1429        |
|    iterations           | 73          |
|    time_elapsed         | 3345        |
|    total_timesteps      | 4784128     |
| train/                  |             |
|    approx_kl            | 0.015170196 |
|    clip_fraction        | 0.285       |
|    clip_range           | 0.15        |
|    entropy_loss         | -26.9       |
|    explained_variance   | 0.979       |
|    learning_rate        | 0.0001      |
|    loss                 | -0.283      |
|    n_updates            | 1080        |
|    policy_gradient_loss | -0.0231     |
|    std                  | 1.18        |
|    value_loss           | 0.0168      |
-----------------------------------------
rollout mean regret: 0.47441399097442627
----------------------------------------
| rollout/                |            |
|    ep_len_mean          | 184        |
|    ep_rew_mean          | 835        |
| time/                   |            |
|    fps                  | 1429       |
|    iterations           | 74         |
|    time_elapsed         | 3393       |
|    total_timesteps      | 4849664    |
| train/                  |            |
|    approx_kl            | 0.01555877 |
|    clip_fraction        | 0.289      |
|    clip_range           | 0.15       |
|    entropy_loss         | -26.9      |
|    explained_variance   | 0.977      |
|    learning_rate        | 0.0001     |
|    loss                 | -0.292     |
|    n_updates            | 1095       |
|    policy_gradient_loss | -0.0235    |
|    std                  | 1.18       |
|    value_loss           | 0.0182     |
----------------------------------------
rollout mean regret: 0.4862678647041321
-----------------------------------------
| rollout/                |             |
|    ep_len_mean          | 196         |
|    ep_rew_mean          | 887         |
| time/                   |             |
|    fps                  | 1428        |
|    iterations           | 75          |
|    time_elapsed         | 3439        |
|    total_timesteps      | 4915200     |
| train/                  |             |
|    approx_kl            | 0.016050095 |
|    clip_fraction        | 0.296       |
|    clip_range           | 0.15        |
|    entropy_loss         | -27         |
|    explained_variance   | 0.978       |
|    learning_rate        | 0.0001      |
|    loss                 | -0.279      |
|    n_updates            | 1110        |
|    policy_gradient_loss | -0.024      |
|    std                  | 1.19        |
|    value_loss           | 0.0173      |
-----------------------------------------
rollout mean regret: 0.4917801022529602
-----------------------------------------
| rollout/                |             |
|    ep_len_mean          | 198         |
|    ep_rew_mean          | 894         |
| time/                   |             |
|    fps                  | 1428        |
|    iterations           | 76          |
|    time_elapsed         | 3487        |
|    total_timesteps      | 4980736     |
| train/                  |             |
|    approx_kl            | 0.015170252 |
|    clip_fraction        | 0.287       |
|    clip_range           | 0.15        |
|    entropy_loss         | -27         |
|    explained_variance   | 0.977       |
|    learning_rate        | 0.0001      |
|    loss                 | -0.276      |
|    n_updates            | 1125        |
|    policy_gradient_loss | -0.0229     |
|    std                  | 1.19        |
|    value_loss           | 0.0174      |
-----------------------------------------
Eval num_timesteps=5000000, episode_reward=889.96 +/- 131.75
Episode length: 190.00 +/- 27.79
-----------------------------------------
| eval/                   |             |
|    mean_ep_length       | 190         |
|    mean_reward          | 890         |
| time/                   |             |
|    total_timesteps      | 5000000     |
| train/                  |             |
|    approx_kl            | 0.015771594 |
|    clip_fraction        | 0.293       |
|    clip_range           | 0.15        |
|    entropy_loss         | -27         |
|    explained_variance   | 0.976       |
|    learning_rate        | 0.0001      |
|    loss                 | -0.271      |
|    n_updates            | 1140        |
|    policy_gradient_loss | -0.0237     |
|    std                  | 1.19        |
|    value_loss           | 0.0181      |
-----------------------------------------
New best mean reward!
rollout mean regret: 0.49617695808410645
---------------------------------
| rollout/           |          |
|    ep_len_mean     | 196      |
|    ep_rew_mean     | 885      |
| time/              |          |
|    fps             | 1427     |
|    iterations      | 77       |
|    time_elapsed    | 3534     |
|    total_timesteps | 5046272  |
---------------------------------
rollout mean regret: 0.5055572986602783
-----------------------------------------
| rollout/                |             |
|    ep_len_mean          | 212         |
|    ep_rew_mean          | 960         |
| time/                   |             |
|    fps                  | 1426        |
|    iterations           | 78          |
|    time_elapsed         | 3583        |
|    total_timesteps      | 5111808     |
| train/                  |             |
|    approx_kl            | 0.016097635 |
|    clip_fraction        | 0.297       |
|    clip_range           | 0.15        |
|    entropy_loss         | -27.1       |
|    explained_variance   | 0.976       |
|    learning_rate        | 0.0001      |
|    loss                 | -0.289      |
|    n_updates            | 1155        |
|    policy_gradient_loss | -0.0241     |
|    std                  | 1.19        |
|    value_loss           | 0.0177      |
-----------------------------------------
rollout mean regret: 0.49256396293640137
----------------------------------------
| rollout/                |            |
|    ep_len_mean          | 204        |
|    ep_rew_mean          | 923        |
| time/                   |            |
|    fps                  | 1425       |
|    iterations           | 79         |
|    time_elapsed         | 3632       |
|    total_timesteps      | 5177344    |
| train/                  |            |
|    approx_kl            | 0.01571635 |
|    clip_fraction        | 0.296      |
|    clip_range           | 0.15       |
|    entropy_loss         | -27.1      |
|    explained_variance   | 0.976      |
|    learning_rate        | 0.0001     |
|    loss                 | -0.295     |
|    n_updates            | 1170       |
|    policy_gradient_loss | -0.0241    |
|    std                  | 1.2        |
|    value_loss           | 0.0176     |
----------------------------------------
rollout mean regret: 0.49331337213516235
-----------------------------------------
| rollout/                |             |
|    ep_len_mean          | 217         |
|    ep_rew_mean          | 982         |
| time/                   |             |
|    fps                  | 1424        |
|    iterations           | 80          |
|    time_elapsed         | 3681        |
|    total_timesteps      | 5242880     |
| train/                  |             |
|    approx_kl            | 0.015490532 |
|    clip_fraction        | 0.29        |
|    clip_range           | 0.15        |
|    entropy_loss         | -27.1       |
|    explained_variance   | 0.976       |
|    learning_rate        | 0.0001      |
|    loss                 | -0.289      |
|    n_updates            | 1185        |
|    policy_gradient_loss | -0.0231     |
|    std                  | 1.2         |
|    value_loss           | 0.018       |
-----------------------------------------
rollout mean regret: 0.484402060508728
----------------------------------------
| rollout/                |            |
|    ep_len_mean          | 213        |
|    ep_rew_mean          | 962        |
| time/                   |            |
|    fps                  | 1424       |
|    iterations           | 81         |
|    time_elapsed         | 3727       |
|    total_timesteps      | 5308416    |
| train/                  |            |
|    approx_kl            | 0.01577084 |
|    clip_fraction        | 0.294      |
|    clip_range           | 0.15       |
|    entropy_loss         | -27.2      |
|    explained_variance   | 0.976      |
|    learning_rate        | 0.0001     |
|    loss                 | -0.287     |
|    n_updates            | 1200       |
|    policy_gradient_loss | -0.0233    |
|    std                  | 1.2        |
|    value_loss           | 0.0176     |
----------------------------------------
rollout mean regret: 0.4893057346343994
-----------------------------------------
| rollout/                |             |
|    ep_len_mean          | 237         |
|    ep_rew_mean          | 1.07e+03    |
| time/                   |             |
|    fps                  | 1423        |
|    iterations           | 82          |
|    time_elapsed         | 3774        |
|    total_timesteps      | 5373952     |
| train/                  |             |
|    approx_kl            | 0.016438756 |
|    clip_fraction        | 0.297       |
|    clip_range           | 0.15        |
|    entropy_loss         | -27.2       |
|    explained_variance   | 0.975       |
|    learning_rate        | 0.0001      |
|    loss                 | -0.289      |
|    n_updates            | 1215        |
|    policy_gradient_loss | -0.0239     |
|    std                  | 1.21        |
|    value_loss           | 0.0178      |
-----------------------------------------
rollout mean regret: 0.4766148328781128
-----------------------------------------
| rollout/                |             |
|    ep_len_mean          | 234         |
|    ep_rew_mean          | 1.06e+03    |
| time/                   |             |
|    fps                  | 1423        |
|    iterations           | 83          |
|    time_elapsed         | 3822        |
|    total_timesteps      | 5439488     |
| train/                  |             |
|    approx_kl            | 0.016188052 |
|    clip_fraction        | 0.298       |
|    clip_range           | 0.15        |
|    entropy_loss         | -27.3       |
|    explained_variance   | 0.975       |
|    learning_rate        | 0.0001      |
|    loss                 | -0.287      |
|    n_updates            | 1230        |
|    policy_gradient_loss | -0.0237     |
|    std                  | 1.21        |
|    value_loss           | 0.0179      |
-----------------------------------------
Eval num_timesteps=5500000, episode_reward=694.33 +/- 162.53
Episode length: 149.80 +/- 34.78
----------------------------------------
| eval/                   |            |
|    mean_ep_length       | 150        |
|    mean_reward          | 694        |
| time/                   |            |
|    total_timesteps      | 5500000    |
| train/                  |            |
|    approx_kl            | 0.01577888 |
|    clip_fraction        | 0.295      |
|    clip_range           | 0.15       |
|    entropy_loss         | -27.3      |
|    explained_variance   | 0.976      |
|    learning_rate        | 0.0001     |
|    loss                 | -0.295     |
|    n_updates            | 1245       |
|    policy_gradient_loss | -0.0233    |
|    std                  | 1.21       |
|    value_loss           | 0.0173     |
----------------------------------------
rollout mean regret: 0.48047828674316406
---------------------------------
| rollout/           |          |
|    ep_len_mean     | 245      |
|    ep_rew_mean     | 1.11e+03 |
| time/              |          |
|    fps             | 1422     |
|    iterations      | 84       |
|    time_elapsed    | 3870     |
|    total_timesteps | 5505024  |
---------------------------------
rollout mean regret: 0.479896605014801
-----------------------------------------
| rollout/                |             |
|    ep_len_mean          | 260         |
|    ep_rew_mean          | 1.18e+03    |
| time/                   |             |
|    fps                  | 1421        |
|    iterations           | 85          |
|    time_elapsed         | 3918        |
|    total_timesteps      | 5570560     |
| train/                  |             |
|    approx_kl            | 0.016563168 |
|    clip_fraction        | 0.301       |
|    clip_range           | 0.15        |
|    entropy_loss         | -27.3       |
|    explained_variance   | 0.976       |
|    learning_rate        | 0.0001      |
|    loss                 | -0.283      |
|    n_updates            | 1260        |
|    policy_gradient_loss | -0.0242     |
|    std                  | 1.22        |
|    value_loss           | 0.0161      |
-----------------------------------------
rollout mean regret: 0.48096907138824463
-----------------------------------------
| rollout/                |             |
|    ep_len_mean          | 268         |
|    ep_rew_mean          | 1.21e+03    |
| time/                   |             |
|    fps                  | 1421        |
|    iterations           | 86          |
|    time_elapsed         | 3966        |
|    total_timesteps      | 5636096     |
| train/                  |             |
|    approx_kl            | 0.016883269 |
|    clip_fraction        | 0.306       |
|    clip_range           | 0.15        |
|    entropy_loss         | -27.4       |
|    explained_variance   | 0.975       |
|    learning_rate        | 0.0001      |
|    loss                 | -0.296      |
|    n_updates            | 1275        |
|    policy_gradient_loss | -0.024      |
|    std                  | 1.22        |
|    value_loss           | 0.0174      |
-----------------------------------------
rollout mean regret: 0.4844927191734314
-----------------------------------------
| rollout/                |             |
|    ep_len_mean          | 266         |
|    ep_rew_mean          | 1.21e+03    |
| time/                   |             |
|    fps                  | 1420        |
|    iterations           | 87          |
|    time_elapsed         | 4013        |
|    total_timesteps      | 5701632     |
| train/                  |             |
|    approx_kl            | 0.016869215 |
|    clip_fraction        | 0.306       |
|    clip_range           | 0.15        |
|    entropy_loss         | -27.4       |
|    explained_variance   | 0.973       |
|    learning_rate        | 0.0001      |
|    loss                 | -0.301      |
|    n_updates            | 1290        |
|    policy_gradient_loss | -0.024      |
|    std                  | 1.22        |
|    value_loss           | 0.0187      |
-----------------------------------------
rollout mean regret: 0.4739261269569397
-----------------------------------------
| rollout/                |             |
|    ep_len_mean          | 304         |
|    ep_rew_mean          | 1.38e+03    |
| time/                   |             |
|    fps                  | 1420        |
|    iterations           | 88          |
|    time_elapsed         | 4059        |
|    total_timesteps      | 5767168     |
| train/                  |             |
|    approx_kl            | 0.016629906 |
|    clip_fraction        | 0.304       |
|    clip_range           | 0.15        |
|    entropy_loss         | -27.5       |
|    explained_variance   | 0.972       |
|    learning_rate        | 0.0001      |
|    loss                 | -0.285      |
|    n_updates            | 1305        |
|    policy_gradient_loss | -0.0239     |
|    std                  | 1.23        |
|    value_loss           | 0.0186      |
-----------------------------------------
rollout mean regret: 0.4487023949623108
-----------------------------------------
| rollout/                |             |
|    ep_len_mean          | 275         |
|    ep_rew_mean          | 1.24e+03    |
| time/                   |             |
|    fps                  | 1420        |
|    iterations           | 89          |
|    time_elapsed         | 4107        |
|    total_timesteps      | 5832704     |
| train/                  |             |
|    approx_kl            | 0.016918192 |
|    clip_fraction        | 0.308       |
|    clip_range           | 0.15        |
|    entropy_loss         | -27.5       |
|    explained_variance   | 0.973       |
|    learning_rate        | 0.0001      |
|    loss                 | -0.298      |
|    n_updates            | 1320        |
|    policy_gradient_loss | -0.0235     |
|    std                  | 1.23        |
|    value_loss           | 0.0174      |
-----------------------------------------
rollout mean regret: 0.44342610239982605
-----------------------------------------
| rollout/                |             |
|    ep_len_mean          | 290         |
|    ep_rew_mean          | 1.31e+03    |
| time/                   |             |
|    fps                  | 1419        |
|    iterations           | 90          |
|    time_elapsed         | 4155        |
|    total_timesteps      | 5898240     |
| train/                  |             |
|    approx_kl            | 0.017300766 |
|    clip_fraction        | 0.306       |
|    clip_range           | 0.15        |
|    entropy_loss         | -27.6       |
|    explained_variance   | 0.973       |
|    learning_rate        | 0.0001      |
|    loss                 | -0.298      |
|    n_updates            | 1335        |
|    policy_gradient_loss | -0.0236     |
|    std                  | 1.23        |
|    value_loss           | 0.0177      |
-----------------------------------------
rollout mean regret: 0.46991583704948425
-----------------------------------------
| rollout/                |             |
|    ep_len_mean          | 303         |
|    ep_rew_mean          | 1.37e+03    |
| time/                   |             |
|    fps                  | 1418        |
|    iterations           | 91          |
|    time_elapsed         | 4203        |
|    total_timesteps      | 5963776     |
| train/                  |             |
|    approx_kl            | 0.017068474 |
|    clip_fraction        | 0.308       |
|    clip_range           | 0.15        |
|    entropy_loss         | -27.6       |
|    explained_variance   | 0.973       |
|    learning_rate        | 0.0001      |
|    loss                 | -0.287      |
|    n_updates            | 1350        |
|    policy_gradient_loss | -0.024      |
|    std                  | 1.24        |
|    value_loss           | 0.017       |
-----------------------------------------
Eval num_timesteps=6000000, episode_reward=801.32 +/- 290.83
Episode length: 171.80 +/- 62.13
-----------------------------------------
| eval/                   |             |
|    mean_ep_length       | 172         |
|    mean_reward          | 801         |
| time/                   |             |
|    total_timesteps      | 6000000     |
| train/                  |             |
|    approx_kl            | 0.017079195 |
|    clip_fraction        | 0.309       |
|    clip_range           | 0.15        |
|    entropy_loss         | -27.7       |
|    explained_variance   | 0.971       |
|    learning_rate        | 0.0001      |
|    loss                 | -0.295      |
|    n_updates            | 1365        |
|    policy_gradient_loss | -0.0239     |
|    std                  | 1.24        |
|    value_loss           | 0.0173      |
-----------------------------------------
rollout mean regret: 0.45316803455352783
---------------------------------
| rollout/           |          |
|    ep_len_mean     | 328      |
|    ep_rew_mean     | 1.49e+03 |
| time/              |          |
|    fps             | 1418     |
|    iterations      | 92       |
|    time_elapsed    | 4251     |
|    total_timesteps | 6029312  |
---------------------------------
rollout mean regret: 0.4466586112976074
-----------------------------------------
| rollout/                |             |
|    ep_len_mean          | 328         |
|    ep_rew_mean          | 1.49e+03    |
| time/                   |             |
|    fps                  | 1418        |
|    iterations           | 93          |
|    time_elapsed         | 4296        |
|    total_timesteps      | 6094848     |
| train/                  |             |
|    approx_kl            | 0.017070465 |
|    clip_fraction        | 0.311       |
|    clip_range           | 0.15        |
|    entropy_loss         | -27.7       |
|    explained_variance   | 0.97        |
|    learning_rate        | 0.0001      |
|    loss                 | -0.302      |
|    n_updates            | 1380        |
|    policy_gradient_loss | -0.0242     |
|    std                  | 1.25        |
|    value_loss           | 0.0175      |
-----------------------------------------
rollout mean regret: 0.45290982723236084
----------------------------------------
| rollout/                |            |
|    ep_len_mean          | 389        |
|    ep_rew_mean          | 1.77e+03   |
| time/                   |            |
|    fps                  | 1418       |
|    iterations           | 94         |
|    time_elapsed         | 4342       |
|    total_timesteps      | 6160384    |
| train/                  |            |
|    approx_kl            | 0.01695421 |
|    clip_fraction        | 0.305      |
|    clip_range           | 0.15       |
|    entropy_loss         | -27.8      |
|    explained_variance   | 0.971      |
|    learning_rate        | 0.0001     |
|    loss                 | -0.287     |
|    n_updates            | 1395       |
|    policy_gradient_loss | -0.0236    |
|    std                  | 1.25       |
|    value_loss           | 0.0167     |
----------------------------------------
rollout mean regret: 0.4119674265384674
-----------------------------------------
| rollout/                |             |
|    ep_len_mean          | 374         |
|    ep_rew_mean          | 1.7e+03     |
| time/                   |             |
|    fps                  | 1417        |
|    iterations           | 95          |
|    time_elapsed         | 4390        |
|    total_timesteps      | 6225920     |
| train/                  |             |
|    approx_kl            | 0.017002821 |
|    clip_fraction        | 0.311       |
|    clip_range           | 0.15        |
|    entropy_loss         | -27.8       |
|    explained_variance   | 0.97        |
|    learning_rate        | 0.0001      |
|    loss                 | -0.3        |
|    n_updates            | 1410        |
|    policy_gradient_loss | -0.0235     |
|    std                  | 1.25        |
|    value_loss           | 0.0163      |
-----------------------------------------
rollout mean regret: 0.4015049338340759
-----------------------------------------
| rollout/                |             |
|    ep_len_mean          | 391         |
|    ep_rew_mean          | 1.77e+03    |
| time/                   |             |
|    fps                  | 1416        |
|    iterations           | 96          |
|    time_elapsed         | 4440        |
|    total_timesteps      | 6291456     |
| train/                  |             |
|    approx_kl            | 0.017130751 |
|    clip_fraction        | 0.309       |
|    clip_range           | 0.15        |
|    entropy_loss         | -27.9       |
|    explained_variance   | 0.972       |
|    learning_rate        | 0.0001      |
|    loss                 | -0.299      |
|    n_updates            | 1425        |
|    policy_gradient_loss | -0.0232     |
|    std                  | 1.26        |
|    value_loss           | 0.0154      |
-----------------------------------------
rollout mean regret: 0.38100719451904297
-----------------------------------------
| rollout/                |             |
|    ep_len_mean          | 397         |
|    ep_rew_mean          | 1.8e+03     |
| time/                   |             |
|    fps                  | 1416        |
|    iterations           | 97          |
|    time_elapsed         | 4486        |
|    total_timesteps      | 6356992     |
| train/                  |             |
|    approx_kl            | 0.017482553 |
|    clip_fraction        | 0.312       |
|    clip_range           | 0.15        |
|    entropy_loss         | -27.9       |
|    explained_variance   | 0.972       |
|    learning_rate        | 0.0001      |
|    loss                 | -0.294      |
|    n_updates            | 1440        |
|    policy_gradient_loss | -0.0235     |
|    std                  | 1.26        |
|    value_loss           | 0.0149      |
-----------------------------------------
rollout mean regret: 0.3820763826370239
----------------------------------------
| rollout/                |            |
|    ep_len_mean          | 486        |
|    ep_rew_mean          | 2.21e+03   |
| time/                   |            |
|    fps                  | 1416       |
|    iterations           | 98         |
|    time_elapsed         | 4534       |
|    total_timesteps      | 6422528    |
| train/                  |            |
|    approx_kl            | 0.01771779 |
|    clip_fraction        | 0.317      |
|    clip_range           | 0.15       |
|    entropy_loss         | -28        |
|    explained_variance   | 0.971      |
|    learning_rate        | 0.0001     |
|    loss                 | -0.293     |
|    n_updates            | 1455       |
|    policy_gradient_loss | -0.0233    |
|    std                  | 1.27       |
|    value_loss           | 0.0155     |
----------------------------------------
rollout mean regret: 0.37593215703964233
-----------------------------------------
| rollout/                |             |
|    ep_len_mean          | 452         |
|    ep_rew_mean          | 2.05e+03    |
| time/                   |             |
|    fps                  | 1415        |
|    iterations           | 99          |
|    time_elapsed         | 4582        |
|    total_timesteps      | 6488064     |
| train/                  |             |
|    approx_kl            | 0.017452408 |
|    clip_fraction        | 0.319       |
|    clip_range           | 0.15        |
|    entropy_loss         | -28         |
|    explained_variance   | 0.97        |
|    learning_rate        | 0.0001      |
|    loss                 | -0.298      |
|    n_updates            | 1470        |
|    policy_gradient_loss | -0.023      |
|    std                  | 1.27        |
|    value_loss           | 0.0148      |
-----------------------------------------
Eval num_timesteps=6500000, episode_reward=1711.81 +/- 864.39
Episode length: 371.00 +/- 185.67
-----------------------------------------
| eval/                   |             |
|    mean_ep_length       | 371         |
|    mean_reward          | 1.71e+03    |
| time/                   |             |
|    total_timesteps      | 6500000     |
| train/                  |             |
|    approx_kl            | 0.017633611 |
|    clip_fraction        | 0.316       |
|    clip_range           | 0.15        |
|    entropy_loss         | -28.1       |
|    explained_variance   | 0.969       |
|    learning_rate        | 0.0001      |
|    loss                 | -0.296      |
|    n_updates            | 1485        |
|    policy_gradient_loss | -0.0234     |
|    std                  | 1.27        |
|    value_loss           | 0.015       |
-----------------------------------------
New best mean reward!
rollout mean regret: 0.3693779706954956
---------------------------------
| rollout/           |          |
|    ep_len_mean     | 493      |
|    ep_rew_mean     | 2.24e+03 |
| time/              |          |
|    fps             | 1414     |
|    iterations      | 100      |
|    time_elapsed    | 4633     |
|    total_timesteps | 6553600  |
---------------------------------
rollout mean regret: 0.37518203258514404
-----------------------------------------
| rollout/                |             |
|    ep_len_mean          | 558         |
|    ep_rew_mean          | 2.54e+03    |
| time/                   |             |
|    fps                  | 1414        |
|    iterations           | 101         |
|    time_elapsed         | 4680        |
|    total_timesteps      | 6619136     |
| train/                  |             |
|    approx_kl            | 0.017610308 |
|    clip_fraction        | 0.317       |
|    clip_range           | 0.15        |
|    entropy_loss         | -28.1       |
|    explained_variance   | 0.967       |
|    learning_rate        | 0.0001      |
|    loss                 | -0.281      |
|    n_updates            | 1500        |
|    policy_gradient_loss | -0.023      |
|    std                  | 1.28        |
|    value_loss           | 0.0146      |
-----------------------------------------
rollout mean regret: 0.3388133943080902
-----------------------------------------
| rollout/                |             |
|    ep_len_mean          | 524         |
|    ep_rew_mean          | 2.38e+03    |
| time/                   |             |
|    fps                  | 1413        |
|    iterations           | 102         |
|    time_elapsed         | 4728        |
|    total_timesteps      | 6684672     |
| train/                  |             |
|    approx_kl            | 0.017600693 |
|    clip_fraction        | 0.317       |
|    clip_range           | 0.15        |
|    entropy_loss         | -28.2       |
|    explained_variance   | 0.967       |
|    learning_rate        | 0.0001      |
|    loss                 | -0.3        |
|    n_updates            | 1515        |
|    policy_gradient_loss | -0.0233     |
|    std                  | 1.28        |
|    value_loss           | 0.0141      |
-----------------------------------------
rollout mean regret: 0.32026106119155884
-----------------------------------------
| rollout/                |             |
|    ep_len_mean          | 614         |
|    ep_rew_mean          | 2.79e+03    |
| time/                   |             |
|    fps                  | 1413        |
|    iterations           | 103         |
|    time_elapsed         | 4775        |
|    total_timesteps      | 6750208     |
| train/                  |             |
|    approx_kl            | 0.018601082 |
|    clip_fraction        | 0.325       |
|    clip_range           | 0.15        |
|    entropy_loss         | -28.2       |
|    explained_variance   | 0.969       |
|    learning_rate        | 0.0001      |
|    loss                 | -0.304      |
|    n_updates            | 1530        |
|    policy_gradient_loss | -0.024      |
|    std                  | 1.29        |
|    value_loss           | 0.0136      |
-----------------------------------------
rollout mean regret: 0.3435755968093872
-----------------------------------------
| rollout/                |             |
|    ep_len_mean          | 581         |
|    ep_rew_mean          | 2.64e+03    |
| time/                   |             |
|    fps                  | 1413        |
|    iterations           | 104         |
|    time_elapsed         | 4823        |
|    total_timesteps      | 6815744     |
| train/                  |             |
|    approx_kl            | 0.018314075 |
|    clip_fraction        | 0.323       |
|    clip_range           | 0.15        |
|    entropy_loss         | -28.3       |
|    explained_variance   | 0.969       |
|    learning_rate        | 0.0001      |
|    loss                 | -0.312      |
|    n_updates            | 1545        |
|    policy_gradient_loss | -0.0241     |
|    std                  | 1.29        |
|    value_loss           | 0.0118      |
-----------------------------------------
rollout mean regret: 0.32186952233314514
-----------------------------------------
| rollout/                |             |
|    ep_len_mean          | 668         |
|    ep_rew_mean          | 3.04e+03    |
| time/                   |             |
|    fps                  | 1412        |
|    iterations           | 105         |
|    time_elapsed         | 4871        |
|    total_timesteps      | 6881280     |
| train/                  |             |
|    approx_kl            | 0.018949352 |
|    clip_fraction        | 0.332       |
|    clip_range           | 0.15        |
|    entropy_loss         | -28.4       |
|    explained_variance   | 0.962       |
|    learning_rate        | 0.0001      |
|    loss                 | -0.323      |
|    n_updates            | 1560        |
|    policy_gradient_loss | -0.0241     |
|    std                  | 1.3         |
|    value_loss           | 0.0134      |
-----------------------------------------
rollout mean regret: 0.3008495569229126
-----------------------------------------
| rollout/                |             |
|    ep_len_mean          | 635         |
|    ep_rew_mean          | 2.89e+03    |
| time/                   |             |
|    fps                  | 1412        |
|    iterations           | 106         |
|    time_elapsed         | 4918        |
|    total_timesteps      | 6946816     |
| train/                  |             |
|    approx_kl            | 0.017799284 |
|    clip_fraction        | 0.32        |
|    clip_range           | 0.15        |
|    entropy_loss         | -28.4       |
|    explained_variance   | 0.966       |
|    learning_rate        | 0.0001      |
|    loss                 | -0.307      |
|    n_updates            | 1575        |
|    policy_gradient_loss | -0.0233     |
|    std                  | 1.3         |
|    value_loss           | 0.012       |
-----------------------------------------
Eval num_timesteps=7000000, episode_reward=16143.96 +/- 12800.10
Episode length: 3450.20 +/- 2733.45
-----------------------------------------
| eval/                   |             |
|    mean_ep_length       | 3.45e+03    |
|    mean_reward          | 1.61e+04    |
| time/                   |             |
|    total_timesteps      | 7000000     |
| train/                  |             |
|    approx_kl            | 0.018219039 |
|    clip_fraction        | 0.321       |
|    clip_range           | 0.15        |
|    entropy_loss         | -28.5       |
|    explained_variance   | 0.967       |
|    learning_rate        | 0.0001      |
|    loss                 | -0.309      |
|    n_updates            | 1590        |
|    policy_gradient_loss | -0.0234     |
|    std                  | 1.31        |
|    value_loss           | 0.0114      |
-----------------------------------------
New best mean reward!
rollout mean regret: 0.27176985144615173
---------------------------------
| rollout/           |          |
|    ep_len_mean     | 698      |
|    ep_rew_mean     | 3.18e+03 |
| time/              |          |
|    fps             | 1407     |
|    iterations      | 107      |
|    time_elapsed    | 4980     |
|    total_timesteps | 7012352  |
---------------------------------
rollout mean regret: 0.26295095682144165
-----------------------------------------
| rollout/                |             |
|    ep_len_mean          | 764         |
|    ep_rew_mean          | 3.47e+03    |
| time/                   |             |
|    fps                  | 1407        |
|    iterations           | 108         |
|    time_elapsed         | 5028        |
|    total_timesteps      | 7077888     |
| train/                  |             |
|    approx_kl            | 0.019097596 |
|    clip_fraction        | 0.331       |
|    clip_range           | 0.15        |
|    entropy_loss         | -28.5       |
|    explained_variance   | 0.967       |
|    learning_rate        | 0.0001      |
|    loss                 | -0.307      |
|    n_updates            | 1605        |
|    policy_gradient_loss | -0.0239     |
|    std                  | 1.31        |
|    value_loss           | 0.00942     |
-----------------------------------------
rollout mean regret: 0.26002803444862366
----------------------------------------
| rollout/                |            |
|    ep_len_mean          | 821        |
|    ep_rew_mean          | 3.74e+03   |
| time/                   |            |
|    fps                  | 1406       |
|    iterations           | 109        |
|    time_elapsed         | 5077       |
|    total_timesteps      | 7143424    |
| train/                  |            |
|    approx_kl            | 0.01907338 |
|    clip_fraction        | 0.33       |
|    clip_range           | 0.15       |
|    entropy_loss         | -28.6      |
|    explained_variance   | 0.966      |
|    learning_rate        | 0.0001     |
|    loss                 | -0.3       |
|    n_updates            | 1620       |
|    policy_gradient_loss | -0.0235    |
|    std                  | 1.32       |
|    value_loss           | 0.00902    |
----------------------------------------
rollout mean regret: 0.24893903732299805
-----------------------------------------
| rollout/                |             |
|    ep_len_mean          | 804         |
|    ep_rew_mean          | 3.66e+03    |
| time/                   |             |
|    fps                  | 1406        |
|    iterations           | 110         |
|    time_elapsed         | 5125        |
|    total_timesteps      | 7208960     |
| train/                  |             |
|    approx_kl            | 0.019349016 |
|    clip_fraction        | 0.336       |
|    clip_range           | 0.15        |
|    entropy_loss         | -28.7       |
|    explained_variance   | 0.963       |
|    learning_rate        | 0.0001      |
|    loss                 | -0.309      |
|    n_updates            | 1635        |
|    policy_gradient_loss | -0.0235     |
|    std                  | 1.32        |
|    value_loss           | 0.00903     |
-----------------------------------------
rollout mean regret: 0.2395840585231781
----------------------------------------
| rollout/                |            |
|    ep_len_mean          | 787        |
|    ep_rew_mean          | 3.58e+03   |
| time/                   |            |
|    fps                  | 1405       |
|    iterations           | 111        |
|    time_elapsed         | 5174       |
|    total_timesteps      | 7274496    |
| train/                  |            |
|    approx_kl            | 0.01896025 |
|    clip_fraction        | 0.332      |
|    clip_range           | 0.15       |
|    entropy_loss         | -28.8      |
|    explained_variance   | 0.965      |
|    learning_rate        | 0.0001     |
|    loss                 | -0.319     |
|    n_updates            | 1650       |
|    policy_gradient_loss | -0.0232    |
|    std                  | 1.33       |
|    value_loss           | 0.00913    |
----------------------------------------
rollout mean regret: 0.2294732928276062
-----------------------------------------
| rollout/                |             |
|    ep_len_mean          | 1.04e+03    |
|    ep_rew_mean          | 4.72e+03    |
| time/                   |             |
|    fps                  | 1405        |
|    iterations           | 112         |
|    time_elapsed         | 5221        |
|    total_timesteps      | 7340032     |
| train/                  |             |
|    approx_kl            | 0.018779593 |
|    clip_fraction        | 0.331       |
|    clip_range           | 0.15        |
|    entropy_loss         | -28.8       |
|    explained_variance   | 0.967       |
|    learning_rate        | 0.0001      |
|    loss                 | -0.316      |
|    n_updates            | 1665        |
|    policy_gradient_loss | -0.023      |
|    std                  | 1.33        |
|    value_loss           | 0.00836     |
-----------------------------------------
rollout mean regret: 0.18961822986602783
-----------------------------------------
| rollout/                |             |
|    ep_len_mean          | 1.01e+03    |
|    ep_rew_mean          | 4.6e+03     |
| time/                   |             |
|    fps                  | 1405        |
|    iterations           | 113         |
|    time_elapsed         | 5267        |
|    total_timesteps      | 7405568     |
| train/                  |             |
|    approx_kl            | 0.019035883 |
|    clip_fraction        | 0.331       |
|    clip_range           | 0.15        |
|    entropy_loss         | -28.9       |
|    explained_variance   | 0.96        |
|    learning_rate        | 0.0001      |
|    loss                 | -0.298      |
|    n_updates            | 1680        |
|    policy_gradient_loss | -0.0227     |
|    std                  | 1.34        |
|    value_loss           | 0.00679     |
-----------------------------------------
rollout mean regret: 0.19166299700737
-----------------------------------------
| rollout/                |             |
|    ep_len_mean          | 1.01e+03    |
|    ep_rew_mean          | 4.61e+03    |
| time/                   |             |
|    fps                  | 1405        |
|    iterations           | 114         |
|    time_elapsed         | 5314        |
|    total_timesteps      | 7471104     |
| train/                  |             |
|    approx_kl            | 0.018624641 |
|    clip_fraction        | 0.332       |
|    clip_range           | 0.15        |
|    entropy_loss         | -29         |
|    explained_variance   | 0.967       |
|    learning_rate        | 0.0001      |
|    loss                 | -0.325      |
|    n_updates            | 1695        |
|    policy_gradient_loss | -0.0228     |
|    std                  | 1.35        |
|    value_loss           | 0.00641     |
-----------------------------------------
Eval num_timesteps=7500000, episode_reward=378133.56 +/- 182277.02
Episode length: 80723.60 +/- 38914.53
----------------------------------------
| eval/                   |            |
|    mean_ep_length       | 8.07e+04   |
|    mean_reward          | 3.78e+05   |
| time/                   |            |
|    total_timesteps      | 7500000    |
| train/                  |            |
|    approx_kl            | 0.01943637 |
|    clip_fraction        | 0.339      |
|    clip_range           | 0.15       |
|    entropy_loss         | -29.1      |
|    explained_variance   | 0.967      |
|    learning_rate        | 0.0001     |
|    loss                 | -0.313     |
|    n_updates            | 1710       |
|    policy_gradient_loss | -0.0229    |
|    std                  | 1.35       |
|    value_loss           | 0.006      |
----------------------------------------
New best mean reward!
rollout mean regret: 0.18054667115211487
---------------------------------
| rollout/           |          |
|    ep_len_mean     | 1.27e+03 |
|    ep_rew_mean     | 5.79e+03 |
| time/              |          |
|    fps             | 1326     |
|    iterations      | 115      |
|    time_elapsed    | 5679     |
|    total_timesteps | 7536640  |
---------------------------------
rollout mean regret: 0.1500968635082245
-----------------------------------------
| rollout/                |             |
|    ep_len_mean          | 1.42e+03    |
|    ep_rew_mean          | 6.46e+03    |
| time/                   |             |
|    fps                  | 1327        |
|    iterations           | 116         |
|    time_elapsed         | 5725        |
|    total_timesteps      | 7602176     |
| train/                  |             |
|    approx_kl            | 0.019456552 |
|    clip_fraction        | 0.334       |
|    clip_range           | 0.15        |
|    entropy_loss         | -29.2       |
|    explained_variance   | 0.958       |
|    learning_rate        | 0.0001      |
|    loss                 | -0.325      |
|    n_updates            | 1725        |
|    policy_gradient_loss | -0.0221     |
|    std                  | 1.36        |
|    value_loss           | 0.00492     |
-----------------------------------------
rollout mean regret: 0.14359654486179352
---------------------------------------
| rollout/                |           |
|    ep_len_mean          | 1.44e+03  |
|    ep_rew_mean          | 6.57e+03  |
| time/                   |           |
|    fps                  | 1328      |
|    iterations           | 117       |
|    time_elapsed         | 5773      |
|    total_timesteps      | 7667712   |
| train/                  |           |
|    approx_kl            | 0.0199929 |
|    clip_fraction        | 0.344     |
|    clip_range           | 0.15      |
|    entropy_loss         | -29.3     |
|    explained_variance   | 0.967     |
|    learning_rate        | 0.0001    |
|    loss                 | -0.321    |
|    n_updates            | 1740      |
|    policy_gradient_loss | -0.0223   |
|    std                  | 1.37      |
|    value_loss           | 0.00445   |
---------------------------------------
rollout mean regret: 0.14507421851158142
---------------------------------------
| rollout/                |           |
|    ep_len_mean          | 1.64e+03  |
|    ep_rew_mean          | 7.5e+03   |
| time/                   |           |
|    fps                  | 1328      |
|    iterations           | 118       |
|    time_elapsed         | 5822      |
|    total_timesteps      | 7733248   |
| train/                  |           |
|    approx_kl            | 0.0193553 |
|    clip_fraction        | 0.348     |
|    clip_range           | 0.15      |
|    entropy_loss         | -29.4     |
|    explained_variance   | 0.964     |
|    learning_rate        | 0.0001    |
|    loss                 | -0.311    |
|    n_updates            | 1755      |
|    policy_gradient_loss | -0.0216   |
|    std                  | 1.38      |
|    value_loss           | 0.0043    |
---------------------------------------
rollout mean regret: 0.12797054648399353
-----------------------------------------
| rollout/                |             |
|    ep_len_mean          | 1.61e+03    |
|    ep_rew_mean          | 7.33e+03    |
| time/                   |             |
|    fps                  | 1328        |
|    iterations           | 119         |
|    time_elapsed         | 5870        |
|    total_timesteps      | 7798784     |
| train/                  |             |
|    approx_kl            | 0.019660696 |
|    clip_fraction        | 0.346       |
|    clip_range           | 0.15        |
|    entropy_loss         | -29.5       |
|    explained_variance   | 0.959       |
|    learning_rate        | 0.0001      |
|    loss                 | -0.32       |
|    n_updates            | 1770        |
|    policy_gradient_loss | -0.022      |
|    std                  | 1.39        |
|    value_loss           | 0.00433     |
-----------------------------------------
rollout mean regret: 0.11797457933425903
-----------------------------------------
| rollout/                |             |
|    ep_len_mean          | 1.87e+03    |
|    ep_rew_mean          | 8.54e+03    |
| time/                   |             |
|    fps                  | 1328        |
|    iterations           | 120         |
|    time_elapsed         | 5918        |
|    total_timesteps      | 7864320     |
| train/                  |             |
|    approx_kl            | 0.019490344 |
|    clip_fraction        | 0.341       |
|    clip_range           | 0.15        |
|    entropy_loss         | -29.6       |
|    explained_variance   | 0.964       |
|    learning_rate        | 0.0001      |
|    loss                 | -0.319      |
|    n_updates            | 1785        |
|    policy_gradient_loss | -0.0213     |
|    std                  | 1.4         |
|    value_loss           | 0.00336     |
-----------------------------------------
rollout mean regret: 0.1090254932641983
-----------------------------------------
| rollout/                |             |
|    ep_len_mean          | 1.97e+03    |
|    ep_rew_mean          | 8.98e+03    |
| time/                   |             |
|    fps                  | 1329        |
|    iterations           | 121         |
|    time_elapsed         | 5966        |
|    total_timesteps      | 7929856     |
| train/                  |             |
|    approx_kl            | 0.019750472 |
|    clip_fraction        | 0.352       |
|    clip_range           | 0.15        |
|    entropy_loss         | -29.7       |
|    explained_variance   | 0.958       |
|    learning_rate        | 0.0001      |
|    loss                 | -0.328      |
|    n_updates            | 1800        |
|    policy_gradient_loss | -0.0213     |
|    std                  | 1.41        |
|    value_loss           | 0.00345     |
-----------------------------------------
rollout mean regret: 0.10098393261432648
-----------------------------------------
| rollout/                |             |
|    ep_len_mean          | 2.09e+03    |
|    ep_rew_mean          | 9.55e+03    |
| time/                   |             |
|    fps                  | 1329        |
|    iterations           | 122         |
|    time_elapsed         | 6013        |
|    total_timesteps      | 7995392     |
| train/                  |             |
|    approx_kl            | 0.019654006 |
|    clip_fraction        | 0.342       |
|    clip_range           | 0.15        |
|    entropy_loss         | -29.8       |
|    explained_variance   | 0.96        |
|    learning_rate        | 0.0001      |
|    loss                 | -0.329      |
|    n_updates            | 1815        |
|    policy_gradient_loss | -0.0209     |
|    std                  | 1.42        |
|    value_loss           | 0.00299     |
-----------------------------------------
Eval num_timesteps=8000000, episode_reward=2482105.37 +/- 1839151.74
Episode length: 531720.00 +/- 394123.50
-----------------------------------------
| eval/                   |             |
|    mean_ep_length       | 5.32e+05    |
|    mean_reward          | 2.48e+06    |
| time/                   |             |
|    total_timesteps      | 8000000     |
| train/                  |             |
|    approx_kl            | 0.020101426 |
|    clip_fraction        | 0.349       |
|    clip_range           | 0.15        |
|    entropy_loss         | -29.9       |
|    explained_variance   | 0.962       |
|    learning_rate        | 0.0001      |
|    loss                 | -0.324      |
|    n_updates            | 1830        |
|    policy_gradient_loss | -0.0211     |
|    std                  | 1.43        |
|    value_loss           | 0.00299     |
-----------------------------------------
New best mean reward!
rollout mean regret: 0.09233534336090088
---------------------------------
| rollout/           |          |
|    ep_len_mean     | 2.11e+03 |
|    ep_rew_mean     | 9.64e+03 |
| time/              |          |
|    fps             | 992      |
|    iterations      | 123      |
|    time_elapsed    | 8117     |
|    total_timesteps | 8060928  |
---------------------------------
