==== CPU INFO ====
SLURM_CPUS_ON_NODE: 14
SLURM_CPUS_PER_TASK: 8
CPU affinity: [0, 1, 2, 3, 4, 5, 6, 8, 9, 10, 11, 12, 13, 14]
Usable cores: 14
os.cpu_count(): 16
===================
using pretrained model from: runs/humanoidenvcurr_ppo_lr1e-04_seed0_20260111-162734
Logging to runs/humanoidenvcurr_ppo_lr1e-04_seed0_20260112-203745/logs/PPO_1
rollout mean regret: 0.17057162523269653
---------------------------------
| rollout/           |          |
|    ep_len_mean     | 419      |
|    ep_rew_mean     | 1.85e+03 |
| time/              |          |
|    fps             | 1416     |
|    iterations      | 1        |
|    time_elapsed    | 46       |
|    total_timesteps | 65536    |
---------------------------------
rollout mean regret: 0.13157230615615845
-----------------------------------------
| rollout/                |             |
|    ep_len_mean          | 424         |
|    ep_rew_mean          | 1.88e+03    |
| time/                   |             |
|    fps                  | 1298        |
|    iterations           | 2           |
|    time_elapsed         | 100         |
|    total_timesteps      | 131072      |
| train/                  |             |
|    approx_kl            | 0.021155559 |
|    clip_fraction        | 0.315       |
|    clip_range           | 0.15        |
|    entropy_loss         | -47.3       |
|    explained_variance   | 0.847       |
|    learning_rate        | 0.0001      |
|    loss                 | -0.5        |
|    n_updates            | 4605        |
|    policy_gradient_loss | -0.0239     |
|    std                  | 4.25        |
|    value_loss           | 0.0188      |
-----------------------------------------
rollout mean regret: 0.12110376358032227
-----------------------------------------
| rollout/                |             |
|    ep_len_mean          | 397         |
|    ep_rew_mean          | 1.76e+03    |
| time/                   |             |
|    fps                  | 1258        |
|    iterations           | 3           |
|    time_elapsed         | 156         |
|    total_timesteps      | 196608      |
| train/                  |             |
|    approx_kl            | 0.021042317 |
|    clip_fraction        | 0.334       |
|    clip_range           | 0.15        |
|    entropy_loss         | -47.4       |
|    explained_variance   | 0.91        |
|    learning_rate        | 0.0001      |
|    loss                 | -0.501      |
|    n_updates            | 4620        |
|    policy_gradient_loss | -0.0252     |
|    std                  | 4.27        |
|    value_loss           | 0.0171      |
-----------------------------------------
rollout mean regret: 0.12458260357379913
----------------------------------------
| rollout/                |            |
|    ep_len_mean          | 407        |
|    ep_rew_mean          | 1.8e+03    |
| time/                   |            |
|    fps                  | 1244       |
|    iterations           | 4          |
|    time_elapsed         | 210        |
|    total_timesteps      | 262144     |
| train/                  |            |
|    approx_kl            | 0.02068973 |
|    clip_fraction        | 0.328      |
|    clip_range           | 0.15       |
|    entropy_loss         | -47.5      |
|    explained_variance   | 0.935      |
|    learning_rate        | 0.0001     |
|    loss                 | -0.49      |
|    n_updates            | 4635       |
|    policy_gradient_loss | -0.0257    |
|    std                  | 4.29       |
|    value_loss           | 0.0151     |
----------------------------------------
rollout mean regret: 0.11016597598791122
-----------------------------------------
| rollout/                |             |
|    ep_len_mean          | 408         |
|    ep_rew_mean          | 1.8e+03     |
| time/                   |             |
|    fps                  | 1230        |
|    iterations           | 5           |
|    time_elapsed         | 266         |
|    total_timesteps      | 327680      |
| train/                  |             |
|    approx_kl            | 0.020819282 |
|    clip_fraction        | 0.332       |
|    clip_range           | 0.15        |
|    entropy_loss         | -47.5       |
|    explained_variance   | 0.942       |
|    learning_rate        | 0.0001      |
|    loss                 | -0.488      |
|    n_updates            | 4650        |
|    policy_gradient_loss | -0.0257     |
|    std                  | 4.31        |
|    value_loss           | 0.0144      |
-----------------------------------------
rollout mean regret: 0.14329904317855835
-----------------------------------------
| rollout/                |             |
|    ep_len_mean          | 437         |
|    ep_rew_mean          | 1.93e+03    |
| time/                   |             |
|    fps                  | 1224        |
|    iterations           | 6           |
|    time_elapsed         | 321         |
|    total_timesteps      | 393216      |
| train/                  |             |
|    approx_kl            | 0.020978773 |
|    clip_fraction        | 0.338       |
|    clip_range           | 0.15        |
|    entropy_loss         | -47.6       |
|    explained_variance   | 0.95        |
|    learning_rate        | 0.0001      |
|    loss                 | -0.506      |
|    n_updates            | 4665        |
|    policy_gradient_loss | -0.0257     |
|    std                  | 4.33        |
|    value_loss           | 0.0131      |
-----------------------------------------
rollout mean regret: 0.13942277431488037
-----------------------------------------
| rollout/                |             |
|    ep_len_mean          | 420         |
|    ep_rew_mean          | 1.86e+03    |
| time/                   |             |
|    fps                  | 1217        |
|    iterations           | 7           |
|    time_elapsed         | 376         |
|    total_timesteps      | 458752      |
| train/                  |             |
|    approx_kl            | 0.021378964 |
|    clip_fraction        | 0.341       |
|    clip_range           | 0.15        |
|    entropy_loss         | -47.7       |
|    explained_variance   | 0.95        |
|    learning_rate        | 0.0001      |
|    loss                 | -0.51       |
|    n_updates            | 4680        |
|    policy_gradient_loss | -0.0259     |
|    std                  | 4.36        |
|    value_loss           | 0.0129      |
-----------------------------------------
Eval num_timesteps=500000, episode_reward=171047.81 +/- 123743.41
Episode length: 38147.80 +/- 27605.53
-----------------------------------------
| eval/                   |             |
|    mean_ep_length       | 3.81e+04    |
|    mean_reward          | 1.71e+05    |
| time/                   |             |
|    total_timesteps      | 500000      |
| train/                  |             |
|    approx_kl            | 0.020998765 |
|    clip_fraction        | 0.34        |
|    clip_range           | 0.15        |
|    entropy_loss         | -47.8       |
|    explained_variance   | 0.954       |
|    learning_rate        | 0.0001      |
|    loss                 | -0.5        |
|    n_updates            | 4695        |
|    policy_gradient_loss | -0.0256     |
|    std                  | 4.38        |
|    value_loss           | 0.0125      |
-----------------------------------------
New best mean reward!
rollout mean regret: 0.14610378444194794
---------------------------------
| rollout/           |          |
|    ep_len_mean     | 429      |
|    ep_rew_mean     | 1.9e+03  |
| time/              |          |
|    fps             | 890      |
|    iterations      | 8        |
|    time_elapsed    | 588      |
|    total_timesteps | 524288   |
---------------------------------
rollout mean regret: 0.16575735807418823
-----------------------------------------
| rollout/                |             |
|    ep_len_mean          | 412         |
|    ep_rew_mean          | 1.82e+03    |
| time/                   |             |
|    fps                  | 915         |
|    iterations           | 9           |
|    time_elapsed         | 644         |
|    total_timesteps      | 589824      |
| train/                  |             |
|    approx_kl            | 0.021767385 |
|    clip_fraction        | 0.345       |
|    clip_range           | 0.15        |
|    entropy_loss         | -47.9       |
|    explained_variance   | 0.956       |
|    learning_rate        | 0.0001      |
|    loss                 | -0.498      |
|    n_updates            | 4710        |
|    policy_gradient_loss | -0.0261     |
|    std                  | 4.41        |
|    value_loss           | 0.012       |
-----------------------------------------
rollout mean regret: 0.17476686835289001
-----------------------------------------
| rollout/                |             |
|    ep_len_mean          | 445         |
|    ep_rew_mean          | 1.97e+03    |
| time/                   |             |
|    fps                  | 937         |
|    iterations           | 10          |
|    time_elapsed         | 699         |
|    total_timesteps      | 655360      |
| train/                  |             |
|    approx_kl            | 0.021885667 |
|    clip_fraction        | 0.345       |
|    clip_range           | 0.15        |
|    entropy_loss         | -48         |
|    explained_variance   | 0.949       |
|    learning_rate        | 0.0001      |
|    loss                 | -0.507      |
|    n_updates            | 4725        |
|    policy_gradient_loss | -0.0258     |
|    std                  | 4.43        |
|    value_loss           | 0.0128      |
-----------------------------------------
rollout mean regret: 0.16978177428245544
----------------------------------------
| rollout/                |            |
|    ep_len_mean          | 427        |
|    ep_rew_mean          | 1.89e+03   |
| time/                   |            |
|    fps                  | 955        |
|    iterations           | 11         |
|    time_elapsed         | 754        |
|    total_timesteps      | 720896     |
| train/                  |            |
|    approx_kl            | 0.02154522 |
|    clip_fraction        | 0.341      |
|    clip_range           | 0.15       |
|    entropy_loss         | -48.1      |
|    explained_variance   | 0.953      |
|    learning_rate        | 0.0001     |
|    loss                 | -0.518     |
|    n_updates            | 4740       |
|    policy_gradient_loss | -0.0257    |
|    std                  | 4.46       |
|    value_loss           | 0.0118     |
----------------------------------------
rollout mean regret: 0.1835077852010727
-----------------------------------------
| rollout/                |             |
|    ep_len_mean          | 429         |
|    ep_rew_mean          | 1.9e+03     |
| time/                   |             |
|    fps                  | 968         |
|    iterations           | 12          |
|    time_elapsed         | 811         |
|    total_timesteps      | 786432      |
| train/                  |             |
|    approx_kl            | 0.020932134 |
|    clip_fraction        | 0.337       |
|    clip_range           | 0.15        |
|    entropy_loss         | -48.1       |
|    explained_variance   | 0.955       |
|    learning_rate        | 0.0001      |
|    loss                 | -0.508      |
|    n_updates            | 4755        |
|    policy_gradient_loss | -0.0258     |
|    std                  | 4.48        |
|    value_loss           | 0.0106      |
-----------------------------------------
rollout mean regret: 0.18610595166683197
----------------------------------------
| rollout/                |            |
|    ep_len_mean          | 479        |
|    ep_rew_mean          | 2.12e+03   |
| time/                   |            |
|    fps                  | 983        |
|    iterations           | 13         |
|    time_elapsed         | 866        |
|    total_timesteps      | 851968     |
| train/                  |            |
|    approx_kl            | 0.02175945 |
|    clip_fraction        | 0.344      |
|    clip_range           | 0.15       |
|    entropy_loss         | -48.2      |
|    explained_variance   | 0.957      |
|    learning_rate        | 0.0001     |
|    loss                 | -0.51      |
|    n_updates            | 4770       |
|    policy_gradient_loss | -0.0258    |
|    std                  | 4.5        |
|    value_loss           | 0.0103     |
----------------------------------------
rollout mean regret: 0.18376469612121582
-----------------------------------------
| rollout/                |             |
|    ep_len_mean          | 468         |
|    ep_rew_mean          | 2.07e+03    |
| time/                   |             |
|    fps                  | 995         |
|    iterations           | 14          |
|    time_elapsed         | 921         |
|    total_timesteps      | 917504      |
| train/                  |             |
|    approx_kl            | 0.021624232 |
|    clip_fraction        | 0.343       |
|    clip_range           | 0.15        |
|    entropy_loss         | -48.3       |
|    explained_variance   | 0.959       |
|    learning_rate        | 0.0001      |
|    loss                 | -0.506      |
|    n_updates            | 4785        |
|    policy_gradient_loss | -0.0253     |
|    std                  | 4.53        |
|    value_loss           | 0.00954     |
-----------------------------------------
rollout mean regret: 0.17716848850250244
-----------------------------------------
| rollout/                |             |
|    ep_len_mean          | 473         |
|    ep_rew_mean          | 2.09e+03    |
| time/                   |             |
|    fps                  | 1006        |
|    iterations           | 15          |
|    time_elapsed         | 976         |
|    total_timesteps      | 983040      |
| train/                  |             |
|    approx_kl            | 0.020627428 |
|    clip_fraction        | 0.336       |
|    clip_range           | 0.15        |
|    entropy_loss         | -48.4       |
|    explained_variance   | 0.955       |
|    learning_rate        | 0.0001      |
|    loss                 | -0.512      |
|    n_updates            | 4800        |
|    policy_gradient_loss | -0.0255     |
|    std                  | 4.55        |
|    value_loss           | 0.00924     |
-----------------------------------------
Eval num_timesteps=1000000, episode_reward=687743.97 +/- 656904.78
Episode length: 153233.60 +/- 146370.41
----------------------------------------
| eval/                   |            |
|    mean_ep_length       | 1.53e+05   |
|    mean_reward          | 6.88e+05   |
| time/                   |            |
|    total_timesteps      | 1000000    |
| train/                  |            |
|    approx_kl            | 0.02157129 |
|    clip_fraction        | 0.338      |
|    clip_range           | 0.15       |
|    entropy_loss         | -48.5      |
|    explained_variance   | 0.958      |
|    learning_rate        | 0.0001     |
|    loss                 | -0.519     |
|    n_updates            | 4815       |
|    policy_gradient_loss | -0.0245    |
|    std                  | 4.57       |
|    value_loss           | 0.00878    |
----------------------------------------
New best mean reward!
rollout mean regret: 0.1886691153049469
---------------------------------
| rollout/           |          |
|    ep_len_mean     | 476      |
|    ep_rew_mean     | 2.1e+03  |
| time/              |          |
|    fps             | 635      |
|    iterations      | 16       |
|    time_elapsed    | 1651     |
|    total_timesteps | 1048576  |
---------------------------------
rollout mean regret: 0.18252280354499817
-----------------------------------------
| rollout/                |             |
|    ep_len_mean          | 473         |
|    ep_rew_mean          | 2.09e+03    |
| time/                   |             |
|    fps                  | 652         |
|    iterations           | 17          |
|    time_elapsed         | 1706        |
|    total_timesteps      | 1114112     |
| train/                  |             |
|    approx_kl            | 0.021233197 |
|    clip_fraction        | 0.336       |
|    clip_range           | 0.15        |
|    entropy_loss         | -48.5       |
|    explained_variance   | 0.963       |
|    learning_rate        | 0.0001      |
|    loss                 | -0.514      |
|    n_updates            | 4830        |
|    policy_gradient_loss | -0.0255     |
|    std                  | 4.59        |
|    value_loss           | 0.00776     |
-----------------------------------------
rollout mean regret: 0.1900864839553833
-----------------------------------------
| rollout/                |             |
|    ep_len_mean          | 470         |
|    ep_rew_mean          | 2.08e+03    |
| time/                   |             |
|    fps                  | 669         |
|    iterations           | 18          |
|    time_elapsed         | 1762        |
|    total_timesteps      | 1179648     |
| train/                  |             |
|    approx_kl            | 0.020991117 |
|    clip_fraction        | 0.341       |
|    clip_range           | 0.15        |
|    entropy_loss         | -48.6       |
|    explained_variance   | 0.96        |
|    learning_rate        | 0.0001      |
|    loss                 | -0.514      |
|    n_updates            | 4845        |
|    policy_gradient_loss | -0.0252     |
|    std                  | 4.61        |
|    value_loss           | 0.00751     |
-----------------------------------------
rollout mean regret: 0.19488444924354553
-----------------------------------------
| rollout/                |             |
|    ep_len_mean          | 484         |
|    ep_rew_mean          | 2.14e+03    |
| time/                   |             |
|    fps                  | 685         |
|    iterations           | 19          |
|    time_elapsed         | 1817        |
|    total_timesteps      | 1245184     |
| train/                  |             |
|    approx_kl            | 0.020364102 |
|    clip_fraction        | 0.34        |
|    clip_range           | 0.15        |
|    entropy_loss         | -48.7       |
|    explained_variance   | 0.959       |
|    learning_rate        | 0.0001      |
|    loss                 | -0.511      |
|    n_updates            | 4860        |
|    policy_gradient_loss | -0.0249     |
|    std                  | 4.64        |
|    value_loss           | 0.00742     |
-----------------------------------------
rollout mean regret: 0.19883212447166443
-----------------------------------------
| rollout/                |             |
|    ep_len_mean          | 488         |
|    ep_rew_mean          | 2.16e+03    |
| time/                   |             |
|    fps                  | 699         |
|    iterations           | 20          |
|    time_elapsed         | 1872        |
|    total_timesteps      | 1310720     |
| train/                  |             |
|    approx_kl            | 0.021101981 |
|    clip_fraction        | 0.333       |
|    clip_range           | 0.15        |
|    entropy_loss         | -48.8       |
|    explained_variance   | 0.962       |
|    learning_rate        | 0.0001      |
|    loss                 | -0.518      |
|    n_updates            | 4875        |
|    policy_gradient_loss | -0.026      |
|    std                  | 4.66        |
|    value_loss           | 0.00672     |
-----------------------------------------
rollout mean regret: 0.19003932178020477
-----------------------------------------
| rollout/                |             |
|    ep_len_mean          | 485         |
|    ep_rew_mean          | 2.14e+03    |
| time/                   |             |
|    fps                  | 713         |
|    iterations           | 21          |
|    time_elapsed         | 1927        |
|    total_timesteps      | 1376256     |
| train/                  |             |
|    approx_kl            | 0.020966776 |
|    clip_fraction        | 0.336       |
|    clip_range           | 0.15        |
|    entropy_loss         | -48.9       |
|    explained_variance   | 0.961       |
|    learning_rate        | 0.0001      |
|    loss                 | -0.524      |
|    n_updates            | 4890        |
|    policy_gradient_loss | -0.0259     |
|    std                  | 4.69        |
|    value_loss           | 0.00661     |
-----------------------------------------
rollout mean regret: 0.19033098220825195
-----------------------------------------
| rollout/                |             |
|    ep_len_mean          | 503         |
|    ep_rew_mean          | 2.22e+03    |
| time/                   |             |
|    fps                  | 727         |
|    iterations           | 22          |
|    time_elapsed         | 1982        |
|    total_timesteps      | 1441792     |
| train/                  |             |
|    approx_kl            | 0.020389643 |
|    clip_fraction        | 0.33        |
|    clip_range           | 0.15        |
|    entropy_loss         | -49         |
|    explained_variance   | 0.966       |
|    learning_rate        | 0.0001      |
|    loss                 | -0.522      |
|    n_updates            | 4905        |
|    policy_gradient_loss | -0.0256     |
|    std                  | 4.71        |
|    value_loss           | 0.00596     |
-----------------------------------------
Eval num_timesteps=1500000, episode_reward=145220.91 +/- 119977.80
Episode length: 32303.20 +/- 26687.40
-----------------------------------------
| eval/                   |             |
|    mean_ep_length       | 3.23e+04    |
|    mean_reward          | 1.45e+05    |
| time/                   |             |
|    total_timesteps      | 1500000     |
| train/                  |             |
|    approx_kl            | 0.020865697 |
|    clip_fraction        | 0.333       |
|    clip_range           | 0.15        |
|    entropy_loss         | -49         |
|    explained_variance   | 0.967       |
|    learning_rate        | 0.0001      |
|    loss                 | -0.524      |
|    n_updates            | 4920        |
|    policy_gradient_loss | -0.0257     |
|    std                  | 4.74        |
|    value_loss           | 0.00558     |
-----------------------------------------
rollout mean regret: 0.1973496973514557
---------------------------------
| rollout/           |          |
|    ep_len_mean     | 496      |
|    ep_rew_mean     | 2.19e+03 |
| time/              |          |
|    fps             | 695      |
|    iterations      | 23       |
|    time_elapsed    | 2168     |
|    total_timesteps | 1507328  |
---------------------------------
rollout mean regret: 0.18301533162593842
-----------------------------------------
| rollout/                |             |
|    ep_len_mean          | 497         |
|    ep_rew_mean          | 2.2e+03     |
| time/                   |             |
|    fps                  | 707         |
|    iterations           | 24          |
|    time_elapsed         | 2222        |
|    total_timesteps      | 1572864     |
| train/                  |             |
|    approx_kl            | 0.020414263 |
|    clip_fraction        | 0.331       |
|    clip_range           | 0.15        |
|    entropy_loss         | -49.1       |
|    explained_variance   | 0.964       |
|    learning_rate        | 0.0001      |
|    loss                 | -0.52       |
|    n_updates            | 4935        |
|    policy_gradient_loss | -0.0256     |
|    std                  | 4.77        |
|    value_loss           | 0.0055      |
-----------------------------------------
rollout mean regret: 0.19776901602745056
-----------------------------------------
| rollout/                |             |
|    ep_len_mean          | 524         |
|    ep_rew_mean          | 2.32e+03    |
| time/                   |             |
|    fps                  | 719         |
|    iterations           | 25          |
|    time_elapsed         | 2277        |
|    total_timesteps      | 1638400     |
| train/                  |             |
|    approx_kl            | 0.020501515 |
|    clip_fraction        | 0.333       |
|    clip_range           | 0.15        |
|    entropy_loss         | -49.2       |
|    explained_variance   | 0.965       |
|    learning_rate        | 0.0001      |
|    loss                 | -0.528      |
|    n_updates            | 4950        |
|    policy_gradient_loss | -0.0257     |
|    std                  | 4.79        |
|    value_loss           | 0.00538     |
-----------------------------------------
rollout mean regret: 0.18189287185668945
----------------------------------------
| rollout/                |            |
|    ep_len_mean          | 517        |
|    ep_rew_mean          | 2.29e+03   |
| time/                   |            |
|    fps                  | 730        |
|    iterations           | 26         |
|    time_elapsed         | 2332       |
|    total_timesteps      | 1703936    |
| train/                  |            |
|    approx_kl            | 0.02147211 |
|    clip_fraction        | 0.34       |
|    clip_range           | 0.15       |
|    entropy_loss         | -49.3      |
|    explained_variance   | 0.967      |
|    learning_rate        | 0.0001     |
|    loss                 | -0.521     |
|    n_updates            | 4965       |
|    policy_gradient_loss | -0.0258    |
|    std                  | 4.81       |
|    value_loss           | 0.00507    |
----------------------------------------
rollout mean regret: 0.20570659637451172
--------------------------------------
| rollout/                |          |
|    ep_len_mean          | 526      |
|    ep_rew_mean          | 2.33e+03 |
| time/                   |          |
|    fps                  | 741      |
|    iterations           | 27       |
|    time_elapsed         | 2387     |
|    total_timesteps      | 1769472  |
| train/                  |          |
|    approx_kl            | 0.020313 |
|    clip_fraction        | 0.327    |
|    clip_range           | 0.15     |
|    entropy_loss         | -49.4    |
|    explained_variance   | 0.967    |
|    learning_rate        | 0.0001   |
|    loss                 | -0.516   |
|    n_updates            | 4980     |
|    policy_gradient_loss | -0.0246  |
|    std                  | 4.84     |
|    value_loss           | 0.00477  |
--------------------------------------
rollout mean regret: 0.18452593684196472
-----------------------------------------
| rollout/                |             |
|    ep_len_mean          | 530         |
|    ep_rew_mean          | 2.35e+03    |
| time/                   |             |
|    fps                  | 751         |
|    iterations           | 28          |
|    time_elapsed         | 2443        |
|    total_timesteps      | 1835008     |
| train/                  |             |
|    approx_kl            | 0.021325797 |
|    clip_fraction        | 0.335       |
|    clip_range           | 0.15        |
|    entropy_loss         | -49.5       |
|    explained_variance   | 0.964       |
|    learning_rate        | 0.0001      |
|    loss                 | -0.516      |
|    n_updates            | 4995        |
|    policy_gradient_loss | -0.0257     |
|    std                  | 4.86        |
|    value_loss           | 0.00508     |
-----------------------------------------
rollout mean regret: 0.1857016384601593
-----------------------------------------
| rollout/                |             |
|    ep_len_mean          | 531         |
|    ep_rew_mean          | 2.35e+03    |
| time/                   |             |
|    fps                  | 760         |
|    iterations           | 29          |
|    time_elapsed         | 2499        |
|    total_timesteps      | 1900544     |
| train/                  |             |
|    approx_kl            | 0.020303546 |
|    clip_fraction        | 0.333       |
|    clip_range           | 0.15        |
|    entropy_loss         | -49.6       |
|    explained_variance   | 0.972       |
|    learning_rate        | 0.0001      |
|    loss                 | -0.536      |
|    n_updates            | 5010        |
|    policy_gradient_loss | -0.0249     |
|    std                  | 4.89        |
|    value_loss           | 0.00438     |
-----------------------------------------
rollout mean regret: 0.20603005588054657
-----------------------------------------
| rollout/                |             |
|    ep_len_mean          | 524         |
|    ep_rew_mean          | 2.32e+03    |
| time/                   |             |
|    fps                  | 769         |
|    iterations           | 30          |
|    time_elapsed         | 2554        |
|    total_timesteps      | 1966080     |
| train/                  |             |
|    approx_kl            | 0.021039205 |
|    clip_fraction        | 0.333       |
|    clip_range           | 0.15        |
|    entropy_loss         | -49.6       |
|    explained_variance   | 0.972       |
|    learning_rate        | 0.0001      |
|    loss                 | -0.533      |
|    n_updates            | 5025        |
|    policy_gradient_loss | -0.0251     |
|    std                  | 4.92        |
|    value_loss           | 0.00407     |
-----------------------------------------
Eval num_timesteps=2000000, episode_reward=240149.24 +/- 202537.06
Episode length: 53349.40 +/- 44996.03
-----------------------------------------
| eval/                   |             |
|    mean_ep_length       | 5.33e+04    |
|    mean_reward          | 2.4e+05     |
| time/                   |             |
|    total_timesteps      | 2000000     |
| train/                  |             |
|    approx_kl            | 0.020933386 |
|    clip_fraction        | 0.335       |
|    clip_range           | 0.15        |
|    entropy_loss         | -49.7       |
|    explained_variance   | 0.968       |
|    learning_rate        | 0.0001      |
|    loss                 | -0.516      |
|    n_updates            | 5040        |
|    policy_gradient_loss | -0.0251     |
|    std                  | 4.94        |
|    value_loss           | 0.00463     |
-----------------------------------------
rollout mean regret: 0.20466744899749756
---------------------------------
| rollout/           |          |
|    ep_len_mean     | 557      |
|    ep_rew_mean     | 2.46e+03 |
| time/              |          |
|    fps             | 718      |
|    iterations      | 31       |
|    time_elapsed    | 2828     |
|    total_timesteps | 2031616  |
---------------------------------
rollout mean regret: 0.2096465528011322
-----------------------------------------
| rollout/                |             |
|    ep_len_mean          | 511         |
|    ep_rew_mean          | 2.26e+03    |
| time/                   |             |
|    fps                  | 727         |
|    iterations           | 32          |
|    time_elapsed         | 2883        |
|    total_timesteps      | 2097152     |
| train/                  |             |
|    approx_kl            | 0.021249138 |
|    clip_fraction        | 0.333       |
|    clip_range           | 0.15        |
|    entropy_loss         | -49.8       |
|    explained_variance   | 0.968       |
|    learning_rate        | 0.0001      |
|    loss                 | -0.529      |
|    n_updates            | 5055        |
|    policy_gradient_loss | -0.0253     |
|    std                  | 4.97        |
|    value_loss           | 0.00452     |
-----------------------------------------
rollout mean regret: 0.206490159034729
-----------------------------------------
| rollout/                |             |
|    ep_len_mean          | 532         |
|    ep_rew_mean          | 2.36e+03    |
| time/                   |             |
|    fps                  | 735         |
|    iterations           | 33          |
|    time_elapsed         | 2940        |
|    total_timesteps      | 2162688     |
| train/                  |             |
|    approx_kl            | 0.021092549 |
|    clip_fraction        | 0.337       |
|    clip_range           | 0.15        |
|    entropy_loss         | -49.9       |
|    explained_variance   | 0.964       |
|    learning_rate        | 0.0001      |
|    loss                 | -0.535      |
|    n_updates            | 5070        |
|    policy_gradient_loss | -0.0255     |
|    std                  | 5           |
|    value_loss           | 0.00478     |
-----------------------------------------
rollout mean regret: 0.18746715784072876
-----------------------------------------
| rollout/                |             |
|    ep_len_mean          | 542         |
|    ep_rew_mean          | 2.39e+03    |
| time/                   |             |
|    fps                  | 743         |
|    iterations           | 34          |
|    time_elapsed         | 2997        |
|    total_timesteps      | 2228224     |
| train/                  |             |
|    approx_kl            | 0.021212151 |
|    clip_fraction        | 0.334       |
|    clip_range           | 0.15        |
|    entropy_loss         | -50         |
|    explained_variance   | 0.969       |
|    learning_rate        | 0.0001      |
|    loss                 | -0.535      |
|    n_updates            | 5085        |
|    policy_gradient_loss | -0.0258     |
|    std                  | 5.03        |
|    value_loss           | 0.00429     |
-----------------------------------------
rollout mean regret: 0.19738508760929108
-----------------------------------------
| rollout/                |             |
|    ep_len_mean          | 563         |
|    ep_rew_mean          | 2.49e+03    |
| time/                   |             |
|    fps                  | 751         |
|    iterations           | 35          |
|    time_elapsed         | 3053        |
|    total_timesteps      | 2293760     |
| train/                  |             |
|    approx_kl            | 0.020823065 |
|    clip_fraction        | 0.332       |
|    clip_range           | 0.15        |
|    entropy_loss         | -50.1       |
|    explained_variance   | 0.968       |
|    learning_rate        | 0.0001      |
|    loss                 | -0.529      |
|    n_updates            | 5100        |
|    policy_gradient_loss | -0.0252     |
|    std                  | 5.06        |
|    value_loss           | 0.00387     |
-----------------------------------------
rollout mean regret: 0.21285654604434967
----------------------------------------
| rollout/                |            |
|    ep_len_mean          | 551        |
|    ep_rew_mean          | 2.43e+03   |
| time/                   |            |
|    fps                  | 758        |
|    iterations           | 36         |
|    time_elapsed         | 3110       |
|    total_timesteps      | 2359296    |
| train/                  |            |
|    approx_kl            | 0.02019709 |
|    clip_fraction        | 0.326      |
|    clip_range           | 0.15       |
|    entropy_loss         | -50.2      |
|    explained_variance   | 0.971      |
|    learning_rate        | 0.0001     |
|    loss                 | -0.53      |
|    n_updates            | 5115       |
|    policy_gradient_loss | -0.0255    |
|    std                  | 5.09       |
|    value_loss           | 0.00377    |
----------------------------------------
rollout mean regret: 0.18769288063049316
-----------------------------------------
| rollout/                |             |
|    ep_len_mean          | 564         |
|    ep_rew_mean          | 2.49e+03    |
| time/                   |             |
|    fps                  | 765         |
|    iterations           | 37          |
|    time_elapsed         | 3165        |
|    total_timesteps      | 2424832     |
| train/                  |             |
|    approx_kl            | 0.021310735 |
|    clip_fraction        | 0.338       |
|    clip_range           | 0.15        |
|    entropy_loss         | -50.3       |
|    explained_variance   | 0.966       |
|    learning_rate        | 0.0001      |
|    loss                 | -0.534      |
|    n_updates            | 5130        |
|    policy_gradient_loss | -0.0254     |
|    std                  | 5.12        |
|    value_loss           | 0.0042      |
-----------------------------------------
rollout mean regret: 0.20009297132492065
-----------------------------------------
| rollout/                |             |
|    ep_len_mean          | 577         |
|    ep_rew_mean          | 2.55e+03    |
| time/                   |             |
|    fps                  | 773         |
|    iterations           | 38          |
|    time_elapsed         | 3221        |
|    total_timesteps      | 2490368     |
| train/                  |             |
|    approx_kl            | 0.019685842 |
|    clip_fraction        | 0.322       |
|    clip_range           | 0.15        |
|    entropy_loss         | -50.4       |
|    explained_variance   | 0.972       |
|    learning_rate        | 0.0001      |
|    loss                 | -0.539      |
|    n_updates            | 5145        |
|    policy_gradient_loss | -0.0251     |
|    std                  | 5.15        |
|    value_loss           | 0.00366     |
-----------------------------------------
Eval num_timesteps=2500000, episode_reward=283279.43 +/- 206117.22
Episode length: 62871.00 +/- 45733.40
-----------------------------------------
| eval/                   |             |
|    mean_ep_length       | 6.29e+04    |
|    mean_reward          | 2.83e+05    |
| time/                   |             |
|    total_timesteps      | 2500000     |
| train/                  |             |
|    approx_kl            | 0.020686053 |
|    clip_fraction        | 0.331       |
|    clip_range           | 0.15        |
|    entropy_loss         | -50.5       |
|    explained_variance   | 0.972       |
|    learning_rate        | 0.0001      |
|    loss                 | -0.543      |
|    n_updates            | 5160        |
|    policy_gradient_loss | -0.0255     |
|    std                  | 5.17        |
|    value_loss           | 0.00373     |
-----------------------------------------
rollout mean regret: 0.20268696546554565
---------------------------------
| rollout/           |          |
|    ep_len_mean     | 560      |
|    ep_rew_mean     | 2.48e+03 |
| time/              |          |
|    fps             | 723      |
|    iterations      | 39       |
|    time_elapsed    | 3533     |
|    total_timesteps | 2555904  |
---------------------------------
rollout mean regret: 0.19301572442054749
-----------------------------------------
| rollout/                |             |
|    ep_len_mean          | 548         |
|    ep_rew_mean          | 2.43e+03    |
| time/                   |             |
|    fps                  | 730         |
|    iterations           | 40          |
|    time_elapsed         | 3590        |
|    total_timesteps      | 2621440     |
| train/                  |             |
|    approx_kl            | 0.020736042 |
|    clip_fraction        | 0.33        |
|    clip_range           | 0.15        |
|    entropy_loss         | -50.5       |
|    explained_variance   | 0.97        |
|    learning_rate        | 0.0001      |
|    loss                 | -0.536      |
|    n_updates            | 5175        |
|    policy_gradient_loss | -0.0254     |
|    std                  | 5.2         |
|    value_loss           | 0.00373     |
-----------------------------------------
rollout mean regret: 0.19691111147403717
-----------------------------------------
| rollout/                |             |
|    ep_len_mean          | 581         |
|    ep_rew_mean          | 2.57e+03    |
| time/                   |             |
|    fps                  | 737         |
|    iterations           | 41          |
|    time_elapsed         | 3645        |
|    total_timesteps      | 2686976     |
| train/                  |             |
|    approx_kl            | 0.020317452 |
|    clip_fraction        | 0.328       |
|    clip_range           | 0.15        |
|    entropy_loss         | -50.6       |
|    explained_variance   | 0.967       |
|    learning_rate        | 0.0001      |
|    loss                 | -0.537      |
|    n_updates            | 5190        |
|    policy_gradient_loss | -0.0253     |
|    std                  | 5.23        |
|    value_loss           | 0.00387     |
-----------------------------------------
rollout mean regret: 0.19045667350292206
-----------------------------------------
| rollout/                |             |
|    ep_len_mean          | 578         |
|    ep_rew_mean          | 2.56e+03    |
| time/                   |             |
|    fps                  | 743         |
|    iterations           | 42          |
|    time_elapsed         | 3701        |
|    total_timesteps      | 2752512     |
| train/                  |             |
|    approx_kl            | 0.019813286 |
|    clip_fraction        | 0.323       |
|    clip_range           | 0.15        |
|    entropy_loss         | -50.7       |
|    explained_variance   | 0.973       |
|    learning_rate        | 0.0001      |
|    loss                 | -0.534      |
|    n_updates            | 5205        |
|    policy_gradient_loss | -0.025      |
|    std                  | 5.26        |
|    value_loss           | 0.00346     |
-----------------------------------------
rollout mean regret: 0.1940385401248932
-----------------------------------------
| rollout/                |             |
|    ep_len_mean          | 566         |
|    ep_rew_mean          | 2.5e+03     |
| time/                   |             |
|    fps                  | 750         |
|    iterations           | 43          |
|    time_elapsed         | 3757        |
|    total_timesteps      | 2818048     |
| train/                  |             |
|    approx_kl            | 0.020803299 |
|    clip_fraction        | 0.329       |
|    clip_range           | 0.15        |
|    entropy_loss         | -50.8       |
|    explained_variance   | 0.973       |
|    learning_rate        | 0.0001      |
|    loss                 | -0.534      |
|    n_updates            | 5220        |
|    policy_gradient_loss | -0.0256     |
|    std                  | 5.29        |
|    value_loss           | 0.00349     |
-----------------------------------------
rollout mean regret: 0.18662559986114502
-----------------------------------------
| rollout/                |             |
|    ep_len_mean          | 590         |
|    ep_rew_mean          | 2.61e+03    |
| time/                   |             |
|    fps                  | 756         |
|    iterations           | 44          |
|    time_elapsed         | 3813        |
|    total_timesteps      | 2883584     |
| train/                  |             |
|    approx_kl            | 0.020975582 |
|    clip_fraction        | 0.332       |
|    clip_range           | 0.15        |
|    entropy_loss         | -50.9       |
|    explained_variance   | 0.972       |
|    learning_rate        | 0.0001      |
|    loss                 | -0.539      |
|    n_updates            | 5235        |
|    policy_gradient_loss | -0.026      |
|    std                  | 5.32        |
|    value_loss           | 0.00349     |
-----------------------------------------
rollout mean regret: 0.19042393565177917
----------------------------------------
| rollout/                |            |
|    ep_len_mean          | 567        |
|    ep_rew_mean          | 2.51e+03   |
| time/                   |            |
|    fps                  | 762        |
|    iterations           | 45         |
|    time_elapsed         | 3868       |
|    total_timesteps      | 2949120    |
| train/                  |            |
|    approx_kl            | 0.02054492 |
|    clip_fraction        | 0.328      |
|    clip_range           | 0.15       |
|    entropy_loss         | -51        |
|    explained_variance   | 0.974      |
|    learning_rate        | 0.0001     |
|    loss                 | -0.545     |
|    n_updates            | 5250       |
|    policy_gradient_loss | -0.0252    |
|    std                  | 5.35       |
|    value_loss           | 0.0032     |
----------------------------------------
Eval num_timesteps=3000000, episode_reward=1132621.69 +/- 496589.80
Episode length: 251375.00 +/- 110188.20
-----------------------------------------
| eval/                   |             |
|    mean_ep_length       | 2.51e+05    |
|    mean_reward          | 1.13e+06    |
| time/                   |             |
|    total_timesteps      | 3000000     |
| train/                  |             |
|    approx_kl            | 0.020708974 |
|    clip_fraction        | 0.328       |
|    clip_range           | 0.15        |
|    entropy_loss         | -51.1       |
|    explained_variance   | 0.973       |
|    learning_rate        | 0.0001      |
|    loss                 | -0.543      |
|    n_updates            | 5265        |
|    policy_gradient_loss | -0.0253     |
|    std                  | 5.38        |
|    value_loss           | 0.00343     |
-----------------------------------------
New best mean reward!
rollout mean regret: 0.1964339315891266
---------------------------------
| rollout/           |          |
|    ep_len_mean     | 582      |
|    ep_rew_mean     | 2.58e+03 |
| time/              |          |
|    fps             | 608      |
|    iterations      | 46       |
|    time_elapsed    | 4950     |
|    total_timesteps | 3014656  |
---------------------------------
rollout mean regret: 0.1899949461221695
-----------------------------------------
| rollout/                |             |
|    ep_len_mean          | 606         |
|    ep_rew_mean          | 2.67e+03    |
| time/                   |             |
|    fps                  | 615         |
|    iterations           | 47          |
|    time_elapsed         | 5005        |
|    total_timesteps      | 3080192     |
| train/                  |             |
|    approx_kl            | 0.020463988 |
|    clip_fraction        | 0.326       |
|    clip_range           | 0.15        |
|    entropy_loss         | -51.2       |
|    explained_variance   | 0.971       |
|    learning_rate        | 0.0001      |
|    loss                 | -0.548      |
|    n_updates            | 5280        |
|    policy_gradient_loss | -0.0249     |
|    std                  | 5.41        |
|    value_loss           | 0.00347     |
-----------------------------------------
rollout mean regret: 0.1823112517595291
-----------------------------------------
| rollout/                |             |
|    ep_len_mean          | 594         |
|    ep_rew_mean          | 2.62e+03    |
| time/                   |             |
|    fps                  | 621         |
|    iterations           | 48          |
|    time_elapsed         | 5061        |
|    total_timesteps      | 3145728     |
| train/                  |             |
|    approx_kl            | 0.020346768 |
|    clip_fraction        | 0.326       |
|    clip_range           | 0.15        |
|    entropy_loss         | -51.2       |
|    explained_variance   | 0.976       |
|    learning_rate        | 0.0001      |
|    loss                 | -0.54       |
|    n_updates            | 5295        |
|    policy_gradient_loss | -0.0252     |
|    std                  | 5.44        |
|    value_loss           | 0.00315     |
-----------------------------------------
rollout mean regret: 0.181862473487854
-----------------------------------------
| rollout/                |             |
|    ep_len_mean          | 594         |
|    ep_rew_mean          | 2.62e+03    |
| time/                   |             |
|    fps                  | 627         |
|    iterations           | 49          |
|    time_elapsed         | 5118        |
|    total_timesteps      | 3211264     |
| train/                  |             |
|    approx_kl            | 0.019838953 |
|    clip_fraction        | 0.325       |
|    clip_range           | 0.15        |
|    entropy_loss         | -51.3       |
|    explained_variance   | 0.975       |
|    learning_rate        | 0.0001      |
|    loss                 | -0.551      |
|    n_updates            | 5310        |
|    policy_gradient_loss | -0.0245     |
|    std                  | 5.47        |
|    value_loss           | 0.00319     |
-----------------------------------------
rollout mean regret: 0.17359617352485657
-----------------------------------------
| rollout/                |             |
|    ep_len_mean          | 586         |
|    ep_rew_mean          | 2.59e+03    |
| time/                   |             |
|    fps                  | 633         |
|    iterations           | 50          |
|    time_elapsed         | 5174        |
|    total_timesteps      | 3276800     |
| train/                  |             |
|    approx_kl            | 0.019832153 |
|    clip_fraction        | 0.321       |
|    clip_range           | 0.15        |
|    entropy_loss         | -51.4       |
|    explained_variance   | 0.977       |
|    learning_rate        | 0.0001      |
|    loss                 | -0.535      |
|    n_updates            | 5325        |
|    policy_gradient_loss | -0.0248     |
|    std                  | 5.5         |
|    value_loss           | 0.00296     |
-----------------------------------------
rollout mean regret: 0.18379929661750793
-----------------------------------------
| rollout/                |             |
|    ep_len_mean          | 614         |
|    ep_rew_mean          | 2.71e+03    |
| time/                   |             |
|    fps                  | 639         |
|    iterations           | 51          |
|    time_elapsed         | 5230        |
|    total_timesteps      | 3342336     |
| train/                  |             |
|    approx_kl            | 0.019720515 |
|    clip_fraction        | 0.325       |
|    clip_range           | 0.15        |
|    entropy_loss         | -51.5       |
|    explained_variance   | 0.975       |
|    learning_rate        | 0.0001      |
|    loss                 | -0.547      |
|    n_updates            | 5340        |
|    policy_gradient_loss | -0.0247     |
|    std                  | 5.53        |
|    value_loss           | 0.003       |
-----------------------------------------
rollout mean regret: 0.1830051839351654
----------------------------------------
| rollout/                |            |
|    ep_len_mean          | 624        |
|    ep_rew_mean          | 2.76e+03   |
| time/                   |            |
|    fps                  | 644        |
|    iterations           | 52         |
|    time_elapsed         | 5285       |
|    total_timesteps      | 3407872    |
| train/                  |            |
|    approx_kl            | 0.02028756 |
|    clip_fraction        | 0.33       |
|    clip_range           | 0.15       |
|    entropy_loss         | -51.6      |
|    explained_variance   | 0.975      |
|    learning_rate        | 0.0001     |
|    loss                 | -0.543     |
|    n_updates            | 5355       |
|    policy_gradient_loss | -0.025     |
|    std                  | 5.57       |
|    value_loss           | 0.00311    |
----------------------------------------
rollout mean regret: 0.1968642771244049
----------------------------------------
| rollout/                |            |
|    ep_len_mean          | 625        |
|    ep_rew_mean          | 2.77e+03   |
| time/                   |            |
|    fps                  | 650        |
|    iterations           | 53         |
|    time_elapsed         | 5341       |
|    total_timesteps      | 3473408    |
| train/                  |            |
|    approx_kl            | 0.01985586 |
|    clip_fraction        | 0.323      |
|    clip_range           | 0.15       |
|    entropy_loss         | -51.7      |
|    explained_variance   | 0.972      |
|    learning_rate        | 0.0001     |
|    loss                 | -0.54      |
|    n_updates            | 5370       |
|    policy_gradient_loss | -0.0243    |
|    std                  | 5.6        |
|    value_loss           | 0.00325    |
----------------------------------------
Eval num_timesteps=3500000, episode_reward=1157927.44 +/- 630398.18
Episode length: 256876.40 +/- 139839.83
-----------------------------------------
| eval/                   |             |
|    mean_ep_length       | 2.57e+05    |
|    mean_reward          | 1.16e+06    |
| time/                   |             |
|    total_timesteps      | 3500000     |
| train/                  |             |
|    approx_kl            | 0.020971863 |
|    clip_fraction        | 0.33        |
|    clip_range           | 0.15        |
|    entropy_loss         | -51.8       |
|    explained_variance   | 0.972       |
|    learning_rate        | 0.0001      |
|    loss                 | -0.546      |
|    n_updates            | 5385        |
|    policy_gradient_loss | -0.0255     |
|    std                  | 5.64        |
|    value_loss           | 0.00338     |
-----------------------------------------
New best mean reward!
rollout mean regret: 0.18193158507347107
---------------------------------
| rollout/           |          |
|    ep_len_mean     | 639      |
|    ep_rew_mean     | 2.83e+03 |
| time/              |          |
|    fps             | 548      |
|    iterations      | 54       |
|    time_elapsed    | 6452     |
|    total_timesteps | 3538944  |
---------------------------------
rollout mean regret: 0.18311867117881775
-----------------------------------------
| rollout/                |             |
|    ep_len_mean          | 627         |
|    ep_rew_mean          | 2.77e+03    |
| time/                   |             |
|    fps                  | 553         |
|    iterations           | 55          |
|    time_elapsed         | 6508        |
|    total_timesteps      | 3604480     |
| train/                  |             |
|    approx_kl            | 0.019960077 |
|    clip_fraction        | 0.323       |
|    clip_range           | 0.15        |
|    entropy_loss         | -51.9       |
|    explained_variance   | 0.975       |
|    learning_rate        | 0.0001      |
|    loss                 | -0.554      |
|    n_updates            | 5400        |
|    policy_gradient_loss | -0.024      |
|    std                  | 5.68        |
|    value_loss           | 0.00304     |
-----------------------------------------
rollout mean regret: 0.18350741267204285
-----------------------------------------
| rollout/                |             |
|    ep_len_mean          | 651         |
|    ep_rew_mean          | 2.87e+03    |
| time/                   |             |
|    fps                  | 559         |
|    iterations           | 56          |
|    time_elapsed         | 6564        |
|    total_timesteps      | 3670016     |
| train/                  |             |
|    approx_kl            | 0.020153878 |
|    clip_fraction        | 0.325       |
|    clip_range           | 0.15        |
|    entropy_loss         | -52         |
|    explained_variance   | 0.975       |
|    learning_rate        | 0.0001      |
|    loss                 | -0.552      |
|    n_updates            | 5415        |
|    policy_gradient_loss | -0.0248     |
|    std                  | 5.71        |
|    value_loss           | 0.00306     |
-----------------------------------------
rollout mean regret: 0.17576470971107483
-----------------------------------------
| rollout/                |             |
|    ep_len_mean          | 631         |
|    ep_rew_mean          | 2.78e+03    |
| time/                   |             |
|    fps                  | 564         |
|    iterations           | 57          |
|    time_elapsed         | 6621        |
|    total_timesteps      | 3735552     |
| train/                  |             |
|    approx_kl            | 0.020533156 |
|    clip_fraction        | 0.327       |
|    clip_range           | 0.15        |
|    entropy_loss         | -52.1       |
|    explained_variance   | 0.977       |
|    learning_rate        | 0.0001      |
|    loss                 | -0.556      |
|    n_updates            | 5430        |
|    policy_gradient_loss | -0.0243     |
|    std                  | 5.74        |
|    value_loss           | 0.00278     |
-----------------------------------------
rollout mean regret: 0.17614910006523132
-----------------------------------------
| rollout/                |             |
|    ep_len_mean          | 615         |
|    ep_rew_mean          | 2.72e+03    |
| time/                   |             |
|    fps                  | 569         |
|    iterations           | 58          |
|    time_elapsed         | 6677        |
|    total_timesteps      | 3801088     |
| train/                  |             |
|    approx_kl            | 0.020136014 |
|    clip_fraction        | 0.331       |
|    clip_range           | 0.15        |
|    entropy_loss         | -52.2       |
|    explained_variance   | 0.976       |
|    learning_rate        | 0.0001      |
|    loss                 | -0.554      |
|    n_updates            | 5445        |
|    policy_gradient_loss | -0.025      |
|    std                  | 5.77        |
|    value_loss           | 0.00284     |
-----------------------------------------
rollout mean regret: 0.1797022670507431
-----------------------------------------
| rollout/                |             |
|    ep_len_mean          | 636         |
|    ep_rew_mean          | 2.8e+03     |
| time/                   |             |
|    fps                  | 574         |
|    iterations           | 59          |
|    time_elapsed         | 6733        |
|    total_timesteps      | 3866624     |
| train/                  |             |
|    approx_kl            | 0.019631201 |
|    clip_fraction        | 0.321       |
|    clip_range           | 0.15        |
|    entropy_loss         | -52.3       |
|    explained_variance   | 0.972       |
|    learning_rate        | 0.0001      |
|    loss                 | -0.556      |
|    n_updates            | 5460        |
|    policy_gradient_loss | -0.0243     |
|    std                  | 5.81        |
|    value_loss           | 0.00331     |
-----------------------------------------
rollout mean regret: 0.18048949539661407
-----------------------------------------
| rollout/                |             |
|    ep_len_mean          | 679         |
|    ep_rew_mean          | 2.99e+03    |
| time/                   |             |
|    fps                  | 579         |
|    iterations           | 60          |
|    time_elapsed         | 6789        |
|    total_timesteps      | 3932160     |
| train/                  |             |
|    approx_kl            | 0.020136194 |
|    clip_fraction        | 0.325       |
|    clip_range           | 0.15        |
|    entropy_loss         | -52.4       |
|    explained_variance   | 0.973       |
|    learning_rate        | 0.0001      |
|    loss                 | -0.559      |
|    n_updates            | 5475        |
|    policy_gradient_loss | -0.0247     |
|    std                  | 5.85        |
|    value_loss           | 0.00337     |
-----------------------------------------
rollout mean regret: 0.16767871379852295
-----------------------------------------
| rollout/                |             |
|    ep_len_mean          | 633         |
|    ep_rew_mean          | 2.79e+03    |
| time/                   |             |
|    fps                  | 584         |
|    iterations           | 61          |
|    time_elapsed         | 6844        |
|    total_timesteps      | 3997696     |
| train/                  |             |
|    approx_kl            | 0.020053877 |
|    clip_fraction        | 0.319       |
|    clip_range           | 0.15        |
|    entropy_loss         | -52.5       |
|    explained_variance   | 0.978       |
|    learning_rate        | 0.0001      |
|    loss                 | -0.552      |
|    n_updates            | 5490        |
|    policy_gradient_loss | -0.024      |
|    std                  | 5.88        |
|    value_loss           | 0.00278     |
-----------------------------------------
Eval num_timesteps=4000000, episode_reward=1661080.39 +/- 1475489.07
Episode length: 368432.80 +/- 327246.97
-----------------------------------------
| eval/                   |             |
|    mean_ep_length       | 3.68e+05    |
|    mean_reward          | 1.66e+06    |
| time/                   |             |
|    total_timesteps      | 4000000     |
| train/                  |             |
|    approx_kl            | 0.020326052 |
|    clip_fraction        | 0.329       |
|    clip_range           | 0.15        |
|    entropy_loss         | -52.6       |
|    explained_variance   | 0.975       |
|    learning_rate        | 0.0001      |
|    loss                 | -0.547      |
|    n_updates            | 5505        |
|    policy_gradient_loss | -0.0244     |
|    std                  | 5.93        |
|    value_loss           | 0.00287     |
-----------------------------------------
New best mean reward!
rollout mean regret: 0.1807154417037964
---------------------------------
| rollout/           |          |
|    ep_len_mean     | 625      |
|    ep_rew_mean     | 2.76e+03 |
| time/              |          |
|    fps             | 482      |
|    iterations      | 62       |
|    time_elapsed    | 8416     |
|    total_timesteps | 4063232  |
---------------------------------
rollout mean regret: 0.16805937886238098
---------------------------------------
| rollout/                |           |
|    ep_len_mean          | 623       |
|    ep_rew_mean          | 2.75e+03  |
| time/                   |           |
|    fps                  | 487       |
|    iterations           | 63        |
|    time_elapsed         | 8473      |
|    total_timesteps      | 4128768   |
| train/                  |           |
|    approx_kl            | 0.0200973 |
|    clip_fraction        | 0.327     |
|    clip_range           | 0.15      |
|    entropy_loss         | -52.7     |
|    explained_variance   | 0.971     |
|    learning_rate        | 0.0001    |
|    loss                 | -0.555    |
|    n_updates            | 5520      |
|    policy_gradient_loss | -0.0254   |
|    std                  | 5.96      |
|    value_loss           | 0.00328   |
---------------------------------------
rollout mean regret: 0.16658414900302887
-----------------------------------------
| rollout/                |             |
|    ep_len_mean          | 662         |
|    ep_rew_mean          | 2.93e+03    |
| time/                   |             |
|    fps                  | 491         |
|    iterations           | 64          |
|    time_elapsed         | 8529        |
|    total_timesteps      | 4194304     |
| train/                  |             |
|    approx_kl            | 0.019517489 |
|    clip_fraction        | 0.324       |
|    clip_range           | 0.15        |
|    entropy_loss         | -52.8       |
|    explained_variance   | 0.973       |
|    learning_rate        | 0.0001      |
|    loss                 | -0.562      |
|    n_updates            | 5535        |
|    policy_gradient_loss | -0.0248     |
|    std                  | 5.99        |
|    value_loss           | 0.00324     |
-----------------------------------------
rollout mean regret: 0.17929625511169434
----------------------------------------
| rollout/                |            |
|    ep_len_mean          | 661        |
|    ep_rew_mean          | 2.91e+03   |
| time/                   |            |
|    fps                  | 496        |
|    iterations           | 65         |
|    time_elapsed         | 8584       |
|    total_timesteps      | 4259840    |
| train/                  |            |
|    approx_kl            | 0.01976065 |
|    clip_fraction        | 0.318      |
|    clip_range           | 0.15       |
|    entropy_loss         | -52.9      |
|    explained_variance   | 0.973      |
|    learning_rate        | 0.0001     |
|    loss                 | -0.568     |
|    n_updates            | 5550       |
|    policy_gradient_loss | -0.0244    |
|    std                  | 6.03       |
|    value_loss           | 0.00296    |
----------------------------------------
rollout mean regret: 0.1813514232635498
-----------------------------------------
| rollout/                |             |
|    ep_len_mean          | 677         |
|    ep_rew_mean          | 2.99e+03    |
| time/                   |             |
|    fps                  | 500         |
|    iterations           | 66          |
|    time_elapsed         | 8639        |
|    total_timesteps      | 4325376     |
| train/                  |             |
|    approx_kl            | 0.020018723 |
|    clip_fraction        | 0.325       |
|    clip_range           | 0.15        |
|    entropy_loss         | -53         |
|    explained_variance   | 0.973       |
|    learning_rate        | 0.0001      |
|    loss                 | -0.55       |
|    n_updates            | 5565        |
|    policy_gradient_loss | -0.0246     |
|    std                  | 6.07        |
|    value_loss           | 0.00334     |
-----------------------------------------
rollout mean regret: 0.1798418164253235
-----------------------------------------
| rollout/                |             |
|    ep_len_mean          | 670         |
|    ep_rew_mean          | 2.96e+03    |
| time/                   |             |
|    fps                  | 504         |
|    iterations           | 67          |
|    time_elapsed         | 8695        |
|    total_timesteps      | 4390912     |
| train/                  |             |
|    approx_kl            | 0.020288495 |
|    clip_fraction        | 0.324       |
|    clip_range           | 0.15        |
|    entropy_loss         | -53.1       |
|    explained_variance   | 0.976       |
|    learning_rate        | 0.0001      |
|    loss                 | -0.557      |
|    n_updates            | 5580        |
|    policy_gradient_loss | -0.0248     |
|    std                  | 6.1         |
|    value_loss           | 0.00297     |
-----------------------------------------
rollout mean regret: 0.1618843376636505
-----------------------------------------
| rollout/                |             |
|    ep_len_mean          | 671         |
|    ep_rew_mean          | 2.97e+03    |
| time/                   |             |
|    fps                  | 509         |
|    iterations           | 68          |
|    time_elapsed         | 8751        |
|    total_timesteps      | 4456448     |
| train/                  |             |
|    approx_kl            | 0.019721502 |
|    clip_fraction        | 0.32        |
|    clip_range           | 0.15        |
|    entropy_loss         | -53.1       |
|    explained_variance   | 0.978       |
|    learning_rate        | 0.0001      |
|    loss                 | -0.57       |
|    n_updates            | 5595        |
|    policy_gradient_loss | -0.0245     |
|    std                  | 6.14        |
|    value_loss           | 0.00293     |
-----------------------------------------
Eval num_timesteps=4500000, episode_reward=1533585.63 +/- 694310.30
Episode length: 340075.00 +/- 153979.51
-----------------------------------------
| eval/                   |             |
|    mean_ep_length       | 3.4e+05     |
|    mean_reward          | 1.53e+06    |
| time/                   |             |
|    total_timesteps      | 4500000     |
| train/                  |             |
|    approx_kl            | 0.019008122 |
|    clip_fraction        | 0.313       |
|    clip_range           | 0.15        |
|    entropy_loss         | -53.2       |
|    explained_variance   | 0.977       |
|    learning_rate        | 0.0001      |
|    loss                 | -0.55       |
|    n_updates            | 5610        |
|    policy_gradient_loss | -0.0238     |
|    std                  | 6.17        |
|    value_loss           | 0.0027      |
-----------------------------------------
rollout mean regret: 0.1704736202955246
---------------------------------
| rollout/           |          |
|    ep_len_mean     | 677      |
|    ep_rew_mean     | 2.99e+03 |
| time/              |          |
|    fps             | 442      |
|    iterations      | 69       |
|    time_elapsed    | 10212    |
|    total_timesteps | 4521984  |
---------------------------------
rollout mean regret: 0.1752781867980957
-----------------------------------------
| rollout/                |             |
|    ep_len_mean          | 670         |
|    ep_rew_mean          | 2.96e+03    |
| time/                   |             |
|    fps                  | 446         |
|    iterations           | 70          |
|    time_elapsed         | 10268       |
|    total_timesteps      | 4587520     |
| train/                  |             |
|    approx_kl            | 0.019770116 |
|    clip_fraction        | 0.322       |
|    clip_range           | 0.15        |
|    entropy_loss         | -53.3       |
|    explained_variance   | 0.975       |
|    learning_rate        | 0.0001      |
|    loss                 | -0.57       |
|    n_updates            | 5625        |
|    policy_gradient_loss | -0.0247     |
|    std                  | 6.21        |
|    value_loss           | 0.00276     |
-----------------------------------------
rollout mean regret: 0.17703188955783844
-----------------------------------------
| rollout/                |             |
|    ep_len_mean          | 699         |
|    ep_rew_mean          | 3.08e+03    |
| time/                   |             |
|    fps                  | 450         |
|    iterations           | 71          |
|    time_elapsed         | 10325       |
|    total_timesteps      | 4653056     |
| train/                  |             |
|    approx_kl            | 0.020057682 |
|    clip_fraction        | 0.329       |
|    clip_range           | 0.15        |
|    entropy_loss         | -53.4       |
|    explained_variance   | 0.975       |
|    learning_rate        | 0.0001      |
|    loss                 | -0.573      |
|    n_updates            | 5640        |
|    policy_gradient_loss | -0.0246     |
|    std                  | 6.25        |
|    value_loss           | 0.00296     |
-----------------------------------------
rollout mean regret: 0.16397269070148468
-----------------------------------------
| rollout/                |             |
|    ep_len_mean          | 677         |
|    ep_rew_mean          | 2.99e+03    |
| time/                   |             |
|    fps                  | 454         |
|    iterations           | 72          |
|    time_elapsed         | 10381       |
|    total_timesteps      | 4718592     |
| train/                  |             |
|    approx_kl            | 0.020394046 |
|    clip_fraction        | 0.324       |
|    clip_range           | 0.15        |
|    entropy_loss         | -53.5       |
|    explained_variance   | 0.975       |
|    learning_rate        | 0.0001      |
|    loss                 | -0.566      |
|    n_updates            | 5655        |
|    policy_gradient_loss | -0.024      |
|    std                  | 6.29        |
|    value_loss           | 0.003       |
-----------------------------------------
rollout mean regret: 0.1683097630739212
-----------------------------------------
| rollout/                |             |
|    ep_len_mean          | 683         |
|    ep_rew_mean          | 3.02e+03    |
| time/                   |             |
|    fps                  | 458         |
|    iterations           | 73          |
|    time_elapsed         | 10437       |
|    total_timesteps      | 4784128     |
| train/                  |             |
|    approx_kl            | 0.020263854 |
|    clip_fraction        | 0.328       |
|    clip_range           | 0.15        |
|    entropy_loss         | -53.6       |
|    explained_variance   | 0.976       |
|    learning_rate        | 0.0001      |
|    loss                 | -0.568      |
|    n_updates            | 5670        |
|    policy_gradient_loss | -0.0241     |
|    std                  | 6.33        |
|    value_loss           | 0.00274     |
-----------------------------------------
rollout mean regret: 0.16340363025665283
-----------------------------------------
| rollout/                |             |
|    ep_len_mean          | 683         |
|    ep_rew_mean          | 3.01e+03    |
| time/                   |             |
|    fps                  | 462         |
|    iterations           | 74          |
|    time_elapsed         | 10494       |
|    total_timesteps      | 4849664     |
| train/                  |             |
|    approx_kl            | 0.019758007 |
|    clip_fraction        | 0.318       |
|    clip_range           | 0.15        |
|    entropy_loss         | -53.7       |
|    explained_variance   | 0.978       |
|    learning_rate        | 0.0001      |
|    loss                 | -0.574      |
|    n_updates            | 5685        |
|    policy_gradient_loss | -0.0244     |
|    std                  | 6.36        |
|    value_loss           | 0.00282     |
-----------------------------------------
rollout mean regret: 0.15794368088245392
-----------------------------------------
| rollout/                |             |
|    ep_len_mean          | 691         |
|    ep_rew_mean          | 3.05e+03    |
| time/                   |             |
|    fps                  | 465         |
|    iterations           | 75          |
|    time_elapsed         | 10550       |
|    total_timesteps      | 4915200     |
| train/                  |             |
|    approx_kl            | 0.019945001 |
|    clip_fraction        | 0.322       |
|    clip_range           | 0.15        |
|    entropy_loss         | -53.8       |
|    explained_variance   | 0.978       |
|    learning_rate        | 0.0001      |
|    loss                 | -0.572      |
|    n_updates            | 5700        |
|    policy_gradient_loss | -0.0244     |
|    std                  | 6.4         |
|    value_loss           | 0.00259     |
-----------------------------------------
rollout mean regret: 0.16567882895469666
-----------------------------------------
| rollout/                |             |
|    ep_len_mean          | 695         |
|    ep_rew_mean          | 3.07e+03    |
| time/                   |             |
|    fps                  | 469         |
|    iterations           | 76          |
|    time_elapsed         | 10606       |
|    total_timesteps      | 4980736     |
| train/                  |             |
|    approx_kl            | 0.019675825 |
|    clip_fraction        | 0.317       |
|    clip_range           | 0.15        |
|    entropy_loss         | -53.9       |
|    explained_variance   | 0.977       |
|    learning_rate        | 0.0001      |
|    loss                 | -0.566      |
|    n_updates            | 5715        |
|    policy_gradient_loss | -0.0238     |
|    std                  | 6.44        |
|    value_loss           | 0.00258     |
-----------------------------------------
Eval num_timesteps=5000000, episode_reward=881890.27 +/- 639212.04
Episode length: 195580.20 +/- 141760.97
-----------------------------------------
| eval/                   |             |
|    mean_ep_length       | 1.96e+05    |
|    mean_reward          | 8.82e+05    |
| time/                   |             |
|    total_timesteps      | 5000000     |
| train/                  |             |
|    approx_kl            | 0.019463573 |
|    clip_fraction        | 0.32        |
|    clip_range           | 0.15        |
|    entropy_loss         | -54         |
|    explained_variance   | 0.976       |
|    learning_rate        | 0.0001      |
|    loss                 | -0.565      |
|    n_updates            | 5730        |
|    policy_gradient_loss | -0.0243     |
|    std                  | 6.48        |
|    value_loss           | 0.00268     |
-----------------------------------------
rollout mean regret: 0.15703922510147095
---------------------------------
| rollout/           |          |
|    ep_len_mean     | 734      |
|    ep_rew_mean     | 3.24e+03 |
| time/              |          |
|    fps             | 439      |
|    iterations      | 77       |
|    time_elapsed    | 11473    |
|    total_timesteps | 5046272  |
---------------------------------
rollout mean regret: 0.16917768120765686
-----------------------------------------
| rollout/                |             |
|    ep_len_mean          | 696         |
|    ep_rew_mean          | 3.08e+03    |
| time/                   |             |
|    fps                  | 443         |
|    iterations           | 78          |
|    time_elapsed         | 11529       |
|    total_timesteps      | 5111808     |
| train/                  |             |
|    approx_kl            | 0.019695673 |
|    clip_fraction        | 0.319       |
|    clip_range           | 0.15        |
|    entropy_loss         | -54.1       |
|    explained_variance   | 0.98        |
|    learning_rate        | 0.0001      |
|    loss                 | -0.565      |
|    n_updates            | 5745        |
|    policy_gradient_loss | -0.0239     |
|    std                  | 6.52        |
|    value_loss           | 0.00228     |
-----------------------------------------
rollout mean regret: 0.1581982970237732
----------------------------------------
| rollout/                |            |
|    ep_len_mean          | 690        |
|    ep_rew_mean          | 3.04e+03   |
| time/                   |            |
|    fps                  | 446        |
|    iterations           | 79         |
|    time_elapsed         | 11584      |
|    total_timesteps      | 5177344    |
| train/                  |            |
|    approx_kl            | 0.02029392 |
|    clip_fraction        | 0.325      |
|    clip_range           | 0.15       |
|    entropy_loss         | -54.2      |
|    explained_variance   | 0.974      |
|    learning_rate        | 0.0001     |
|    loss                 | -0.568     |
|    n_updates            | 5760       |
|    policy_gradient_loss | -0.0242    |
|    std                  | 6.57       |
|    value_loss           | 0.00275    |
----------------------------------------
rollout mean regret: 0.1744474321603775
-----------------------------------------
| rollout/                |             |
|    ep_len_mean          | 713         |
|    ep_rew_mean          | 3.15e+03    |
| time/                   |             |
|    fps                  | 450         |
|    iterations           | 80          |
|    time_elapsed         | 11641       |
|    total_timesteps      | 5242880     |
| train/                  |             |
|    approx_kl            | 0.019500278 |
|    clip_fraction        | 0.315       |
|    clip_range           | 0.15        |
|    entropy_loss         | -54.3       |
|    explained_variance   | 0.977       |
|    learning_rate        | 0.0001      |
|    loss                 | -0.574      |
|    n_updates            | 5775        |
|    policy_gradient_loss | -0.0237     |
|    std                  | 6.61        |
|    value_loss           | 0.00273     |
-----------------------------------------
rollout mean regret: 0.1597190946340561
-----------------------------------------
| rollout/                |             |
|    ep_len_mean          | 713         |
|    ep_rew_mean          | 3.15e+03    |
| time/                   |             |
|    fps                  | 453         |
|    iterations           | 81          |
|    time_elapsed         | 11697       |
|    total_timesteps      | 5308416     |
| train/                  |             |
|    approx_kl            | 0.020165775 |
|    clip_fraction        | 0.319       |
|    clip_range           | 0.15        |
|    entropy_loss         | -54.4       |
|    explained_variance   | 0.975       |
|    learning_rate        | 0.0001      |
|    loss                 | -0.578      |
|    n_updates            | 5790        |
|    policy_gradient_loss | -0.0244     |
|    std                  | 6.65        |
|    value_loss           | 0.00286     |
-----------------------------------------
rollout mean regret: 0.16282978653907776
-----------------------------------------
| rollout/                |             |
|    ep_len_mean          | 726         |
|    ep_rew_mean          | 3.22e+03    |
| time/                   |             |
|    fps                  | 457         |
|    iterations           | 82          |
|    time_elapsed         | 11754       |
|    total_timesteps      | 5373952     |
| train/                  |             |
|    approx_kl            | 0.019361265 |
|    clip_fraction        | 0.315       |
|    clip_range           | 0.15        |
|    entropy_loss         | -54.5       |
|    explained_variance   | 0.977       |
|    learning_rate        | 0.0001      |
|    loss                 | -0.574      |
|    n_updates            | 5805        |
|    policy_gradient_loss | -0.0234     |
|    std                  | 6.69        |
|    value_loss           | 0.00263     |
-----------------------------------------
rollout mean regret: 0.16856029629707336
-----------------------------------------
| rollout/                |             |
|    ep_len_mean          | 702         |
|    ep_rew_mean          | 3.1e+03     |
| time/                   |             |
|    fps                  | 460         |
|    iterations           | 83          |
|    time_elapsed         | 11810       |
|    total_timesteps      | 5439488     |
| train/                  |             |
|    approx_kl            | 0.019900285 |
|    clip_fraction        | 0.323       |
|    clip_range           | 0.15        |
|    entropy_loss         | -54.6       |
|    explained_variance   | 0.975       |
|    learning_rate        | 0.0001      |
|    loss                 | -0.572      |
|    n_updates            | 5820        |
|    policy_gradient_loss | -0.0241     |
|    std                  | 6.73        |
|    value_loss           | 0.00272     |
-----------------------------------------
Eval num_timesteps=5500000, episode_reward=1945153.56 +/- 1618752.77
Episode length: 431548.60 +/- 359139.85
-----------------------------------------
| eval/                   |             |
|    mean_ep_length       | 4.32e+05    |
|    mean_reward          | 1.95e+06    |
| time/                   |             |
|    total_timesteps      | 5500000     |
| train/                  |             |
|    approx_kl            | 0.019363306 |
|    clip_fraction        | 0.314       |
|    clip_range           | 0.15        |
|    entropy_loss         | -54.7       |
|    explained_variance   | 0.974       |
|    learning_rate        | 0.0001      |
|    loss                 | -0.571      |
|    n_updates            | 5835        |
|    policy_gradient_loss | -0.0241     |
|    std                  | 6.78        |
|    value_loss           | 0.00295     |
-----------------------------------------
New best mean reward!
rollout mean regret: 0.16432929039001465
---------------------------------
| rollout/           |          |
|    ep_len_mean     | 736      |
|    ep_rew_mean     | 3.25e+03 |
| time/              |          |
|    fps             | 403      |
|    iterations      | 84       |
|    time_elapsed    | 13655    |
|    total_timesteps | 5505024  |
---------------------------------
rollout mean regret: 0.15430305898189545
-----------------------------------------
| rollout/                |             |
|    ep_len_mean          | 736         |
|    ep_rew_mean          | 3.26e+03    |
| time/                   |             |
|    fps                  | 406         |
|    iterations           | 85          |
|    time_elapsed         | 13711       |
|    total_timesteps      | 5570560     |
| train/                  |             |
|    approx_kl            | 0.019323746 |
|    clip_fraction        | 0.312       |
|    clip_range           | 0.15        |
|    entropy_loss         | -54.8       |
|    explained_variance   | 0.976       |
|    learning_rate        | 0.0001      |
|    loss                 | -0.584      |
|    n_updates            | 5850        |
|    policy_gradient_loss | -0.0238     |
|    std                  | 6.82        |
|    value_loss           | 0.00268     |
-----------------------------------------
rollout mean regret: 0.17596665024757385
----------------------------------------
| rollout/                |            |
|    ep_len_mean          | 762        |
|    ep_rew_mean          | 3.37e+03   |
| time/                   |            |
|    fps                  | 409        |
|    iterations           | 86         |
|    time_elapsed         | 13768      |
|    total_timesteps      | 5636096    |
| train/                  |            |
|    approx_kl            | 0.01931601 |
|    clip_fraction        | 0.317      |
|    clip_range           | 0.15       |
|    entropy_loss         | -54.9      |
|    explained_variance   | 0.975      |
|    learning_rate        | 0.0001     |
|    loss                 | -0.584     |
|    n_updates            | 5865       |
|    policy_gradient_loss | -0.024     |
|    std                  | 6.85       |
|    value_loss           | 0.00263    |
----------------------------------------
rollout mean regret: 0.1698136329650879
-----------------------------------------
| rollout/                |             |
|    ep_len_mean          | 758         |
|    ep_rew_mean          | 3.34e+03    |
| time/                   |             |
|    fps                  | 412         |
|    iterations           | 87          |
|    time_elapsed         | 13824       |
|    total_timesteps      | 5701632     |
| train/                  |             |
|    approx_kl            | 0.019673517 |
|    clip_fraction        | 0.32        |
|    clip_range           | 0.15        |
|    entropy_loss         | -55         |
|    explained_variance   | 0.975       |
|    learning_rate        | 0.0001      |
|    loss                 | -0.582      |
|    n_updates            | 5880        |
|    policy_gradient_loss | -0.0246     |
|    std                  | 6.9         |
|    value_loss           | 0.00292     |
-----------------------------------------
rollout mean regret: 0.16937625408172607
----------------------------------------
| rollout/                |            |
|    ep_len_mean          | 777        |
|    ep_rew_mean          | 3.43e+03   |
| time/                   |            |
|    fps                  | 415        |
|    iterations           | 88         |
|    time_elapsed         | 13880      |
|    total_timesteps      | 5767168    |
| train/                  |            |
|    approx_kl            | 0.01901802 |
|    clip_fraction        | 0.317      |
|    clip_range           | 0.15       |
|    entropy_loss         | -55.1      |
|    explained_variance   | 0.977      |
|    learning_rate        | 0.0001     |
|    loss                 | -0.589     |
|    n_updates            | 5895       |
|    policy_gradient_loss | -0.0239    |
|    std                  | 6.93       |
|    value_loss           | 0.00286    |
----------------------------------------
rollout mean regret: 0.1687675416469574
-----------------------------------------
| rollout/                |             |
|    ep_len_mean          | 745         |
|    ep_rew_mean          | 3.29e+03    |
| time/                   |             |
|    fps                  | 418         |
|    iterations           | 89          |
|    time_elapsed         | 13936       |
|    total_timesteps      | 5832704     |
| train/                  |             |
|    approx_kl            | 0.020167068 |
|    clip_fraction        | 0.323       |
|    clip_range           | 0.15        |
|    entropy_loss         | -55.2       |
|    explained_variance   | 0.977       |
|    learning_rate        | 0.0001      |
|    loss                 | -0.587      |
|    n_updates            | 5910        |
|    policy_gradient_loss | -0.0238     |
|    std                  | 6.98        |
|    value_loss           | 0.00272     |
-----------------------------------------
rollout mean regret: 0.1532415747642517
-----------------------------------------
| rollout/                |             |
|    ep_len_mean          | 737         |
|    ep_rew_mean          | 3.27e+03    |
| time/                   |             |
|    fps                  | 421         |
|    iterations           | 90          |
|    time_elapsed         | 13991       |
|    total_timesteps      | 5898240     |
| train/                  |             |
|    approx_kl            | 0.020359576 |
|    clip_fraction        | 0.32        |
|    clip_range           | 0.15        |
|    entropy_loss         | -55.3       |
|    explained_variance   | 0.974       |
|    learning_rate        | 0.0001      |
|    loss                 | -0.577      |
|    n_updates            | 5925        |
|    policy_gradient_loss | -0.0244     |
|    std                  | 7.02        |
|    value_loss           | 0.00273     |
-----------------------------------------
rollout mean regret: 0.1701367348432541
-----------------------------------------
| rollout/                |             |
|    ep_len_mean          | 774         |
|    ep_rew_mean          | 3.42e+03    |
| time/                   |             |
|    fps                  | 424         |
|    iterations           | 91          |
|    time_elapsed         | 14047       |
|    total_timesteps      | 5963776     |
| train/                  |             |
|    approx_kl            | 0.019045886 |
|    clip_fraction        | 0.318       |
|    clip_range           | 0.15        |
|    entropy_loss         | -55.4       |
|    explained_variance   | 0.977       |
|    learning_rate        | 0.0001      |
|    loss                 | -0.576      |
|    n_updates            | 5940        |
|    policy_gradient_loss | -0.0236     |
|    std                  | 7.06        |
|    value_loss           | 0.00246     |
-----------------------------------------
Eval num_timesteps=6000000, episode_reward=2480418.34 +/- 1701277.59
Episode length: 549659.60 +/- 377005.93
-----------------------------------------
| eval/                   |             |
|    mean_ep_length       | 5.5e+05     |
|    mean_reward          | 2.48e+06    |
| time/                   |             |
|    total_timesteps      | 6000000     |
| train/                  |             |
|    approx_kl            | 0.020091012 |
|    clip_fraction        | 0.319       |
|    clip_range           | 0.15        |
|    entropy_loss         | -55.5       |
|    explained_variance   | 0.974       |
|    learning_rate        | 0.0001      |
|    loss                 | -0.583      |
|    n_updates            | 5955        |
|    policy_gradient_loss | -0.024      |
|    std                  | 7.11        |
|    value_loss           | 0.00279     |
-----------------------------------------
New best mean reward!
rollout mean regret: 0.16133448481559753
---------------------------------
| rollout/           |          |
|    ep_len_mean     | 770      |
|    ep_rew_mean     | 3.41e+03 |
| time/              |          |
|    fps             | 367      |
|    iterations      | 92       |
|    time_elapsed    | 16394    |
|    total_timesteps | 6029312  |
---------------------------------
rollout mean regret: 0.16061323881149292
-----------------------------------------
| rollout/                |             |
|    ep_len_mean          | 735         |
|    ep_rew_mean          | 3.26e+03    |
| time/                   |             |
|    fps                  | 370         |
|    iterations           | 93          |
|    time_elapsed         | 16449       |
|    total_timesteps      | 6094848     |
| train/                  |             |
|    approx_kl            | 0.019621704 |
|    clip_fraction        | 0.315       |
|    clip_range           | 0.15        |
|    entropy_loss         | -55.6       |
|    explained_variance   | 0.971       |
|    learning_rate        | 0.0001      |
|    loss                 | -0.586      |
|    n_updates            | 5970        |
|    policy_gradient_loss | -0.0238     |
|    std                  | 7.15        |
|    value_loss           | 0.00279     |
-----------------------------------------
rollout mean regret: 0.15044689178466797
-----------------------------------------
| rollout/                |             |
|    ep_len_mean          | 736         |
|    ep_rew_mean          | 3.26e+03    |
| time/                   |             |
|    fps                  | 373         |
|    iterations           | 94          |
|    time_elapsed         | 16505       |
|    total_timesteps      | 6160384     |
| train/                  |             |
|    approx_kl            | 0.019516293 |
|    clip_fraction        | 0.317       |
|    clip_range           | 0.15        |
|    entropy_loss         | -55.7       |
|    explained_variance   | 0.97        |
|    learning_rate        | 0.0001      |
|    loss                 | -0.58       |
|    n_updates            | 5985        |
|    policy_gradient_loss | -0.024      |
|    std                  | 7.2         |
|    value_loss           | 0.00279     |
-----------------------------------------
rollout mean regret: 0.1544814109802246
-----------------------------------------
| rollout/                |             |
|    ep_len_mean          | 716         |
|    ep_rew_mean          | 3.18e+03    |
| time/                   |             |
|    fps                  | 375         |
|    iterations           | 95          |
|    time_elapsed         | 16562       |
|    total_timesteps      | 6225920     |
| train/                  |             |
|    approx_kl            | 0.018509408 |
|    clip_fraction        | 0.308       |
|    clip_range           | 0.15        |
|    entropy_loss         | -55.8       |
|    explained_variance   | 0.976       |
|    learning_rate        | 0.0001      |
|    loss                 | -0.581      |
|    n_updates            | 6000        |
|    policy_gradient_loss | -0.023      |
|    std                  | 7.24        |
|    value_loss           | 0.00264     |
-----------------------------------------
rollout mean regret: 0.16482865810394287
-----------------------------------------
| rollout/                |             |
|    ep_len_mean          | 762         |
|    ep_rew_mean          | 3.37e+03    |
| time/                   |             |
|    fps                  | 378         |
|    iterations           | 96          |
|    time_elapsed         | 16617       |
|    total_timesteps      | 6291456     |
| train/                  |             |
|    approx_kl            | 0.019864004 |
|    clip_fraction        | 0.32        |
|    clip_range           | 0.15        |
|    entropy_loss         | -55.9       |
|    explained_variance   | 0.974       |
|    learning_rate        | 0.0001      |
|    loss                 | -0.587      |
|    n_updates            | 6015        |
|    policy_gradient_loss | -0.0238     |
|    std                  | 7.3         |
|    value_loss           | 0.00269     |
-----------------------------------------
rollout mean regret: 0.15967056155204773
-----------------------------------------
| rollout/                |             |
|    ep_len_mean          | 759         |
|    ep_rew_mean          | 3.35e+03    |
| time/                   |             |
|    fps                  | 381         |
|    iterations           | 97          |
|    time_elapsed         | 16675       |
|    total_timesteps      | 6356992     |
| train/                  |             |
|    approx_kl            | 0.019784212 |
|    clip_fraction        | 0.319       |
|    clip_range           | 0.15        |
|    entropy_loss         | -56         |
|    explained_variance   | 0.977       |
|    learning_rate        | 0.0001      |
|    loss                 | -0.585      |
|    n_updates            | 6030        |
|    policy_gradient_loss | -0.0238     |
|    std                  | 7.34        |
|    value_loss           | 0.00258     |
-----------------------------------------
rollout mean regret: 0.15888458490371704
----------------------------------------
| rollout/                |            |
|    ep_len_mean          | 795        |
|    ep_rew_mean          | 3.52e+03   |
| time/                   |            |
|    fps                  | 383        |
|    iterations           | 98         |
|    time_elapsed         | 16731      |
|    total_timesteps      | 6422528    |
| train/                  |            |
|    approx_kl            | 0.01971735 |
|    clip_fraction        | 0.321      |
|    clip_range           | 0.15       |
|    entropy_loss         | -56.1      |
|    explained_variance   | 0.976      |
|    learning_rate        | 0.0001     |
|    loss                 | -0.59      |
|    n_updates            | 6045       |
|    policy_gradient_loss | -0.024     |
|    std                  | 7.39       |
|    value_loss           | 0.00293    |
----------------------------------------
rollout mean regret: 0.14832934737205505
---------------------------------------
| rollout/                |           |
|    ep_len_mean          | 768       |
|    ep_rew_mean          | 3.41e+03  |
| time/                   |           |
|    fps                  | 386       |
|    iterations           | 99        |
|    time_elapsed         | 16786     |
|    total_timesteps      | 6488064   |
| train/                  |           |
|    approx_kl            | 0.0198306 |
|    clip_fraction        | 0.318     |
|    clip_range           | 0.15      |
|    entropy_loss         | -56.2     |
|    explained_variance   | 0.977     |
|    learning_rate        | 0.0001    |
|    loss                 | -0.594    |
|    n_updates            | 6060      |
|    policy_gradient_loss | -0.0239   |
|    std                  | 7.43      |
|    value_loss           | 0.00274   |
---------------------------------------
Eval num_timesteps=6500000, episode_reward=5319177.97 +/- 3635461.23
Episode length: 1179657.20 +/- 806248.34
-----------------------------------------
| eval/                   |             |
|    mean_ep_length       | 1.18e+06    |
|    mean_reward          | 5.32e+06    |
| time/                   |             |
|    total_timesteps      | 6500000     |
| train/                  |             |
|    approx_kl            | 0.019008748 |
|    clip_fraction        | 0.313       |
|    clip_range           | 0.15        |
|    entropy_loss         | -56.3       |
|    explained_variance   | 0.976       |
|    learning_rate        | 0.0001      |
|    loss                 | -0.591      |
|    n_updates            | 6075        |
|    policy_gradient_loss | -0.0231     |
|    std                  | 7.48        |
|    value_loss           | 0.00269     |
-----------------------------------------
New best mean reward!
rollout mean regret: 0.1747206598520279
---------------------------------
| rollout/           |          |
|    ep_len_mean     | 774      |
|    ep_rew_mean     | 3.42e+03 |
| time/              |          |
|    fps             | 301      |
|    iterations      | 100      |
|    time_elapsed    | 21722    |
|    total_timesteps | 6553600  |
---------------------------------
rollout mean regret: 0.15534833073616028
-----------------------------------------
| rollout/                |             |
|    ep_len_mean          | 778         |
|    ep_rew_mean          | 3.44e+03    |
| time/                   |             |
|    fps                  | 303         |
|    iterations           | 101         |
|    time_elapsed         | 21778       |
|    total_timesteps      | 6619136     |
| train/                  |             |
|    approx_kl            | 0.019493343 |
|    clip_fraction        | 0.317       |
|    clip_range           | 0.15        |
|    entropy_loss         | -56.4       |
|    explained_variance   | 0.974       |
|    learning_rate        | 0.0001      |
|    loss                 | -0.585      |
|    n_updates            | 6090        |
|    policy_gradient_loss | -0.0239     |
|    std                  | 7.53        |
|    value_loss           | 0.00302     |
-----------------------------------------
rollout mean regret: 0.15211525559425354
-----------------------------------------
| rollout/                |             |
|    ep_len_mean          | 798         |
|    ep_rew_mean          | 3.53e+03    |
| time/                   |             |
|    fps                  | 306         |
|    iterations           | 102         |
|    time_elapsed         | 21835       |
|    total_timesteps      | 6684672     |
| train/                  |             |
|    approx_kl            | 0.019595152 |
|    clip_fraction        | 0.318       |
|    clip_range           | 0.15        |
|    entropy_loss         | -56.5       |
|    explained_variance   | 0.977       |
|    learning_rate        | 0.0001      |
|    loss                 | -0.595      |
|    n_updates            | 6105        |
|    policy_gradient_loss | -0.0235     |
|    std                  | 7.58        |
|    value_loss           | 0.00275     |
-----------------------------------------
rollout mean regret: 0.1521257609128952
-----------------------------------------
| rollout/                |             |
|    ep_len_mean          | 792         |
|    ep_rew_mean          | 3.51e+03    |
| time/                   |             |
|    fps                  | 308         |
|    iterations           | 103         |
|    time_elapsed         | 21893       |
|    total_timesteps      | 6750208     |
| train/                  |             |
|    approx_kl            | 0.019437686 |
|    clip_fraction        | 0.315       |
|    clip_range           | 0.15        |
|    entropy_loss         | -56.6       |
|    explained_variance   | 0.98        |
|    learning_rate        | 0.0001      |
|    loss                 | -0.6        |
|    n_updates            | 6120        |
|    policy_gradient_loss | -0.0235     |
|    std                  | 7.63        |
|    value_loss           | 0.00228     |
-----------------------------------------
rollout mean regret: 0.1443946212530136
----------------------------------------
| rollout/                |            |
|    ep_len_mean          | 789        |
|    ep_rew_mean          | 3.49e+03   |
| time/                   |            |
|    fps                  | 310        |
|    iterations           | 104        |
|    time_elapsed         | 21948      |
|    total_timesteps      | 6815744    |
| train/                  |            |
|    approx_kl            | 0.01954198 |
|    clip_fraction        | 0.318      |
|    clip_range           | 0.15       |
|    entropy_loss         | -56.7      |
|    explained_variance   | 0.976      |
|    learning_rate        | 0.0001     |
|    loss                 | -0.595     |
|    n_updates            | 6135       |
|    policy_gradient_loss | -0.0233    |
|    std                  | 7.68       |
|    value_loss           | 0.0025     |
----------------------------------------
rollout mean regret: 0.14706802368164062
-----------------------------------------
| rollout/                |             |
|    ep_len_mean          | 808         |
|    ep_rew_mean          | 3.57e+03    |
| time/                   |             |
|    fps                  | 312         |
|    iterations           | 105         |
|    time_elapsed         | 22003       |
|    total_timesteps      | 6881280     |
| train/                  |             |
|    approx_kl            | 0.019191705 |
|    clip_fraction        | 0.311       |
|    clip_range           | 0.15        |
|    entropy_loss         | -56.8       |
|    explained_variance   | 0.979       |
|    learning_rate        | 0.0001      |
|    loss                 | -0.59       |
|    n_updates            | 6150        |
|    policy_gradient_loss | -0.0234     |
|    std                  | 7.73        |
|    value_loss           | 0.0023      |
-----------------------------------------
rollout mean regret: 0.14472144842147827
-----------------------------------------
| rollout/                |             |
|    ep_len_mean          | 832         |
|    ep_rew_mean          | 3.68e+03    |
| time/                   |             |
|    fps                  | 314         |
|    iterations           | 106         |
|    time_elapsed         | 22059       |
|    total_timesteps      | 6946816     |
| train/                  |             |
|    approx_kl            | 0.019633692 |
|    clip_fraction        | 0.319       |
|    clip_range           | 0.15        |
|    entropy_loss         | -56.9       |
|    explained_variance   | 0.978       |
|    learning_rate        | 0.0001      |
|    loss                 | -0.595      |
|    n_updates            | 6165        |
|    policy_gradient_loss | -0.0238     |
|    std                  | 7.77        |
|    value_loss           | 0.00233     |
-----------------------------------------
Eval num_timesteps=7000000, episode_reward=4360710.37 +/- 2508787.20
Episode length: 967198.20 +/- 556462.93
-----------------------------------------
| eval/                   |             |
|    mean_ep_length       | 9.67e+05    |
|    mean_reward          | 4.36e+06    |
| time/                   |             |
|    total_timesteps      | 7000000     |
| train/                  |             |
|    approx_kl            | 0.019094586 |
|    clip_fraction        | 0.31        |
|    clip_range           | 0.15        |
|    entropy_loss         | -57         |
|    explained_variance   | 0.98        |
|    learning_rate        | 0.0001      |
|    loss                 | -0.604      |
|    n_updates            | 6180        |
|    policy_gradient_loss | -0.0229     |
|    std                  | 7.82        |
|    value_loss           | 0.00226     |
-----------------------------------------
rollout mean regret: 0.1339890956878662
---------------------------------
| rollout/           |          |
|    ep_len_mean     | 811      |
|    ep_rew_mean     | 3.58e+03 |
| time/              |          |
|    fps             | 268      |
|    iterations      | 107      |
|    time_elapsed    | 26133    |
|    total_timesteps | 7012352  |
---------------------------------
rollout mean regret: 0.14229385554790497
-----------------------------------------
| rollout/                |             |
|    ep_len_mean          | 798         |
|    ep_rew_mean          | 3.53e+03    |
| time/                   |             |
|    fps                  | 270         |
|    iterations           | 108         |
|    time_elapsed         | 26188       |
|    total_timesteps      | 7077888     |
| train/                  |             |
|    approx_kl            | 0.019082129 |
|    clip_fraction        | 0.311       |
|    clip_range           | 0.15        |
|    entropy_loss         | -57         |
|    explained_variance   | 0.979       |
|    learning_rate        | 0.0001      |
|    loss                 | -0.601      |
|    n_updates            | 6195        |
|    policy_gradient_loss | -0.0226     |
|    std                  | 7.87        |
|    value_loss           | 0.00229     |
-----------------------------------------
rollout mean regret: 0.14689573645591736
----------------------------------------
| rollout/                |            |
|    ep_len_mean          | 808        |
|    ep_rew_mean          | 3.57e+03   |
| time/                   |            |
|    fps                  | 272        |
|    iterations           | 109        |
|    time_elapsed         | 26244      |
|    total_timesteps      | 7143424    |
| train/                  |            |
|    approx_kl            | 0.01944717 |
|    clip_fraction        | 0.316      |
|    clip_range           | 0.15       |
|    entropy_loss         | -57.2      |
|    explained_variance   | 0.976      |
|    learning_rate        | 0.0001     |
|    loss                 | -0.601     |
|    n_updates            | 6210       |
|    policy_gradient_loss | -0.023     |
|    std                  | 7.93       |
|    value_loss           | 0.00256    |
----------------------------------------
rollout mean regret: 0.14677411317825317
-----------------------------------------
| rollout/                |             |
|    ep_len_mean          | 871         |
|    ep_rew_mean          | 3.85e+03    |
| time/                   |             |
|    fps                  | 274         |
|    iterations           | 110         |
|    time_elapsed         | 26300       |
|    total_timesteps      | 7208960     |
| train/                  |             |
|    approx_kl            | 0.019172143 |
|    clip_fraction        | 0.319       |
|    clip_range           | 0.15        |
|    entropy_loss         | -57.3       |
|    explained_variance   | 0.974       |
|    learning_rate        | 0.0001      |
|    loss                 | -0.591      |
|    n_updates            | 6225        |
|    policy_gradient_loss | -0.0231     |
|    std                  | 7.98        |
|    value_loss           | 0.00267     |
-----------------------------------------
rollout mean regret: 0.14147405326366425
-----------------------------------------
| rollout/                |             |
|    ep_len_mean          | 830         |
|    ep_rew_mean          | 3.67e+03    |
| time/                   |             |
|    fps                  | 276         |
|    iterations           | 111         |
|    time_elapsed         | 26356       |
|    total_timesteps      | 7274496     |
| train/                  |             |
|    approx_kl            | 0.019714268 |
|    clip_fraction        | 0.313       |
|    clip_range           | 0.15        |
|    entropy_loss         | -57.4       |
|    explained_variance   | 0.978       |
|    learning_rate        | 0.0001      |
|    loss                 | -0.592      |
|    n_updates            | 6240        |
|    policy_gradient_loss | -0.0239     |
|    std                  | 8.03        |
|    value_loss           | 0.00247     |
-----------------------------------------
rollout mean regret: 0.1393071860074997
-----------------------------------------
| rollout/                |             |
|    ep_len_mean          | 848         |
|    ep_rew_mean          | 3.74e+03    |
| time/                   |             |
|    fps                  | 277         |
|    iterations           | 112         |
|    time_elapsed         | 26411       |
|    total_timesteps      | 7340032     |
| train/                  |             |
|    approx_kl            | 0.019613301 |
|    clip_fraction        | 0.317       |
|    clip_range           | 0.15        |
|    entropy_loss         | -57.5       |
|    explained_variance   | 0.976       |
|    learning_rate        | 0.0001      |
|    loss                 | -0.6        |
|    n_updates            | 6255        |
|    policy_gradient_loss | -0.0235     |
|    std                  | 8.09        |
|    value_loss           | 0.00275     |
-----------------------------------------
rollout mean regret: 0.14193211495876312
-----------------------------------------
| rollout/                |             |
|    ep_len_mean          | 801         |
|    ep_rew_mean          | 3.55e+03    |
| time/                   |             |
|    fps                  | 279         |
|    iterations           | 113         |
|    time_elapsed         | 26467       |
|    total_timesteps      | 7405568     |
| train/                  |             |
|    approx_kl            | 0.019127272 |
|    clip_fraction        | 0.309       |
|    clip_range           | 0.15        |
|    entropy_loss         | -57.6       |
|    explained_variance   | 0.977       |
|    learning_rate        | 0.0001      |
|    loss                 | -0.603      |
|    n_updates            | 6270        |
|    policy_gradient_loss | -0.0228     |
|    std                  | 8.14        |
|    value_loss           | 0.00251     |
-----------------------------------------
rollout mean regret: 0.1476845145225525
-----------------------------------------
| rollout/                |             |
|    ep_len_mean          | 853         |
|    ep_rew_mean          | 3.77e+03    |
| time/                   |             |
|    fps                  | 281         |
|    iterations           | 114         |
|    time_elapsed         | 26525       |
|    total_timesteps      | 7471104     |
| train/                  |             |
|    approx_kl            | 0.019387541 |
|    clip_fraction        | 0.314       |
|    clip_range           | 0.15        |
|    entropy_loss         | -57.7       |
|    explained_variance   | 0.971       |
|    learning_rate        | 0.0001      |
|    loss                 | -0.605      |
|    n_updates            | 6285        |
|    policy_gradient_loss | -0.0229     |
|    std                  | 8.2         |
|    value_loss           | 0.00279     |
-----------------------------------------
Eval num_timesteps=7500000, episode_reward=9863099.90 +/- 5200938.38
Episode length: 2186928.80 +/- 1153124.41
----------------------------------------
| eval/                   |            |
|    mean_ep_length       | 2.19e+06   |
|    mean_reward          | 9.86e+06   |
| time/                   |            |
|    total_timesteps      | 7500000    |
| train/                  |            |
|    approx_kl            | 0.01936882 |
|    clip_fraction        | 0.305      |
|    clip_range           | 0.15       |
|    entropy_loss         | -57.8      |
|    explained_variance   | 0.977      |
|    learning_rate        | 0.0001     |
|    loss                 | -0.611     |
|    n_updates            | 6300       |
|    policy_gradient_loss | -0.023     |
|    std                  | 8.25       |
|    value_loss           | 0.00267    |
----------------------------------------
New best mean reward!
rollout mean regret: 0.14416147768497467
---------------------------------
| rollout/           |          |
|    ep_len_mean     | 872      |
|    ep_rew_mean     | 3.86e+03 |
| time/              |          |
|    fps             | 210      |
|    iterations      | 115      |
|    time_elapsed    | 35750    |
|    total_timesteps | 7536640  |
---------------------------------
rollout mean regret: 0.14026185870170593
-----------------------------------------
| rollout/                |             |
|    ep_len_mean          | 853         |
|    ep_rew_mean          | 3.76e+03    |
| time/                   |             |
|    fps                  | 212         |
|    iterations           | 116         |
|    time_elapsed         | 35807       |
|    total_timesteps      | 7602176     |
| train/                  |             |
|    approx_kl            | 0.019457642 |
|    clip_fraction        | 0.312       |
|    clip_range           | 0.15        |
|    entropy_loss         | -57.9       |
|    explained_variance   | 0.975       |
|    learning_rate        | 0.0001      |
|    loss                 | -0.615      |
|    n_updates            | 6315        |
|    policy_gradient_loss | -0.0234     |
|    std                  | 8.31        |
|    value_loss           | 0.00252     |
-----------------------------------------
rollout mean regret: 0.1415097713470459
-----------------------------------------
| rollout/                |             |
|    ep_len_mean          | 854         |
|    ep_rew_mean          | 3.77e+03    |
| time/                   |             |
|    fps                  | 213         |
|    iterations           | 117         |
|    time_elapsed         | 35865       |
|    total_timesteps      | 7667712     |
| train/                  |             |
|    approx_kl            | 0.018664025 |
|    clip_fraction        | 0.307       |
|    clip_range           | 0.15        |
|    entropy_loss         | -58         |
|    explained_variance   | 0.978       |
|    learning_rate        | 0.0001      |
|    loss                 | -0.61       |
|    n_updates            | 6330        |
|    policy_gradient_loss | -0.023      |
|    std                  | 8.35        |
|    value_loss           | 0.00239     |
-----------------------------------------
rollout mean regret: 0.1501855105161667
-----------------------------------------
| rollout/                |             |
|    ep_len_mean          | 872         |
|    ep_rew_mean          | 3.85e+03    |
| time/                   |             |
|    fps                  | 215         |
|    iterations           | 118         |
|    time_elapsed         | 35921       |
|    total_timesteps      | 7733248     |
| train/                  |             |
|    approx_kl            | 0.018793091 |
|    clip_fraction        | 0.311       |
|    clip_range           | 0.15        |
|    entropy_loss         | -58.1       |
|    explained_variance   | 0.974       |
|    learning_rate        | 0.0001      |
|    loss                 | -0.619      |
|    n_updates            | 6345        |
|    policy_gradient_loss | -0.0225     |
|    std                  | 8.41        |
|    value_loss           | 0.00257     |
-----------------------------------------
rollout mean regret: 0.1307940036058426
-----------------------------------------
| rollout/                |             |
|    ep_len_mean          | 890         |
|    ep_rew_mean          | 3.92e+03    |
| time/                   |             |
|    fps                  | 216         |
|    iterations           | 119         |
|    time_elapsed         | 35976       |
|    total_timesteps      | 7798784     |
| train/                  |             |
|    approx_kl            | 0.019024417 |
|    clip_fraction        | 0.309       |
|    clip_range           | 0.15        |
|    entropy_loss         | -58.2       |
|    explained_variance   | 0.977       |
|    learning_rate        | 0.0001      |
|    loss                 | -0.611      |
|    n_updates            | 6360        |
|    policy_gradient_loss | -0.0227     |
|    std                  | 8.46        |
|    value_loss           | 0.00259     |
-----------------------------------------
rollout mean regret: 0.1400003582239151
-----------------------------------------
| rollout/                |             |
|    ep_len_mean          | 861         |
|    ep_rew_mean          | 3.8e+03     |
| time/                   |             |
|    fps                  | 218         |
|    iterations           | 120         |
|    time_elapsed         | 36031       |
|    total_timesteps      | 7864320     |
| train/                  |             |
|    approx_kl            | 0.018997084 |
|    clip_fraction        | 0.307       |
|    clip_range           | 0.15        |
|    entropy_loss         | -58.3       |
|    explained_variance   | 0.981       |
|    learning_rate        | 0.0001      |
|    loss                 | -0.617      |
|    n_updates            | 6375        |
|    policy_gradient_loss | -0.0224     |
|    std                  | 8.52        |
|    value_loss           | 0.00216     |
-----------------------------------------
rollout mean regret: 0.1426192671060562
---------------------------------------
| rollout/                |           |
|    ep_len_mean          | 809       |
|    ep_rew_mean          | 3.58e+03  |
| time/                   |           |
|    fps                  | 219       |
|    iterations           | 121       |
|    time_elapsed         | 36087     |
|    total_timesteps      | 7929856   |
| train/                  |           |
|    approx_kl            | 0.0188016 |
|    clip_fraction        | 0.309     |
|    clip_range           | 0.15      |
|    entropy_loss         | -58.4     |
|    explained_variance   | 0.975     |
|    learning_rate        | 0.0001    |
|    loss                 | -0.615    |
|    n_updates            | 6390      |
|    policy_gradient_loss | -0.0222   |
|    std                  | 8.59      |
|    value_loss           | 0.00227   |
---------------------------------------
rollout mean regret: 0.16298702359199524
-----------------------------------------
| rollout/                |             |
|    ep_len_mean          | 886         |
|    ep_rew_mean          | 3.93e+03    |
| time/                   |             |
|    fps                  | 221         |
|    iterations           | 122         |
|    time_elapsed         | 36143       |
|    total_timesteps      | 7995392     |
| train/                  |             |
|    approx_kl            | 0.019366693 |
|    clip_fraction        | 0.318       |
|    clip_range           | 0.15        |
|    entropy_loss         | -58.5       |
|    explained_variance   | 0.974       |
|    learning_rate        | 0.0001      |
|    loss                 | -0.61       |
|    n_updates            | 6405        |
|    policy_gradient_loss | -0.0224     |
|    std                  | 8.65        |
|    value_loss           | 0.00282     |
-----------------------------------------
Eval num_timesteps=8000000, episode_reward=10152308.18 +/- 7054372.53
Episode length: 2249705.00 +/- 1563190.08
-----------------------------------------
| eval/                   |             |
|    mean_ep_length       | 2.25e+06    |
|    mean_reward          | 1.02e+07    |
| time/                   |             |
|    total_timesteps      | 8000000     |
| train/                  |             |
|    approx_kl            | 0.019371485 |
|    clip_fraction        | 0.31        |
|    clip_range           | 0.15        |
|    entropy_loss         | -58.7       |
|    explained_variance   | 0.974       |
|    learning_rate        | 0.0001      |
|    loss                 | -0.618      |
|    n_updates            | 6420        |
|    policy_gradient_loss | -0.0229     |
|    std                  | 8.7         |
|    value_loss           | 0.00285     |
-----------------------------------------
New best mean reward!
rollout mean regret: 0.1485060751438141
---------------------------------
| rollout/           |          |
|    ep_len_mean     | 906      |
|    ep_rew_mean     | 4e+03    |
| time/              |          |
|    fps             | 176      |
|    iterations      | 123      |
|    time_elapsed    | 45566    |
|    total_timesteps | 8060928  |
---------------------------------
rollout mean regret: 0.13452723622322083
-----------------------------------------
| rollout/                |             |
|    ep_len_mean          | 862         |
|    ep_rew_mean          | 3.81e+03    |
| time/                   |             |
|    fps                  | 178         |
|    iterations           | 124         |
|    time_elapsed         | 45622       |
|    total_timesteps      | 8126464     |
| train/                  |             |
|    approx_kl            | 0.019318055 |
|    clip_fraction        | 0.31        |
|    clip_range           | 0.15        |
|    entropy_loss         | -58.8       |
|    explained_variance   | 0.976       |
|    learning_rate        | 0.0001      |
|    loss                 | -0.609      |
|    n_updates            | 6435        |
|    policy_gradient_loss | -0.023      |
|    std                  | 8.77        |
|    value_loss           | 0.00255     |
-----------------------------------------
rollout mean regret: 0.14497005939483643
-----------------------------------------
| rollout/                |             |
|    ep_len_mean          | 851         |
|    ep_rew_mean          | 3.76e+03    |
| time/                   |             |
|    fps                  | 179         |
|    iterations           | 125         |
|    time_elapsed         | 45679       |
|    total_timesteps      | 8192000     |
| train/                  |             |
|    approx_kl            | 0.018508682 |
|    clip_fraction        | 0.3         |
|    clip_range           | 0.15        |
|    entropy_loss         | -58.9       |
|    explained_variance   | 0.975       |
|    learning_rate        | 0.0001      |
|    loss                 | -0.617      |
|    n_updates            | 6450        |
|    policy_gradient_loss | -0.0229     |
|    std                  | 8.83        |
|    value_loss           | 0.00236     |
-----------------------------------------
rollout mean regret: 0.15051889419555664
-----------------------------------------
| rollout/                |             |
|    ep_len_mean          | 895         |
|    ep_rew_mean          | 3.96e+03    |
| time/                   |             |
|    fps                  | 180         |
|    iterations           | 126         |
|    time_elapsed         | 45735       |
|    total_timesteps      | 8257536     |
| train/                  |             |
|    approx_kl            | 0.018964205 |
|    clip_fraction        | 0.311       |
|    clip_range           | 0.15        |
|    entropy_loss         | -59         |
|    explained_variance   | 0.974       |
|    learning_rate        | 0.0001      |
|    loss                 | -0.62       |
|    n_updates            | 6465        |
|    policy_gradient_loss | -0.0232     |
|    std                  | 8.88        |
|    value_loss           | 0.00275     |
-----------------------------------------
rollout mean regret: 0.13867050409317017
-----------------------------------------
| rollout/                |             |
|    ep_len_mean          | 923         |
|    ep_rew_mean          | 4.1e+03     |
| time/                   |             |
|    fps                  | 181         |
|    iterations           | 127         |
|    time_elapsed         | 45791       |
|    total_timesteps      | 8323072     |
| train/                  |             |
|    approx_kl            | 0.018686838 |
|    clip_fraction        | 0.306       |
|    clip_range           | 0.15        |
|    entropy_loss         | -59.1       |
|    explained_variance   | 0.976       |
|    learning_rate        | 0.0001      |
|    loss                 | -0.623      |
|    n_updates            | 6480        |
|    policy_gradient_loss | -0.023      |
|    std                  | 8.93        |
|    value_loss           | 0.00265     |
-----------------------------------------
rollout mean regret: 0.14141885936260223
----------------------------------------
| rollout/                |            |
|    ep_len_mean          | 898        |
|    ep_rew_mean          | 3.97e+03   |
| time/                   |            |
|    fps                  | 182        |
|    iterations           | 128        |
|    time_elapsed         | 45847      |
|    total_timesteps      | 8388608    |
| train/                  |            |
|    approx_kl            | 0.01860383 |
|    clip_fraction        | 0.31       |
|    clip_range           | 0.15       |
|    entropy_loss         | -59.2      |
|    explained_variance   | 0.974      |
|    learning_rate        | 0.0001     |
|    loss                 | -0.618     |
|    n_updates            | 6495       |
|    policy_gradient_loss | -0.0231    |
|    std                  | 8.99       |
|    value_loss           | 0.00239    |
----------------------------------------
rollout mean regret: 0.13771772384643555
-----------------------------------------
| rollout/                |             |
|    ep_len_mean          | 926         |
|    ep_rew_mean          | 4.1e+03     |
| time/                   |             |
|    fps                  | 184         |
|    iterations           | 129         |
|    time_elapsed         | 45903       |
|    total_timesteps      | 8454144     |
| train/                  |             |
|    approx_kl            | 0.018683048 |
|    clip_fraction        | 0.308       |
|    clip_range           | 0.15        |
|    entropy_loss         | -59.3       |
|    explained_variance   | 0.974       |
|    learning_rate        | 0.0001      |
|    loss                 | -0.628      |
|    n_updates            | 6510        |
|    policy_gradient_loss | -0.0233     |
|    std                  | 9.04        |
|    value_loss           | 0.00241     |
-----------------------------------------
Eval num_timesteps=8500000, episode_reward=5881788.28 +/- 1730092.72
Episode length: 1302328.80 +/- 383058.16
-----------------------------------------
| eval/                   |             |
|    mean_ep_length       | 1.3e+06     |
|    mean_reward          | 5.88e+06    |
| time/                   |             |
|    total_timesteps      | 8500000     |
| train/                  |             |
|    approx_kl            | 0.019170223 |
|    clip_fraction        | 0.311       |
|    clip_range           | 0.15        |
|    entropy_loss         | -59.4       |
|    explained_variance   | 0.975       |
|    learning_rate        | 0.0001      |
|    loss                 | -0.626      |
|    n_updates            | 6525        |
|    policy_gradient_loss | -0.0228     |
|    std                  | 9.11        |
|    value_loss           | 0.00241     |
-----------------------------------------
rollout mean regret: 0.1507166624069214
---------------------------------
| rollout/           |          |
|    ep_len_mean     | 921      |
|    ep_rew_mean     | 4.08e+03 |
| time/              |          |
|    fps             | 165      |
|    iterations      | 130      |
|    time_elapsed    | 51397    |
|    total_timesteps | 8519680  |
---------------------------------
rollout mean regret: 0.14468882977962494
-----------------------------------------
| rollout/                |             |
|    ep_len_mean          | 934         |
|    ep_rew_mean          | 4.13e+03    |
| time/                   |             |
|    fps                  | 166         |
|    iterations           | 131         |
|    time_elapsed         | 51452       |
|    total_timesteps      | 8585216     |
| train/                  |             |
|    approx_kl            | 0.019217964 |
|    clip_fraction        | 0.309       |
|    clip_range           | 0.15        |
|    entropy_loss         | -59.5       |
|    explained_variance   | 0.973       |
|    learning_rate        | 0.0001      |
|    loss                 | -0.628      |
|    n_updates            | 6540        |
|    policy_gradient_loss | -0.0228     |
|    std                  | 9.17        |
|    value_loss           | 0.00265     |
-----------------------------------------
rollout mean regret: 0.14398589730262756
-----------------------------------------
| rollout/                |             |
|    ep_len_mean          | 901         |
|    ep_rew_mean          | 3.99e+03    |
| time/                   |             |
|    fps                  | 167         |
|    iterations           | 132         |
|    time_elapsed         | 51508       |
|    total_timesteps      | 8650752     |
| train/                  |             |
|    approx_kl            | 0.019576162 |
|    clip_fraction        | 0.313       |
|    clip_range           | 0.15        |
|    entropy_loss         | -59.6       |
|    explained_variance   | 0.976       |
|    learning_rate        | 0.0001      |
|    loss                 | -0.622      |
|    n_updates            | 6555        |
|    policy_gradient_loss | -0.0232     |
|    std                  | 9.23        |
|    value_loss           | 0.00248     |
-----------------------------------------
rollout mean regret: 0.13916438817977905
---------------------------------------
| rollout/                |           |
|    ep_len_mean          | 926       |
|    ep_rew_mean          | 4.1e+03   |
| time/                   |           |
|    fps                  | 169       |
|    iterations           | 133       |
|    time_elapsed         | 51564     |
|    total_timesteps      | 8716288   |
| train/                  |           |
|    approx_kl            | 0.0187881 |
|    clip_fraction        | 0.308     |
|    clip_range           | 0.15      |
|    entropy_loss         | -59.7     |
|    explained_variance   | 0.974     |
|    learning_rate        | 0.0001    |
|    loss                 | -0.621    |
|    n_updates            | 6570      |
|    policy_gradient_loss | -0.0233   |
|    std                  | 9.29      |
|    value_loss           | 0.00252   |
---------------------------------------
rollout mean regret: 0.13493406772613525
----------------------------------------
| rollout/                |            |
|    ep_len_mean          | 942        |
|    ep_rew_mean          | 4.16e+03   |
| time/                   |            |
|    fps                  | 170        |
|    iterations           | 134        |
|    time_elapsed         | 51621      |
|    total_timesteps      | 8781824    |
| train/                  |            |
|    approx_kl            | 0.01914839 |
|    clip_fraction        | 0.313      |
|    clip_range           | 0.15       |
|    entropy_loss         | -59.8      |
|    explained_variance   | 0.978      |
|    learning_rate        | 0.0001     |
|    loss                 | -0.634     |
|    n_updates            | 6585       |
|    policy_gradient_loss | -0.0223    |
|    std                  | 9.37       |
|    value_loss           | 0.00223    |
----------------------------------------
rollout mean regret: 0.1483556181192398
-----------------------------------------
| rollout/                |             |
|    ep_len_mean          | 907         |
|    ep_rew_mean          | 4.01e+03    |
| time/                   |             |
|    fps                  | 171         |
|    iterations           | 135         |
|    time_elapsed         | 51677       |
|    total_timesteps      | 8847360     |
| train/                  |             |
|    approx_kl            | 0.019157706 |
|    clip_fraction        | 0.313       |
|    clip_range           | 0.15        |
|    entropy_loss         | -59.9       |
|    explained_variance   | 0.975       |
|    learning_rate        | 0.0001      |
|    loss                 | -0.626      |
|    n_updates            | 6600        |
|    policy_gradient_loss | -0.0225     |
|    std                  | 9.43        |
|    value_loss           | 0.00251     |
-----------------------------------------
rollout mean regret: 0.14856716990470886
----------------------------------------
| rollout/                |            |
|    ep_len_mean          | 917        |
|    ep_rew_mean          | 4.05e+03   |
| time/                   |            |
|    fps                  | 172        |
|    iterations           | 136        |
|    time_elapsed         | 51733      |
|    total_timesteps      | 8912896    |
| train/                  |            |
|    approx_kl            | 0.01905978 |
|    clip_fraction        | 0.316      |
|    clip_range           | 0.15       |
|    entropy_loss         | -60        |
|    explained_variance   | 0.972      |
|    learning_rate        | 0.0001     |
|    loss                 | -0.629     |
|    n_updates            | 6615       |
|    policy_gradient_loss | -0.0232    |
|    std                  | 9.5        |
|    value_loss           | 0.00275    |
----------------------------------------
rollout mean regret: 0.15074020624160767
-----------------------------------------
| rollout/                |             |
|    ep_len_mean          | 940         |
|    ep_rew_mean          | 4.17e+03    |
| time/                   |             |
|    fps                  | 173         |
|    iterations           | 137         |
|    time_elapsed         | 51791       |
|    total_timesteps      | 8978432     |
| train/                  |             |
|    approx_kl            | 0.018621298 |
|    clip_fraction        | 0.305       |
|    clip_range           | 0.15        |
|    entropy_loss         | -60.1       |
|    explained_variance   | 0.974       |
|    learning_rate        | 0.0001      |
|    loss                 | -0.629      |
|    n_updates            | 6630        |
|    policy_gradient_loss | -0.0226     |
|    std                  | 9.57        |
|    value_loss           | 0.00266     |
-----------------------------------------
Eval num_timesteps=9000000, episode_reward=49479545.42 +/- 24748788.14
Episode length: 10951283.00 +/- 5477605.04
-----------------------------------------
| eval/                   |             |
|    mean_ep_length       | 1.1e+07     |
|    mean_reward          | 4.95e+07    |
| time/                   |             |
|    total_timesteps      | 9000000     |
| train/                  |             |
|    approx_kl            | 0.018539524 |
|    clip_fraction        | 0.306       |
|    clip_range           | 0.15        |
|    entropy_loss         | -60.2       |
|    explained_variance   | 0.967       |
|    learning_rate        | 0.0001      |
|    loss                 | -0.637      |
|    n_updates            | 6645        |
|    policy_gradient_loss | -0.0225     |
|    std                  | 9.63        |
|    value_loss           | 0.00273     |
-----------------------------------------
New best mean reward!
rollout mean regret: 0.13039523363113403
---------------------------------
| rollout/           |          |
|    ep_len_mean     | 923      |
|    ep_rew_mean     | 4.09e+03 |
| time/              |          |
|    fps             | 92       |
|    iterations      | 138      |
|    time_elapsed    | 97716    |
|    total_timesteps | 9043968  |
---------------------------------
rollout mean regret: 0.1461607813835144
-----------------------------------------
| rollout/                |             |
|    ep_len_mean          | 940         |
|    ep_rew_mean          | 4.17e+03    |
| time/                   |             |
|    fps                  | 93          |
|    iterations           | 139         |
|    time_elapsed         | 97772       |
|    total_timesteps      | 9109504     |
| train/                  |             |
|    approx_kl            | 0.018346433 |
|    clip_fraction        | 0.3         |
|    clip_range           | 0.15        |
|    entropy_loss         | -60.4       |
|    explained_variance   | 0.975       |
|    learning_rate        | 0.0001      |
|    loss                 | -0.635      |
|    n_updates            | 6660        |
|    policy_gradient_loss | -0.0227     |
|    std                  | 9.7         |
|    value_loss           | 0.0023      |
-----------------------------------------
rollout mean regret: 0.15642957389354706
----------------------------------------
| rollout/                |            |
|    ep_len_mean          | 973        |
|    ep_rew_mean          | 4.32e+03   |
| time/                   |            |
|    fps                  | 93         |
|    iterations           | 140        |
|    time_elapsed         | 97828      |
|    total_timesteps      | 9175040    |
| train/                  |            |
|    approx_kl            | 0.01904099 |
|    clip_fraction        | 0.306      |
|    clip_range           | 0.15       |
|    entropy_loss         | -60.4      |
|    explained_variance   | 0.972      |
|    learning_rate        | 0.0001     |
|    loss                 | -0.626     |
|    n_updates            | 6675       |
|    policy_gradient_loss | -0.0226    |
|    std                  | 9.76       |
|    value_loss           | 0.00261    |
----------------------------------------
rollout mean regret: 0.13812491297721863
-----------------------------------------
| rollout/                |             |
|    ep_len_mean          | 928         |
|    ep_rew_mean          | 4.12e+03    |
| time/                   |             |
|    fps                  | 94          |
|    iterations           | 141         |
|    time_elapsed         | 97884       |
|    total_timesteps      | 9240576     |
| train/                  |             |
|    approx_kl            | 0.019470684 |
|    clip_fraction        | 0.31        |
|    clip_range           | 0.15        |
|    entropy_loss         | -60.5       |
|    explained_variance   | 0.972       |
|    learning_rate        | 0.0001      |
|    loss                 | -0.637      |
|    n_updates            | 6690        |
|    policy_gradient_loss | -0.0232     |
|    std                  | 9.82        |
|    value_loss           | 0.00277     |
-----------------------------------------
rollout mean regret: 0.150923490524292
-----------------------------------------
| rollout/                |             |
|    ep_len_mean          | 958         |
|    ep_rew_mean          | 4.25e+03    |
| time/                   |             |
|    fps                  | 95          |
|    iterations           | 142         |
|    time_elapsed         | 97941       |
|    total_timesteps      | 9306112     |
| train/                  |             |
|    approx_kl            | 0.018447308 |
|    clip_fraction        | 0.309       |
|    clip_range           | 0.15        |
|    entropy_loss         | -60.7       |
|    explained_variance   | 0.97        |
|    learning_rate        | 0.0001      |
|    loss                 | -0.64       |
|    n_updates            | 6705        |
|    policy_gradient_loss | -0.0228     |
|    std                  | 9.89        |
|    value_loss           | 0.00273     |
-----------------------------------------
rollout mean regret: 0.1444960981607437
-----------------------------------------
| rollout/                |             |
|    ep_len_mean          | 940         |
|    ep_rew_mean          | 4.16e+03    |
| time/                   |             |
|    fps                  | 95          |
|    iterations           | 143         |
|    time_elapsed         | 97998       |
|    total_timesteps      | 9371648     |
| train/                  |             |
|    approx_kl            | 0.019034853 |
|    clip_fraction        | 0.308       |
|    clip_range           | 0.15        |
|    entropy_loss         | -60.8       |
|    explained_variance   | 0.969       |
|    learning_rate        | 0.0001      |
|    loss                 | -0.64       |
|    n_updates            | 6720        |
|    policy_gradient_loss | -0.0226     |
|    std                  | 9.97        |
|    value_loss           | 0.00307     |
-----------------------------------------
rollout mean regret: 0.14846694469451904
-----------------------------------------
| rollout/                |             |
|    ep_len_mean          | 1e+03       |
|    ep_rew_mean          | 4.43e+03    |
| time/                   |             |
|    fps                  | 96          |
|    iterations           | 144         |
|    time_elapsed         | 98055       |
|    total_timesteps      | 9437184     |
| train/                  |             |
|    approx_kl            | 0.018638168 |
|    clip_fraction        | 0.305       |
|    clip_range           | 0.15        |
|    entropy_loss         | -60.9       |
|    explained_variance   | 0.971       |
|    learning_rate        | 0.0001      |
|    loss                 | -0.644      |
|    n_updates            | 6735        |
|    policy_gradient_loss | -0.0226     |
|    std                  | 10          |
|    value_loss           | 0.00257     |
-----------------------------------------
Eval num_timesteps=9500000, episode_reward=32223037.97 +/- 20877366.86
Episode length: 7131995.40 +/- 4620889.12
-----------------------------------------
| eval/                   |             |
|    mean_ep_length       | 7.13e+06    |
|    mean_reward          | 3.22e+07    |
| time/                   |             |
|    total_timesteps      | 9500000     |
| train/                  |             |
|    approx_kl            | 0.018860487 |
|    clip_fraction        | 0.303       |
|    clip_range           | 0.15        |
|    entropy_loss         | -61         |
|    explained_variance   | 0.973       |
|    learning_rate        | 0.0001      |
|    loss                 | -0.637      |
|    n_updates            | 6750        |
|    policy_gradient_loss | -0.0223     |
|    std                  | 10.1        |
|    value_loss           | 0.00251     |
-----------------------------------------
rollout mean regret: 0.13249988853931427
---------------------------------
| rollout/           |          |
|    ep_len_mean     | 1.02e+03 |
|    ep_rew_mean     | 4.51e+03 |
| time/              |          |
|    fps             | 74       |
|    iterations      | 145      |
|    time_elapsed    | 128017   |
|    total_timesteps | 9502720  |
---------------------------------
rollout mean regret: 0.14060238003730774
-----------------------------------------
| rollout/                |             |
|    ep_len_mean          | 1.01e+03    |
|    ep_rew_mean          | 4.47e+03    |
| time/                   |             |
|    fps                  | 74          |
|    iterations           | 146         |
|    time_elapsed         | 128075      |
|    total_timesteps      | 9568256     |
| train/                  |             |
|    approx_kl            | 0.018486792 |
|    clip_fraction        | 0.302       |
|    clip_range           | 0.15        |
|    entropy_loss         | -61.1       |
|    explained_variance   | 0.976       |
|    learning_rate        | 0.0001      |
|    loss                 | -0.639      |
|    n_updates            | 6765        |
|    policy_gradient_loss | -0.022      |
|    std                  | 10.2        |
|    value_loss           | 0.00227     |
-----------------------------------------
rollout mean regret: 0.13418333232402802
-----------------------------------------
| rollout/                |             |
|    ep_len_mean          | 942         |
|    ep_rew_mean          | 4.16e+03    |
| time/                   |             |
|    fps                  | 75          |
|    iterations           | 147         |
|    time_elapsed         | 128131      |
|    total_timesteps      | 9633792     |
| train/                  |             |
|    approx_kl            | 0.018723745 |
|    clip_fraction        | 0.306       |
|    clip_range           | 0.15        |
|    entropy_loss         | -61.2       |
|    explained_variance   | 0.97        |
|    learning_rate        | 0.0001      |
|    loss                 | -0.634      |
|    n_updates            | 6780        |
|    policy_gradient_loss | -0.0223     |
|    std                  | 10.2        |
|    value_loss           | 0.00256     |
-----------------------------------------
rollout mean regret: 0.13299164175987244
-----------------------------------------
| rollout/                |             |
|    ep_len_mean          | 944         |
|    ep_rew_mean          | 4.17e+03    |
| time/                   |             |
|    fps                  | 75          |
|    iterations           | 148         |
|    time_elapsed         | 128186      |
|    total_timesteps      | 9699328     |
| train/                  |             |
|    approx_kl            | 0.018669851 |
|    clip_fraction        | 0.303       |
|    clip_range           | 0.15        |
|    entropy_loss         | -61.3       |
|    explained_variance   | 0.971       |
|    learning_rate        | 0.0001      |
|    loss                 | -0.645      |
|    n_updates            | 6795        |
|    policy_gradient_loss | -0.0227     |
|    std                  | 10.3        |
|    value_loss           | 0.00265     |
-----------------------------------------
rollout mean regret: 0.1357007920742035
-----------------------------------------
| rollout/                |             |
|    ep_len_mean          | 1.01e+03    |
|    ep_rew_mean          | 4.49e+03    |
| time/                   |             |
|    fps                  | 76          |
|    iterations           | 149         |
|    time_elapsed         | 128242      |
|    total_timesteps      | 9764864     |
| train/                  |             |
|    approx_kl            | 0.017871777 |
|    clip_fraction        | 0.297       |
|    clip_range           | 0.15        |
|    entropy_loss         | -61.4       |
|    explained_variance   | 0.971       |
|    learning_rate        | 0.0001      |
|    loss                 | -0.641      |
|    n_updates            | 6810        |
|    policy_gradient_loss | -0.0221     |
|    std                  | 10.4        |
|    value_loss           | 0.00264     |
-----------------------------------------
rollout mean regret: 0.1327047049999237
----------------------------------------
| rollout/                |            |
|    ep_len_mean          | 1.03e+03   |
|    ep_rew_mean          | 4.54e+03   |
| time/                   |            |
|    fps                  | 76         |
|    iterations           | 150        |
|    time_elapsed         | 128299     |
|    total_timesteps      | 9830400    |
| train/                  |            |
|    approx_kl            | 0.01863917 |
|    clip_fraction        | 0.304      |
|    clip_range           | 0.15       |
|    entropy_loss         | -61.5      |
|    explained_variance   | 0.972      |
|    learning_rate        | 0.0001     |
|    loss                 | -0.648     |
|    n_updates            | 6825       |
|    policy_gradient_loss | -0.0225    |
|    std                  | 10.4       |
|    value_loss           | 0.0026     |
----------------------------------------
rollout mean regret: 0.13349993526935577
-----------------------------------------
| rollout/                |             |
|    ep_len_mean          | 1.01e+03    |
|    ep_rew_mean          | 4.47e+03    |
| time/                   |             |
|    fps                  | 77          |
|    iterations           | 151         |
|    time_elapsed         | 128356      |
|    total_timesteps      | 9895936     |
| train/                  |             |
|    approx_kl            | 0.018598653 |
|    clip_fraction        | 0.305       |
|    clip_range           | 0.15        |
|    entropy_loss         | -61.6       |
|    explained_variance   | 0.972       |
|    learning_rate        | 0.0001      |
|    loss                 | -0.638      |
|    n_updates            | 6840        |
|    policy_gradient_loss | -0.0225     |
|    std                  | 10.5        |
|    value_loss           | 0.00256     |
-----------------------------------------
rollout mean regret: 0.13194119930267334
-----------------------------------------
| rollout/                |             |
|    ep_len_mean          | 1.02e+03    |
|    ep_rew_mean          | 4.52e+03    |
| time/                   |             |
|    fps                  | 77          |
|    iterations           | 152         |
|    time_elapsed         | 128412      |
|    total_timesteps      | 9961472     |
| train/                  |             |
|    approx_kl            | 0.018754832 |
|    clip_fraction        | 0.302       |
|    clip_range           | 0.15        |
|    entropy_loss         | -61.7       |
|    explained_variance   | 0.972       |
|    learning_rate        | 0.0001      |
|    loss                 | -0.647      |
|    n_updates            | 6855        |
|    policy_gradient_loss | -0.0227     |
|    std                  | 10.6        |
|    value_loss           | 0.00241     |
-----------------------------------------
Eval num_timesteps=10000000, episode_reward=19327613.80 +/- 16185517.31
Episode length: 4275771.40 +/- 3580684.21
-----------------------------------------
| eval/                   |             |
|    mean_ep_length       | 4.28e+06    |
|    mean_reward          | 1.93e+07    |
| time/                   |             |
|    total_timesteps      | 10000000    |
| train/                  |             |
|    approx_kl            | 0.018117901 |
|    clip_fraction        | 0.297       |
|    clip_range           | 0.15        |
|    entropy_loss         | -61.8       |
|    explained_variance   | 0.975       |
|    learning_rate        | 0.0001      |
|    loss                 | -0.649      |
|    n_updates            | 6870        |
|    policy_gradient_loss | -0.0223     |
|    std                  | 10.7        |
|    value_loss           | 0.00263     |
-----------------------------------------
rollout mean regret: 0.13427968323230743
---------------------------------
| rollout/           |          |
|    ep_len_mean     | 981      |
|    ep_rew_mean     | 4.34e+03 |
| time/              |          |
|    fps             | 68       |
|    iterations      | 153      |
|    time_elapsed    | 146343   |
|    total_timesteps | 10027008 |
---------------------------------
