==== CPU INFO ====
SLURM_CPUS_ON_NODE: 14
SLURM_CPUS_PER_TASK: 12
CPU affinity: [0, 1, 2, 3, 4, 5, 6, 8, 9, 10, 11, 12, 13, 14]
Usable cores: 14
os.cpu_count(): 16
===================
Using cpu device
Logging to runs/humanoid-v5_ppo_lr1e-04_seed0_20251203-101219/logs/PPO_1
---------------------------------
| rollout/           |          |
|    ep_len_mean     | 22.5     |
|    ep_rew_mean     | 100      |
| time/              |          |
|    fps             | 1415     |
|    iterations      | 1        |
|    time_elapsed    | 69       |
|    total_timesteps | 98304    |
---------------------------------
------------------------------------------
| rollout/                |              |
|    ep_len_mean          | 21.7         |
|    ep_rew_mean          | 96.9         |
| time/                   |              |
|    fps                  | 1286         |
|    iterations           | 2            |
|    time_elapsed         | 152          |
|    total_timesteps      | 196608       |
| train/                  |              |
|    approx_kl            | 0.0070572454 |
|    clip_fraction        | 0.143        |
|    clip_range           | 0.15         |
|    entropy_loss         | -24.2        |
|    explained_variance   | -1.09        |
|    learning_rate        | 0.0001       |
|    loss                 | -0.234       |
|    n_updates            | 15           |
|    policy_gradient_loss | -0.0112      |
|    std                  | 1            |
|    value_loss           | 0.0966       |
------------------------------------------
-----------------------------------------
| rollout/                |             |
|    ep_len_mean          | 23.7        |
|    ep_rew_mean          | 106         |
| time/                   |             |
|    fps                  | 1233        |
|    iterations           | 3           |
|    time_elapsed         | 239         |
|    total_timesteps      | 294912      |
| train/                  |             |
|    approx_kl            | 0.008040726 |
|    clip_fraction        | 0.18        |
|    clip_range           | 0.15        |
|    entropy_loss         | -24.2       |
|    explained_variance   | 0.691       |
|    learning_rate        | 0.0001      |
|    loss                 | -0.236      |
|    n_updates            | 30          |
|    policy_gradient_loss | -0.0179     |
|    std                  | 1.01        |
|    value_loss           | 0.0344      |
-----------------------------------------
-----------------------------------------
| rollout/                |             |
|    ep_len_mean          | 26.9        |
|    ep_rew_mean          | 120         |
| time/                   |             |
|    fps                  | 1202        |
|    iterations           | 4           |
|    time_elapsed         | 326         |
|    total_timesteps      | 393216      |
| train/                  |             |
|    approx_kl            | 0.010833949 |
|    clip_fraction        | 0.253       |
|    clip_range           | 0.15        |
|    entropy_loss         | -24.3       |
|    explained_variance   | 0.834       |
|    learning_rate        | 0.0001      |
|    loss                 | -0.204      |
|    n_updates            | 45          |
|    policy_gradient_loss | -0.0268     |
|    std                  | 1.01        |
|    value_loss           | 0.0714      |
-----------------------------------------
-----------------------------------------
| rollout/                |             |
|    ep_len_mean          | 30.9        |
|    ep_rew_mean          | 138         |
| time/                   |             |
|    fps                  | 1181        |
|    iterations           | 5           |
|    time_elapsed         | 415         |
|    total_timesteps      | 491520      |
| train/                  |             |
|    approx_kl            | 0.012746745 |
|    clip_fraction        | 0.291       |
|    clip_range           | 0.15        |
|    entropy_loss         | -24.3       |
|    explained_variance   | 0.845       |
|    learning_rate        | 0.0001      |
|    loss                 | -0.157      |
|    n_updates            | 60          |
|    policy_gradient_loss | -0.0305     |
|    std                  | 1.01        |
|    value_loss           | 0.108       |
-----------------------------------------
Eval num_timesteps=499992, episode_reward=478.56 +/- 79.59
Episode length: 101.00 +/- 11.71
-----------------------------------------
| eval/                   |             |
|    mean_ep_length       | 101         |
|    mean_reward          | 479         |
| time/                   |             |
|    total_timesteps      | 499992      |
| train/                  |             |
|    approx_kl            | 0.012921019 |
|    clip_fraction        | 0.291       |
|    clip_range           | 0.15        |
|    entropy_loss         | -24.3       |
|    explained_variance   | 0.844       |
|    learning_rate        | 0.0001      |
|    loss                 | -0.14       |
|    n_updates            | 75          |
|    policy_gradient_loss | -0.0301     |
|    std                  | 1.01        |
|    value_loss           | 0.135       |
-----------------------------------------
New best mean reward!
---------------------------------
| rollout/           |          |
|    ep_len_mean     | 37.9     |
|    ep_rew_mean     | 172      |
| time/              |          |
|    fps             | 1164     |
|    iterations      | 6        |
|    time_elapsed    | 506      |
|    total_timesteps | 589824   |
---------------------------------
-----------------------------------------
| rollout/                |             |
|    ep_len_mean          | 44.8        |
|    ep_rew_mean          | 204         |
| time/                   |             |
|    fps                  | 1148        |
|    iterations           | 7           |
|    time_elapsed         | 599         |
|    total_timesteps      | 688128      |
| train/                  |             |
|    approx_kl            | 0.012803383 |
|    clip_fraction        | 0.288       |
|    clip_range           | 0.15        |
|    entropy_loss         | -24.3       |
|    explained_variance   | 0.846       |
|    learning_rate        | 0.0001      |
|    loss                 | -0.146      |
|    n_updates            | 90          |
|    policy_gradient_loss | -0.0302     |
|    std                  | 1.01        |
|    value_loss           | 0.142       |
-----------------------------------------
-----------------------------------------
| rollout/                |             |
|    ep_len_mean          | 53.5        |
|    ep_rew_mean          | 248         |
| time/                   |             |
|    fps                  | 1137        |
|    iterations           | 8           |
|    time_elapsed         | 691         |
|    total_timesteps      | 786432      |
| train/                  |             |
|    approx_kl            | 0.012222092 |
|    clip_fraction        | 0.273       |
|    clip_range           | 0.15        |
|    entropy_loss         | -24.3       |
|    explained_variance   | 0.858       |
|    learning_rate        | 0.0001      |
|    loss                 | -0.131      |
|    n_updates            | 105         |
|    policy_gradient_loss | -0.0287     |
|    std                  | 1.01        |
|    value_loss           | 0.134       |
-----------------------------------------
-----------------------------------------
| rollout/                |             |
|    ep_len_mean          | 59          |
|    ep_rew_mean          | 274         |
| time/                   |             |
|    fps                  | 1128        |
|    iterations           | 9           |
|    time_elapsed         | 784         |
|    total_timesteps      | 884736      |
| train/                  |             |
|    approx_kl            | 0.011385943 |
|    clip_fraction        | 0.254       |
|    clip_range           | 0.15        |
|    entropy_loss         | -24.3       |
|    explained_variance   | 0.884       |
|    learning_rate        | 0.0001      |
|    loss                 | -0.168      |
|    n_updates            | 120         |
|    policy_gradient_loss | -0.0263     |
|    std                  | 1.01        |
|    value_loss           | 0.11        |
-----------------------------------------
-----------------------------------------
| rollout/                |             |
|    ep_len_mean          | 64.7        |
|    ep_rew_mean          | 300         |
| time/                   |             |
|    fps                  | 1117        |
|    iterations           | 10          |
|    time_elapsed         | 879         |
|    total_timesteps      | 983040      |
| train/                  |             |
|    approx_kl            | 0.010651961 |
|    clip_fraction        | 0.239       |
|    clip_range           | 0.15        |
|    entropy_loss         | -24.3       |
|    explained_variance   | 0.908       |
|    learning_rate        | 0.0001      |
|    loss                 | -0.206      |
|    n_updates            | 135         |
|    policy_gradient_loss | -0.0247     |
|    std                  | 1.01        |
|    value_loss           | 0.0845      |
-----------------------------------------
Eval num_timesteps=999984, episode_reward=400.10 +/- 36.08
Episode length: 76.20 +/- 6.11
-----------------------------------------
| eval/                   |             |
|    mean_ep_length       | 76.2        |
|    mean_reward          | 400         |
| time/                   |             |
|    total_timesteps      | 999984      |
| train/                  |             |
|    approx_kl            | 0.010464035 |
|    clip_fraction        | 0.23        |
|    clip_range           | 0.15        |
|    entropy_loss         | -24.3       |
|    explained_variance   | 0.927       |
|    learning_rate        | 0.0001      |
|    loss                 | -0.205      |
|    n_updates            | 150         |
|    policy_gradient_loss | -0.0233     |
|    std                  | 1.01        |
|    value_loss           | 0.069       |
-----------------------------------------
---------------------------------
| rollout/           |          |
|    ep_len_mean     | 67.4     |
|    ep_rew_mean     | 313      |
| time/              |          |
|    fps             | 1110     |
|    iterations      | 11       |
|    time_elapsed    | 974      |
|    total_timesteps | 1081344  |
---------------------------------
-----------------------------------------
| rollout/                |             |
|    ep_len_mean          | 68.9        |
|    ep_rew_mean          | 321         |
| time/                   |             |
|    fps                  | 1103        |
|    iterations           | 12          |
|    time_elapsed         | 1068        |
|    total_timesteps      | 1179648     |
| train/                  |             |
|    approx_kl            | 0.010059462 |
|    clip_fraction        | 0.221       |
|    clip_range           | 0.15        |
|    entropy_loss         | -24.3       |
|    explained_variance   | 0.94        |
|    learning_rate        | 0.0001      |
|    loss                 | -0.204      |
|    n_updates            | 165         |
|    policy_gradient_loss | -0.0218     |
|    std                  | 1.01        |
|    value_loss           | 0.0585      |
-----------------------------------------
-----------------------------------------
| rollout/                |             |
|    ep_len_mean          | 73          |
|    ep_rew_mean          | 344         |
| time/                   |             |
|    fps                  | 1099        |
|    iterations           | 13          |
|    time_elapsed         | 1162        |
|    total_timesteps      | 1277952     |
| train/                  |             |
|    approx_kl            | 0.010233757 |
|    clip_fraction        | 0.217       |
|    clip_range           | 0.15        |
|    entropy_loss         | -24.4       |
|    explained_variance   | 0.95        |
|    learning_rate        | 0.0001      |
|    loss                 | -0.227      |
|    n_updates            | 180         |
|    policy_gradient_loss | -0.021      |
|    std                  | 1.02        |
|    value_loss           | 0.0491      |
-----------------------------------------
-----------------------------------------
| rollout/                |             |
|    ep_len_mean          | 75.5        |
|    ep_rew_mean          | 355         |
| time/                   |             |
|    fps                  | 1095        |
|    iterations           | 14          |
|    time_elapsed         | 1255        |
|    total_timesteps      | 1376256     |
| train/                  |             |
|    approx_kl            | 0.009934504 |
|    clip_fraction        | 0.21        |
|    clip_range           | 0.15        |
|    entropy_loss         | -24.4       |
|    explained_variance   | 0.956       |
|    learning_rate        | 0.0001      |
|    loss                 | -0.226      |
|    n_updates            | 195         |
|    policy_gradient_loss | -0.02       |
|    std                  | 1.02        |
|    value_loss           | 0.0422      |
-----------------------------------------
-----------------------------------------
| rollout/                |             |
|    ep_len_mean          | 77.1        |
|    ep_rew_mean          | 366         |
| time/                   |             |
|    fps                  | 1093        |
|    iterations           | 15          |
|    time_elapsed         | 1348        |
|    total_timesteps      | 1474560     |
| train/                  |             |
|    approx_kl            | 0.010109258 |
|    clip_fraction        | 0.212       |
|    clip_range           | 0.15        |
|    entropy_loss         | -24.4       |
|    explained_variance   | 0.959       |
|    learning_rate        | 0.0001      |
|    loss                 | -0.224      |
|    n_updates            | 210         |
|    policy_gradient_loss | -0.0198     |
|    std                  | 1.02        |
|    value_loss           | 0.0403      |
-----------------------------------------
Eval num_timesteps=1499976, episode_reward=348.65 +/- 24.30
Episode length: 64.60 +/- 4.63
-----------------------------------------
| eval/                   |             |
|    mean_ep_length       | 64.6        |
|    mean_reward          | 349         |
| time/                   |             |
|    total_timesteps      | 1499976     |
| train/                  |             |
|    approx_kl            | 0.009837524 |
|    clip_fraction        | 0.206       |
|    clip_range           | 0.15        |
|    entropy_loss         | -24.5       |
|    explained_variance   | 0.961       |
|    learning_rate        | 0.0001      |
|    loss                 | -0.242      |
|    n_updates            | 225         |
|    policy_gradient_loss | -0.0189     |
|    std                  | 1.02        |
|    value_loss           | 0.0389      |
-----------------------------------------
---------------------------------
| rollout/           |          |
|    ep_len_mean     | 79.2     |
|    ep_rew_mean     | 377      |
| time/              |          |
|    fps             | 1090     |
|    iterations      | 16       |
|    time_elapsed    | 1442     |
|    total_timesteps | 1572864  |
---------------------------------
-----------------------------------------
| rollout/                |             |
|    ep_len_mean          | 77.9        |
|    ep_rew_mean          | 371         |
| time/                   |             |
|    fps                  | 1087        |
|    iterations           | 17          |
|    time_elapsed         | 1537        |
|    total_timesteps      | 1671168     |
| train/                  |             |
|    approx_kl            | 0.009850082 |
|    clip_fraction        | 0.205       |
|    clip_range           | 0.15        |
|    entropy_loss         | -24.5       |
|    explained_variance   | 0.964       |
|    learning_rate        | 0.0001      |
|    loss                 | -0.237      |
|    n_updates            | 240         |
|    policy_gradient_loss | -0.0187     |
|    std                  | 1.02        |
|    value_loss           | 0.035       |
-----------------------------------------
-----------------------------------------
| rollout/                |             |
|    ep_len_mean          | 82.7        |
|    ep_rew_mean          | 399         |
| time/                   |             |
|    fps                  | 1084        |
|    iterations           | 18          |
|    time_elapsed         | 1632        |
|    total_timesteps      | 1769472     |
| train/                  |             |
|    approx_kl            | 0.010318172 |
|    clip_fraction        | 0.21        |
|    clip_range           | 0.15        |
|    entropy_loss         | -24.5       |
|    explained_variance   | 0.965       |
|    learning_rate        | 0.0001      |
|    loss                 | -0.241      |
|    n_updates            | 255         |
|    policy_gradient_loss | -0.0188     |
|    std                  | 1.03        |
|    value_loss           | 0.033       |
-----------------------------------------
-----------------------------------------
| rollout/                |             |
|    ep_len_mean          | 80.5        |
|    ep_rew_mean          | 385         |
| time/                   |             |
|    fps                  | 1080        |
|    iterations           | 19          |
|    time_elapsed         | 1727        |
|    total_timesteps      | 1867776     |
| train/                  |             |
|    approx_kl            | 0.010282422 |
|    clip_fraction        | 0.209       |
|    clip_range           | 0.15        |
|    entropy_loss         | -24.6       |
|    explained_variance   | 0.967       |
|    learning_rate        | 0.0001      |
|    loss                 | -0.253      |
|    n_updates            | 270         |
|    policy_gradient_loss | -0.0183     |
|    std                  | 1.03        |
|    value_loss           | 0.0315      |
-----------------------------------------
-----------------------------------------
| rollout/                |             |
|    ep_len_mean          | 84.7        |
|    ep_rew_mean          | 406         |
| time/                   |             |
|    fps                  | 1078        |
|    iterations           | 20          |
|    time_elapsed         | 1823        |
|    total_timesteps      | 1966080     |
| train/                  |             |
|    approx_kl            | 0.010088205 |
|    clip_fraction        | 0.208       |
|    clip_range           | 0.15        |
|    entropy_loss         | -24.6       |
|    explained_variance   | 0.968       |
|    learning_rate        | 0.0001      |
|    loss                 | -0.248      |
|    n_updates            | 285         |
|    policy_gradient_loss | -0.0181     |
|    std                  | 1.03        |
|    value_loss           | 0.0295      |
-----------------------------------------
Eval num_timesteps=1999968, episode_reward=329.54 +/- 9.10
Episode length: 61.00 +/- 2.00
---------------------------------------
| eval/                   |           |
|    mean_ep_length       | 61        |
|    mean_reward          | 330       |
| time/                   |           |
|    total_timesteps      | 1999968   |
| train/                  |           |
|    approx_kl            | 0.0105013 |
|    clip_fraction        | 0.216     |
|    clip_range           | 0.15      |
|    entropy_loss         | -24.7     |
|    explained_variance   | 0.967     |
|    learning_rate        | 0.0001    |
|    loss                 | -0.246    |
|    n_updates            | 300       |
|    policy_gradient_loss | -0.0184   |
|    std                  | 1.03      |
|    value_loss           | 0.0294    |
---------------------------------------
---------------------------------
| rollout/           |          |
|    ep_len_mean     | 83.5     |
|    ep_rew_mean     | 402      |
| time/              |          |
|    fps             | 1076     |
|    iterations      | 21       |
|    time_elapsed    | 1918     |
|    total_timesteps | 2064384  |
---------------------------------
-----------------------------------------
| rollout/                |             |
|    ep_len_mean          | 85.8        |
|    ep_rew_mean          | 415         |
| time/                   |             |
|    fps                  | 1074        |
|    iterations           | 22          |
|    time_elapsed         | 2013        |
|    total_timesteps      | 2162688     |
| train/                  |             |
|    approx_kl            | 0.010587297 |
|    clip_fraction        | 0.219       |
|    clip_range           | 0.15        |
|    entropy_loss         | -24.7       |
|    explained_variance   | 0.967       |
|    learning_rate        | 0.0001      |
|    loss                 | -0.234      |
|    n_updates            | 315         |
|    policy_gradient_loss | -0.0184     |
|    std                  | 1.04        |
|    value_loss           | 0.0288      |
-----------------------------------------
-----------------------------------------
| rollout/                |             |
|    ep_len_mean          | 91.1        |
|    ep_rew_mean          | 441         |
| time/                   |             |
|    fps                  | 1072        |
|    iterations           | 23          |
|    time_elapsed         | 2108        |
|    total_timesteps      | 2260992     |
| train/                  |             |
|    approx_kl            | 0.010677914 |
|    clip_fraction        | 0.219       |
|    clip_range           | 0.15        |
|    entropy_loss         | -24.8       |
|    explained_variance   | 0.969       |
|    learning_rate        | 0.0001      |
|    loss                 | -0.251      |
|    n_updates            | 330         |
|    policy_gradient_loss | -0.0181     |
|    std                  | 1.04        |
|    value_loss           | 0.0268      |
-----------------------------------------
-----------------------------------------
| rollout/                |             |
|    ep_len_mean          | 81.2        |
|    ep_rew_mean          | 397         |
| time/                   |             |
|    fps                  | 1071        |
|    iterations           | 24          |
|    time_elapsed         | 2201        |
|    total_timesteps      | 2359296     |
| train/                  |             |
|    approx_kl            | 0.011108753 |
|    clip_fraction        | 0.226       |
|    clip_range           | 0.15        |
|    entropy_loss         | -24.8       |
|    explained_variance   | 0.969       |
|    learning_rate        | 0.0001      |
|    loss                 | -0.236      |
|    n_updates            | 345         |
|    policy_gradient_loss | -0.0189     |
|    std                  | 1.04        |
|    value_loss           | 0.0259      |
-----------------------------------------
----------------------------------------
| rollout/                |            |
|    ep_len_mean          | 92.5       |
|    ep_rew_mean          | 442        |
| time/                   |            |
|    fps                  | 1070       |
|    iterations           | 25         |
|    time_elapsed         | 2296       |
|    total_timesteps      | 2457600    |
| train/                  |            |
|    approx_kl            | 0.01093699 |
|    clip_fraction        | 0.224      |
|    clip_range           | 0.15       |
|    entropy_loss         | -24.8      |
|    explained_variance   | 0.97       |
|    learning_rate        | 0.0001     |
|    loss                 | -0.257     |
|    n_updates            | 360        |
|    policy_gradient_loss | -0.0187    |
|    std                  | 1.05       |
|    value_loss           | 0.0248     |
----------------------------------------
Eval num_timesteps=2499960, episode_reward=337.67 +/- 15.10
Episode length: 62.20 +/- 2.64
----------------------------------------
| eval/                   |            |
|    mean_ep_length       | 62.2       |
|    mean_reward          | 338        |
| time/                   |            |
|    total_timesteps      | 2499960    |
| train/                  |            |
|    approx_kl            | 0.01096966 |
|    clip_fraction        | 0.223      |
|    clip_range           | 0.15       |
|    entropy_loss         | -24.9      |
|    explained_variance   | 0.971      |
|    learning_rate        | 0.0001     |
|    loss                 | -0.241     |
|    n_updates            | 375        |
|    policy_gradient_loss | -0.0183    |
|    std                  | 1.05       |
|    value_loss           | 0.0243     |
----------------------------------------
---------------------------------
| rollout/           |          |
|    ep_len_mean     | 88       |
|    ep_rew_mean     | 425      |
| time/              |          |
|    fps             | 1068     |
|    iterations      | 26       |
|    time_elapsed    | 2392     |
|    total_timesteps | 2555904  |
---------------------------------
-----------------------------------------
| rollout/                |             |
|    ep_len_mean          | 92.2        |
|    ep_rew_mean          | 450         |
| time/                   |             |
|    fps                  | 1066        |
|    iterations           | 27          |
|    time_elapsed         | 2488        |
|    total_timesteps      | 2654208     |
| train/                  |             |
|    approx_kl            | 0.011258832 |
|    clip_fraction        | 0.232       |
|    clip_range           | 0.15        |
|    entropy_loss         | -24.9       |
|    explained_variance   | 0.97        |
|    learning_rate        | 0.0001      |
|    loss                 | -0.248      |
|    n_updates            | 390         |
|    policy_gradient_loss | -0.0188     |
|    std                  | 1.05        |
|    value_loss           | 0.0241      |
-----------------------------------------
----------------------------------------
| rollout/                |            |
|    ep_len_mean          | 95.3       |
|    ep_rew_mean          | 469        |
| time/                   |            |
|    fps                  | 1065       |
|    iterations           | 28         |
|    time_elapsed         | 2583       |
|    total_timesteps      | 2752512    |
| train/                  |            |
|    approx_kl            | 0.01129461 |
|    clip_fraction        | 0.227      |
|    clip_range           | 0.15       |
|    entropy_loss         | -25        |
|    explained_variance   | 0.971      |
|    learning_rate        | 0.0001     |
|    loss                 | -0.245     |
|    n_updates            | 405        |
|    policy_gradient_loss | -0.0185    |
|    std                  | 1.05       |
|    value_loss           | 0.0235     |
----------------------------------------
-----------------------------------------
| rollout/                |             |
|    ep_len_mean          | 96.5        |
|    ep_rew_mean          | 483         |
| time/                   |             |
|    fps                  | 1064        |
|    iterations           | 29          |
|    time_elapsed         | 2677        |
|    total_timesteps      | 2850816     |
| train/                  |             |
|    approx_kl            | 0.011550325 |
|    clip_fraction        | 0.234       |
|    clip_range           | 0.15        |
|    entropy_loss         | -25         |
|    explained_variance   | 0.972       |
|    learning_rate        | 0.0001      |
|    loss                 | -0.255      |
|    n_updates            | 420         |
|    policy_gradient_loss | -0.0186     |
|    std                  | 1.06        |
|    value_loss           | 0.023       |
-----------------------------------------
-----------------------------------------
| rollout/                |             |
|    ep_len_mean          | 95.3        |
|    ep_rew_mean          | 466         |
| time/                   |             |
|    fps                  | 1062        |
|    iterations           | 30          |
|    time_elapsed         | 2775        |
|    total_timesteps      | 2949120     |
| train/                  |             |
|    approx_kl            | 0.011629696 |
|    clip_fraction        | 0.237       |
|    clip_range           | 0.15        |
|    entropy_loss         | -25         |
|    explained_variance   | 0.971       |
|    learning_rate        | 0.0001      |
|    loss                 | -0.257      |
|    n_updates            | 435         |
|    policy_gradient_loss | -0.0186     |
|    std                  | 1.06        |
|    value_loss           | 0.0233      |
-----------------------------------------
Eval num_timesteps=2999952, episode_reward=563.70 +/- 96.94
Episode length: 99.40 +/- 14.93
-----------------------------------------
| eval/                   |             |
|    mean_ep_length       | 99.4        |
|    mean_reward          | 564         |
| time/                   |             |
|    total_timesteps      | 2999952     |
| train/                  |             |
|    approx_kl            | 0.011576938 |
|    clip_fraction        | 0.231       |
|    clip_range           | 0.15        |
|    entropy_loss         | -25.1       |
|    explained_variance   | 0.971       |
|    learning_rate        | 0.0001      |
|    loss                 | -0.259      |
|    n_updates            | 450         |
|    policy_gradient_loss | -0.0183     |
|    std                  | 1.06        |
|    value_loss           | 0.0221      |
-----------------------------------------
New best mean reward!
---------------------------------
| rollout/           |          |
|    ep_len_mean     | 98.7     |
|    ep_rew_mean     | 478      |
| time/              |          |
|    fps             | 1061     |
|    iterations      | 31       |
|    time_elapsed    | 2870     |
|    total_timesteps | 3047424  |
---------------------------------
-----------------------------------------
| rollout/                |             |
|    ep_len_mean          | 98.9        |
|    ep_rew_mean          | 484         |
| time/                   |             |
|    fps                  | 1060        |
|    iterations           | 32          |
|    time_elapsed         | 2966        |
|    total_timesteps      | 3145728     |
| train/                  |             |
|    approx_kl            | 0.011800957 |
|    clip_fraction        | 0.239       |
|    clip_range           | 0.15        |
|    entropy_loss         | -25.1       |
|    explained_variance   | 0.972       |
|    learning_rate        | 0.0001      |
|    loss                 | -0.265      |
|    n_updates            | 465         |
|    policy_gradient_loss | -0.0189     |
|    std                  | 1.06        |
|    value_loss           | 0.0222      |
-----------------------------------------
-----------------------------------------
| rollout/                |             |
|    ep_len_mean          | 105         |
|    ep_rew_mean          | 520         |
| time/                   |             |
|    fps                  | 1060        |
|    iterations           | 33          |
|    time_elapsed         | 3059        |
|    total_timesteps      | 3244032     |
| train/                  |             |
|    approx_kl            | 0.011732931 |
|    clip_fraction        | 0.238       |
|    clip_range           | 0.15        |
|    entropy_loss         | -25.2       |
|    explained_variance   | 0.973       |
|    learning_rate        | 0.0001      |
|    loss                 | -0.26       |
|    n_updates            | 480         |
|    policy_gradient_loss | -0.0186     |
|    std                  | 1.07        |
|    value_loss           | 0.0215      |
-----------------------------------------
-----------------------------------------
| rollout/                |             |
|    ep_len_mean          | 107         |
|    ep_rew_mean          | 533         |
| time/                   |             |
|    fps                  | 1059        |
|    iterations           | 34          |
|    time_elapsed         | 3155        |
|    total_timesteps      | 3342336     |
| train/                  |             |
|    approx_kl            | 0.011932202 |
|    clip_fraction        | 0.241       |
|    clip_range           | 0.15        |
|    entropy_loss         | -25.2       |
|    explained_variance   | 0.972       |
|    learning_rate        | 0.0001      |
|    loss                 | -0.261      |
|    n_updates            | 495         |
|    policy_gradient_loss | -0.0188     |
|    std                  | 1.07        |
|    value_loss           | 0.0215      |
-----------------------------------------
----------------------------------------
| rollout/                |            |
|    ep_len_mean          | 105        |
|    ep_rew_mean          | 521        |
| time/                   |            |
|    fps                  | 1058       |
|    iterations           | 35         |
|    time_elapsed         | 3250       |
|    total_timesteps      | 3440640    |
| train/                  |            |
|    approx_kl            | 0.01200595 |
|    clip_fraction        | 0.241      |
|    clip_range           | 0.15       |
|    entropy_loss         | -25.2      |
|    explained_variance   | 0.972      |
|    learning_rate        | 0.0001     |
|    loss                 | -0.26      |
|    n_updates            | 510        |
|    policy_gradient_loss | -0.019     |
|    std                  | 1.07       |
|    value_loss           | 0.0218     |
----------------------------------------
Eval num_timesteps=3499944, episode_reward=734.30 +/- 145.64
Episode length: 127.60 +/- 22.62
-----------------------------------------
| eval/                   |             |
|    mean_ep_length       | 128         |
|    mean_reward          | 734         |
| time/                   |             |
|    total_timesteps      | 3499944     |
| train/                  |             |
|    approx_kl            | 0.012097756 |
|    clip_fraction        | 0.243       |
|    clip_range           | 0.15        |
|    entropy_loss         | -25.3       |
|    explained_variance   | 0.973       |
|    learning_rate        | 0.0001      |
|    loss                 | -0.253      |
|    n_updates            | 525         |
|    policy_gradient_loss | -0.0186     |
|    std                  | 1.07        |
|    value_loss           | 0.0214      |
-----------------------------------------
New best mean reward!
---------------------------------
| rollout/           |          |
|    ep_len_mean     | 114      |
|    ep_rew_mean     | 562      |
| time/              |          |
|    fps             | 1056     |
|    iterations      | 36       |
|    time_elapsed    | 3348     |
|    total_timesteps | 3538944  |
---------------------------------
-----------------------------------------
| rollout/                |             |
|    ep_len_mean          | 108         |
|    ep_rew_mean          | 534         |
| time/                   |             |
|    fps                  | 1055        |
|    iterations           | 37          |
|    time_elapsed         | 3446        |
|    total_timesteps      | 3637248     |
| train/                  |             |
|    approx_kl            | 0.012618748 |
|    clip_fraction        | 0.248       |
|    clip_range           | 0.15        |
|    entropy_loss         | -25.3       |
|    explained_variance   | 0.973       |
|    learning_rate        | 0.0001      |
|    loss                 | -0.261      |
|    n_updates            | 540         |
|    policy_gradient_loss | -0.0189     |
|    std                  | 1.07        |
|    value_loss           | 0.0219      |
-----------------------------------------
-----------------------------------------
| rollout/                |             |
|    ep_len_mean          | 108         |
|    ep_rew_mean          | 537         |
| time/                   |             |
|    fps                  | 1054        |
|    iterations           | 38          |
|    time_elapsed         | 3542        |
|    total_timesteps      | 3735552     |
| train/                  |             |
|    approx_kl            | 0.012636271 |
|    clip_fraction        | 0.253       |
|    clip_range           | 0.15        |
|    entropy_loss         | -25.3       |
|    explained_variance   | 0.973       |
|    learning_rate        | 0.0001      |
|    loss                 | -0.265      |
|    n_updates            | 555         |
|    policy_gradient_loss | -0.0195     |
|    std                  | 1.08        |
|    value_loss           | 0.0222      |
-----------------------------------------
-----------------------------------------
| rollout/                |             |
|    ep_len_mean          | 114         |
|    ep_rew_mean          | 576         |
| time/                   |             |
|    fps                  | 1053        |
|    iterations           | 39          |
|    time_elapsed         | 3638        |
|    total_timesteps      | 3833856     |
| train/                  |             |
|    approx_kl            | 0.012693328 |
|    clip_fraction        | 0.25        |
|    clip_range           | 0.15        |
|    entropy_loss         | -25.4       |
|    explained_variance   | 0.973       |
|    learning_rate        | 0.0001      |
|    loss                 | -0.25       |
|    n_updates            | 570         |
|    policy_gradient_loss | -0.0189     |
|    std                  | 1.08        |
|    value_loss           | 0.0218      |
-----------------------------------------
-----------------------------------------
| rollout/                |             |
|    ep_len_mean          | 112         |
|    ep_rew_mean          | 557         |
| time/                   |             |
|    fps                  | 1052        |
|    iterations           | 40          |
|    time_elapsed         | 3734        |
|    total_timesteps      | 3932160     |
| train/                  |             |
|    approx_kl            | 0.012707663 |
|    clip_fraction        | 0.253       |
|    clip_range           | 0.15        |
|    entropy_loss         | -25.5       |
|    explained_variance   | 0.973       |
|    learning_rate        | 0.0001      |
|    loss                 | -0.265      |
|    n_updates            | 585         |
|    policy_gradient_loss | -0.0189     |
|    std                  | 1.08        |
|    value_loss           | 0.0221      |
-----------------------------------------
Eval num_timesteps=3999936, episode_reward=1393.80 +/- 590.96
Episode length: 241.60 +/- 99.88
-----------------------------------------
| eval/                   |             |
|    mean_ep_length       | 242         |
|    mean_reward          | 1.39e+03    |
| time/                   |             |
|    total_timesteps      | 3999936     |
| train/                  |             |
|    approx_kl            | 0.012714416 |
|    clip_fraction        | 0.253       |
|    clip_range           | 0.15        |
|    entropy_loss         | -25.5       |
|    explained_variance   | 0.974       |
|    learning_rate        | 0.0001      |
|    loss                 | -0.267      |
|    n_updates            | 600         |
|    policy_gradient_loss | -0.0188     |
|    std                  | 1.09        |
|    value_loss           | 0.0222      |
-----------------------------------------
New best mean reward!
---------------------------------
| rollout/           |          |
|    ep_len_mean     | 117      |
|    ep_rew_mean     | 581      |
| time/              |          |
|    fps             | 1051     |
|    iterations      | 41       |
|    time_elapsed    | 3834     |
|    total_timesteps | 4030464  |
---------------------------------
-----------------------------------------
| rollout/                |             |
|    ep_len_mean          | 112         |
|    ep_rew_mean          | 562         |
| time/                   |             |
|    fps                  | 1050        |
|    iterations           | 42          |
|    time_elapsed         | 3930        |
|    total_timesteps      | 4128768     |
| train/                  |             |
|    approx_kl            | 0.012954722 |
|    clip_fraction        | 0.255       |
|    clip_range           | 0.15        |
|    entropy_loss         | -25.5       |
|    explained_variance   | 0.973       |
|    learning_rate        | 0.0001      |
|    loss                 | -0.259      |
|    n_updates            | 615         |
|    policy_gradient_loss | -0.0188     |
|    std                  | 1.09        |
|    value_loss           | 0.0222      |
-----------------------------------------
-----------------------------------------
| rollout/                |             |
|    ep_len_mean          | 118         |
|    ep_rew_mean          | 603         |
| time/                   |             |
|    fps                  | 1049        |
|    iterations           | 43          |
|    time_elapsed         | 4026        |
|    total_timesteps      | 4227072     |
| train/                  |             |
|    approx_kl            | 0.013001011 |
|    clip_fraction        | 0.255       |
|    clip_range           | 0.15        |
|    entropy_loss         | -25.6       |
|    explained_variance   | 0.972       |
|    learning_rate        | 0.0001      |
|    loss                 | -0.262      |
|    n_updates            | 630         |
|    policy_gradient_loss | -0.0187     |
|    std                  | 1.09        |
|    value_loss           | 0.0227      |
-----------------------------------------
-----------------------------------------
| rollout/                |             |
|    ep_len_mean          | 121         |
|    ep_rew_mean          | 610         |
| time/                   |             |
|    fps                  | 1049        |
|    iterations           | 44          |
|    time_elapsed         | 4122        |
|    total_timesteps      | 4325376     |
| train/                  |             |
|    approx_kl            | 0.012791362 |
|    clip_fraction        | 0.252       |
|    clip_range           | 0.15        |
|    entropy_loss         | -25.6       |
|    explained_variance   | 0.973       |
|    learning_rate        | 0.0001      |
|    loss                 | -0.26       |
|    n_updates            | 645         |
|    policy_gradient_loss | -0.0187     |
|    std                  | 1.1         |
|    value_loss           | 0.0217      |
-----------------------------------------
-----------------------------------------
| rollout/                |             |
|    ep_len_mean          | 124         |
|    ep_rew_mean          | 628         |
| time/                   |             |
|    fps                  | 1048        |
|    iterations           | 45          |
|    time_elapsed         | 4219        |
|    total_timesteps      | 4423680     |
| train/                  |             |
|    approx_kl            | 0.012905933 |
|    clip_fraction        | 0.257       |
|    clip_range           | 0.15        |
|    entropy_loss         | -25.7       |
|    explained_variance   | 0.973       |
|    learning_rate        | 0.0001      |
|    loss                 | -0.269      |
|    n_updates            | 660         |
|    policy_gradient_loss | -0.0186     |
|    std                  | 1.1         |
|    value_loss           | 0.0217      |
-----------------------------------------
Eval num_timesteps=4499928, episode_reward=1172.22 +/- 185.17
Episode length: 210.60 +/- 27.38
-----------------------------------------
| eval/                   |             |
|    mean_ep_length       | 211         |
|    mean_reward          | 1.17e+03    |
| time/                   |             |
|    total_timesteps      | 4499928     |
| train/                  |             |
|    approx_kl            | 0.013142464 |
|    clip_fraction        | 0.259       |
|    clip_range           | 0.15        |
|    entropy_loss         | -25.7       |
|    explained_variance   | 0.972       |
|    learning_rate        | 0.0001      |
|    loss                 | -0.254      |
|    n_updates            | 675         |
|    policy_gradient_loss | -0.019      |
|    std                  | 1.1         |
|    value_loss           | 0.0221      |
-----------------------------------------
---------------------------------
| rollout/           |          |
|    ep_len_mean     | 132      |
|    ep_rew_mean     | 676      |
| time/              |          |
|    fps             | 1047     |
|    iterations      | 46       |
|    time_elapsed    | 4318     |
|    total_timesteps | 4521984  |
---------------------------------
-----------------------------------------
| rollout/                |             |
|    ep_len_mean          | 132         |
|    ep_rew_mean          | 676         |
| time/                   |             |
|    fps                  | 1046        |
|    iterations           | 47          |
|    time_elapsed         | 4415        |
|    total_timesteps      | 4620288     |
| train/                  |             |
|    approx_kl            | 0.013410571 |
|    clip_fraction        | 0.264       |
|    clip_range           | 0.15        |
|    entropy_loss         | -25.7       |
|    explained_variance   | 0.973       |
|    learning_rate        | 0.0001      |
|    loss                 | -0.255      |
|    n_updates            | 690         |
|    policy_gradient_loss | -0.0193     |
|    std                  | 1.1         |
|    value_loss           | 0.0219      |
-----------------------------------------
-----------------------------------------
| rollout/                |             |
|    ep_len_mean          | 136         |
|    ep_rew_mean          | 696         |
| time/                   |             |
|    fps                  | 1045        |
|    iterations           | 48          |
|    time_elapsed         | 4512        |
|    total_timesteps      | 4718592     |
| train/                  |             |
|    approx_kl            | 0.013620779 |
|    clip_fraction        | 0.267       |
|    clip_range           | 0.15        |
|    entropy_loss         | -25.8       |
|    explained_variance   | 0.972       |
|    learning_rate        | 0.0001      |
|    loss                 | -0.254      |
|    n_updates            | 705         |
|    policy_gradient_loss | -0.019      |
|    std                  | 1.11        |
|    value_loss           | 0.0223      |
-----------------------------------------
-----------------------------------------
| rollout/                |             |
|    ep_len_mean          | 130         |
|    ep_rew_mean          | 666         |
| time/                   |             |
|    fps                  | 1045        |
|    iterations           | 49          |
|    time_elapsed         | 4608        |
|    total_timesteps      | 4816896     |
| train/                  |             |
|    approx_kl            | 0.013125018 |
|    clip_fraction        | 0.261       |
|    clip_range           | 0.15        |
|    entropy_loss         | -25.8       |
|    explained_variance   | 0.971       |
|    learning_rate        | 0.0001      |
|    loss                 | -0.261      |
|    n_updates            | 720         |
|    policy_gradient_loss | -0.0189     |
|    std                  | 1.11        |
|    value_loss           | 0.0226      |
-----------------------------------------
-----------------------------------------
| rollout/                |             |
|    ep_len_mean          | 141         |
|    ep_rew_mean          | 728         |
| time/                   |             |
|    fps                  | 1044        |
|    iterations           | 50          |
|    time_elapsed         | 4706        |
|    total_timesteps      | 4915200     |
| train/                  |             |
|    approx_kl            | 0.013830195 |
|    clip_fraction        | 0.268       |
|    clip_range           | 0.15        |
|    entropy_loss         | -25.9       |
|    explained_variance   | 0.971       |
|    learning_rate        | 0.0001      |
|    loss                 | -0.265      |
|    n_updates            | 735         |
|    policy_gradient_loss | -0.0192     |
|    std                  | 1.11        |
|    value_loss           | 0.0237      |
-----------------------------------------
Eval num_timesteps=4999920, episode_reward=1067.35 +/- 375.19
Episode length: 188.60 +/- 65.08
-----------------------------------------
| eval/                   |             |
|    mean_ep_length       | 189         |
|    mean_reward          | 1.07e+03    |
| time/                   |             |
|    total_timesteps      | 4999920     |
| train/                  |             |
|    approx_kl            | 0.013463049 |
|    clip_fraction        | 0.264       |
|    clip_range           | 0.15        |
|    entropy_loss         | -25.9       |
|    explained_variance   | 0.97        |
|    learning_rate        | 0.0001      |
|    loss                 | -0.256      |
|    n_updates            | 750         |
|    policy_gradient_loss | -0.0187     |
|    std                  | 1.12        |
|    value_loss           | 0.0241      |
-----------------------------------------
---------------------------------
| rollout/           |          |
|    ep_len_mean     | 144      |
|    ep_rew_mean     | 749      |
| time/              |          |
|    fps             | 1043     |
|    iterations      | 51       |
|    time_elapsed    | 4806     |
|    total_timesteps | 5013504  |
---------------------------------
-----------------------------------------
| rollout/                |             |
|    ep_len_mean          | 144         |
|    ep_rew_mean          | 748         |
| time/                   |             |
|    fps                  | 1042        |
|    iterations           | 52          |
|    time_elapsed         | 4905        |
|    total_timesteps      | 5111808     |
| train/                  |             |
|    approx_kl            | 0.013927233 |
|    clip_fraction        | 0.268       |
|    clip_range           | 0.15        |
|    entropy_loss         | -26         |
|    explained_variance   | 0.971       |
|    learning_rate        | 0.0001      |
|    loss                 | -0.267      |
|    n_updates            | 765         |
|    policy_gradient_loss | -0.0193     |
|    std                  | 1.12        |
|    value_loss           | 0.0233      |
-----------------------------------------
----------------------------------------
| rollout/                |            |
|    ep_len_mean          | 147        |
|    ep_rew_mean          | 764        |
| time/                   |            |
|    fps                  | 1041       |
|    iterations           | 53         |
|    time_elapsed         | 5003       |
|    total_timesteps      | 5210112    |
| train/                  |            |
|    approx_kl            | 0.01395928 |
|    clip_fraction        | 0.271      |
|    clip_range           | 0.15       |
|    entropy_loss         | -26        |
|    explained_variance   | 0.97       |
|    learning_rate        | 0.0001     |
|    loss                 | -0.268     |
|    n_updates            | 780        |
|    policy_gradient_loss | -0.0189    |
|    std                  | 1.12       |
|    value_loss           | 0.0244     |
----------------------------------------
-----------------------------------------
| rollout/                |             |
|    ep_len_mean          | 147         |
|    ep_rew_mean          | 756         |
| time/                   |             |
|    fps                  | 1040        |
|    iterations           | 54          |
|    time_elapsed         | 5100        |
|    total_timesteps      | 5308416     |
| train/                  |             |
|    approx_kl            | 0.014073692 |
|    clip_fraction        | 0.271       |
|    clip_range           | 0.15        |
|    entropy_loss         | -26         |
|    explained_variance   | 0.97        |
|    learning_rate        | 0.0001      |
|    loss                 | -0.257      |
|    n_updates            | 795         |
|    policy_gradient_loss | -0.0187     |
|    std                  | 1.12        |
|    value_loss           | 0.0241      |
-----------------------------------------
-----------------------------------------
| rollout/                |             |
|    ep_len_mean          | 150         |
|    ep_rew_mean          | 773         |
| time/                   |             |
|    fps                  | 1039        |
|    iterations           | 55          |
|    time_elapsed         | 5199        |
|    total_timesteps      | 5406720     |
| train/                  |             |
|    approx_kl            | 0.013786872 |
|    clip_fraction        | 0.267       |
|    clip_range           | 0.15        |
|    entropy_loss         | -26.1       |
|    explained_variance   | 0.969       |
|    learning_rate        | 0.0001      |
|    loss                 | -0.262      |
|    n_updates            | 810         |
|    policy_gradient_loss | -0.0189     |
|    std                  | 1.13        |
|    value_loss           | 0.0244      |
-----------------------------------------
Eval num_timesteps=5499912, episode_reward=1924.85 +/- 1225.41
Episode length: 332.00 +/- 202.11
-----------------------------------------
| eval/                   |             |
|    mean_ep_length       | 332         |
|    mean_reward          | 1.92e+03    |
| time/                   |             |
|    total_timesteps      | 5499912     |
| train/                  |             |
|    approx_kl            | 0.014074731 |
|    clip_fraction        | 0.275       |
|    clip_range           | 0.15        |
|    entropy_loss         | -26.1       |
|    explained_variance   | 0.971       |
|    learning_rate        | 0.0001      |
|    loss                 | -0.276      |
|    n_updates            | 825         |
|    policy_gradient_loss | -0.0191     |
|    std                  | 1.13        |
|    value_loss           | 0.0238      |
-----------------------------------------
New best mean reward!
---------------------------------
| rollout/           |          |
|    ep_len_mean     | 148      |
|    ep_rew_mean     | 780      |
| time/              |          |
|    fps             | 1038     |
|    iterations      | 56       |
|    time_elapsed    | 5299     |
|    total_timesteps | 5505024  |
---------------------------------
----------------------------------------
| rollout/                |            |
|    ep_len_mean          | 162        |
|    ep_rew_mean          | 848        |
| time/                   |            |
|    fps                  | 1037       |
|    iterations           | 57         |
|    time_elapsed         | 5399       |
|    total_timesteps      | 5603328    |
| train/                  |            |
|    approx_kl            | 0.01464222 |
|    clip_fraction        | 0.279      |
|    clip_range           | 0.15       |
|    entropy_loss         | -26.1      |
|    explained_variance   | 0.969      |
|    learning_rate        | 0.0001     |
|    loss                 | -0.265     |
|    n_updates            | 840        |
|    policy_gradient_loss | -0.0196    |
|    std                  | 1.13       |
|    value_loss           | 0.0248     |
----------------------------------------
-----------------------------------------
| rollout/                |             |
|    ep_len_mean          | 154         |
|    ep_rew_mean          | 802         |
| time/                   |             |
|    fps                  | 1037        |
|    iterations           | 58          |
|    time_elapsed         | 5496        |
|    total_timesteps      | 5701632     |
| train/                  |             |
|    approx_kl            | 0.014313347 |
|    clip_fraction        | 0.275       |
|    clip_range           | 0.15        |
|    entropy_loss         | -26.2       |
|    explained_variance   | 0.968       |
|    learning_rate        | 0.0001      |
|    loss                 | -0.254      |
|    n_updates            | 855         |
|    policy_gradient_loss | -0.0191     |
|    std                  | 1.13        |
|    value_loss           | 0.0242      |
-----------------------------------------
-----------------------------------------
| rollout/                |             |
|    ep_len_mean          | 163         |
|    ep_rew_mean          | 851         |
| time/                   |             |
|    fps                  | 1036        |
|    iterations           | 59          |
|    time_elapsed         | 5593        |
|    total_timesteps      | 5799936     |
| train/                  |             |
|    approx_kl            | 0.014429592 |
|    clip_fraction        | 0.277       |
|    clip_range           | 0.15        |
|    entropy_loss         | -26.2       |
|    explained_variance   | 0.97        |
|    learning_rate        | 0.0001      |
|    loss                 | -0.256      |
|    n_updates            | 870         |
|    policy_gradient_loss | -0.019      |
|    std                  | 1.14        |
|    value_loss           | 0.0239      |
-----------------------------------------
-----------------------------------------
| rollout/                |             |
|    ep_len_mean          | 175         |
|    ep_rew_mean          | 923         |
| time/                   |             |
|    fps                  | 1036        |
|    iterations           | 60          |
|    time_elapsed         | 5690        |
|    total_timesteps      | 5898240     |
| train/                  |             |
|    approx_kl            | 0.014412197 |
|    clip_fraction        | 0.279       |
|    clip_range           | 0.15        |
|    entropy_loss         | -26.3       |
|    explained_variance   | 0.969       |
|    learning_rate        | 0.0001      |
|    loss                 | -0.277      |
|    n_updates            | 885         |
|    policy_gradient_loss | -0.0193     |
|    std                  | 1.14        |
|    value_loss           | 0.024       |
-----------------------------------------
-----------------------------------------
| rollout/                |             |
|    ep_len_mean          | 172         |
|    ep_rew_mean          | 904         |
| time/                   |             |
|    fps                  | 1036        |
|    iterations           | 61          |
|    time_elapsed         | 5786        |
|    total_timesteps      | 5996544     |
| train/                  |             |
|    approx_kl            | 0.014707267 |
|    clip_fraction        | 0.281       |
|    clip_range           | 0.15        |
|    entropy_loss         | -26.3       |
|    explained_variance   | 0.968       |
|    learning_rate        | 0.0001      |
|    loss                 | -0.259      |
|    n_updates            | 900         |
|    policy_gradient_loss | -0.0191     |
|    std                  | 1.14        |
|    value_loss           | 0.0255      |
-----------------------------------------
Eval num_timesteps=5999904, episode_reward=2775.12 +/- 979.19
Episode length: 473.80 +/- 156.21
-----------------------------------------
| eval/                   |             |
|    mean_ep_length       | 474         |
|    mean_reward          | 2.78e+03    |
| time/                   |             |
|    total_timesteps      | 5999904     |
| train/                  |             |
|    approx_kl            | 0.014979672 |
|    clip_fraction        | 0.284       |
|    clip_range           | 0.15        |
|    entropy_loss         | -26.3       |
|    explained_variance   | 0.966       |
|    learning_rate        | 0.0001      |
|    loss                 | -0.273      |
|    n_updates            | 915         |
|    policy_gradient_loss | -0.0194     |
|    std                  | 1.15        |
|    value_loss           | 0.0256      |
-----------------------------------------
New best mean reward!
---------------------------------
| rollout/           |          |
|    ep_len_mean     | 173      |
|    ep_rew_mean     | 920      |
| time/              |          |
|    fps             | 1035     |
|    iterations      | 62       |
|    time_elapsed    | 5886     |
|    total_timesteps | 6094848  |
---------------------------------
------------------------------------------
| rollout/                |              |
|    ep_len_mean          | 187          |
|    ep_rew_mean          | 981          |
| time/                   |              |
|    fps                  | 1034         |
|    iterations           | 63           |
|    time_elapsed         | 5984         |
|    total_timesteps      | 6193152      |
| train/                  |              |
|    approx_kl            | 0.0147938505 |
|    clip_fraction        | 0.286        |
|    clip_range           | 0.15         |
|    entropy_loss         | -26.4        |
|    explained_variance   | 0.967        |
|    learning_rate        | 0.0001       |
|    loss                 | -0.268       |
|    n_updates            | 930          |
|    policy_gradient_loss | -0.019       |
|    std                  | 1.15         |
|    value_loss           | 0.0255       |
------------------------------------------
-----------------------------------------
| rollout/                |             |
|    ep_len_mean          | 183         |
|    ep_rew_mean          | 978         |
| time/                   |             |
|    fps                  | 1034        |
|    iterations           | 64          |
|    time_elapsed         | 6081        |
|    total_timesteps      | 6291456     |
| train/                  |             |
|    approx_kl            | 0.015220553 |
|    clip_fraction        | 0.288       |
|    clip_range           | 0.15        |
|    entropy_loss         | -26.4       |
|    explained_variance   | 0.966       |
|    learning_rate        | 0.0001      |
|    loss                 | -0.273      |
|    n_updates            | 945         |
|    policy_gradient_loss | -0.0195     |
|    std                  | 1.15        |
|    value_loss           | 0.0255      |
-----------------------------------------
-----------------------------------------
| rollout/                |             |
|    ep_len_mean          | 187         |
|    ep_rew_mean          | 991         |
| time/                   |             |
|    fps                  | 1034        |
|    iterations           | 65          |
|    time_elapsed         | 6177        |
|    total_timesteps      | 6389760     |
| train/                  |             |
|    approx_kl            | 0.015433754 |
|    clip_fraction        | 0.285       |
|    clip_range           | 0.15        |
|    entropy_loss         | -26.5       |
|    explained_variance   | 0.966       |
|    learning_rate        | 0.0001      |
|    loss                 | -0.257      |
|    n_updates            | 960         |
|    policy_gradient_loss | -0.0193     |
|    std                  | 1.15        |
|    value_loss           | 0.0253      |
-----------------------------------------
-----------------------------------------
| rollout/                |             |
|    ep_len_mean          | 181         |
|    ep_rew_mean          | 963         |
| time/                   |             |
|    fps                  | 1034        |
|    iterations           | 66          |
|    time_elapsed         | 6272        |
|    total_timesteps      | 6488064     |
| train/                  |             |
|    approx_kl            | 0.015371856 |
|    clip_fraction        | 0.286       |
|    clip_range           | 0.15        |
|    entropy_loss         | -26.5       |
|    explained_variance   | 0.966       |
|    learning_rate        | 0.0001      |
|    loss                 | -0.27       |
|    n_updates            | 975         |
|    policy_gradient_loss | -0.0194     |
|    std                  | 1.16        |
|    value_loss           | 0.0254      |
-----------------------------------------
Eval num_timesteps=6499896, episode_reward=2511.43 +/- 1142.83
Episode length: 432.60 +/- 196.40
-----------------------------------------
| eval/                   |             |
|    mean_ep_length       | 433         |
|    mean_reward          | 2.51e+03    |
| time/                   |             |
|    total_timesteps      | 6499896     |
| train/                  |             |
|    approx_kl            | 0.015403596 |
|    clip_fraction        | 0.288       |
|    clip_range           | 0.15        |
|    entropy_loss         | -26.5       |
|    explained_variance   | 0.968       |
|    learning_rate        | 0.0001      |
|    loss                 | -0.282      |
|    n_updates            | 990         |
|    policy_gradient_loss | -0.0192     |
|    std                  | 1.16        |
|    value_loss           | 0.0244      |
-----------------------------------------
---------------------------------
| rollout/           |          |
|    ep_len_mean     | 192      |
|    ep_rew_mean     | 1.03e+03 |
| time/              |          |
|    fps             | 1033     |
|    iterations      | 67       |
|    time_elapsed    | 6372     |
|    total_timesteps | 6586368  |
---------------------------------
------------------------------------------
| rollout/                |              |
|    ep_len_mean          | 197          |
|    ep_rew_mean          | 1.06e+03     |
| time/                   |              |
|    fps                  | 1033         |
|    iterations           | 68           |
|    time_elapsed         | 6468         |
|    total_timesteps      | 6684672      |
| train/                  |              |
|    approx_kl            | 0.0153227905 |
|    clip_fraction        | 0.287        |
|    clip_range           | 0.15         |
|    entropy_loss         | -26.6        |
|    explained_variance   | 0.965        |
|    learning_rate        | 0.0001       |
|    loss                 | -0.281       |
|    n_updates            | 1005         |
|    policy_gradient_loss | -0.0187      |
|    std                  | 1.16         |
|    value_loss           | 0.0257       |
------------------------------------------
-----------------------------------------
| rollout/                |             |
|    ep_len_mean          | 206         |
|    ep_rew_mean          | 1.12e+03    |
| time/                   |             |
|    fps                  | 1033        |
|    iterations           | 69          |
|    time_elapsed         | 6564        |
|    total_timesteps      | 6782976     |
| train/                  |             |
|    approx_kl            | 0.015761388 |
|    clip_fraction        | 0.294       |
|    clip_range           | 0.15        |
|    entropy_loss         | -26.6       |
|    explained_variance   | 0.964       |
|    learning_rate        | 0.0001      |
|    loss                 | -0.269      |
|    n_updates            | 1020        |
|    policy_gradient_loss | -0.0199     |
|    std                  | 1.17        |
|    value_loss           | 0.0261      |
-----------------------------------------
-----------------------------------------
| rollout/                |             |
|    ep_len_mean          | 207         |
|    ep_rew_mean          | 1.12e+03    |
| time/                   |             |
|    fps                  | 1032        |
|    iterations           | 70          |
|    time_elapsed         | 6662        |
|    total_timesteps      | 6881280     |
| train/                  |             |
|    approx_kl            | 0.015659556 |
|    clip_fraction        | 0.289       |
|    clip_range           | 0.15        |
|    entropy_loss         | -26.7       |
|    explained_variance   | 0.963       |
|    learning_rate        | 0.0001      |
|    loss                 | -0.263      |
|    n_updates            | 1035        |
|    policy_gradient_loss | -0.0192     |
|    std                  | 1.17        |
|    value_loss           | 0.0255      |
-----------------------------------------
-----------------------------------------
| rollout/                |             |
|    ep_len_mean          | 188         |
|    ep_rew_mean          | 1.01e+03    |
| time/                   |             |
|    fps                  | 1032        |
|    iterations           | 71          |
|    time_elapsed         | 6759        |
|    total_timesteps      | 6979584     |
| train/                  |             |
|    approx_kl            | 0.015461463 |
|    clip_fraction        | 0.292       |
|    clip_range           | 0.15        |
|    entropy_loss         | -26.7       |
|    explained_variance   | 0.964       |
|    learning_rate        | 0.0001      |
|    loss                 | -0.269      |
|    n_updates            | 1050        |
|    policy_gradient_loss | -0.019      |
|    std                  | 1.17        |
|    value_loss           | 0.0257      |
-----------------------------------------
Eval num_timesteps=6999888, episode_reward=2364.95 +/- 1199.68
Episode length: 403.20 +/- 195.59
---------------------------------------
| eval/                   |           |
|    mean_ep_length       | 403       |
|    mean_reward          | 2.36e+03  |
| time/                   |           |
|    total_timesteps      | 6999888   |
| train/                  |           |
|    approx_kl            | 0.0159711 |
|    clip_fraction        | 0.297     |
|    clip_range           | 0.15      |
|    entropy_loss         | -26.8     |
|    explained_variance   | 0.965     |
|    learning_rate        | 0.0001    |
|    loss                 | -0.286    |
|    n_updates            | 1065      |
|    policy_gradient_loss | -0.0194   |
|    std                  | 1.18      |
|    value_loss           | 0.0246    |
---------------------------------------
---------------------------------
| rollout/           |          |
|    ep_len_mean     | 228      |
|    ep_rew_mean     | 1.23e+03 |
| time/              |          |
|    fps             | 1031     |
|    iterations      | 72       |
|    time_elapsed    | 6858     |
|    total_timesteps | 7077888  |
---------------------------------
-----------------------------------------
| rollout/                |             |
|    ep_len_mean          | 219         |
|    ep_rew_mean          | 1.19e+03    |
| time/                   |             |
|    fps                  | 1031        |
|    iterations           | 73          |
|    time_elapsed         | 6955        |
|    total_timesteps      | 7176192     |
| train/                  |             |
|    approx_kl            | 0.015982544 |
|    clip_fraction        | 0.299       |
|    clip_range           | 0.15        |
|    entropy_loss         | -26.8       |
|    explained_variance   | 0.965       |
|    learning_rate        | 0.0001      |
|    loss                 | -0.265      |
|    n_updates            | 1080        |
|    policy_gradient_loss | -0.0192     |
|    std                  | 1.18        |
|    value_loss           | 0.0253      |
-----------------------------------------
-----------------------------------------
| rollout/                |             |
|    ep_len_mean          | 241         |
|    ep_rew_mean          | 1.32e+03    |
| time/                   |             |
|    fps                  | 1031        |
|    iterations           | 74          |
|    time_elapsed         | 7053        |
|    total_timesteps      | 7274496     |
| train/                  |             |
|    approx_kl            | 0.016214272 |
|    clip_fraction        | 0.301       |
|    clip_range           | 0.15        |
|    entropy_loss         | -26.9       |
|    explained_variance   | 0.962       |
|    learning_rate        | 0.0001      |
|    loss                 | -0.282      |
|    n_updates            | 1095        |
|    policy_gradient_loss | -0.0198     |
|    std                  | 1.18        |
|    value_loss           | 0.0252      |
-----------------------------------------
----------------------------------------
| rollout/                |            |
|    ep_len_mean          | 236        |
|    ep_rew_mean          | 1.3e+03    |
| time/                   |            |
|    fps                  | 1031       |
|    iterations           | 75         |
|    time_elapsed         | 7150       |
|    total_timesteps      | 7372800    |
| train/                  |            |
|    approx_kl            | 0.01633394 |
|    clip_fraction        | 0.303      |
|    clip_range           | 0.15       |
|    entropy_loss         | -26.9      |
|    explained_variance   | 0.962      |
|    learning_rate        | 0.0001     |
|    loss                 | -0.276     |
|    n_updates            | 1110       |
|    policy_gradient_loss | -0.0193    |
|    std                  | 1.19       |
|    value_loss           | 0.0249     |
----------------------------------------
-----------------------------------------
| rollout/                |             |
|    ep_len_mean          | 232         |
|    ep_rew_mean          | 1.27e+03    |
| time/                   |             |
|    fps                  | 1030        |
|    iterations           | 76          |
|    time_elapsed         | 7247        |
|    total_timesteps      | 7471104     |
| train/                  |             |
|    approx_kl            | 0.016199999 |
|    clip_fraction        | 0.299       |
|    clip_range           | 0.15        |
|    entropy_loss         | -26.9       |
|    explained_variance   | 0.962       |
|    learning_rate        | 0.0001      |
|    loss                 | -0.262      |
|    n_updates            | 1125        |
|    policy_gradient_loss | -0.0192     |
|    std                  | 1.19        |
|    value_loss           | 0.0247      |
-----------------------------------------
Eval num_timesteps=7499880, episode_reward=3289.91 +/- 541.40
Episode length: 539.80 +/- 81.98
-----------------------------------------
| eval/                   |             |
|    mean_ep_length       | 540         |
|    mean_reward          | 3.29e+03    |
| time/                   |             |
|    total_timesteps      | 7499880     |
| train/                  |             |
|    approx_kl            | 0.016291715 |
|    clip_fraction        | 0.299       |
|    clip_range           | 0.15        |
|    entropy_loss         | -27         |
|    explained_variance   | 0.963       |
|    learning_rate        | 0.0001      |
|    loss                 | -0.272      |
|    n_updates            | 1140        |
|    policy_gradient_loss | -0.0191     |
|    std                  | 1.19        |
|    value_loss           | 0.0245      |
-----------------------------------------
New best mean reward!
---------------------------------
| rollout/           |          |
|    ep_len_mean     | 252      |
|    ep_rew_mean     | 1.39e+03 |
| time/              |          |
|    fps             | 1030     |
|    iterations      | 77       |
|    time_elapsed    | 7346     |
|    total_timesteps | 7569408  |
---------------------------------
-----------------------------------------
| rollout/                |             |
|    ep_len_mean          | 241         |
|    ep_rew_mean          | 1.34e+03    |
| time/                   |             |
|    fps                  | 1030        |
|    iterations           | 78          |
|    time_elapsed         | 7442        |
|    total_timesteps      | 7667712     |
| train/                  |             |
|    approx_kl            | 0.016357997 |
|    clip_fraction        | 0.301       |
|    clip_range           | 0.15        |
|    entropy_loss         | -27         |
|    explained_variance   | 0.961       |
|    learning_rate        | 0.0001      |
|    loss                 | -0.28       |
|    n_updates            | 1155        |
|    policy_gradient_loss | -0.0192     |
|    std                  | 1.2         |
|    value_loss           | 0.025       |
-----------------------------------------
-----------------------------------------
| rollout/                |             |
|    ep_len_mean          | 265         |
|    ep_rew_mean          | 1.48e+03    |
| time/                   |             |
|    fps                  | 1030        |
|    iterations           | 79          |
|    time_elapsed         | 7536        |
|    total_timesteps      | 7766016     |
| train/                  |             |
|    approx_kl            | 0.016447645 |
|    clip_fraction        | 0.302       |
|    clip_range           | 0.15        |
|    entropy_loss         | -27.1       |
|    explained_variance   | 0.96        |
|    learning_rate        | 0.0001      |
|    loss                 | -0.279      |
|    n_updates            | 1170        |
|    policy_gradient_loss | -0.019      |
|    std                  | 1.2         |
|    value_loss           | 0.0254      |
-----------------------------------------
-----------------------------------------
| rollout/                |             |
|    ep_len_mean          | 254         |
|    ep_rew_mean          | 1.42e+03    |
| time/                   |             |
|    fps                  | 1030        |
|    iterations           | 80          |
|    time_elapsed         | 7634        |
|    total_timesteps      | 7864320     |
| train/                  |             |
|    approx_kl            | 0.016404012 |
|    clip_fraction        | 0.303       |
|    clip_range           | 0.15        |
|    entropy_loss         | -27.1       |
|    explained_variance   | 0.96        |
|    learning_rate        | 0.0001      |
|    loss                 | -0.27       |
|    n_updates            | 1185        |
|    policy_gradient_loss | -0.019      |
|    std                  | 1.2         |
|    value_loss           | 0.0246      |
-----------------------------------------
-----------------------------------------
| rollout/                |             |
|    ep_len_mean          | 275         |
|    ep_rew_mean          | 1.54e+03    |
| time/                   |             |
|    fps                  | 1030        |
|    iterations           | 81          |
|    time_elapsed         | 7729        |
|    total_timesteps      | 7962624     |
| train/                  |             |
|    approx_kl            | 0.016577115 |
|    clip_fraction        | 0.304       |
|    clip_range           | 0.15        |
|    entropy_loss         | -27.2       |
|    explained_variance   | 0.958       |
|    learning_rate        | 0.0001      |
|    loss                 | -0.272      |
|    n_updates            | 1200        |
|    policy_gradient_loss | -0.0187     |
|    std                  | 1.21        |
|    value_loss           | 0.0257      |
-----------------------------------------
Eval num_timesteps=7999872, episode_reward=3627.48 +/- 231.58
Episode length: 599.60 +/- 45.81
-----------------------------------------
| eval/                   |             |
|    mean_ep_length       | 600         |
|    mean_reward          | 3.63e+03    |
| time/                   |             |
|    total_timesteps      | 7999872     |
| train/                  |             |
|    approx_kl            | 0.016834183 |
|    clip_fraction        | 0.309       |
|    clip_range           | 0.15        |
|    entropy_loss         | -27.2       |
|    explained_variance   | 0.959       |
|    learning_rate        | 0.0001      |
|    loss                 | -0.282      |
|    n_updates            | 1215        |
|    policy_gradient_loss | -0.0194     |
|    std                  | 1.21        |
|    value_loss           | 0.0254      |
-----------------------------------------
New best mean reward!
---------------------------------
| rollout/           |          |
|    ep_len_mean     | 291      |
|    ep_rew_mean     | 1.64e+03 |
| time/              |          |
|    fps             | 1029     |
|    iterations      | 82       |
|    time_elapsed    | 7829     |
|    total_timesteps | 8060928  |
---------------------------------
-----------------------------------------
| rollout/                |             |
|    ep_len_mean          | 297         |
|    ep_rew_mean          | 1.67e+03    |
| time/                   |             |
|    fps                  | 1029        |
|    iterations           | 83          |
|    time_elapsed         | 7927        |
|    total_timesteps      | 8159232     |
| train/                  |             |
|    approx_kl            | 0.017048495 |
|    clip_fraction        | 0.311       |
|    clip_range           | 0.15        |
|    entropy_loss         | -27.3       |
|    explained_variance   | 0.958       |
|    learning_rate        | 0.0001      |
|    loss                 | -0.264      |
|    n_updates            | 1230        |
|    policy_gradient_loss | -0.0196     |
|    std                  | 1.22        |
|    value_loss           | 0.0249      |
-----------------------------------------
----------------------------------------
| rollout/                |            |
|    ep_len_mean          | 277        |
|    ep_rew_mean          | 1.55e+03   |
| time/                   |            |
|    fps                  | 1028       |
|    iterations           | 84         |
|    time_elapsed         | 8025       |
|    total_timesteps      | 8257536    |
| train/                  |            |
|    approx_kl            | 0.01722797 |
|    clip_fraction        | 0.312      |
|    clip_range           | 0.15       |
|    entropy_loss         | -27.3      |
|    explained_variance   | 0.957      |
|    learning_rate        | 0.0001     |
|    loss                 | -0.271     |
|    n_updates            | 1245       |
|    policy_gradient_loss | -0.0198    |
|    std                  | 1.22       |
|    value_loss           | 0.0245     |
----------------------------------------
-----------------------------------------
| rollout/                |             |
|    ep_len_mean          | 302         |
|    ep_rew_mean          | 1.7e+03     |
| time/                   |             |
|    fps                  | 1028        |
|    iterations           | 85          |
|    time_elapsed         | 8121        |
|    total_timesteps      | 8355840     |
| train/                  |             |
|    approx_kl            | 0.016943267 |
|    clip_fraction        | 0.313       |
|    clip_range           | 0.15        |
|    entropy_loss         | -27.4       |
|    explained_variance   | 0.958       |
|    learning_rate        | 0.0001      |
|    loss                 | -0.27       |
|    n_updates            | 1260        |
|    policy_gradient_loss | -0.0195     |
|    std                  | 1.22        |
|    value_loss           | 0.024       |
-----------------------------------------
-----------------------------------------
| rollout/                |             |
|    ep_len_mean          | 338         |
|    ep_rew_mean          | 1.92e+03    |
| time/                   |             |
|    fps                  | 1028        |
|    iterations           | 86          |
|    time_elapsed         | 8218        |
|    total_timesteps      | 8454144     |
| train/                  |             |
|    approx_kl            | 0.017341554 |
|    clip_fraction        | 0.311       |
|    clip_range           | 0.15        |
|    entropy_loss         | -27.4       |
|    explained_variance   | 0.953       |
|    learning_rate        | 0.0001      |
|    loss                 | -0.285      |
|    n_updates            | 1275        |
|    policy_gradient_loss | -0.0188     |
|    std                  | 1.23        |
|    value_loss           | 0.0258      |
-----------------------------------------
Eval num_timesteps=8499864, episode_reward=3714.02 +/- 113.63
Episode length: 616.00 +/- 23.46
-----------------------------------------
| eval/                   |             |
|    mean_ep_length       | 616         |
|    mean_reward          | 3.71e+03    |
| time/                   |             |
|    total_timesteps      | 8499864     |
| train/                  |             |
|    approx_kl            | 0.017454186 |
|    clip_fraction        | 0.312       |
|    clip_range           | 0.15        |
|    entropy_loss         | -27.5       |
|    explained_variance   | 0.953       |
|    learning_rate        | 0.0001      |
|    loss                 | -0.284      |
|    n_updates            | 1290        |
|    policy_gradient_loss | -0.0196     |
|    std                  | 1.23        |
|    value_loss           | 0.0246      |
-----------------------------------------
New best mean reward!
---------------------------------
| rollout/           |          |
|    ep_len_mean     | 330      |
|    ep_rew_mean     | 1.88e+03 |
| time/              |          |
|    fps             | 1027     |
|    iterations      | 87       |
|    time_elapsed    | 8320     |
|    total_timesteps | 8552448  |
---------------------------------
----------------------------------------
| rollout/                |            |
|    ep_len_mean          | 370        |
|    ep_rew_mean          | 2.11e+03   |
| time/                   |            |
|    fps                  | 1027       |
|    iterations           | 88         |
|    time_elapsed         | 8417       |
|    total_timesteps      | 8650752    |
| train/                  |            |
|    approx_kl            | 0.01733661 |
|    clip_fraction        | 0.311      |
|    clip_range           | 0.15       |
|    entropy_loss         | -27.5      |
|    explained_variance   | 0.95       |
|    learning_rate        | 0.0001     |
|    loss                 | -0.271     |
|    n_updates            | 1305       |
|    policy_gradient_loss | -0.0185    |
|    std                  | 1.23       |
|    value_loss           | 0.0263     |
----------------------------------------
-----------------------------------------
| rollout/                |             |
|    ep_len_mean          | 341         |
|    ep_rew_mean          | 1.96e+03    |
| time/                   |             |
|    fps                  | 1027        |
|    iterations           | 89          |
|    time_elapsed         | 8512        |
|    total_timesteps      | 8749056     |
| train/                  |             |
|    approx_kl            | 0.016987287 |
|    clip_fraction        | 0.316       |
|    clip_range           | 0.15        |
|    entropy_loss         | -27.6       |
|    explained_variance   | 0.947       |
|    learning_rate        | 0.0001      |
|    loss                 | -0.271      |
|    n_updates            | 1320        |
|    policy_gradient_loss | -0.0189     |
|    std                  | 1.24        |
|    value_loss           | 0.027       |
-----------------------------------------
----------------------------------------
| rollout/                |            |
|    ep_len_mean          | 374        |
|    ep_rew_mean          | 2.13e+03   |
| time/                   |            |
|    fps                  | 1027       |
|    iterations           | 90         |
|    time_elapsed         | 8608       |
|    total_timesteps      | 8847360    |
| train/                  |            |
|    approx_kl            | 0.01768375 |
|    clip_fraction        | 0.32       |
|    clip_range           | 0.15       |
|    entropy_loss         | -27.6      |
|    explained_variance   | 0.948      |
|    learning_rate        | 0.0001     |
|    loss                 | -0.279     |
|    n_updates            | 1335       |
|    policy_gradient_loss | -0.019     |
|    std                  | 1.24       |
|    value_loss           | 0.0279     |
----------------------------------------
-----------------------------------------
| rollout/                |             |
|    ep_len_mean          | 376         |
|    ep_rew_mean          | 2.16e+03    |
| time/                   |             |
|    fps                  | 1027        |
|    iterations           | 91          |
|    time_elapsed         | 8704        |
|    total_timesteps      | 8945664     |
| train/                  |             |
|    approx_kl            | 0.017575884 |
|    clip_fraction        | 0.318       |
|    clip_range           | 0.15        |
|    entropy_loss         | -27.7       |
|    explained_variance   | 0.941       |
|    learning_rate        | 0.0001      |
|    loss                 | -0.274      |
|    n_updates            | 1350        |
|    policy_gradient_loss | -0.0185     |
|    std                  | 1.25        |
|    value_loss           | 0.0283      |
-----------------------------------------
Eval num_timesteps=8999856, episode_reward=3602.95 +/- 101.39
Episode length: 594.60 +/- 21.61
-----------------------------------------
| eval/                   |             |
|    mean_ep_length       | 595         |
|    mean_reward          | 3.6e+03     |
| time/                   |             |
|    total_timesteps      | 8999856     |
| train/                  |             |
|    approx_kl            | 0.017896235 |
|    clip_fraction        | 0.325       |
|    clip_range           | 0.15        |
|    entropy_loss         | -27.7       |
|    explained_variance   | 0.938       |
|    learning_rate        | 0.0001      |
|    loss                 | -0.266      |
|    n_updates            | 1365        |
|    policy_gradient_loss | -0.019      |
|    std                  | 1.25        |
|    value_loss           | 0.0286      |
-----------------------------------------
---------------------------------
| rollout/           |          |
|    ep_len_mean     | 386      |
|    ep_rew_mean     | 2.21e+03 |
| time/              |          |
|    fps             | 1027     |
|    iterations      | 92       |
|    time_elapsed    | 8804     |
|    total_timesteps | 9043968  |
---------------------------------
-----------------------------------------
| rollout/                |             |
|    ep_len_mean          | 360         |
|    ep_rew_mean          | 2.07e+03    |
| time/                   |             |
|    fps                  | 1026        |
|    iterations           | 93          |
|    time_elapsed         | 8902        |
|    total_timesteps      | 9142272     |
| train/                  |             |
|    approx_kl            | 0.018077949 |
|    clip_fraction        | 0.322       |
|    clip_range           | 0.15        |
|    entropy_loss         | -27.8       |
|    explained_variance   | 0.939       |
|    learning_rate        | 0.0001      |
|    loss                 | -0.278      |
|    n_updates            | 1380        |
|    policy_gradient_loss | -0.0187     |
|    std                  | 1.25        |
|    value_loss           | 0.0278      |
-----------------------------------------
-----------------------------------------
| rollout/                |             |
|    ep_len_mean          | 378         |
|    ep_rew_mean          | 2.16e+03    |
| time/                   |             |
|    fps                  | 1026        |
|    iterations           | 94          |
|    time_elapsed         | 8998        |
|    total_timesteps      | 9240576     |
| train/                  |             |
|    approx_kl            | 0.018279793 |
|    clip_fraction        | 0.331       |
|    clip_range           | 0.15        |
|    entropy_loss         | -27.9       |
|    explained_variance   | 0.932       |
|    learning_rate        | 0.0001      |
|    loss                 | -0.283      |
|    n_updates            | 1395        |
|    policy_gradient_loss | -0.0183     |
|    std                  | 1.26        |
|    value_loss           | 0.0309      |
-----------------------------------------
-----------------------------------------
| rollout/                |             |
|    ep_len_mean          | 386         |
|    ep_rew_mean          | 2.23e+03    |
| time/                   |             |
|    fps                  | 1026        |
|    iterations           | 95          |
|    time_elapsed         | 9094        |
|    total_timesteps      | 9338880     |
| train/                  |             |
|    approx_kl            | 0.018200437 |
|    clip_fraction        | 0.327       |
|    clip_range           | 0.15        |
|    entropy_loss         | -27.9       |
|    explained_variance   | 0.937       |
|    learning_rate        | 0.0001      |
|    loss                 | -0.288      |
|    n_updates            | 1410        |
|    policy_gradient_loss | -0.0186     |
|    std                  | 1.27        |
|    value_loss           | 0.0294      |
-----------------------------------------
----------------------------------------
| rollout/                |            |
|    ep_len_mean          | 394        |
|    ep_rew_mean          | 2.28e+03   |
| time/                   |            |
|    fps                  | 1026       |
|    iterations           | 96         |
|    time_elapsed         | 9191       |
|    total_timesteps      | 9437184    |
| train/                  |            |
|    approx_kl            | 0.01826358 |
|    clip_fraction        | 0.328      |
|    clip_range           | 0.15       |
|    entropy_loss         | -28        |
|    explained_variance   | 0.933      |
|    learning_rate        | 0.0001     |
|    loss                 | -0.288     |
|    n_updates            | 1425       |
|    policy_gradient_loss | -0.0186    |
|    std                  | 1.27       |
|    value_loss           | 0.029      |
----------------------------------------
Eval num_timesteps=9499848, episode_reward=3425.09 +/- 87.39
Episode length: 554.80 +/- 18.16
-----------------------------------------
| eval/                   |             |
|    mean_ep_length       | 555         |
|    mean_reward          | 3.43e+03    |
| time/                   |             |
|    total_timesteps      | 9499848     |
| train/                  |             |
|    approx_kl            | 0.018268084 |
|    clip_fraction        | 0.333       |
|    clip_range           | 0.15        |
|    entropy_loss         | -28.1       |
|    explained_variance   | 0.924       |
|    learning_rate        | 0.0001      |
|    loss                 | -0.266      |
|    n_updates            | 1440        |
|    policy_gradient_loss | -0.0174     |
|    std                  | 1.28        |
|    value_loss           | 0.0301      |
-----------------------------------------
---------------------------------
| rollout/           |          |
|    ep_len_mean     | 407      |
|    ep_rew_mean     | 2.38e+03 |
| time/              |          |
|    fps             | 1026     |
|    iterations      | 97       |
|    time_elapsed    | 9292     |
|    total_timesteps | 9535488  |
---------------------------------
-----------------------------------------
| rollout/                |             |
|    ep_len_mean          | 437         |
|    ep_rew_mean          | 2.52e+03    |
| time/                   |             |
|    fps                  | 1026        |
|    iterations           | 98          |
|    time_elapsed         | 9388        |
|    total_timesteps      | 9633792     |
| train/                  |             |
|    approx_kl            | 0.018592788 |
|    clip_fraction        | 0.33        |
|    clip_range           | 0.15        |
|    entropy_loss         | -28.2       |
|    explained_variance   | 0.924       |
|    learning_rate        | 0.0001      |
|    loss                 | -0.27       |
|    n_updates            | 1455        |
|    policy_gradient_loss | -0.0175     |
|    std                  | 1.28        |
|    value_loss           | 0.0308      |
-----------------------------------------
-----------------------------------------
| rollout/                |             |
|    ep_len_mean          | 433         |
|    ep_rew_mean          | 2.49e+03    |
| time/                   |             |
|    fps                  | 1025        |
|    iterations           | 99          |
|    time_elapsed         | 9485        |
|    total_timesteps      | 9732096     |
| train/                  |             |
|    approx_kl            | 0.019018596 |
|    clip_fraction        | 0.337       |
|    clip_range           | 0.15        |
|    entropy_loss         | -28.2       |
|    explained_variance   | 0.918       |
|    learning_rate        | 0.0001      |
|    loss                 | -0.284      |
|    n_updates            | 1470        |
|    policy_gradient_loss | -0.0175     |
|    std                  | 1.29        |
|    value_loss           | 0.0327      |
-----------------------------------------
-----------------------------------------
| rollout/                |             |
|    ep_len_mean          | 461         |
|    ep_rew_mean          | 2.71e+03    |
| time/                   |             |
|    fps                  | 1025        |
|    iterations           | 100         |
|    time_elapsed         | 9582        |
|    total_timesteps      | 9830400     |
| train/                  |             |
|    approx_kl            | 0.018857406 |
|    clip_fraction        | 0.342       |
|    clip_range           | 0.15        |
|    entropy_loss         | -28.3       |
|    explained_variance   | 0.918       |
|    learning_rate        | 0.0001      |
|    loss                 | -0.271      |
|    n_updates            | 1485        |
|    policy_gradient_loss | -0.0173     |
|    std                  | 1.3         |
|    value_loss           | 0.0316      |
-----------------------------------------
-----------------------------------------
| rollout/                |             |
|    ep_len_mean          | 478         |
|    ep_rew_mean          | 2.79e+03    |
| time/                   |             |
|    fps                  | 1025        |
|    iterations           | 101         |
|    time_elapsed         | 9678        |
|    total_timesteps      | 9928704     |
| train/                  |             |
|    approx_kl            | 0.019221945 |
|    clip_fraction        | 0.343       |
|    clip_range           | 0.15        |
|    entropy_loss         | -28.4       |
|    explained_variance   | 0.905       |
|    learning_rate        | 0.0001      |
|    loss                 | -0.286      |
|    n_updates            | 1500        |
|    policy_gradient_loss | -0.0169     |
|    std                  | 1.3         |
|    value_loss           | 0.0345      |
-----------------------------------------
Eval num_timesteps=9999840, episode_reward=3311.71 +/- 53.80
Episode length: 532.00 +/- 10.86
-----------------------------------------
| eval/                   |             |
|    mean_ep_length       | 532         |
|    mean_reward          | 3.31e+03    |
| time/                   |             |
|    total_timesteps      | 9999840     |
| train/                  |             |
|    approx_kl            | 0.018917812 |
|    clip_fraction        | 0.342       |
|    clip_range           | 0.15        |
|    entropy_loss         | -28.5       |
|    explained_variance   | 0.907       |
|    learning_rate        | 0.0001      |
|    loss                 | -0.296      |
|    n_updates            | 1515        |
|    policy_gradient_loss | -0.017      |
|    std                  | 1.31        |
|    value_loss           | 0.0327      |
-----------------------------------------
---------------------------------
| rollout/           |          |
|    ep_len_mean     | 451      |
|    ep_rew_mean     | 2.65e+03 |
| time/              |          |
|    fps             | 1025     |
|    iterations      | 102      |
|    time_elapsed    | 9778     |
|    total_timesteps | 10027008 |
---------------------------------
-----------------------------------------
| rollout/                |             |
|    ep_len_mean          | 453         |
|    ep_rew_mean          | 2.66e+03    |
| time/                   |             |
|    fps                  | 1025        |
|    iterations           | 103         |
|    time_elapsed         | 9875        |
|    total_timesteps      | 10125312    |
| train/                  |             |
|    approx_kl            | 0.018965678 |
|    clip_fraction        | 0.341       |
|    clip_range           | 0.15        |
|    entropy_loss         | -28.6       |
|    explained_variance   | 0.908       |
|    learning_rate        | 0.0001      |
|    loss                 | -0.263      |
|    n_updates            | 1530        |
|    policy_gradient_loss | -0.0171     |
|    std                  | 1.31        |
|    value_loss           | 0.0329      |
-----------------------------------------
-----------------------------------------
| rollout/                |             |
|    ep_len_mean          | 422         |
|    ep_rew_mean          | 2.5e+03     |
| time/                   |             |
|    fps                  | 1025        |
|    iterations           | 104         |
|    time_elapsed         | 9971        |
|    total_timesteps      | 10223616    |
| train/                  |             |
|    approx_kl            | 0.019626833 |
|    clip_fraction        | 0.347       |
|    clip_range           | 0.15        |
|    entropy_loss         | -28.6       |
|    explained_variance   | 0.904       |
|    learning_rate        | 0.0001      |
|    loss                 | -0.287      |
|    n_updates            | 1545        |
|    policy_gradient_loss | -0.0174     |
|    std                  | 1.32        |
|    value_loss           | 0.0339      |
-----------------------------------------
-----------------------------------------
| rollout/                |             |
|    ep_len_mean          | 455         |
|    ep_rew_mean          | 2.68e+03    |
| time/                   |             |
|    fps                  | 1025        |
|    iterations           | 105         |
|    time_elapsed         | 10068       |
|    total_timesteps      | 10321920    |
| train/                  |             |
|    approx_kl            | 0.019443832 |
|    clip_fraction        | 0.342       |
|    clip_range           | 0.15        |
|    entropy_loss         | -28.7       |
|    explained_variance   | 0.915       |
|    learning_rate        | 0.0001      |
|    loss                 | -0.288      |
|    n_updates            | 1560        |
|    policy_gradient_loss | -0.0177     |
|    std                  | 1.33        |
|    value_loss           | 0.0316      |
-----------------------------------------
----------------------------------------
| rollout/                |            |
|    ep_len_mean          | 443        |
|    ep_rew_mean          | 2.6e+03    |
| time/                   |            |
|    fps                  | 1025       |
|    iterations           | 106        |
|    time_elapsed         | 10164      |
|    total_timesteps      | 10420224   |
| train/                  |            |
|    approx_kl            | 0.01976184 |
|    clip_fraction        | 0.348      |
|    clip_range           | 0.15       |
|    entropy_loss         | -28.8      |
|    explained_variance   | 0.892      |
|    learning_rate        | 0.0001     |
|    loss                 | -0.267     |
|    n_updates            | 1575       |
|    policy_gradient_loss | -0.0166    |
|    std                  | 1.34       |
|    value_loss           | 0.0363     |
----------------------------------------
Eval num_timesteps=10499832, episode_reward=3452.46 +/- 86.62
Episode length: 562.20 +/- 18.48
----------------------------------------
| eval/                   |            |
|    mean_ep_length       | 562        |
|    mean_reward          | 3.45e+03   |
| time/                   |            |
|    total_timesteps      | 10499832   |
| train/                  |            |
|    approx_kl            | 0.01994714 |
|    clip_fraction        | 0.348      |
|    clip_range           | 0.15       |
|    entropy_loss         | -28.9      |
|    explained_variance   | 0.891      |
|    learning_rate        | 0.0001     |
|    loss                 | -0.295     |
|    n_updates            | 1590       |
|    policy_gradient_loss | -0.0171    |
|    std                  | 1.34       |
|    value_loss           | 0.0358     |
----------------------------------------
---------------------------------
| rollout/           |          |
|    ep_len_mean     | 431      |
|    ep_rew_mean     | 2.54e+03 |
| time/              |          |
|    fps             | 1024     |
|    iterations      | 107      |
|    time_elapsed    | 10264    |
|    total_timesteps | 10518528 |
---------------------------------
-----------------------------------------
| rollout/                |             |
|    ep_len_mean          | 441         |
|    ep_rew_mean          | 2.58e+03    |
| time/                   |             |
|    fps                  | 1024        |
|    iterations           | 108         |
|    time_elapsed         | 10359       |
|    total_timesteps      | 10616832    |
| train/                  |             |
|    approx_kl            | 0.019253412 |
|    clip_fraction        | 0.342       |
|    clip_range           | 0.15        |
|    entropy_loss         | -29         |
|    explained_variance   | 0.898       |
|    learning_rate        | 0.0001      |
|    loss                 | -0.272      |
|    n_updates            | 1605        |
|    policy_gradient_loss | -0.0165     |
|    std                  | 1.35        |
|    value_loss           | 0.0362      |
-----------------------------------------
-----------------------------------------
| rollout/                |             |
|    ep_len_mean          | 446         |
|    ep_rew_mean          | 2.61e+03    |
| time/                   |             |
|    fps                  | 1024        |
|    iterations           | 109         |
|    time_elapsed         | 10455       |
|    total_timesteps      | 10715136    |
| train/                  |             |
|    approx_kl            | 0.019728554 |
|    clip_fraction        | 0.349       |
|    clip_range           | 0.15        |
|    entropy_loss         | -29.1       |
|    explained_variance   | 0.896       |
|    learning_rate        | 0.0001      |
|    loss                 | -0.297      |
|    n_updates            | 1620        |
|    policy_gradient_loss | -0.0169     |
|    std                  | 1.36        |
|    value_loss           | 0.0347      |
-----------------------------------------
-----------------------------------------
| rollout/                |             |
|    ep_len_mean          | 473         |
|    ep_rew_mean          | 2.77e+03    |
| time/                   |             |
|    fps                  | 1024        |
|    iterations           | 110         |
|    time_elapsed         | 10551       |
|    total_timesteps      | 10813440    |
| train/                  |             |
|    approx_kl            | 0.019352712 |
|    clip_fraction        | 0.346       |
|    clip_range           | 0.15        |
|    entropy_loss         | -29.2       |
|    explained_variance   | 0.902       |
|    learning_rate        | 0.0001      |
|    loss                 | -0.281      |
|    n_updates            | 1635        |
|    policy_gradient_loss | -0.0166     |
|    std                  | 1.37        |
|    value_loss           | 0.0322      |
-----------------------------------------
-----------------------------------------
| rollout/                |             |
|    ep_len_mean          | 479         |
|    ep_rew_mean          | 2.83e+03    |
| time/                   |             |
|    fps                  | 1024        |
|    iterations           | 111         |
|    time_elapsed         | 10647       |
|    total_timesteps      | 10911744    |
| train/                  |             |
|    approx_kl            | 0.019632556 |
|    clip_fraction        | 0.351       |
|    clip_range           | 0.15        |
|    entropy_loss         | -29.3       |
|    explained_variance   | 0.894       |
|    learning_rate        | 0.0001      |
|    loss                 | -0.288      |
|    n_updates            | 1650        |
|    policy_gradient_loss | -0.0171     |
|    std                  | 1.38        |
|    value_loss           | 0.0333      |
-----------------------------------------
Eval num_timesteps=10999824, episode_reward=3249.37 +/- 125.05
Episode length: 519.20 +/- 26.60
-----------------------------------------
| eval/                   |             |
|    mean_ep_length       | 519         |
|    mean_reward          | 3.25e+03    |
| time/                   |             |
|    total_timesteps      | 10999824    |
| train/                  |             |
|    approx_kl            | 0.019262314 |
|    clip_fraction        | 0.346       |
|    clip_range           | 0.15        |
|    entropy_loss         | -29.4       |
|    explained_variance   | 0.893       |
|    learning_rate        | 0.0001      |
|    loss                 | -0.303      |
|    n_updates            | 1665        |
|    policy_gradient_loss | -0.0163     |
|    std                  | 1.39        |
|    value_loss           | 0.034       |
-----------------------------------------
---------------------------------
| rollout/           |          |
|    ep_len_mean     | 472      |
|    ep_rew_mean     | 2.77e+03 |
| time/              |          |
|    fps             | 1024     |
|    iterations      | 112      |
|    time_elapsed    | 10745    |
|    total_timesteps | 11010048 |
---------------------------------
----------------------------------------
| rollout/                |            |
|    ep_len_mean          | 451        |
|    ep_rew_mean          | 2.65e+03   |
| time/                   |            |
|    fps                  | 1024       |
|    iterations           | 113        |
|    time_elapsed         | 10841      |
|    total_timesteps      | 11108352   |
| train/                  |            |
|    approx_kl            | 0.02022891 |
|    clip_fraction        | 0.352      |
|    clip_range           | 0.15       |
|    entropy_loss         | -29.5      |
|    explained_variance   | 0.89       |
|    learning_rate        | 0.0001     |
|    loss                 | -0.279     |
|    n_updates            | 1680       |
|    policy_gradient_loss | -0.0174    |
|    std                  | 1.39       |
|    value_loss           | 0.033      |
----------------------------------------
-----------------------------------------
| rollout/                |             |
|    ep_len_mean          | 478         |
|    ep_rew_mean          | 2.81e+03    |
| time/                   |             |
|    fps                  | 1024        |
|    iterations           | 114         |
|    time_elapsed         | 10937       |
|    total_timesteps      | 11206656    |
| train/                  |             |
|    approx_kl            | 0.020106534 |
|    clip_fraction        | 0.353       |
|    clip_range           | 0.15        |
|    entropy_loss         | -29.6       |
|    explained_variance   | 0.892       |
|    learning_rate        | 0.0001      |
|    loss                 | -0.279      |
|    n_updates            | 1695        |
|    policy_gradient_loss | -0.017      |
|    std                  | 1.4         |
|    value_loss           | 0.0341      |
-----------------------------------------
-----------------------------------------
| rollout/                |             |
|    ep_len_mean          | 493         |
|    ep_rew_mean          | 2.89e+03    |
| time/                   |             |
|    fps                  | 1024        |
|    iterations           | 115         |
|    time_elapsed         | 11033       |
|    total_timesteps      | 11304960    |
| train/                  |             |
|    approx_kl            | 0.020075837 |
|    clip_fraction        | 0.355       |
|    clip_range           | 0.15        |
|    entropy_loss         | -29.7       |
|    explained_variance   | 0.888       |
|    learning_rate        | 0.0001      |
|    loss                 | -0.248      |
|    n_updates            | 1710        |
|    policy_gradient_loss | -0.0166     |
|    std                  | 1.41        |
|    value_loss           | 0.0347      |
-----------------------------------------
-----------------------------------------
| rollout/                |             |
|    ep_len_mean          | 472         |
|    ep_rew_mean          | 2.78e+03    |
| time/                   |             |
|    fps                  | 1024        |
|    iterations           | 116         |
|    time_elapsed         | 11130       |
|    total_timesteps      | 11403264    |
| train/                  |             |
|    approx_kl            | 0.019907614 |
|    clip_fraction        | 0.349       |
|    clip_range           | 0.15        |
|    entropy_loss         | -29.8       |
|    explained_variance   | 0.884       |
|    learning_rate        | 0.0001      |
|    loss                 | -0.283      |
|    n_updates            | 1725        |
|    policy_gradient_loss | -0.017      |
|    std                  | 1.42        |
|    value_loss           | 0.0342      |
-----------------------------------------
Eval num_timesteps=11499816, episode_reward=3314.61 +/- 130.42
Episode length: 531.80 +/- 28.70
-----------------------------------------
| eval/                   |             |
|    mean_ep_length       | 532         |
|    mean_reward          | 3.31e+03    |
| time/                   |             |
|    total_timesteps      | 11499816    |
| train/                  |             |
|    approx_kl            | 0.020380251 |
|    clip_fraction        | 0.359       |
|    clip_range           | 0.15        |
|    entropy_loss         | -29.9       |
|    explained_variance   | 0.881       |
|    learning_rate        | 0.0001      |
|    loss                 | -0.285      |
|    n_updates            | 1740        |
|    policy_gradient_loss | -0.0174     |
|    std                  | 1.43        |
|    value_loss           | 0.0359      |
-----------------------------------------
---------------------------------
| rollout/           |          |
|    ep_len_mean     | 510      |
|    ep_rew_mean     | 3e+03    |
| time/              |          |
|    fps             | 1024     |
|    iterations      | 117      |
|    time_elapsed    | 11230    |
|    total_timesteps | 11501568 |
---------------------------------
-----------------------------------------
| rollout/                |             |
|    ep_len_mean          | 498         |
|    ep_rew_mean          | 2.92e+03    |
| time/                   |             |
|    fps                  | 1024        |
|    iterations           | 118         |
|    time_elapsed         | 11327       |
|    total_timesteps      | 11599872    |
| train/                  |             |
|    approx_kl            | 0.020151328 |
|    clip_fraction        | 0.354       |
|    clip_range           | 0.15        |
|    entropy_loss         | -30         |
|    explained_variance   | 0.875       |
|    learning_rate        | 0.0001      |
|    loss                 | -0.297      |
|    n_updates            | 1755        |
|    policy_gradient_loss | -0.0168     |
|    std                  | 1.44        |
|    value_loss           | 0.0328      |
-----------------------------------------
----------------------------------------
| rollout/                |            |
|    ep_len_mean          | 492        |
|    ep_rew_mean          | 2.9e+03    |
| time/                   |            |
|    fps                  | 1024       |
|    iterations           | 119        |
|    time_elapsed         | 11423      |
|    total_timesteps      | 11698176   |
| train/                  |            |
|    approx_kl            | 0.02003342 |
|    clip_fraction        | 0.353      |
|    clip_range           | 0.15       |
|    entropy_loss         | -30.1      |
|    explained_variance   | 0.877      |
|    learning_rate        | 0.0001     |
|    loss                 | -0.299     |
|    n_updates            | 1770       |
|    policy_gradient_loss | -0.0163    |
|    std                  | 1.45       |
|    value_loss           | 0.0325     |
----------------------------------------
-----------------------------------------
| rollout/                |             |
|    ep_len_mean          | 506         |
|    ep_rew_mean          | 2.97e+03    |
| time/                   |             |
|    fps                  | 1024        |
|    iterations           | 120         |
|    time_elapsed         | 11518       |
|    total_timesteps      | 11796480    |
| train/                  |             |
|    approx_kl            | 0.020167993 |
|    clip_fraction        | 0.359       |
|    clip_range           | 0.15        |
|    entropy_loss         | -30.3       |
|    explained_variance   | 0.882       |
|    learning_rate        | 0.0001      |
|    loss                 | -0.264      |
|    n_updates            | 1785        |
|    policy_gradient_loss | -0.0168     |
|    std                  | 1.46        |
|    value_loss           | 0.034       |
-----------------------------------------
-----------------------------------------
| rollout/                |             |
|    ep_len_mean          | 516         |
|    ep_rew_mean          | 3.02e+03    |
| time/                   |             |
|    fps                  | 1023        |
|    iterations           | 121         |
|    time_elapsed         | 11616       |
|    total_timesteps      | 11894784    |
| train/                  |             |
|    approx_kl            | 0.020246504 |
|    clip_fraction        | 0.356       |
|    clip_range           | 0.15        |
|    entropy_loss         | -30.4       |
|    explained_variance   | 0.869       |
|    learning_rate        | 0.0001      |
|    loss                 | -0.305      |
|    n_updates            | 1800        |
|    policy_gradient_loss | -0.0166     |
|    std                  | 1.47        |
|    value_loss           | 0.0349      |
-----------------------------------------
-----------------------------------------
| rollout/                |             |
|    ep_len_mean          | 511         |
|    ep_rew_mean          | 3e+03       |
| time/                   |             |
|    fps                  | 1023        |
|    iterations           | 122         |
|    time_elapsed         | 11712       |
|    total_timesteps      | 11993088    |
| train/                  |             |
|    approx_kl            | 0.019994495 |
|    clip_fraction        | 0.351       |
|    clip_range           | 0.15        |
|    entropy_loss         | -30.5       |
|    explained_variance   | 0.875       |
|    learning_rate        | 0.0001      |
|    loss                 | -0.302      |
|    n_updates            | 1815        |
|    policy_gradient_loss | -0.0165     |
|    std                  | 1.48        |
|    value_loss           | 0.0325      |
-----------------------------------------
Eval num_timesteps=11999808, episode_reward=3327.53 +/- 48.21
Episode length: 539.40 +/- 9.46
----------------------------------------
| eval/                   |            |
|    mean_ep_length       | 539        |
|    mean_reward          | 3.33e+03   |
| time/                   |            |
|    total_timesteps      | 11999808   |
| train/                  |            |
|    approx_kl            | 0.02005296 |
|    clip_fraction        | 0.353      |
|    clip_range           | 0.15       |
|    entropy_loss         | -30.6      |
|    explained_variance   | 0.87       |
|    learning_rate        | 0.0001     |
|    loss                 | -0.286     |
|    n_updates            | 1830       |
|    policy_gradient_loss | -0.0162    |
|    std                  | 1.49       |
|    value_loss           | 0.0345     |
----------------------------------------
---------------------------------
| rollout/           |          |
|    ep_len_mean     | 523      |
|    ep_rew_mean     | 3.06e+03 |
| time/              |          |
|    fps             | 1023     |
|    iterations      | 123      |
|    time_elapsed    | 11812    |
|    total_timesteps | 12091392 |
---------------------------------
-----------------------------------------
| rollout/                |             |
|    ep_len_mean          | 505         |
|    ep_rew_mean          | 2.96e+03    |
| time/                   |             |
|    fps                  | 1023        |
|    iterations           | 124         |
|    time_elapsed         | 11908       |
|    total_timesteps      | 12189696    |
| train/                  |             |
|    approx_kl            | 0.019798856 |
|    clip_fraction        | 0.354       |
|    clip_range           | 0.15        |
|    entropy_loss         | -30.7       |
|    explained_variance   | 0.859       |
|    learning_rate        | 0.0001      |
|    loss                 | -0.313      |
|    n_updates            | 1845        |
|    policy_gradient_loss | -0.0161     |
|    std                  | 1.49        |
|    value_loss           | 0.0338      |
-----------------------------------------
----------------------------------------
| rollout/                |            |
|    ep_len_mean          | 508        |
|    ep_rew_mean          | 2.99e+03   |
| time/                   |            |
|    fps                  | 1023       |
|    iterations           | 125        |
|    time_elapsed         | 12004      |
|    total_timesteps      | 12288000   |
| train/                  |            |
|    approx_kl            | 0.01995577 |
|    clip_fraction        | 0.351      |
|    clip_range           | 0.15       |
|    entropy_loss         | -30.8      |
|    explained_variance   | 0.868      |
|    learning_rate        | 0.0001     |
|    loss                 | -0.304     |
|    n_updates            | 1860       |
|    policy_gradient_loss | -0.0167    |
|    std                  | 1.5        |
|    value_loss           | 0.0318     |
----------------------------------------
-----------------------------------------
| rollout/                |             |
|    ep_len_mean          | 516         |
|    ep_rew_mean          | 3.03e+03    |
| time/                   |             |
|    fps                  | 1023        |
|    iterations           | 126         |
|    time_elapsed         | 12101       |
|    total_timesteps      | 12386304    |
| train/                  |             |
|    approx_kl            | 0.020109728 |
|    clip_fraction        | 0.355       |
|    clip_range           | 0.15        |
|    entropy_loss         | -30.9       |
|    explained_variance   | 0.863       |
|    learning_rate        | 0.0001      |
|    loss                 | -0.309      |
|    n_updates            | 1875        |
|    policy_gradient_loss | -0.0166     |
|    std                  | 1.51        |
|    value_loss           | 0.0336      |
-----------------------------------------
-----------------------------------------
| rollout/                |             |
|    ep_len_mean          | 491         |
|    ep_rew_mean          | 2.9e+03     |
| time/                   |             |
|    fps                  | 1023        |
|    iterations           | 127         |
|    time_elapsed         | 12198       |
|    total_timesteps      | 12484608    |
| train/                  |             |
|    approx_kl            | 0.019634554 |
|    clip_fraction        | 0.35        |
|    clip_range           | 0.15        |
|    entropy_loss         | -31         |
|    explained_variance   | 0.853       |
|    learning_rate        | 0.0001      |
|    loss                 | -0.291      |
|    n_updates            | 1890        |
|    policy_gradient_loss | -0.0164     |
|    std                  | 1.52        |
|    value_loss           | 0.0329      |
-----------------------------------------
Eval num_timesteps=12499800, episode_reward=3320.60 +/- 97.55
Episode length: 535.20 +/- 21.16
-----------------------------------------
| eval/                   |             |
|    mean_ep_length       | 535         |
|    mean_reward          | 3.32e+03    |
| time/                   |             |
|    total_timesteps      | 12499800    |
| train/                  |             |
|    approx_kl            | 0.019680956 |
|    clip_fraction        | 0.353       |
|    clip_range           | 0.15        |
|    entropy_loss         | -31.1       |
|    explained_variance   | 0.857       |
|    learning_rate        | 0.0001      |
|    loss                 | -0.312      |
|    n_updates            | 1905        |
|    policy_gradient_loss | -0.0164     |
|    std                  | 1.53        |
|    value_loss           | 0.0331      |
-----------------------------------------
---------------------------------
| rollout/           |          |
|    ep_len_mean     | 493      |
|    ep_rew_mean     | 2.89e+03 |
| time/              |          |
|    fps             | 1023     |
|    iterations      | 128      |
|    time_elapsed    | 12296    |
|    total_timesteps | 12582912 |
---------------------------------
-----------------------------------------
| rollout/                |             |
|    ep_len_mean          | 514         |
|    ep_rew_mean          | 3.03e+03    |
| time/                   |             |
|    fps                  | 1023        |
|    iterations           | 129         |
|    time_elapsed         | 12394       |
|    total_timesteps      | 12681216    |
| train/                  |             |
|    approx_kl            | 0.020180026 |
|    clip_fraction        | 0.356       |
|    clip_range           | 0.15        |
|    entropy_loss         | -31.2       |
|    explained_variance   | 0.864       |
|    learning_rate        | 0.0001      |
|    loss                 | -0.322      |
|    n_updates            | 1920        |
|    policy_gradient_loss | -0.0166     |
|    std                  | 1.55        |
|    value_loss           | 0.0328      |
-----------------------------------------
-----------------------------------------
| rollout/                |             |
|    ep_len_mean          | 524         |
|    ep_rew_mean          | 3.08e+03    |
| time/                   |             |
|    fps                  | 1023        |
|    iterations           | 130         |
|    time_elapsed         | 12489       |
|    total_timesteps      | 12779520    |
| train/                  |             |
|    approx_kl            | 0.019860303 |
|    clip_fraction        | 0.35        |
|    clip_range           | 0.15        |
|    entropy_loss         | -31.3       |
|    explained_variance   | 0.858       |
|    learning_rate        | 0.0001      |
|    loss                 | -0.307      |
|    n_updates            | 1935        |
|    policy_gradient_loss | -0.0168     |
|    std                  | 1.56        |
|    value_loss           | 0.032       |
-----------------------------------------
-----------------------------------------
| rollout/                |             |
|    ep_len_mean          | 529         |
|    ep_rew_mean          | 3.1e+03     |
| time/                   |             |
|    fps                  | 1023        |
|    iterations           | 131         |
|    time_elapsed         | 12587       |
|    total_timesteps      | 12877824    |
| train/                  |             |
|    approx_kl            | 0.019546377 |
|    clip_fraction        | 0.349       |
|    clip_range           | 0.15        |
|    entropy_loss         | -31.4       |
|    explained_variance   | 0.874       |
|    learning_rate        | 0.0001      |
|    loss                 | -0.288      |
|    n_updates            | 1950        |
|    policy_gradient_loss | -0.017      |
|    std                  | 1.56        |
|    value_loss           | 0.0306      |
-----------------------------------------
-----------------------------------------
| rollout/                |             |
|    ep_len_mean          | 506         |
|    ep_rew_mean          | 2.98e+03    |
| time/                   |             |
|    fps                  | 1022        |
|    iterations           | 132         |
|    time_elapsed         | 12684       |
|    total_timesteps      | 12976128    |
| train/                  |             |
|    approx_kl            | 0.019769536 |
|    clip_fraction        | 0.352       |
|    clip_range           | 0.15        |
|    entropy_loss         | -31.6       |
|    explained_variance   | 0.861       |
|    learning_rate        | 0.0001      |
|    loss                 | -0.298      |
|    n_updates            | 1965        |
|    policy_gradient_loss | -0.016      |
|    std                  | 1.58        |
|    value_loss           | 0.0315      |
-----------------------------------------
Eval num_timesteps=12999792, episode_reward=3295.87 +/- 64.97
Episode length: 529.80 +/- 14.74
-----------------------------------------
| eval/                   |             |
|    mean_ep_length       | 530         |
|    mean_reward          | 3.3e+03     |
| time/                   |             |
|    total_timesteps      | 12999792    |
| train/                  |             |
|    approx_kl            | 0.020077577 |
|    clip_fraction        | 0.353       |
|    clip_range           | 0.15        |
|    entropy_loss         | -31.7       |
|    explained_variance   | 0.858       |
|    learning_rate        | 0.0001      |
|    loss                 | -0.32       |
|    n_updates            | 1980        |
|    policy_gradient_loss | -0.0164     |
|    std                  | 1.59        |
|    value_loss           | 0.0331      |
-----------------------------------------
---------------------------------
| rollout/           |          |
|    ep_len_mean     | 513      |
|    ep_rew_mean     | 3e+03    |
| time/              |          |
|    fps             | 1022     |
|    iterations      | 133      |
|    time_elapsed    | 12783    |
|    total_timesteps | 13074432 |
---------------------------------
----------------------------------------
| rollout/                |            |
|    ep_len_mean          | 508        |
|    ep_rew_mean          | 2.99e+03   |
| time/                   |            |
|    fps                  | 1022       |
|    iterations           | 134        |
|    time_elapsed         | 12880      |
|    total_timesteps      | 13172736   |
| train/                  |            |
|    approx_kl            | 0.01982547 |
|    clip_fraction        | 0.346      |
|    clip_range           | 0.15       |
|    entropy_loss         | -31.8      |
|    explained_variance   | 0.863      |
|    learning_rate        | 0.0001     |
|    loss                 | -0.332     |
|    n_updates            | 1995       |
|    policy_gradient_loss | -0.0165    |
|    std                  | 1.6        |
|    value_loss           | 0.032      |
----------------------------------------
-----------------------------------------
| rollout/                |             |
|    ep_len_mean          | 539         |
|    ep_rew_mean          | 3.16e+03    |
| time/                   |             |
|    fps                  | 1022        |
|    iterations           | 135         |
|    time_elapsed         | 12977       |
|    total_timesteps      | 13271040    |
| train/                  |             |
|    approx_kl            | 0.020114776 |
|    clip_fraction        | 0.354       |
|    clip_range           | 0.15        |
|    entropy_loss         | -31.9       |
|    explained_variance   | 0.852       |
|    learning_rate        | 0.0001      |
|    loss                 | -0.323      |
|    n_updates            | 2010        |
|    policy_gradient_loss | -0.0162     |
|    std                  | 1.61        |
|    value_loss           | 0.0327      |
-----------------------------------------
-----------------------------------------
| rollout/                |             |
|    ep_len_mean          | 537         |
|    ep_rew_mean          | 3.14e+03    |
| time/                   |             |
|    fps                  | 1022        |
|    iterations           | 136         |
|    time_elapsed         | 13072       |
|    total_timesteps      | 13369344    |
| train/                  |             |
|    approx_kl            | 0.020071229 |
|    clip_fraction        | 0.353       |
|    clip_range           | 0.15        |
|    entropy_loss         | -32         |
|    explained_variance   | 0.858       |
|    learning_rate        | 0.0001      |
|    loss                 | -0.317      |
|    n_updates            | 2025        |
|    policy_gradient_loss | -0.0166     |
|    std                  | 1.62        |
|    value_loss           | 0.0318      |
-----------------------------------------
-----------------------------------------
| rollout/                |             |
|    ep_len_mean          | 507         |
|    ep_rew_mean          | 2.97e+03    |
| time/                   |             |
|    fps                  | 1022        |
|    iterations           | 137         |
|    time_elapsed         | 13171       |
|    total_timesteps      | 13467648    |
| train/                  |             |
|    approx_kl            | 0.020199113 |
|    clip_fraction        | 0.354       |
|    clip_range           | 0.15        |
|    entropy_loss         | -32.1       |
|    explained_variance   | 0.867       |
|    learning_rate        | 0.0001      |
|    loss                 | -0.34       |
|    n_updates            | 2040        |
|    policy_gradient_loss | -0.0164     |
|    std                  | 1.63        |
|    value_loss           | 0.0293      |
-----------------------------------------
Eval num_timesteps=13499784, episode_reward=3390.03 +/- 83.33
Episode length: 551.60 +/- 17.43
----------------------------------------
| eval/                   |            |
|    mean_ep_length       | 552        |
|    mean_reward          | 3.39e+03   |
| time/                   |            |
|    total_timesteps      | 13499784   |
| train/                  |            |
|    approx_kl            | 0.01971156 |
|    clip_fraction        | 0.35       |
|    clip_range           | 0.15       |
|    entropy_loss         | -32.3      |
|    explained_variance   | 0.863      |
|    learning_rate        | 0.0001     |
|    loss                 | -0.31      |
|    n_updates            | 2055       |
|    policy_gradient_loss | -0.0164    |
|    std                  | 1.64       |
|    value_loss           | 0.0311     |
----------------------------------------
---------------------------------
| rollout/           |          |
|    ep_len_mean     | 530      |
|    ep_rew_mean     | 3.11e+03 |
| time/              |          |
|    fps             | 1022     |
|    iterations      | 138      |
|    time_elapsed    | 13271    |
|    total_timesteps | 13565952 |
---------------------------------
-----------------------------------------
| rollout/                |             |
|    ep_len_mean          | 569         |
|    ep_rew_mean          | 3.35e+03    |
| time/                   |             |
|    fps                  | 1022        |
|    iterations           | 139         |
|    time_elapsed         | 13367       |
|    total_timesteps      | 13664256    |
| train/                  |             |
|    approx_kl            | 0.020130474 |
|    clip_fraction        | 0.353       |
|    clip_range           | 0.15        |
|    entropy_loss         | -32.4       |
|    explained_variance   | 0.854       |
|    learning_rate        | 0.0001      |
|    loss                 | -0.31       |
|    n_updates            | 2070        |
|    policy_gradient_loss | -0.0164     |
|    std                  | 1.66        |
|    value_loss           | 0.0306      |
-----------------------------------------
-----------------------------------------
| rollout/                |             |
|    ep_len_mean          | 517         |
|    ep_rew_mean          | 3.02e+03    |
| time/                   |             |
|    fps                  | 1022        |
|    iterations           | 140         |
|    time_elapsed         | 13463       |
|    total_timesteps      | 13762560    |
| train/                  |             |
|    approx_kl            | 0.019991871 |
|    clip_fraction        | 0.349       |
|    clip_range           | 0.15        |
|    entropy_loss         | -32.5       |
|    explained_variance   | 0.845       |
|    learning_rate        | 0.0001      |
|    loss                 | -0.34       |
|    n_updates            | 2085        |
|    policy_gradient_loss | -0.0164     |
|    std                  | 1.67        |
|    value_loss           | 0.0318      |
-----------------------------------------
-----------------------------------------
| rollout/                |             |
|    ep_len_mean          | 506         |
|    ep_rew_mean          | 2.97e+03    |
| time/                   |             |
|    fps                  | 1022        |
|    iterations           | 141         |
|    time_elapsed         | 13558       |
|    total_timesteps      | 13860864    |
| train/                  |             |
|    approx_kl            | 0.019801805 |
|    clip_fraction        | 0.35        |
|    clip_range           | 0.15        |
|    entropy_loss         | -32.6       |
|    explained_variance   | 0.855       |
|    learning_rate        | 0.0001      |
|    loss                 | -0.315      |
|    n_updates            | 2100        |
|    policy_gradient_loss | -0.0165     |
|    std                  | 1.68        |
|    value_loss           | 0.0316      |
-----------------------------------------
---------------------------------------
| rollout/                |           |
|    ep_len_mean          | 520       |
|    ep_rew_mean          | 3.01e+03  |
| time/                   |           |
|    fps                  | 1022      |
|    iterations           | 142       |
|    time_elapsed         | 13654     |
|    total_timesteps      | 13959168  |
| train/                  |           |
|    approx_kl            | 0.0194285 |
|    clip_fraction        | 0.346     |
|    clip_range           | 0.15      |
|    entropy_loss         | -32.7     |
|    explained_variance   | 0.857     |
|    learning_rate        | 0.0001    |
|    loss                 | -0.342    |
|    n_updates            | 2115      |
|    policy_gradient_loss | -0.0162   |
|    std                  | 1.69      |
|    value_loss           | 0.0312    |
---------------------------------------
Eval num_timesteps=13999776, episode_reward=3486.69 +/- 33.20
Episode length: 573.00 +/- 7.51
-----------------------------------------
| eval/                   |             |
|    mean_ep_length       | 573         |
|    mean_reward          | 3.49e+03    |
| time/                   |             |
|    total_timesteps      | 13999776    |
| train/                  |             |
|    approx_kl            | 0.019608244 |
|    clip_fraction        | 0.347       |
|    clip_range           | 0.15        |
|    entropy_loss         | -32.8       |
|    explained_variance   | 0.866       |
|    learning_rate        | 0.0001      |
|    loss                 | -0.324      |
|    n_updates            | 2130        |
|    policy_gradient_loss | -0.0167     |
|    std                  | 1.7         |
|    value_loss           | 0.0305      |
-----------------------------------------
---------------------------------
| rollout/           |          |
|    ep_len_mean     | 516      |
|    ep_rew_mean     | 3.01e+03 |
| time/              |          |
|    fps             | 1022     |
|    iterations      | 143      |
|    time_elapsed    | 13754    |
|    total_timesteps | 14057472 |
---------------------------------
-----------------------------------------
| rollout/                |             |
|    ep_len_mean          | 505         |
|    ep_rew_mean          | 2.94e+03    |
| time/                   |             |
|    fps                  | 1022        |
|    iterations           | 144         |
|    time_elapsed         | 13849       |
|    total_timesteps      | 14155776    |
| train/                  |             |
|    approx_kl            | 0.020453257 |
|    clip_fraction        | 0.355       |
|    clip_range           | 0.15        |
|    entropy_loss         | -33         |
|    explained_variance   | 0.859       |
|    learning_rate        | 0.0001      |
|    loss                 | -0.316      |
|    n_updates            | 2145        |
|    policy_gradient_loss | -0.0162     |
|    std                  | 1.71        |
|    value_loss           | 0.0311      |
-----------------------------------------
-----------------------------------------
| rollout/                |             |
|    ep_len_mean          | 524         |
|    ep_rew_mean          | 3.09e+03    |
| time/                   |             |
|    fps                  | 1022        |
|    iterations           | 145         |
|    time_elapsed         | 13946       |
|    total_timesteps      | 14254080    |
| train/                  |             |
|    approx_kl            | 0.019535558 |
|    clip_fraction        | 0.346       |
|    clip_range           | 0.15        |
|    entropy_loss         | -33.1       |
|    explained_variance   | 0.868       |
|    learning_rate        | 0.0001      |
|    loss                 | -0.306      |
|    n_updates            | 2160        |
|    policy_gradient_loss | -0.0165     |
|    std                  | 1.73        |
|    value_loss           | 0.0311      |
-----------------------------------------
-----------------------------------------
| rollout/                |             |
|    ep_len_mean          | 515         |
|    ep_rew_mean          | 3.03e+03    |
| time/                   |             |
|    fps                  | 1021        |
|    iterations           | 146         |
|    time_elapsed         | 14044       |
|    total_timesteps      | 14352384    |
| train/                  |             |
|    approx_kl            | 0.019716367 |
|    clip_fraction        | 0.344       |
|    clip_range           | 0.15        |
|    entropy_loss         | -33.2       |
|    explained_variance   | 0.865       |
|    learning_rate        | 0.0001      |
|    loss                 | -0.321      |
|    n_updates            | 2175        |
|    policy_gradient_loss | -0.0167     |
|    std                  | 1.74        |
|    value_loss           | 0.0309      |
-----------------------------------------
-----------------------------------------
| rollout/                |             |
|    ep_len_mean          | 503         |
|    ep_rew_mean          | 2.97e+03    |
| time/                   |             |
|    fps                  | 1021        |
|    iterations           | 147         |
|    time_elapsed         | 14141       |
|    total_timesteps      | 14450688    |
| train/                  |             |
|    approx_kl            | 0.019741656 |
|    clip_fraction        | 0.348       |
|    clip_range           | 0.15        |
|    entropy_loss         | -33.3       |
|    explained_variance   | 0.86        |
|    learning_rate        | 0.0001      |
|    loss                 | -0.316      |
|    n_updates            | 2190        |
|    policy_gradient_loss | -0.0164     |
|    std                  | 1.75        |
|    value_loss           | 0.0307      |
-----------------------------------------
Eval num_timesteps=14499768, episode_reward=3338.52 +/- 29.28
Episode length: 540.20 +/- 6.37
-----------------------------------------
| eval/                   |             |
|    mean_ep_length       | 540         |
|    mean_reward          | 3.34e+03    |
| time/                   |             |
|    total_timesteps      | 14499768    |
| train/                  |             |
|    approx_kl            | 0.019216953 |
|    clip_fraction        | 0.345       |
|    clip_range           | 0.15        |
|    entropy_loss         | -33.4       |
|    explained_variance   | 0.858       |
|    learning_rate        | 0.0001      |
|    loss                 | -0.302      |
|    n_updates            | 2205        |
|    policy_gradient_loss | -0.0165     |
|    std                  | 1.76        |
|    value_loss           | 0.0302      |
-----------------------------------------
---------------------------------
| rollout/           |          |
|    ep_len_mean     | 507      |
|    ep_rew_mean     | 2.98e+03 |
| time/              |          |
|    fps             | 1021     |
|    iterations      | 148      |
|    time_elapsed    | 14242    |
|    total_timesteps | 14548992 |
---------------------------------
-----------------------------------------
| rollout/                |             |
|    ep_len_mean          | 495         |
|    ep_rew_mean          | 2.9e+03     |
| time/                   |             |
|    fps                  | 1021        |
|    iterations           | 149         |
|    time_elapsed         | 14339       |
|    total_timesteps      | 14647296    |
| train/                  |             |
|    approx_kl            | 0.019634882 |
|    clip_fraction        | 0.346       |
|    clip_range           | 0.15        |
|    entropy_loss         | -33.5       |
|    explained_variance   | 0.857       |
|    learning_rate        | 0.0001      |
|    loss                 | -0.329      |
|    n_updates            | 2220        |
|    policy_gradient_loss | -0.0165     |
|    std                  | 1.77        |
|    value_loss           | 0.0311      |
-----------------------------------------
-----------------------------------------
| rollout/                |             |
|    ep_len_mean          | 511         |
|    ep_rew_mean          | 3e+03       |
| time/                   |             |
|    fps                  | 1021        |
|    iterations           | 150         |
|    time_elapsed         | 14436       |
|    total_timesteps      | 14745600    |
| train/                  |             |
|    approx_kl            | 0.019210773 |
|    clip_fraction        | 0.342       |
|    clip_range           | 0.15        |
|    entropy_loss         | -33.6       |
|    explained_variance   | 0.873       |
|    learning_rate        | 0.0001      |
|    loss                 | -0.346      |
|    n_updates            | 2235        |
|    policy_gradient_loss | -0.0171     |
|    std                  | 1.79        |
|    value_loss           | 0.0286      |
-----------------------------------------
-----------------------------------------
| rollout/                |             |
|    ep_len_mean          | 498         |
|    ep_rew_mean          | 2.93e+03    |
| time/                   |             |
|    fps                  | 1021        |
|    iterations           | 151         |
|    time_elapsed         | 14533       |
|    total_timesteps      | 14843904    |
| train/                  |             |
|    approx_kl            | 0.018822724 |
|    clip_fraction        | 0.338       |
|    clip_range           | 0.15        |
|    entropy_loss         | -33.8       |
|    explained_variance   | 0.862       |
|    learning_rate        | 0.0001      |
|    loss                 | -0.345      |
|    n_updates            | 2250        |
|    policy_gradient_loss | -0.0166     |
|    std                  | 1.8         |
|    value_loss           | 0.0294      |
-----------------------------------------
-----------------------------------------
| rollout/                |             |
|    ep_len_mean          | 514         |
|    ep_rew_mean          | 3.01e+03    |
| time/                   |             |
|    fps                  | 1021        |
|    iterations           | 152         |
|    time_elapsed         | 14628       |
|    total_timesteps      | 14942208    |
| train/                  |             |
|    approx_kl            | 0.019145116 |
|    clip_fraction        | 0.343       |
|    clip_range           | 0.15        |
|    entropy_loss         | -33.9       |
|    explained_variance   | 0.852       |
|    learning_rate        | 0.0001      |
|    loss                 | -0.326      |
|    n_updates            | 2265        |
|    policy_gradient_loss | -0.0165     |
|    std                  | 1.81        |
|    value_loss           | 0.031       |
-----------------------------------------
Eval num_timesteps=14999760, episode_reward=3357.25 +/- 49.34
Episode length: 546.00 +/- 9.42
----------------------------------------
| eval/                   |            |
|    mean_ep_length       | 546        |
|    mean_reward          | 3.36e+03   |
| time/                   |            |
|    total_timesteps      | 14999760   |
| train/                  |            |
|    approx_kl            | 0.01908271 |
|    clip_fraction        | 0.338      |
|    clip_range           | 0.15       |
|    entropy_loss         | -34        |
|    explained_variance   | 0.86       |
|    learning_rate        | 0.0001     |
|    loss                 | -0.347     |
|    n_updates            | 2280       |
|    policy_gradient_loss | -0.0165    |
|    std                  | 1.82       |
|    value_loss           | 0.0305     |
----------------------------------------
---------------------------------
| rollout/           |          |
|    ep_len_mean     | 511      |
|    ep_rew_mean     | 3e+03    |
| time/              |          |
|    fps             | 1021     |
|    iterations      | 153      |
|    time_elapsed    | 14729    |
|    total_timesteps | 15040512 |
---------------------------------
-----------------------------------------
| rollout/                |             |
|    ep_len_mean          | 535         |
|    ep_rew_mean          | 3.12e+03    |
| time/                   |             |
|    fps                  | 1021        |
|    iterations           | 154         |
|    time_elapsed         | 14827       |
|    total_timesteps      | 15138816    |
| train/                  |             |
|    approx_kl            | 0.019220008 |
|    clip_fraction        | 0.343       |
|    clip_range           | 0.15        |
|    entropy_loss         | -34.1       |
|    explained_variance   | 0.859       |
|    learning_rate        | 0.0001      |
|    loss                 | -0.342      |
|    n_updates            | 2295        |
|    policy_gradient_loss | -0.017      |
|    std                  | 1.84        |
|    value_loss           | 0.0294      |
-----------------------------------------
----------------------------------------
| rollout/                |            |
|    ep_len_mean          | 514        |
|    ep_rew_mean          | 3.01e+03   |
| time/                   |            |
|    fps                  | 1020       |
|    iterations           | 155        |
|    time_elapsed         | 14924      |
|    total_timesteps      | 15237120   |
| train/                  |            |
|    approx_kl            | 0.01932516 |
|    clip_fraction        | 0.344      |
|    clip_range           | 0.15       |
|    entropy_loss         | -34.2      |
|    explained_variance   | 0.85       |
|    learning_rate        | 0.0001     |
|    loss                 | -0.336     |
|    n_updates            | 2310       |
|    policy_gradient_loss | -0.0162    |
|    std                  | 1.85       |
|    value_loss           | 0.0308     |
----------------------------------------
-----------------------------------------
| rollout/                |             |
|    ep_len_mean          | 530         |
|    ep_rew_mean          | 3.12e+03    |
| time/                   |             |
|    fps                  | 1020        |
|    iterations           | 156         |
|    time_elapsed         | 15023       |
|    total_timesteps      | 15335424    |
| train/                  |             |
|    approx_kl            | 0.018773569 |
|    clip_fraction        | 0.337       |
|    clip_range           | 0.15        |
|    entropy_loss         | -34.3       |
|    explained_variance   | 0.855       |
|    learning_rate        | 0.0001      |
|    loss                 | -0.335      |
|    n_updates            | 2325        |
|    policy_gradient_loss | -0.0161     |
|    std                  | 1.86        |
|    value_loss           | 0.0298      |
-----------------------------------------
----------------------------------------
| rollout/                |            |
|    ep_len_mean          | 517        |
|    ep_rew_mean          | 3.02e+03   |
| time/                   |            |
|    fps                  | 1020       |
|    iterations           | 157        |
|    time_elapsed         | 15120      |
|    total_timesteps      | 15433728   |
| train/                  |            |
|    approx_kl            | 0.01904075 |
|    clip_fraction        | 0.342      |
|    clip_range           | 0.15       |
|    entropy_loss         | -34.5      |
|    explained_variance   | 0.855      |
|    learning_rate        | 0.0001     |
|    loss                 | -0.34      |
|    n_updates            | 2340       |
|    policy_gradient_loss | -0.0164    |
|    std                  | 1.88       |
|    value_loss           | 0.0298     |
----------------------------------------
Eval num_timesteps=15499752, episode_reward=3419.45 +/- 85.57
Episode length: 559.40 +/- 17.04
-----------------------------------------
| eval/                   |             |
|    mean_ep_length       | 559         |
|    mean_reward          | 3.42e+03    |
| time/                   |             |
|    total_timesteps      | 15499752    |
| train/                  |             |
|    approx_kl            | 0.019026356 |
|    clip_fraction        | 0.344       |
|    clip_range           | 0.15        |
|    entropy_loss         | -34.6       |
|    explained_variance   | 0.851       |
|    learning_rate        | 0.0001      |
|    loss                 | -0.326      |
|    n_updates            | 2355        |
|    policy_gradient_loss | -0.0163     |
|    std                  | 1.89        |
|    value_loss           | 0.0313      |
-----------------------------------------
---------------------------------
| rollout/           |          |
|    ep_len_mean     | 509      |
|    ep_rew_mean     | 2.98e+03 |
| time/              |          |
|    fps             | 1020     |
|    iterations      | 158      |
|    time_elapsed    | 15221    |
|    total_timesteps | 15532032 |
---------------------------------
-----------------------------------------
| rollout/                |             |
|    ep_len_mean          | 532         |
|    ep_rew_mean          | 3.12e+03    |
| time/                   |             |
|    fps                  | 1020        |
|    iterations           | 159         |
|    time_elapsed         | 15318       |
|    total_timesteps      | 15630336    |
| train/                  |             |
|    approx_kl            | 0.018708967 |
|    clip_fraction        | 0.342       |
|    clip_range           | 0.15        |
|    entropy_loss         | -34.7       |
|    explained_variance   | 0.856       |
|    learning_rate        | 0.0001      |
|    loss                 | -0.353      |
|    n_updates            | 2370        |
|    policy_gradient_loss | -0.0166     |
|    std                  | 1.9         |
|    value_loss           | 0.0303      |
-----------------------------------------
-----------------------------------------
| rollout/                |             |
|    ep_len_mean          | 505         |
|    ep_rew_mean          | 2.96e+03    |
| time/                   |             |
|    fps                  | 1020        |
|    iterations           | 160         |
|    time_elapsed         | 15414       |
|    total_timesteps      | 15728640    |
| train/                  |             |
|    approx_kl            | 0.019125246 |
|    clip_fraction        | 0.343       |
|    clip_range           | 0.15        |
|    entropy_loss         | -34.8       |
|    explained_variance   | 0.854       |
|    learning_rate        | 0.0001      |
|    loss                 | -0.331      |
|    n_updates            | 2385        |
|    policy_gradient_loss | -0.0165     |
|    std                  | 1.92        |
|    value_loss           | 0.0301      |
-----------------------------------------
-----------------------------------------
| rollout/                |             |
|    ep_len_mean          | 505         |
|    ep_rew_mean          | 2.95e+03    |
| time/                   |             |
|    fps                  | 1020        |
|    iterations           | 161         |
|    time_elapsed         | 15509       |
|    total_timesteps      | 15826944    |
| train/                  |             |
|    approx_kl            | 0.019257044 |
|    clip_fraction        | 0.34        |
|    clip_range           | 0.15        |
|    entropy_loss         | -34.9       |
|    explained_variance   | 0.853       |
|    learning_rate        | 0.0001      |
|    loss                 | -0.347      |
|    n_updates            | 2400        |
|    policy_gradient_loss | -0.0166     |
|    std                  | 1.93        |
|    value_loss           | 0.0294      |
-----------------------------------------
----------------------------------------
| rollout/                |            |
|    ep_len_mean          | 492        |
|    ep_rew_mean          | 2.87e+03   |
| time/                   |            |
|    fps                  | 1020       |
|    iterations           | 162        |
|    time_elapsed         | 15605      |
|    total_timesteps      | 15925248   |
| train/                  |            |
|    approx_kl            | 0.01874238 |
|    clip_fraction        | 0.34       |
|    clip_range           | 0.15       |
|    entropy_loss         | -35.1      |
|    explained_variance   | 0.865      |
|    learning_rate        | 0.0001     |
|    loss                 | -0.352     |
|    n_updates            | 2415       |
|    policy_gradient_loss | -0.017     |
|    std                  | 1.94       |
|    value_loss           | 0.029      |
----------------------------------------
Eval num_timesteps=15999744, episode_reward=3473.17 +/- 87.10
Episode length: 568.80 +/- 18.72
-----------------------------------------
| eval/                   |             |
|    mean_ep_length       | 569         |
|    mean_reward          | 3.47e+03    |
| time/                   |             |
|    total_timesteps      | 15999744    |
| train/                  |             |
|    approx_kl            | 0.019023381 |
|    clip_fraction        | 0.34        |
|    clip_range           | 0.15        |
|    entropy_loss         | -35.2       |
|    explained_variance   | 0.859       |
|    learning_rate        | 0.0001      |
|    loss                 | -0.365      |
|    n_updates            | 2430        |
|    policy_gradient_loss | -0.0176     |
|    std                  | 1.96        |
|    value_loss           | 0.0297      |
-----------------------------------------
---------------------------------
| rollout/           |          |
|    ep_len_mean     | 510      |
|    ep_rew_mean     | 2.99e+03 |
| time/              |          |
|    fps             | 1020     |
|    iterations      | 163      |
|    time_elapsed    | 15706    |
|    total_timesteps | 16023552 |
---------------------------------
-----------------------------------------
| rollout/                |             |
|    ep_len_mean          | 531         |
|    ep_rew_mean          | 3.11e+03    |
| time/                   |             |
|    fps                  | 1020        |
|    iterations           | 164         |
|    time_elapsed         | 15804       |
|    total_timesteps      | 16121856    |
| train/                  |             |
|    approx_kl            | 0.019193925 |
|    clip_fraction        | 0.337       |
|    clip_range           | 0.15        |
|    entropy_loss         | -35.3       |
|    explained_variance   | 0.854       |
|    learning_rate        | 0.0001      |
|    loss                 | -0.337      |
|    n_updates            | 2445        |
|    policy_gradient_loss | -0.0166     |
|    std                  | 1.97        |
|    value_loss           | 0.0303      |
-----------------------------------------
-----------------------------------------
| rollout/                |             |
|    ep_len_mean          | 483         |
|    ep_rew_mean          | 2.82e+03    |
| time/                   |             |
|    fps                  | 1020        |
|    iterations           | 165         |
|    time_elapsed         | 15901       |
|    total_timesteps      | 16220160    |
| train/                  |             |
|    approx_kl            | 0.018870903 |
|    clip_fraction        | 0.338       |
|    clip_range           | 0.15        |
|    entropy_loss         | -35.4       |
|    explained_variance   | 0.845       |
|    learning_rate        | 0.0001      |
|    loss                 | -0.357      |
|    n_updates            | 2460        |
|    policy_gradient_loss | -0.0161     |
|    std                  | 1.98        |
|    value_loss           | 0.0307      |
-----------------------------------------
----------------------------------------
| rollout/                |            |
|    ep_len_mean          | 491        |
|    ep_rew_mean          | 2.88e+03   |
| time/                   |            |
|    fps                  | 1020       |
|    iterations           | 166        |
|    time_elapsed         | 15998      |
|    total_timesteps      | 16318464   |
| train/                  |            |
|    approx_kl            | 0.01891763 |
|    clip_fraction        | 0.335      |
|    clip_range           | 0.15       |
|    entropy_loss         | -35.5      |
|    explained_variance   | 0.872      |
|    learning_rate        | 0.0001     |
|    loss                 | -0.361     |
|    n_updates            | 2475       |
|    policy_gradient_loss | -0.0173    |
|    std                  | 2          |
|    value_loss           | 0.0277     |
----------------------------------------
----------------------------------------
| rollout/                |            |
|    ep_len_mean          | 524        |
|    ep_rew_mean          | 3.1e+03    |
| time/                   |            |
|    fps                  | 1020       |
|    iterations           | 167        |
|    time_elapsed         | 16094      |
|    total_timesteps      | 16416768   |
| train/                  |            |
|    approx_kl            | 0.01863238 |
|    clip_fraction        | 0.334      |
|    clip_range           | 0.15       |
|    entropy_loss         | -35.6      |
|    explained_variance   | 0.858      |
|    learning_rate        | 0.0001     |
|    loss                 | -0.347     |
|    n_updates            | 2490       |
|    policy_gradient_loss | -0.0166    |
|    std                  | 2.01       |
|    value_loss           | 0.0301     |
----------------------------------------
Eval num_timesteps=16499736, episode_reward=3505.69 +/- 88.66
Episode length: 578.20 +/- 20.94
-----------------------------------------
| eval/                   |             |
|    mean_ep_length       | 578         |
|    mean_reward          | 3.51e+03    |
| time/                   |             |
|    total_timesteps      | 16499736    |
| train/                  |             |
|    approx_kl            | 0.018984728 |
|    clip_fraction        | 0.338       |
|    clip_range           | 0.15        |
|    entropy_loss         | -35.7       |
|    explained_variance   | 0.841       |
|    learning_rate        | 0.0001      |
|    loss                 | -0.353      |
|    n_updates            | 2505        |
|    policy_gradient_loss | -0.0163     |
|    std                  | 2.03        |
|    value_loss           | 0.0319      |
-----------------------------------------
---------------------------------
| rollout/           |          |
|    ep_len_mean     | 525      |
|    ep_rew_mean     | 3.1e+03  |
| time/              |          |
|    fps             | 1019     |
|    iterations      | 168      |
|    time_elapsed    | 16195    |
|    total_timesteps | 16515072 |
---------------------------------
-----------------------------------------
| rollout/                |             |
|    ep_len_mean          | 493         |
|    ep_rew_mean          | 2.91e+03    |
| time/                   |             |
|    fps                  | 1019        |
|    iterations           | 169         |
|    time_elapsed         | 16292       |
|    total_timesteps      | 16613376    |
| train/                  |             |
|    approx_kl            | 0.019219583 |
|    clip_fraction        | 0.345       |
|    clip_range           | 0.15        |
|    entropy_loss         | -35.9       |
|    explained_variance   | 0.823       |
|    learning_rate        | 0.0001      |
|    loss                 | -0.357      |
|    n_updates            | 2520        |
|    policy_gradient_loss | -0.0165     |
|    std                  | 2.04        |
|    value_loss           | 0.033       |
-----------------------------------------
-----------------------------------------
| rollout/                |             |
|    ep_len_mean          | 502         |
|    ep_rew_mean          | 2.96e+03    |
| time/                   |             |
|    fps                  | 1019        |
|    iterations           | 170         |
|    time_elapsed         | 16389       |
|    total_timesteps      | 16711680    |
| train/                  |             |
|    approx_kl            | 0.018823495 |
|    clip_fraction        | 0.334       |
|    clip_range           | 0.15        |
|    entropy_loss         | -36         |
|    explained_variance   | 0.844       |
|    learning_rate        | 0.0001      |
|    loss                 | -0.354      |
|    n_updates            | 2535        |
|    policy_gradient_loss | -0.0165     |
|    std                  | 2.06        |
|    value_loss           | 0.0309      |
-----------------------------------------
-----------------------------------------
| rollout/                |             |
|    ep_len_mean          | 486         |
|    ep_rew_mean          | 2.86e+03    |
| time/                   |             |
|    fps                  | 1019        |
|    iterations           | 171         |
|    time_elapsed         | 16487       |
|    total_timesteps      | 16809984    |
| train/                  |             |
|    approx_kl            | 0.018577792 |
|    clip_fraction        | 0.337       |
|    clip_range           | 0.15        |
|    entropy_loss         | -36.1       |
|    explained_variance   | 0.843       |
|    learning_rate        | 0.0001      |
|    loss                 | -0.362      |
|    n_updates            | 2550        |
|    policy_gradient_loss | -0.0162     |
|    std                  | 2.07        |
|    value_loss           | 0.0314      |
-----------------------------------------
-----------------------------------------
| rollout/                |             |
|    ep_len_mean          | 499         |
|    ep_rew_mean          | 2.96e+03    |
| time/                   |             |
|    fps                  | 1019        |
|    iterations           | 172         |
|    time_elapsed         | 16583       |
|    total_timesteps      | 16908288    |
| train/                  |             |
|    approx_kl            | 0.019068556 |
|    clip_fraction        | 0.339       |
|    clip_range           | 0.15        |
|    entropy_loss         | -36.3       |
|    explained_variance   | 0.857       |
|    learning_rate        | 0.0001      |
|    loss                 | -0.357      |
|    n_updates            | 2565        |
|    policy_gradient_loss | -0.0165     |
|    std                  | 2.09        |
|    value_loss           | 0.03        |
-----------------------------------------
Eval num_timesteps=16999728, episode_reward=3446.65 +/- 54.04
Episode length: 566.80 +/- 11.62
-----------------------------------------
| eval/                   |             |
|    mean_ep_length       | 567         |
|    mean_reward          | 3.45e+03    |
| time/                   |             |
|    total_timesteps      | 16999728    |
| train/                  |             |
|    approx_kl            | 0.018566275 |
|    clip_fraction        | 0.333       |
|    clip_range           | 0.15        |
|    entropy_loss         | -36.4       |
|    explained_variance   | 0.843       |
|    learning_rate        | 0.0001      |
|    loss                 | -0.344      |
|    n_updates            | 2580        |
|    policy_gradient_loss | -0.0161     |
|    std                  | 2.1         |
|    value_loss           | 0.0308      |
-----------------------------------------
---------------------------------
| rollout/           |          |
|    ep_len_mean     | 499      |
|    ep_rew_mean     | 2.95e+03 |
| time/              |          |
|    fps             | 1019     |
|    iterations      | 173      |
|    time_elapsed    | 16682    |
|    total_timesteps | 17006592 |
---------------------------------
-----------------------------------------
| rollout/                |             |
|    ep_len_mean          | 483         |
|    ep_rew_mean          | 2.85e+03    |
| time/                   |             |
|    fps                  | 1019        |
|    iterations           | 174         |
|    time_elapsed         | 16779       |
|    total_timesteps      | 17104896    |
| train/                  |             |
|    approx_kl            | 0.019138834 |
|    clip_fraction        | 0.336       |
|    clip_range           | 0.15        |
|    entropy_loss         | -36.5       |
|    explained_variance   | 0.84        |
|    learning_rate        | 0.0001      |
|    loss                 | -0.344      |
|    n_updates            | 2595        |
|    policy_gradient_loss | -0.0165     |
|    std                  | 2.12        |
|    value_loss           | 0.0334      |
-----------------------------------------
-----------------------------------------
| rollout/                |             |
|    ep_len_mean          | 527         |
|    ep_rew_mean          | 3.11e+03    |
| time/                   |             |
|    fps                  | 1019        |
|    iterations           | 175         |
|    time_elapsed         | 16878       |
|    total_timesteps      | 17203200    |
| train/                  |             |
|    approx_kl            | 0.018429374 |
|    clip_fraction        | 0.333       |
|    clip_range           | 0.15        |
|    entropy_loss         | -36.6       |
|    explained_variance   | 0.857       |
|    learning_rate        | 0.0001      |
|    loss                 | -0.365      |
|    n_updates            | 2610        |
|    policy_gradient_loss | -0.0168     |
|    std                  | 2.13        |
|    value_loss           | 0.0311      |
-----------------------------------------
-----------------------------------------
| rollout/                |             |
|    ep_len_mean          | 488         |
|    ep_rew_mean          | 2.9e+03     |
| time/                   |             |
|    fps                  | 1019        |
|    iterations           | 176         |
|    time_elapsed         | 16975       |
|    total_timesteps      | 17301504    |
| train/                  |             |
|    approx_kl            | 0.019183077 |
|    clip_fraction        | 0.344       |
|    clip_range           | 0.15        |
|    entropy_loss         | -36.7       |
|    explained_variance   | 0.825       |
|    learning_rate        | 0.0001      |
|    loss                 | -0.36       |
|    n_updates            | 2625        |
|    policy_gradient_loss | -0.0161     |
|    std                  | 2.15        |
|    value_loss           | 0.0337      |
-----------------------------------------
----------------------------------------
| rollout/                |            |
|    ep_len_mean          | 499        |
|    ep_rew_mean          | 2.96e+03   |
| time/                   |            |
|    fps                  | 1019       |
|    iterations           | 177        |
|    time_elapsed         | 17071      |
|    total_timesteps      | 17399808   |
| train/                  |            |
|    approx_kl            | 0.01937414 |
|    clip_fraction        | 0.339      |
|    clip_range           | 0.15       |
|    entropy_loss         | -36.9      |
|    explained_variance   | 0.837      |
|    learning_rate        | 0.0001     |
|    loss                 | -0.351     |
|    n_updates            | 2640       |
|    policy_gradient_loss | -0.0168    |
|    std                  | 2.17       |
|    value_loss           | 0.0331     |
----------------------------------------
----------------------------------------
| rollout/                |            |
|    ep_len_mean          | 469        |
|    ep_rew_mean          | 2.78e+03   |
| time/                   |            |
|    fps                  | 1019       |
|    iterations           | 178        |
|    time_elapsed         | 17165      |
|    total_timesteps      | 17498112   |
| train/                  |            |
|    approx_kl            | 0.01860177 |
|    clip_fraction        | 0.337      |
|    clip_range           | 0.15       |
|    entropy_loss         | -37        |
|    explained_variance   | 0.844      |
|    learning_rate        | 0.0001     |
|    loss                 | -0.352     |
|    n_updates            | 2655       |
|    policy_gradient_loss | -0.0165    |
|    std                  | 2.18       |
|    value_loss           | 0.0306     |
----------------------------------------
Eval num_timesteps=17499720, episode_reward=3507.04 +/- 54.79
Episode length: 580.00 +/- 8.97
-----------------------------------------
| eval/                   |             |
|    mean_ep_length       | 580         |
|    mean_reward          | 3.51e+03    |
| time/                   |             |
|    total_timesteps      | 17499720    |
| train/                  |             |
|    approx_kl            | 0.019223904 |
|    clip_fraction        | 0.333       |
|    clip_range           | 0.15        |
|    entropy_loss         | -37.1       |
|    explained_variance   | 0.852       |
|    learning_rate        | 0.0001      |
|    loss                 | -0.347      |
|    n_updates            | 2670        |
|    policy_gradient_loss | -0.0173     |
|    std                  | 2.2         |
|    value_loss           | 0.0314      |
-----------------------------------------
---------------------------------
| rollout/           |          |
|    ep_len_mean     | 475      |
|    ep_rew_mean     | 2.82e+03 |
| time/              |          |
|    fps             | 1019     |
|    iterations      | 179      |
|    time_elapsed    | 17265    |
|    total_timesteps | 17596416 |
---------------------------------
-----------------------------------------
| rollout/                |             |
|    ep_len_mean          | 500         |
|    ep_rew_mean          | 2.97e+03    |
| time/                   |             |
|    fps                  | 1019        |
|    iterations           | 180         |
|    time_elapsed         | 17362       |
|    total_timesteps      | 17694720    |
| train/                  |             |
|    approx_kl            | 0.018542526 |
|    clip_fraction        | 0.33        |
|    clip_range           | 0.15        |
|    entropy_loss         | -37.2       |
|    explained_variance   | 0.856       |
|    learning_rate        | 0.0001      |
|    loss                 | -0.363      |
|    n_updates            | 2685        |
|    policy_gradient_loss | -0.017      |
|    std                  | 2.21        |
|    value_loss           | 0.031       |
-----------------------------------------
----------------------------------------
| rollout/                |            |
|    ep_len_mean          | 490        |
|    ep_rew_mean          | 2.9e+03    |
| time/                   |            |
|    fps                  | 1019       |
|    iterations           | 181        |
|    time_elapsed         | 17458      |
|    total_timesteps      | 17793024   |
| train/                  |            |
|    approx_kl            | 0.01841422 |
|    clip_fraction        | 0.334      |
|    clip_range           | 0.15       |
|    entropy_loss         | -37.4      |
|    explained_variance   | 0.85       |
|    learning_rate        | 0.0001     |
|    loss                 | -0.369     |
|    n_updates            | 2700       |
|    policy_gradient_loss | -0.0169    |
|    std                  | 2.23       |
|    value_loss           | 0.0316     |
----------------------------------------
-----------------------------------------
| rollout/                |             |
|    ep_len_mean          | 489         |
|    ep_rew_mean          | 2.91e+03    |
| time/                   |             |
|    fps                  | 1019        |
|    iterations           | 182         |
|    time_elapsed         | 17555       |
|    total_timesteps      | 17891328    |
| train/                  |             |
|    approx_kl            | 0.018492581 |
|    clip_fraction        | 0.333       |
|    clip_range           | 0.15        |
|    entropy_loss         | -37.5       |
|    explained_variance   | 0.854       |
|    learning_rate        | 0.0001      |
|    loss                 | -0.381      |
|    n_updates            | 2715        |
|    policy_gradient_loss | -0.0168     |
|    std                  | 2.25        |
|    value_loss           | 0.0312      |
-----------------------------------------
-----------------------------------------
| rollout/                |             |
|    ep_len_mean          | 475         |
|    ep_rew_mean          | 2.8e+03     |
| time/                   |             |
|    fps                  | 1019        |
|    iterations           | 183         |
|    time_elapsed         | 17651       |
|    total_timesteps      | 17989632    |
| train/                  |             |
|    approx_kl            | 0.018776897 |
|    clip_fraction        | 0.336       |
|    clip_range           | 0.15        |
|    entropy_loss         | -37.6       |
|    explained_variance   | 0.844       |
|    learning_rate        | 0.0001      |
|    loss                 | -0.335      |
|    n_updates            | 2730        |
|    policy_gradient_loss | -0.0167     |
|    std                  | 2.26        |
|    value_loss           | 0.0319      |
-----------------------------------------
Eval num_timesteps=17999712, episode_reward=3510.55 +/- 95.50
Episode length: 579.40 +/- 20.99
-----------------------------------------
| eval/                   |             |
|    mean_ep_length       | 579         |
|    mean_reward          | 3.51e+03    |
| time/                   |             |
|    total_timesteps      | 17999712    |
| train/                  |             |
|    approx_kl            | 0.018804913 |
|    clip_fraction        | 0.333       |
|    clip_range           | 0.15        |
|    entropy_loss         | -37.7       |
|    explained_variance   | 0.863       |
|    learning_rate        | 0.0001      |
|    loss                 | -0.395      |
|    n_updates            | 2745        |
|    policy_gradient_loss | -0.0169     |
|    std                  | 2.28        |
|    value_loss           | 0.0307      |
-----------------------------------------
---------------------------------
| rollout/           |          |
|    ep_len_mean     | 485      |
|    ep_rew_mean     | 2.87e+03 |
| time/              |          |
|    fps             | 1018     |
|    iterations      | 184      |
|    time_elapsed    | 17752    |
|    total_timesteps | 18087936 |
---------------------------------
----------------------------------------
| rollout/                |            |
|    ep_len_mean          | 513        |
|    ep_rew_mean          | 3.04e+03   |
| time/                   |            |
|    fps                  | 1018       |
|    iterations           | 185        |
|    time_elapsed         | 17847      |
|    total_timesteps      | 18186240   |
| train/                  |            |
|    approx_kl            | 0.01850631 |
|    clip_fraction        | 0.335      |
|    clip_range           | 0.15       |
|    entropy_loss         | -37.8      |
|    explained_variance   | 0.852      |
|    learning_rate        | 0.0001     |
|    loss                 | -0.394     |
|    n_updates            | 2760       |
|    policy_gradient_loss | -0.0172    |
|    std                  | 2.29       |
|    value_loss           | 0.0307     |
----------------------------------------
-----------------------------------------
| rollout/                |             |
|    ep_len_mean          | 486         |
|    ep_rew_mean          | 2.88e+03    |
| time/                   |             |
|    fps                  | 1018        |
|    iterations           | 186         |
|    time_elapsed         | 17945       |
|    total_timesteps      | 18284544    |
| train/                  |             |
|    approx_kl            | 0.018522138 |
|    clip_fraction        | 0.333       |
|    clip_range           | 0.15        |
|    entropy_loss         | -38         |
|    explained_variance   | 0.84        |
|    learning_rate        | 0.0001      |
|    loss                 | -0.364      |
|    n_updates            | 2775        |
|    policy_gradient_loss | -0.0163     |
|    std                  | 2.31        |
|    value_loss           | 0.031       |
-----------------------------------------
-----------------------------------------
| rollout/                |             |
|    ep_len_mean          | 452         |
|    ep_rew_mean          | 2.68e+03    |
| time/                   |             |
|    fps                  | 1018        |
|    iterations           | 187         |
|    time_elapsed         | 18042       |
|    total_timesteps      | 18382848    |
| train/                  |             |
|    approx_kl            | 0.018955452 |
|    clip_fraction        | 0.333       |
|    clip_range           | 0.15        |
|    entropy_loss         | -38.1       |
|    explained_variance   | 0.842       |
|    learning_rate        | 0.0001      |
|    loss                 | -0.309      |
|    n_updates            | 2790        |
|    policy_gradient_loss | -0.017      |
|    std                  | 2.33        |
|    value_loss           | 0.0322      |
-----------------------------------------
-----------------------------------------
| rollout/                |             |
|    ep_len_mean          | 497         |
|    ep_rew_mean          | 2.95e+03    |
| time/                   |             |
|    fps                  | 1018        |
|    iterations           | 188         |
|    time_elapsed         | 18140       |
|    total_timesteps      | 18481152    |
| train/                  |             |
|    approx_kl            | 0.018910374 |
|    clip_fraction        | 0.334       |
|    clip_range           | 0.15        |
|    entropy_loss         | -38.2       |
|    explained_variance   | 0.851       |
|    learning_rate        | 0.0001      |
|    loss                 | -0.372      |
|    n_updates            | 2805        |
|    policy_gradient_loss | -0.0169     |
|    std                  | 2.34        |
|    value_loss           | 0.0327      |
-----------------------------------------
Eval num_timesteps=18499704, episode_reward=3503.86 +/- 59.05
Episode length: 577.80 +/- 11.11
-----------------------------------------
| eval/                   |             |
|    mean_ep_length       | 578         |
|    mean_reward          | 3.5e+03     |
| time/                   |             |
|    total_timesteps      | 18499704    |
| train/                  |             |
|    approx_kl            | 0.018368047 |
|    clip_fraction        | 0.328       |
|    clip_range           | 0.15        |
|    entropy_loss         | -38.3       |
|    explained_variance   | 0.84        |
|    learning_rate        | 0.0001      |
|    loss                 | -0.381      |
|    n_updates            | 2820        |
|    policy_gradient_loss | -0.0167     |
|    std                  | 2.36        |
|    value_loss           | 0.0313      |
-----------------------------------------
---------------------------------
| rollout/           |          |
|    ep_len_mean     | 460      |
|    ep_rew_mean     | 2.73e+03 |
| time/              |          |
|    fps             | 1018     |
|    iterations      | 189      |
|    time_elapsed    | 18240    |
|    total_timesteps | 18579456 |
---------------------------------
----------------------------------------
| rollout/                |            |
|    ep_len_mean          | 492        |
|    ep_rew_mean          | 2.92e+03   |
| time/                   |            |
|    fps                  | 1018       |
|    iterations           | 190        |
|    time_elapsed         | 18337      |
|    total_timesteps      | 18677760   |
| train/                  |            |
|    approx_kl            | 0.01809532 |
|    clip_fraction        | 0.326      |
|    clip_range           | 0.15       |
|    entropy_loss         | -38.4      |
|    explained_variance   | 0.846      |
|    learning_rate        | 0.0001     |
|    loss                 | -0.357     |
|    n_updates            | 2835       |
|    policy_gradient_loss | -0.0168    |
|    std                  | 2.37       |
|    value_loss           | 0.0323     |
----------------------------------------
-----------------------------------------
| rollout/                |             |
|    ep_len_mean          | 485         |
|    ep_rew_mean          | 2.88e+03    |
| time/                   |             |
|    fps                  | 1018        |
|    iterations           | 191         |
|    time_elapsed         | 18432       |
|    total_timesteps      | 18776064    |
| train/                  |             |
|    approx_kl            | 0.018586447 |
|    clip_fraction        | 0.332       |
|    clip_range           | 0.15        |
|    entropy_loss         | -38.5       |
|    explained_variance   | 0.846       |
|    learning_rate        | 0.0001      |
|    loss                 | -0.375      |
|    n_updates            | 2850        |
|    policy_gradient_loss | -0.0169     |
|    std                  | 2.39        |
|    value_loss           | 0.0313      |
-----------------------------------------
-----------------------------------------
| rollout/                |             |
|    ep_len_mean          | 516         |
|    ep_rew_mean          | 3.05e+03    |
| time/                   |             |
|    fps                  | 1018        |
|    iterations           | 192         |
|    time_elapsed         | 18527       |
|    total_timesteps      | 18874368    |
| train/                  |             |
|    approx_kl            | 0.018573796 |
|    clip_fraction        | 0.334       |
|    clip_range           | 0.15        |
|    entropy_loss         | -38.6       |
|    explained_variance   | 0.835       |
|    learning_rate        | 0.0001      |
|    loss                 | -0.355      |
|    n_updates            | 2865        |
|    policy_gradient_loss | -0.0168     |
|    std                  | 2.41        |
|    value_loss           | 0.0317      |
-----------------------------------------
-----------------------------------------
| rollout/                |             |
|    ep_len_mean          | 507         |
|    ep_rew_mean          | 3.02e+03    |
| time/                   |             |
|    fps                  | 1018        |
|    iterations           | 193         |
|    time_elapsed         | 18625       |
|    total_timesteps      | 18972672    |
| train/                  |             |
|    approx_kl            | 0.018468387 |
|    clip_fraction        | 0.329       |
|    clip_range           | 0.15        |
|    entropy_loss         | -38.8       |
|    explained_variance   | 0.845       |
|    learning_rate        | 0.0001      |
|    loss                 | -0.385      |
|    n_updates            | 2880        |
|    policy_gradient_loss | -0.0166     |
|    std                  | 2.43        |
|    value_loss           | 0.0312      |
-----------------------------------------
Eval num_timesteps=18999696, episode_reward=3575.10 +/- 75.79
Episode length: 595.60 +/- 15.40
-----------------------------------------
| eval/                   |             |
|    mean_ep_length       | 596         |
|    mean_reward          | 3.58e+03    |
| time/                   |             |
|    total_timesteps      | 18999696    |
| train/                  |             |
|    approx_kl            | 0.018593406 |
|    clip_fraction        | 0.335       |
|    clip_range           | 0.15        |
|    entropy_loss         | -38.9       |
|    explained_variance   | 0.83        |
|    learning_rate        | 0.0001      |
|    loss                 | -0.387      |
|    n_updates            | 2895        |
|    policy_gradient_loss | -0.017      |
|    std                  | 2.44        |
|    value_loss           | 0.0341      |
-----------------------------------------
---------------------------------
| rollout/           |          |
|    ep_len_mean     | 506      |
|    ep_rew_mean     | 3e+03    |
| time/              |          |
|    fps             | 1018     |
|    iterations      | 194      |
|    time_elapsed    | 18726    |
|    total_timesteps | 19070976 |
---------------------------------
-----------------------------------------
| rollout/                |             |
|    ep_len_mean          | 509         |
|    ep_rew_mean          | 3.03e+03    |
| time/                   |             |
|    fps                  | 1018        |
|    iterations           | 195         |
|    time_elapsed         | 18822       |
|    total_timesteps      | 19169280    |
| train/                  |             |
|    approx_kl            | 0.018634196 |
|    clip_fraction        | 0.33        |
|    clip_range           | 0.15        |
|    entropy_loss         | -39         |
|    explained_variance   | 0.838       |
|    learning_rate        | 0.0001      |
|    loss                 | -0.391      |
|    n_updates            | 2910        |
|    policy_gradient_loss | -0.0167     |
|    std                  | 2.46        |
|    value_loss           | 0.0326      |
-----------------------------------------
---------------------------------------
| rollout/                |           |
|    ep_len_mean          | 498       |
|    ep_rew_mean          | 2.95e+03  |
| time/                   |           |
|    fps                  | 1018      |
|    iterations           | 196       |
|    time_elapsed         | 18918     |
|    total_timesteps      | 19267584  |
| train/                  |           |
|    approx_kl            | 0.0187617 |
|    clip_fraction        | 0.333     |
|    clip_range           | 0.15      |
|    entropy_loss         | -39.1     |
|    explained_variance   | 0.827     |
|    learning_rate        | 0.0001    |
|    loss                 | -0.374    |
|    n_updates            | 2925      |
|    policy_gradient_loss | -0.0166   |
|    std                  | 2.47      |
|    value_loss           | 0.0327    |
---------------------------------------
-----------------------------------------
| rollout/                |             |
|    ep_len_mean          | 493         |
|    ep_rew_mean          | 2.93e+03    |
| time/                   |             |
|    fps                  | 1018        |
|    iterations           | 197         |
|    time_elapsed         | 19013       |
|    total_timesteps      | 19365888    |
| train/                  |             |
|    approx_kl            | 0.018875422 |
|    clip_fraction        | 0.332       |
|    clip_range           | 0.15        |
|    entropy_loss         | -39.2       |
|    explained_variance   | 0.843       |
|    learning_rate        | 0.0001      |
|    loss                 | -0.381      |
|    n_updates            | 2940        |
|    policy_gradient_loss | -0.0175     |
|    std                  | 2.5         |
|    value_loss           | 0.0307      |
-----------------------------------------
-----------------------------------------
| rollout/                |             |
|    ep_len_mean          | 506         |
|    ep_rew_mean          | 2.99e+03    |
| time/                   |             |
|    fps                  | 1018        |
|    iterations           | 198         |
|    time_elapsed         | 19108       |
|    total_timesteps      | 19464192    |
| train/                  |             |
|    approx_kl            | 0.018611448 |
|    clip_fraction        | 0.329       |
|    clip_range           | 0.15        |
|    entropy_loss         | -39.3       |
|    explained_variance   | 0.84        |
|    learning_rate        | 0.0001      |
|    loss                 | -0.399      |
|    n_updates            | 2955        |
|    policy_gradient_loss | -0.0173     |
|    std                  | 2.51        |
|    value_loss           | 0.0298      |
-----------------------------------------
Eval num_timesteps=19499688, episode_reward=3613.51 +/- 97.08
Episode length: 604.40 +/- 22.15
-----------------------------------------
| eval/                   |             |
|    mean_ep_length       | 604         |
|    mean_reward          | 3.61e+03    |
| time/                   |             |
|    total_timesteps      | 19499688    |
| train/                  |             |
|    approx_kl            | 0.018137706 |
|    clip_fraction        | 0.328       |
|    clip_range           | 0.15        |
|    entropy_loss         | -39.4       |
|    explained_variance   | 0.839       |
|    learning_rate        | 0.0001      |
|    loss                 | -0.412      |
|    n_updates            | 2970        |
|    policy_gradient_loss | -0.0168     |
|    std                  | 2.53        |
|    value_loss           | 0.0328      |
-----------------------------------------
---------------------------------
| rollout/           |          |
|    ep_len_mean     | 504      |
|    ep_rew_mean     | 2.98e+03 |
| time/              |          |
|    fps             | 1018     |
|    iterations      | 199      |
|    time_elapsed    | 19208    |
|    total_timesteps | 19562496 |
---------------------------------
-----------------------------------------
| rollout/                |             |
|    ep_len_mean          | 512         |
|    ep_rew_mean          | 3.03e+03    |
| time/                   |             |
|    fps                  | 1018        |
|    iterations           | 200         |
|    time_elapsed         | 19304       |
|    total_timesteps      | 19660800    |
| train/                  |             |
|    approx_kl            | 0.018936874 |
|    clip_fraction        | 0.332       |
|    clip_range           | 0.15        |
|    entropy_loss         | -39.6       |
|    explained_variance   | 0.851       |
|    learning_rate        | 0.0001      |
|    loss                 | -0.393      |
|    n_updates            | 2985        |
|    policy_gradient_loss | -0.0168     |
|    std                  | 2.55        |
|    value_loss           | 0.0312      |
-----------------------------------------
-----------------------------------------
| rollout/                |             |
|    ep_len_mean          | 512         |
|    ep_rew_mean          | 3.03e+03    |
| time/                   |             |
|    fps                  | 1018        |
|    iterations           | 201         |
|    time_elapsed         | 19401       |
|    total_timesteps      | 19759104    |
| train/                  |             |
|    approx_kl            | 0.017929811 |
|    clip_fraction        | 0.323       |
|    clip_range           | 0.15        |
|    entropy_loss         | -39.7       |
|    explained_variance   | 0.844       |
|    learning_rate        | 0.0001      |
|    loss                 | -0.407      |
|    n_updates            | 3000        |
|    policy_gradient_loss | -0.0172     |
|    std                  | 2.57        |
|    value_loss           | 0.0322      |
-----------------------------------------
-----------------------------------------
| rollout/                |             |
|    ep_len_mean          | 495         |
|    ep_rew_mean          | 2.93e+03    |
| time/                   |             |
|    fps                  | 1018        |
|    iterations           | 202         |
|    time_elapsed         | 19503       |
|    total_timesteps      | 19857408    |
| train/                  |             |
|    approx_kl            | 0.018839056 |
|    clip_fraction        | 0.329       |
|    clip_range           | 0.15        |
|    entropy_loss         | -39.8       |
|    explained_variance   | 0.853       |
|    learning_rate        | 0.0001      |
|    loss                 | -0.398      |
|    n_updates            | 3015        |
|    policy_gradient_loss | -0.0173     |
|    std                  | 2.59        |
|    value_loss           | 0.0308      |
-----------------------------------------
-----------------------------------------
| rollout/                |             |
|    ep_len_mean          | 495         |
|    ep_rew_mean          | 2.92e+03    |
| time/                   |             |
|    fps                  | 1018        |
|    iterations           | 203         |
|    time_elapsed         | 19601       |
|    total_timesteps      | 19955712    |
| train/                  |             |
|    approx_kl            | 0.018147143 |
|    clip_fraction        | 0.323       |
|    clip_range           | 0.15        |
|    entropy_loss         | -39.9       |
|    explained_variance   | 0.845       |
|    learning_rate        | 0.0001      |
|    loss                 | -0.406      |
|    n_updates            | 3030        |
|    policy_gradient_loss | -0.0166     |
|    std                  | 2.6         |
|    value_loss           | 0.0314      |
-----------------------------------------
Eval num_timesteps=19999680, episode_reward=3534.40 +/- 59.81
Episode length: 585.80 +/- 14.05
-----------------------------------------
| eval/                   |             |
|    mean_ep_length       | 586         |
|    mean_reward          | 3.53e+03    |
| time/                   |             |
|    total_timesteps      | 19999680    |
| train/                  |             |
|    approx_kl            | 0.018312385 |
|    clip_fraction        | 0.326       |
|    clip_range           | 0.15        |
|    entropy_loss         | -40.1       |
|    explained_variance   | 0.843       |
|    learning_rate        | 0.0001      |
|    loss                 | -0.377      |
|    n_updates            | 3045        |
|    policy_gradient_loss | -0.0166     |
|    std                  | 2.62        |
|    value_loss           | 0.0309      |
-----------------------------------------
---------------------------------
| rollout/           |          |
|    ep_len_mean     | 508      |
|    ep_rew_mean     | 3.01e+03 |
| time/              |          |
|    fps             | 1017     |
|    iterations      | 204      |
|    time_elapsed    | 19703    |
|    total_timesteps | 20054016 |
---------------------------------
-----------------------------------------
| rollout/                |             |
|    ep_len_mean          | 515         |
|    ep_rew_mean          | 3.06e+03    |
| time/                   |             |
|    fps                  | 1017        |
|    iterations           | 205         |
|    time_elapsed         | 19798       |
|    total_timesteps      | 20152320    |
| train/                  |             |
|    approx_kl            | 0.018545765 |
|    clip_fraction        | 0.331       |
|    clip_range           | 0.15        |
|    entropy_loss         | -40.2       |
|    explained_variance   | 0.828       |
|    learning_rate        | 0.0001      |
|    loss                 | -0.386      |
|    n_updates            | 3060        |
|    policy_gradient_loss | -0.0166     |
|    std                  | 2.64        |
|    value_loss           | 0.0337      |
-----------------------------------------
-----------------------------------------
| rollout/                |             |
|    ep_len_mean          | 515         |
|    ep_rew_mean          | 3.04e+03    |
| time/                   |             |
|    fps                  | 1017        |
|    iterations           | 206         |
|    time_elapsed         | 19893       |
|    total_timesteps      | 20250624    |
| train/                  |             |
|    approx_kl            | 0.018296635 |
|    clip_fraction        | 0.326       |
|    clip_range           | 0.15        |
|    entropy_loss         | -40.3       |
|    explained_variance   | 0.832       |
|    learning_rate        | 0.0001      |
|    loss                 | -0.398      |
|    n_updates            | 3075        |
|    policy_gradient_loss | -0.0169     |
|    std                  | 2.66        |
|    value_loss           | 0.0325      |
-----------------------------------------
-----------------------------------------
| rollout/                |             |
|    ep_len_mean          | 489         |
|    ep_rew_mean          | 2.87e+03    |
| time/                   |             |
|    fps                  | 1017        |
|    iterations           | 207         |
|    time_elapsed         | 19989       |
|    total_timesteps      | 20348928    |
| train/                  |             |
|    approx_kl            | 0.018543094 |
|    clip_fraction        | 0.329       |
|    clip_range           | 0.15        |
|    entropy_loss         | -40.4       |
|    explained_variance   | 0.839       |
|    learning_rate        | 0.0001      |
|    loss                 | -0.394      |
|    n_updates            | 3090        |
|    policy_gradient_loss | -0.0167     |
|    std                  | 2.68        |
|    value_loss           | 0.0316      |
-----------------------------------------
-----------------------------------------
| rollout/                |             |
|    ep_len_mean          | 499         |
|    ep_rew_mean          | 2.95e+03    |
| time/                   |             |
|    fps                  | 1017        |
|    iterations           | 208         |
|    time_elapsed         | 20086       |
|    total_timesteps      | 20447232    |
| train/                  |             |
|    approx_kl            | 0.018609978 |
|    clip_fraction        | 0.33        |
|    clip_range           | 0.15        |
|    entropy_loss         | -40.5       |
|    explained_variance   | 0.838       |
|    learning_rate        | 0.0001      |
|    loss                 | -0.384      |
|    n_updates            | 3105        |
|    policy_gradient_loss | -0.0169     |
|    std                  | 2.7         |
|    value_loss           | 0.0315      |
-----------------------------------------
Eval num_timesteps=20499672, episode_reward=3525.33 +/- 80.29
Episode length: 585.00 +/- 16.94
-----------------------------------------
| eval/                   |             |
|    mean_ep_length       | 585         |
|    mean_reward          | 3.53e+03    |
| time/                   |             |
|    total_timesteps      | 20499672    |
| train/                  |             |
|    approx_kl            | 0.018511005 |
|    clip_fraction        | 0.328       |
|    clip_range           | 0.15        |
|    entropy_loss         | -40.7       |
|    explained_variance   | 0.854       |
|    learning_rate        | 0.0001      |
|    loss                 | -0.405      |
|    n_updates            | 3120        |
|    policy_gradient_loss | -0.0172     |
|    std                  | 2.73        |
|    value_loss           | 0.0311      |
-----------------------------------------
---------------------------------
| rollout/           |          |
|    ep_len_mean     | 500      |
|    ep_rew_mean     | 2.95e+03 |
| time/              |          |
|    fps             | 1017     |
|    iterations      | 209      |
|    time_elapsed    | 20186    |
|    total_timesteps | 20545536 |
---------------------------------
-----------------------------------------
| rollout/                |             |
|    ep_len_mean          | 496         |
|    ep_rew_mean          | 2.95e+03    |
| time/                   |             |
|    fps                  | 1017        |
|    iterations           | 210         |
|    time_elapsed         | 20283       |
|    total_timesteps      | 20643840    |
| train/                  |             |
|    approx_kl            | 0.018395295 |
|    clip_fraction        | 0.325       |
|    clip_range           | 0.15        |
|    entropy_loss         | -40.8       |
|    explained_variance   | 0.84        |
|    learning_rate        | 0.0001      |
|    loss                 | -0.404      |
|    n_updates            | 3135        |
|    policy_gradient_loss | -0.0171     |
|    std                  | 2.75        |
|    value_loss           | 0.031       |
-----------------------------------------
-----------------------------------------
| rollout/                |             |
|    ep_len_mean          | 473         |
|    ep_rew_mean          | 2.8e+03     |
| time/                   |             |
|    fps                  | 1017        |
|    iterations           | 211         |
|    time_elapsed         | 20376       |
|    total_timesteps      | 20742144    |
| train/                  |             |
|    approx_kl            | 0.018555969 |
|    clip_fraction        | 0.322       |
|    clip_range           | 0.15        |
|    entropy_loss         | -40.9       |
|    explained_variance   | 0.837       |
|    learning_rate        | 0.0001      |
|    loss                 | -0.403      |
|    n_updates            | 3150        |
|    policy_gradient_loss | -0.0168     |
|    std                  | 2.77        |
|    value_loss           | 0.0318      |
-----------------------------------------
-----------------------------------------
| rollout/                |             |
|    ep_len_mean          | 496         |
|    ep_rew_mean          | 2.94e+03    |
| time/                   |             |
|    fps                  | 1018        |
|    iterations           | 212         |
|    time_elapsed         | 20471       |
|    total_timesteps      | 20840448    |
| train/                  |             |
|    approx_kl            | 0.018968254 |
|    clip_fraction        | 0.328       |
|    clip_range           | 0.15        |
|    entropy_loss         | -41         |
|    explained_variance   | 0.853       |
|    learning_rate        | 0.0001      |
|    loss                 | -0.426      |
|    n_updates            | 3165        |
|    policy_gradient_loss | -0.0172     |
|    std                  | 2.78        |
|    value_loss           | 0.0316      |
-----------------------------------------
-----------------------------------------
| rollout/                |             |
|    ep_len_mean          | 509         |
|    ep_rew_mean          | 3.02e+03    |
| time/                   |             |
|    fps                  | 1018        |
|    iterations           | 213         |
|    time_elapsed         | 20568       |
|    total_timesteps      | 20938752    |
| train/                  |             |
|    approx_kl            | 0.018533306 |
|    clip_fraction        | 0.329       |
|    clip_range           | 0.15        |
|    entropy_loss         | -41.2       |
|    explained_variance   | 0.842       |
|    learning_rate        | 0.0001      |
|    loss                 | -0.407      |
|    n_updates            | 3180        |
|    policy_gradient_loss | -0.0179     |
|    std                  | 2.8         |
|    value_loss           | 0.0321      |
-----------------------------------------
Eval num_timesteps=20999664, episode_reward=3548.76 +/- 42.71
Episode length: 590.40 +/- 9.73
-----------------------------------------
| eval/                   |             |
|    mean_ep_length       | 590         |
|    mean_reward          | 3.55e+03    |
| time/                   |             |
|    total_timesteps      | 20999664    |
| train/                  |             |
|    approx_kl            | 0.018166037 |
|    clip_fraction        | 0.325       |
|    clip_range           | 0.15        |
|    entropy_loss         | -41.3       |
|    explained_variance   | 0.842       |
|    learning_rate        | 0.0001      |
|    loss                 | -0.414      |
|    n_updates            | 3195        |
|    policy_gradient_loss | -0.017      |
|    std                  | 2.82        |
|    value_loss           | 0.0329      |
-----------------------------------------
---------------------------------
| rollout/           |          |
|    ep_len_mean     | 488      |
|    ep_rew_mean     | 2.9e+03  |
| time/              |          |
|    fps             | 1017     |
|    iterations      | 214      |
|    time_elapsed    | 20669    |
|    total_timesteps | 21037056 |
---------------------------------
-----------------------------------------
| rollout/                |             |
|    ep_len_mean          | 474         |
|    ep_rew_mean          | 2.82e+03    |
| time/                   |             |
|    fps                  | 1017        |
|    iterations           | 215         |
|    time_elapsed         | 20764       |
|    total_timesteps      | 21135360    |
| train/                  |             |
|    approx_kl            | 0.017817542 |
|    clip_fraction        | 0.319       |
|    clip_range           | 0.15        |
|    entropy_loss         | -41.4       |
|    explained_variance   | 0.846       |
|    learning_rate        | 0.0001      |
|    loss                 | -0.399      |
|    n_updates            | 3210        |
|    policy_gradient_loss | -0.0164     |
|    std                  | 2.84        |
|    value_loss           | 0.0311      |
-----------------------------------------
-----------------------------------------
| rollout/                |             |
|    ep_len_mean          | 484         |
|    ep_rew_mean          | 2.89e+03    |
| time/                   |             |
|    fps                  | 1017        |
|    iterations           | 216         |
|    time_elapsed         | 20860       |
|    total_timesteps      | 21233664    |
| train/                  |             |
|    approx_kl            | 0.018142203 |
|    clip_fraction        | 0.319       |
|    clip_range           | 0.15        |
|    entropy_loss         | -41.5       |
|    explained_variance   | 0.841       |
|    learning_rate        | 0.0001      |
|    loss                 | -0.387      |
|    n_updates            | 3225        |
|    policy_gradient_loss | -0.0166     |
|    std                  | 2.86        |
|    value_loss           | 0.0325      |
-----------------------------------------
-----------------------------------------
| rollout/                |             |
|    ep_len_mean          | 500         |
|    ep_rew_mean          | 2.99e+03    |
| time/                   |             |
|    fps                  | 1017        |
|    iterations           | 217         |
|    time_elapsed         | 20955       |
|    total_timesteps      | 21331968    |
| train/                  |             |
|    approx_kl            | 0.018226253 |
|    clip_fraction        | 0.323       |
|    clip_range           | 0.15        |
|    entropy_loss         | -41.6       |
|    explained_variance   | 0.841       |
|    learning_rate        | 0.0001      |
|    loss                 | -0.425      |
|    n_updates            | 3240        |
|    policy_gradient_loss | -0.017      |
|    std                  | 2.88        |
|    value_loss           | 0.0319      |
-----------------------------------------
-----------------------------------------
| rollout/                |             |
|    ep_len_mean          | 472         |
|    ep_rew_mean          | 2.81e+03    |
| time/                   |             |
|    fps                  | 1017        |
|    iterations           | 218         |
|    time_elapsed         | 21052       |
|    total_timesteps      | 21430272    |
| train/                  |             |
|    approx_kl            | 0.018151684 |
|    clip_fraction        | 0.324       |
|    clip_range           | 0.15        |
|    entropy_loss         | -41.8       |
|    explained_variance   | 0.827       |
|    learning_rate        | 0.0001      |
|    loss                 | -0.414      |
|    n_updates            | 3255        |
|    policy_gradient_loss | -0.0173     |
|    std                  | 2.91        |
|    value_loss           | 0.0318      |
-----------------------------------------
Eval num_timesteps=21499656, episode_reward=3513.75 +/- 53.36
Episode length: 583.20 +/- 11.03
-----------------------------------------
| eval/                   |             |
|    mean_ep_length       | 583         |
|    mean_reward          | 3.51e+03    |
| time/                   |             |
|    total_timesteps      | 21499656    |
| train/                  |             |
|    approx_kl            | 0.017696599 |
|    clip_fraction        | 0.319       |
|    clip_range           | 0.15        |
|    entropy_loss         | -41.9       |
|    explained_variance   | 0.831       |
|    learning_rate        | 0.0001      |
|    loss                 | -0.414      |
|    n_updates            | 3270        |
|    policy_gradient_loss | -0.017      |
|    std                  | 2.93        |
|    value_loss           | 0.0331      |
-----------------------------------------
---------------------------------
| rollout/           |          |
|    ep_len_mean     | 470      |
|    ep_rew_mean     | 2.8e+03  |
| time/              |          |
|    fps             | 1017     |
|    iterations      | 219      |
|    time_elapsed    | 21152    |
|    total_timesteps | 21528576 |
---------------------------------
-----------------------------------------
| rollout/                |             |
|    ep_len_mean          | 486         |
|    ep_rew_mean          | 2.89e+03    |
| time/                   |             |
|    fps                  | 1017        |
|    iterations           | 220         |
|    time_elapsed         | 21247       |
|    total_timesteps      | 21626880    |
| train/                  |             |
|    approx_kl            | 0.018430436 |
|    clip_fraction        | 0.322       |
|    clip_range           | 0.15        |
|    entropy_loss         | -42         |
|    explained_variance   | 0.825       |
|    learning_rate        | 0.0001      |
|    loss                 | -0.416      |
|    n_updates            | 3285        |
|    policy_gradient_loss | -0.017      |
|    std                  | 2.95        |
|    value_loss           | 0.0329      |
-----------------------------------------
-----------------------------------------
| rollout/                |             |
|    ep_len_mean          | 464         |
|    ep_rew_mean          | 2.77e+03    |
| time/                   |             |
|    fps                  | 1017        |
|    iterations           | 221         |
|    time_elapsed         | 21344       |
|    total_timesteps      | 21725184    |
| train/                  |             |
|    approx_kl            | 0.017829437 |
|    clip_fraction        | 0.32        |
|    clip_range           | 0.15        |
|    entropy_loss         | -42.1       |
|    explained_variance   | 0.842       |
|    learning_rate        | 0.0001      |
|    loss                 | -0.417      |
|    n_updates            | 3300        |
|    policy_gradient_loss | -0.0171     |
|    std                  | 2.97        |
|    value_loss           | 0.0316      |
-----------------------------------------
----------------------------------------
| rollout/                |            |
|    ep_len_mean          | 478        |
|    ep_rew_mean          | 2.84e+03   |
| time/                   |            |
|    fps                  | 1017       |
|    iterations           | 222        |
|    time_elapsed         | 21440      |
|    total_timesteps      | 21823488   |
| train/                  |            |
|    approx_kl            | 0.01808874 |
|    clip_fraction        | 0.322      |
|    clip_range           | 0.15       |
|    entropy_loss         | -42.2      |
|    explained_variance   | 0.829      |
|    learning_rate        | 0.0001     |
|    loss                 | -0.425     |
|    n_updates            | 3315       |
|    policy_gradient_loss | -0.0168    |
|    std                  | 2.99       |
|    value_loss           | 0.0346     |
----------------------------------------
----------------------------------------
| rollout/                |            |
|    ep_len_mean          | 485        |
|    ep_rew_mean          | 2.9e+03    |
| time/                   |            |
|    fps                  | 1017       |
|    iterations           | 223        |
|    time_elapsed         | 21536      |
|    total_timesteps      | 21921792   |
| train/                  |            |
|    approx_kl            | 0.01790025 |
|    clip_fraction        | 0.317      |
|    clip_range           | 0.15       |
|    entropy_loss         | -42.4      |
|    explained_variance   | 0.841      |
|    learning_rate        | 0.0001     |
|    loss                 | -0.435     |
|    n_updates            | 3330       |
|    policy_gradient_loss | -0.0169    |
|    std                  | 3.02       |
|    value_loss           | 0.0329     |
----------------------------------------
Eval num_timesteps=21999648, episode_reward=3588.29 +/- 62.11
Episode length: 597.20 +/- 14.22
-----------------------------------------
| eval/                   |             |
|    mean_ep_length       | 597         |
|    mean_reward          | 3.59e+03    |
| time/                   |             |
|    total_timesteps      | 21999648    |
| train/                  |             |
|    approx_kl            | 0.017925145 |
|    clip_fraction        | 0.314       |
|    clip_range           | 0.15        |
|    entropy_loss         | -42.5       |
|    explained_variance   | 0.834       |
|    learning_rate        | 0.0001      |
|    loss                 | -0.409      |
|    n_updates            | 3345        |
|    policy_gradient_loss | -0.0177     |
|    std                  | 3.04        |
|    value_loss           | 0.0336      |
-----------------------------------------
---------------------------------
| rollout/           |          |
|    ep_len_mean     | 480      |
|    ep_rew_mean     | 2.85e+03 |
| time/              |          |
|    fps             | 1017     |
|    iterations      | 224      |
|    time_elapsed    | 21636    |
|    total_timesteps | 22020096 |
---------------------------------
-----------------------------------------
| rollout/                |             |
|    ep_len_mean          | 475         |
|    ep_rew_mean          | 2.81e+03    |
| time/                   |             |
|    fps                  | 1017        |
|    iterations           | 225         |
|    time_elapsed         | 21732       |
|    total_timesteps      | 22118400    |
| train/                  |             |
|    approx_kl            | 0.017358487 |
|    clip_fraction        | 0.312       |
|    clip_range           | 0.15        |
|    entropy_loss         | -42.6       |
|    explained_variance   | 0.84        |
|    learning_rate        | 0.0001      |
|    loss                 | -0.423      |
|    n_updates            | 3360        |
|    policy_gradient_loss | -0.0173     |
|    std                  | 3.06        |
|    value_loss           | 0.0327      |
-----------------------------------------
----------------------------------------
| rollout/                |            |
|    ep_len_mean          | 500        |
|    ep_rew_mean          | 2.97e+03   |
| time/                   |            |
|    fps                  | 1017       |
|    iterations           | 226        |
|    time_elapsed         | 21828      |
|    total_timesteps      | 22216704   |
| train/                  |            |
|    approx_kl            | 0.01794519 |
|    clip_fraction        | 0.319      |
|    clip_range           | 0.15       |
|    entropy_loss         | -42.7      |
|    explained_variance   | 0.859      |
|    learning_rate        | 0.0001     |
|    loss                 | -0.422     |
|    n_updates            | 3375       |
|    policy_gradient_loss | -0.0181    |
|    std                  | 3.07       |
|    value_loss           | 0.0303     |
----------------------------------------
----------------------------------------
| rollout/                |            |
|    ep_len_mean          | 494        |
|    ep_rew_mean          | 2.94e+03   |
| time/                   |            |
|    fps                  | 1017       |
|    iterations           | 227        |
|    time_elapsed         | 21924      |
|    total_timesteps      | 22315008   |
| train/                  |            |
|    approx_kl            | 0.01814355 |
|    clip_fraction        | 0.323      |
|    clip_range           | 0.15       |
|    entropy_loss         | -42.8      |
|    explained_variance   | 0.832      |
|    learning_rate        | 0.0001     |
|    loss                 | -0.434     |
|    n_updates            | 3390       |
|    policy_gradient_loss | -0.0168    |
|    std                  | 3.1        |
|    value_loss           | 0.0336     |
----------------------------------------
-----------------------------------------
| rollout/                |             |
|    ep_len_mean          | 471         |
|    ep_rew_mean          | 2.8e+03     |
| time/                   |             |
|    fps                  | 1017        |
|    iterations           | 228         |
|    time_elapsed         | 22019       |
|    total_timesteps      | 22413312    |
| train/                  |             |
|    approx_kl            | 0.017583435 |
|    clip_fraction        | 0.318       |
|    clip_range           | 0.15        |
|    entropy_loss         | -42.9       |
|    explained_variance   | 0.825       |
|    learning_rate        | 0.0001      |
|    loss                 | -0.411      |
|    n_updates            | 3405        |
|    policy_gradient_loss | -0.017      |
|    std                  | 3.12        |
|    value_loss           | 0.0337      |
-----------------------------------------
Eval num_timesteps=22499640, episode_reward=3519.76 +/- 46.52
Episode length: 585.20 +/- 9.70
----------------------------------------
| eval/                   |            |
|    mean_ep_length       | 585        |
|    mean_reward          | 3.52e+03   |
| time/                   |            |
|    total_timesteps      | 22499640   |
| train/                  |            |
|    approx_kl            | 0.01771372 |
|    clip_fraction        | 0.318      |
|    clip_range           | 0.15       |
|    entropy_loss         | -43        |
|    explained_variance   | 0.84       |
|    learning_rate        | 0.0001     |
|    loss                 | -0.424     |
|    n_updates            | 3420       |
|    policy_gradient_loss | -0.0173    |
|    std                  | 3.14       |
|    value_loss           | 0.0341     |
----------------------------------------
---------------------------------
| rollout/           |          |
|    ep_len_mean     | 484      |
|    ep_rew_mean     | 2.88e+03 |
| time/              |          |
|    fps             | 1017     |
|    iterations      | 229      |
|    time_elapsed    | 22117    |
|    total_timesteps | 22511616 |
---------------------------------
-----------------------------------------
| rollout/                |             |
|    ep_len_mean          | 480         |
|    ep_rew_mean          | 2.85e+03    |
| time/                   |             |
|    fps                  | 1017        |
|    iterations           | 230         |
|    time_elapsed         | 22212       |
|    total_timesteps      | 22609920    |
| train/                  |             |
|    approx_kl            | 0.017798953 |
|    clip_fraction        | 0.316       |
|    clip_range           | 0.15        |
|    entropy_loss         | -43.2       |
|    explained_variance   | 0.838       |
|    learning_rate        | 0.0001      |
|    loss                 | -0.432      |
|    n_updates            | 3435        |
|    policy_gradient_loss | -0.0171     |
|    std                  | 3.17        |
|    value_loss           | 0.0323      |
-----------------------------------------
----------------------------------------
| rollout/                |            |
|    ep_len_mean          | 504        |
|    ep_rew_mean          | 3.01e+03   |
| time/                   |            |
|    fps                  | 1017       |
|    iterations           | 231        |
|    time_elapsed         | 22309      |
|    total_timesteps      | 22708224   |
| train/                  |            |
|    approx_kl            | 0.01824773 |
|    clip_fraction        | 0.323      |
|    clip_range           | 0.15       |
|    entropy_loss         | -43.3      |
|    explained_variance   | 0.838      |
|    learning_rate        | 0.0001     |
|    loss                 | -0.443     |
|    n_updates            | 3450       |
|    policy_gradient_loss | -0.0172    |
|    std                  | 3.19       |
|    value_loss           | 0.0331     |
----------------------------------------
-----------------------------------------
| rollout/                |             |
|    ep_len_mean          | 481         |
|    ep_rew_mean          | 2.87e+03    |
| time/                   |             |
|    fps                  | 1017        |
|    iterations           | 232         |
|    time_elapsed         | 22407       |
|    total_timesteps      | 22806528    |
| train/                  |             |
|    approx_kl            | 0.017817853 |
|    clip_fraction        | 0.32        |
|    clip_range           | 0.15        |
|    entropy_loss         | -43.4       |
|    explained_variance   | 0.839       |
|    learning_rate        | 0.0001      |
|    loss                 | -0.39       |
|    n_updates            | 3465        |
|    policy_gradient_loss | -0.0167     |
|    std                  | 3.21        |
|    value_loss           | 0.0335      |
-----------------------------------------
-----------------------------------------
| rollout/                |             |
|    ep_len_mean          | 492         |
|    ep_rew_mean          | 2.94e+03    |
| time/                   |             |
|    fps                  | 1017        |
|    iterations           | 233         |
|    time_elapsed         | 22503       |
|    total_timesteps      | 22904832    |
| train/                  |             |
|    approx_kl            | 0.018045833 |
|    clip_fraction        | 0.318       |
|    clip_range           | 0.15        |
|    entropy_loss         | -43.5       |
|    explained_variance   | 0.849       |
|    learning_rate        | 0.0001      |
|    loss                 | -0.409      |
|    n_updates            | 3480        |
|    policy_gradient_loss | -0.0178     |
|    std                  | 3.24        |
|    value_loss           | 0.0325      |
-----------------------------------------
Eval num_timesteps=22999632, episode_reward=3547.52 +/- 101.01
Episode length: 591.20 +/- 21.47
-----------------------------------------
| eval/                   |             |
|    mean_ep_length       | 591         |
|    mean_reward          | 3.55e+03    |
| time/                   |             |
|    total_timesteps      | 22999632    |
| train/                  |             |
|    approx_kl            | 0.018444184 |
|    clip_fraction        | 0.323       |
|    clip_range           | 0.15        |
|    entropy_loss         | -43.6       |
|    explained_variance   | 0.842       |
|    learning_rate        | 0.0001      |
|    loss                 | -0.446      |
|    n_updates            | 3495        |
|    policy_gradient_loss | -0.0176     |
|    std                  | 3.26        |
|    value_loss           | 0.032       |
-----------------------------------------
---------------------------------
| rollout/           |          |
|    ep_len_mean     | 454      |
|    ep_rew_mean     | 2.7e+03  |
| time/              |          |
|    fps             | 1017     |
|    iterations      | 234      |
|    time_elapsed    | 22603    |
|    total_timesteps | 23003136 |
---------------------------------
-----------------------------------------
| rollout/                |             |
|    ep_len_mean          | 481         |
|    ep_rew_mean          | 2.87e+03    |
| time/                   |             |
|    fps                  | 1017        |
|    iterations           | 235         |
|    time_elapsed         | 22699       |
|    total_timesteps      | 23101440    |
| train/                  |             |
|    approx_kl            | 0.017980896 |
|    clip_fraction        | 0.312       |
|    clip_range           | 0.15        |
|    entropy_loss         | -43.7       |
|    explained_variance   | 0.861       |
|    learning_rate        | 0.0001      |
|    loss                 | -0.448      |
|    n_updates            | 3510        |
|    policy_gradient_loss | -0.0175     |
|    std                  | 3.28        |
|    value_loss           | 0.0307      |
-----------------------------------------
-----------------------------------------
| rollout/                |             |
|    ep_len_mean          | 489         |
|    ep_rew_mean          | 2.91e+03    |
| time/                   |             |
|    fps                  | 1017        |
|    iterations           | 236         |
|    time_elapsed         | 22795       |
|    total_timesteps      | 23199744    |
| train/                  |             |
|    approx_kl            | 0.018276691 |
|    clip_fraction        | 0.322       |
|    clip_range           | 0.15        |
|    entropy_loss         | -43.9       |
|    explained_variance   | 0.841       |
|    learning_rate        | 0.0001      |
|    loss                 | -0.43       |
|    n_updates            | 3525        |
|    policy_gradient_loss | -0.0176     |
|    std                  | 3.3         |
|    value_loss           | 0.033       |
-----------------------------------------
-----------------------------------------
| rollout/                |             |
|    ep_len_mean          | 462         |
|    ep_rew_mean          | 2.76e+03    |
| time/                   |             |
|    fps                  | 1017        |
|    iterations           | 237         |
|    time_elapsed         | 22893       |
|    total_timesteps      | 23298048    |
| train/                  |             |
|    approx_kl            | 0.018276941 |
|    clip_fraction        | 0.321       |
|    clip_range           | 0.15        |
|    entropy_loss         | -44         |
|    explained_variance   | 0.828       |
|    learning_rate        | 0.0001      |
|    loss                 | -0.427      |
|    n_updates            | 3540        |
|    policy_gradient_loss | -0.0174     |
|    std                  | 3.33        |
|    value_loss           | 0.0343      |
-----------------------------------------
-----------------------------------------
| rollout/                |             |
|    ep_len_mean          | 488         |
|    ep_rew_mean          | 2.91e+03    |
| time/                   |             |
|    fps                  | 1017        |
|    iterations           | 238         |
|    time_elapsed         | 22988       |
|    total_timesteps      | 23396352    |
| train/                  |             |
|    approx_kl            | 0.017812306 |
|    clip_fraction        | 0.315       |
|    clip_range           | 0.15        |
|    entropy_loss         | -44.1       |
|    explained_variance   | 0.838       |
|    learning_rate        | 0.0001      |
|    loss                 | -0.437      |
|    n_updates            | 3555        |
|    policy_gradient_loss | -0.0171     |
|    std                  | 3.35        |
|    value_loss           | 0.0334      |
-----------------------------------------
-----------------------------------------
| rollout/                |             |
|    ep_len_mean          | 489         |
|    ep_rew_mean          | 2.92e+03    |
| time/                   |             |
|    fps                  | 1017        |
|    iterations           | 239         |
|    time_elapsed         | 23084       |
|    total_timesteps      | 23494656    |
| train/                  |             |
|    approx_kl            | 0.017685851 |
|    clip_fraction        | 0.317       |
|    clip_range           | 0.15        |
|    entropy_loss         | -44.2       |
|    explained_variance   | 0.84        |
|    learning_rate        | 0.0001      |
|    loss                 | -0.448      |
|    n_updates            | 3570        |
|    policy_gradient_loss | -0.0172     |
|    std                  | 3.38        |
|    value_loss           | 0.0315      |
-----------------------------------------
Eval num_timesteps=23499624, episode_reward=3489.72 +/- 34.94
Episode length: 579.40 +/- 6.02
-----------------------------------------
| eval/                   |             |
|    mean_ep_length       | 579         |
|    mean_reward          | 3.49e+03    |
| time/                   |             |
|    total_timesteps      | 23499624    |
| train/                  |             |
|    approx_kl            | 0.018059794 |
|    clip_fraction        | 0.317       |
|    clip_range           | 0.15        |
|    entropy_loss         | -44.3       |
|    explained_variance   | 0.831       |
|    learning_rate        | 0.0001      |
|    loss                 | -0.442      |
|    n_updates            | 3585        |
|    policy_gradient_loss | -0.017      |
|    std                  | 3.4         |
|    value_loss           | 0.0334      |
-----------------------------------------
---------------------------------
| rollout/           |          |
|    ep_len_mean     | 514      |
|    ep_rew_mean     | 3.06e+03 |
| time/              |          |
|    fps             | 1017     |
|    iterations      | 240      |
|    time_elapsed    | 23185    |
|    total_timesteps | 23592960 |
---------------------------------
-----------------------------------------
| rollout/                |             |
|    ep_len_mean          | 487         |
|    ep_rew_mean          | 2.9e+03     |
| time/                   |             |
|    fps                  | 1017        |
|    iterations           | 241         |
|    time_elapsed         | 23281       |
|    total_timesteps      | 23691264    |
| train/                  |             |
|    approx_kl            | 0.017997613 |
|    clip_fraction        | 0.321       |
|    clip_range           | 0.15        |
|    entropy_loss         | -44.4       |
|    explained_variance   | 0.836       |
|    learning_rate        | 0.0001      |
|    loss                 | -0.45       |
|    n_updates            | 3600        |
|    policy_gradient_loss | -0.0171     |
|    std                  | 3.42        |
|    value_loss           | 0.0325      |
-----------------------------------------
-----------------------------------------
| rollout/                |             |
|    ep_len_mean          | 477         |
|    ep_rew_mean          | 2.86e+03    |
| time/                   |             |
|    fps                  | 1017        |
|    iterations           | 242         |
|    time_elapsed         | 23378       |
|    total_timesteps      | 23789568    |
| train/                  |             |
|    approx_kl            | 0.018483737 |
|    clip_fraction        | 0.325       |
|    clip_range           | 0.15        |
|    entropy_loss         | -44.6       |
|    explained_variance   | 0.837       |
|    learning_rate        | 0.0001      |
|    loss                 | -0.446      |
|    n_updates            | 3615        |
|    policy_gradient_loss | -0.0174     |
|    std                  | 3.45        |
|    value_loss           | 0.0332      |
-----------------------------------------
----------------------------------------
| rollout/                |            |
|    ep_len_mean          | 513        |
|    ep_rew_mean          | 3.06e+03   |
| time/                   |            |
|    fps                  | 1017       |
|    iterations           | 243        |
|    time_elapsed         | 23473      |
|    total_timesteps      | 23887872   |
| train/                  |            |
|    approx_kl            | 0.01788682 |
|    clip_fraction        | 0.318      |
|    clip_range           | 0.15       |
|    entropy_loss         | -44.7      |
|    explained_variance   | 0.822      |
|    learning_rate        | 0.0001     |
|    loss                 | -0.457     |
|    n_updates            | 3630       |
|    policy_gradient_loss | -0.0176    |
|    std                  | 3.47       |
|    value_loss           | 0.0344     |
----------------------------------------
-----------------------------------------
| rollout/                |             |
|    ep_len_mean          | 487         |
|    ep_rew_mean          | 2.92e+03    |
| time/                   |             |
|    fps                  | 1017        |
|    iterations           | 244         |
|    time_elapsed         | 23569       |
|    total_timesteps      | 23986176    |
| train/                  |             |
|    approx_kl            | 0.017590828 |
|    clip_fraction        | 0.312       |
|    clip_range           | 0.15        |
|    entropy_loss         | -44.8       |
|    explained_variance   | 0.832       |
|    learning_rate        | 0.0001      |
|    loss                 | -0.456      |
|    n_updates            | 3645        |
|    policy_gradient_loss | -0.0172     |
|    std                  | 3.5         |
|    value_loss           | 0.034       |
-----------------------------------------
Eval num_timesteps=23999616, episode_reward=3404.94 +/- 35.96
Episode length: 560.20 +/- 7.65
-----------------------------------------
| eval/                   |             |
|    mean_ep_length       | 560         |
|    mean_reward          | 3.4e+03     |
| time/                   |             |
|    total_timesteps      | 23999616    |
| train/                  |             |
|    approx_kl            | 0.017571867 |
|    clip_fraction        | 0.316       |
|    clip_range           | 0.15        |
|    entropy_loss         | -44.9       |
|    explained_variance   | 0.819       |
|    learning_rate        | 0.0001      |
|    loss                 | -0.442      |
|    n_updates            | 3660        |
|    policy_gradient_loss | -0.0167     |
|    std                  | 3.52        |
|    value_loss           | 0.0351      |
-----------------------------------------
---------------------------------
| rollout/           |          |
|    ep_len_mean     | 488      |
|    ep_rew_mean     | 2.92e+03 |
| time/              |          |
|    fps             | 1017     |
|    iterations      | 245      |
|    time_elapsed    | 23669    |
|    total_timesteps | 24084480 |
---------------------------------
-----------------------------------------
| rollout/                |             |
|    ep_len_mean          | 489         |
|    ep_rew_mean          | 2.92e+03    |
| time/                   |             |
|    fps                  | 1017        |
|    iterations           | 246         |
|    time_elapsed         | 23765       |
|    total_timesteps      | 24182784    |
| train/                  |             |
|    approx_kl            | 0.017983772 |
|    clip_fraction        | 0.313       |
|    clip_range           | 0.15        |
|    entropy_loss         | -45         |
|    explained_variance   | 0.833       |
|    learning_rate        | 0.0001      |
|    loss                 | -0.439      |
|    n_updates            | 3675        |
|    policy_gradient_loss | -0.0172     |
|    std                  | 3.55        |
|    value_loss           | 0.034       |
-----------------------------------------
-----------------------------------------
| rollout/                |             |
|    ep_len_mean          | 485         |
|    ep_rew_mean          | 2.91e+03    |
| time/                   |             |
|    fps                  | 1017        |
|    iterations           | 247         |
|    time_elapsed         | 23860       |
|    total_timesteps      | 24281088    |
| train/                  |             |
|    approx_kl            | 0.017720522 |
|    clip_fraction        | 0.317       |
|    clip_range           | 0.15        |
|    entropy_loss         | -45.2       |
|    explained_variance   | 0.822       |
|    learning_rate        | 0.0001      |
|    loss                 | -0.444      |
|    n_updates            | 3690        |
|    policy_gradient_loss | -0.0168     |
|    std                  | 3.57        |
|    value_loss           | 0.0349      |
-----------------------------------------
-----------------------------------------
| rollout/                |             |
|    ep_len_mean          | 490         |
|    ep_rew_mean          | 2.93e+03    |
| time/                   |             |
|    fps                  | 1017        |
|    iterations           | 248         |
|    time_elapsed         | 23957       |
|    total_timesteps      | 24379392    |
| train/                  |             |
|    approx_kl            | 0.017766846 |
|    clip_fraction        | 0.314       |
|    clip_range           | 0.15        |
|    entropy_loss         | -45.3       |
|    explained_variance   | 0.826       |
|    learning_rate        | 0.0001      |
|    loss                 | -0.463      |
|    n_updates            | 3705        |
|    policy_gradient_loss | -0.0174     |
|    std                  | 3.6         |
|    value_loss           | 0.0335      |
-----------------------------------------
-----------------------------------------
| rollout/                |             |
|    ep_len_mean          | 464         |
|    ep_rew_mean          | 2.77e+03    |
| time/                   |             |
|    fps                  | 1017        |
|    iterations           | 249         |
|    time_elapsed         | 24053       |
|    total_timesteps      | 24477696    |
| train/                  |             |
|    approx_kl            | 0.017797247 |
|    clip_fraction        | 0.316       |
|    clip_range           | 0.15        |
|    entropy_loss         | -45.4       |
|    explained_variance   | 0.837       |
|    learning_rate        | 0.0001      |
|    loss                 | -0.446      |
|    n_updates            | 3720        |
|    policy_gradient_loss | -0.0168     |
|    std                  | 3.62        |
|    value_loss           | 0.0352      |
-----------------------------------------
Eval num_timesteps=24499608, episode_reward=3446.98 +/- 44.37
Episode length: 568.40 +/- 8.87
-----------------------------------------
| eval/                   |             |
|    mean_ep_length       | 568         |
|    mean_reward          | 3.45e+03    |
| time/                   |             |
|    total_timesteps      | 24499608    |
| train/                  |             |
|    approx_kl            | 0.017369533 |
|    clip_fraction        | 0.312       |
|    clip_range           | 0.15        |
|    entropy_loss         | -45.5       |
|    explained_variance   | 0.838       |
|    learning_rate        | 0.0001      |
|    loss                 | -0.443      |
|    n_updates            | 3735        |
|    policy_gradient_loss | -0.0169     |
|    std                  | 3.65        |
|    value_loss           | 0.0332      |
-----------------------------------------
---------------------------------
| rollout/           |          |
|    ep_len_mean     | 499      |
|    ep_rew_mean     | 2.97e+03 |
| time/              |          |
|    fps             | 1017     |
|    iterations      | 250      |
|    time_elapsed    | 24151    |
|    total_timesteps | 24576000 |
---------------------------------
-----------------------------------------
| rollout/                |             |
|    ep_len_mean          | 480         |
|    ep_rew_mean          | 2.88e+03    |
| time/                   |             |
|    fps                  | 1017        |
|    iterations           | 251         |
|    time_elapsed         | 24249       |
|    total_timesteps      | 24674304    |
| train/                  |             |
|    approx_kl            | 0.017913738 |
|    clip_fraction        | 0.314       |
|    clip_range           | 0.15        |
|    entropy_loss         | -45.6       |
|    explained_variance   | 0.831       |
|    learning_rate        | 0.0001      |
|    loss                 | -0.452      |
|    n_updates            | 3750        |
|    policy_gradient_loss | -0.0172     |
|    std                  | 3.67        |
|    value_loss           | 0.0337      |
-----------------------------------------
-----------------------------------------
| rollout/                |             |
|    ep_len_mean          | 487         |
|    ep_rew_mean          | 2.92e+03    |
| time/                   |             |
|    fps                  | 1017        |
|    iterations           | 252         |
|    time_elapsed         | 24345       |
|    total_timesteps      | 24772608    |
| train/                  |             |
|    approx_kl            | 0.017451936 |
|    clip_fraction        | 0.31        |
|    clip_range           | 0.15        |
|    entropy_loss         | -45.7       |
|    explained_variance   | 0.846       |
|    learning_rate        | 0.0001      |
|    loss                 | -0.434      |
|    n_updates            | 3765        |
|    policy_gradient_loss | -0.0173     |
|    std                  | 3.7         |
|    value_loss           | 0.0336      |
-----------------------------------------
-----------------------------------------
| rollout/                |             |
|    ep_len_mean          | 470         |
|    ep_rew_mean          | 2.81e+03    |
| time/                   |             |
|    fps                  | 1017        |
|    iterations           | 253         |
|    time_elapsed         | 24442       |
|    total_timesteps      | 24870912    |
| train/                  |             |
|    approx_kl            | 0.018084483 |
|    clip_fraction        | 0.32        |
|    clip_range           | 0.15        |
|    entropy_loss         | -45.8       |
|    explained_variance   | 0.83        |
|    learning_rate        | 0.0001      |
|    loss                 | -0.446      |
|    n_updates            | 3780        |
|    policy_gradient_loss | -0.017      |
|    std                  | 3.72        |
|    value_loss           | 0.0363      |
-----------------------------------------
-----------------------------------------
| rollout/                |             |
|    ep_len_mean          | 492         |
|    ep_rew_mean          | 2.96e+03    |
| time/                   |             |
|    fps                  | 1017        |
|    iterations           | 254         |
|    time_elapsed         | 24537       |
|    total_timesteps      | 24969216    |
| train/                  |             |
|    approx_kl            | 0.017862203 |
|    clip_fraction        | 0.318       |
|    clip_range           | 0.15        |
|    entropy_loss         | -46         |
|    explained_variance   | 0.832       |
|    learning_rate        | 0.0001      |
|    loss                 | -0.418      |
|    n_updates            | 3795        |
|    policy_gradient_loss | -0.0172     |
|    std                  | 3.75        |
|    value_loss           | 0.0346      |
-----------------------------------------
Eval num_timesteps=24999600, episode_reward=3447.79 +/- 57.89
Episode length: 570.20 +/- 11.89
----------------------------------------
| eval/                   |            |
|    mean_ep_length       | 570        |
|    mean_reward          | 3.45e+03   |
| time/                   |            |
|    total_timesteps      | 24999600   |
| train/                  |            |
|    approx_kl            | 0.01738982 |
|    clip_fraction        | 0.313      |
|    clip_range           | 0.15       |
|    entropy_loss         | -46.1      |
|    explained_variance   | 0.83       |
|    learning_rate        | 0.0001     |
|    loss                 | -0.443     |
|    n_updates            | 3810       |
|    policy_gradient_loss | -0.017     |
|    std                  | 3.78       |
|    value_loss           | 0.0342     |
----------------------------------------
---------------------------------
| rollout/           |          |
|    ep_len_mean     | 478      |
|    ep_rew_mean     | 2.85e+03 |
| time/              |          |
|    fps             | 1017     |
|    iterations      | 255      |
|    time_elapsed    | 24636    |
|    total_timesteps | 25067520 |
---------------------------------
-----------------------------------------
| rollout/                |             |
|    ep_len_mean          | 492         |
|    ep_rew_mean          | 2.93e+03    |
| time/                   |             |
|    fps                  | 1017        |
|    iterations           | 256         |
|    time_elapsed         | 24732       |
|    total_timesteps      | 25165824    |
| train/                  |             |
|    approx_kl            | 0.017866282 |
|    clip_fraction        | 0.314       |
|    clip_range           | 0.15        |
|    entropy_loss         | -46.2       |
|    explained_variance   | 0.835       |
|    learning_rate        | 0.0001      |
|    loss                 | -0.433      |
|    n_updates            | 3825        |
|    policy_gradient_loss | -0.0173     |
|    std                  | 3.8         |
|    value_loss           | 0.0341      |
-----------------------------------------
-----------------------------------------
| rollout/                |             |
|    ep_len_mean          | 482         |
|    ep_rew_mean          | 2.87e+03    |
| time/                   |             |
|    fps                  | 1017        |
|    iterations           | 257         |
|    time_elapsed         | 24827       |
|    total_timesteps      | 25264128    |
| train/                  |             |
|    approx_kl            | 0.017461052 |
|    clip_fraction        | 0.311       |
|    clip_range           | 0.15        |
|    entropy_loss         | -46.3       |
|    explained_variance   | 0.836       |
|    learning_rate        | 0.0001      |
|    loss                 | -0.466      |
|    n_updates            | 3840        |
|    policy_gradient_loss | -0.0174     |
|    std                  | 3.83        |
|    value_loss           | 0.0352      |
-----------------------------------------
-----------------------------------------
| rollout/                |             |
|    ep_len_mean          | 475         |
|    ep_rew_mean          | 2.83e+03    |
| time/                   |             |
|    fps                  | 1017        |
|    iterations           | 258         |
|    time_elapsed         | 24924       |
|    total_timesteps      | 25362432    |
| train/                  |             |
|    approx_kl            | 0.017518545 |
|    clip_fraction        | 0.316       |
|    clip_range           | 0.15        |
|    entropy_loss         | -46.4       |
|    explained_variance   | 0.83        |
|    learning_rate        | 0.0001      |
|    loss                 | -0.463      |
|    n_updates            | 3855        |
|    policy_gradient_loss | -0.0172     |
|    std                  | 3.85        |
|    value_loss           | 0.0335      |
-----------------------------------------
-----------------------------------------
| rollout/                |             |
|    ep_len_mean          | 497         |
|    ep_rew_mean          | 2.97e+03    |
| time/                   |             |
|    fps                  | 1017        |
|    iterations           | 259         |
|    time_elapsed         | 25018       |
|    total_timesteps      | 25460736    |
| train/                  |             |
|    approx_kl            | 0.017215315 |
|    clip_fraction        | 0.307       |
|    clip_range           | 0.15        |
|    entropy_loss         | -46.5       |
|    explained_variance   | 0.831       |
|    learning_rate        | 0.0001      |
|    loss                 | -0.448      |
|    n_updates            | 3870        |
|    policy_gradient_loss | -0.0171     |
|    std                  | 3.88        |
|    value_loss           | 0.0345      |
-----------------------------------------
Eval num_timesteps=25499592, episode_reward=3533.42 +/- 50.39
Episode length: 588.80 +/- 9.60
-----------------------------------------
| eval/                   |             |
|    mean_ep_length       | 589         |
|    mean_reward          | 3.53e+03    |
| time/                   |             |
|    total_timesteps      | 25499592    |
| train/                  |             |
|    approx_kl            | 0.017305816 |
|    clip_fraction        | 0.309       |
|    clip_range           | 0.15        |
|    entropy_loss         | -46.6       |
|    explained_variance   | 0.83        |
|    learning_rate        | 0.0001      |
|    loss                 | -0.461      |
|    n_updates            | 3885        |
|    policy_gradient_loss | -0.0167     |
|    std                  | 3.91        |
|    value_loss           | 0.0344      |
-----------------------------------------
---------------------------------
| rollout/           |          |
|    ep_len_mean     | 501      |
|    ep_rew_mean     | 2.99e+03 |
| time/              |          |
|    fps             | 1017     |
|    iterations      | 260      |
|    time_elapsed    | 25120    |
|    total_timesteps | 25559040 |
---------------------------------
---------------------------------------
| rollout/                |           |
|    ep_len_mean          | 494       |
|    ep_rew_mean          | 2.95e+03  |
| time/                   |           |
|    fps                  | 1017      |
|    iterations           | 261       |
|    time_elapsed         | 25216     |
|    total_timesteps      | 25657344  |
| train/                  |           |
|    approx_kl            | 0.0171827 |
|    clip_fraction        | 0.309     |
|    clip_range           | 0.15      |
|    entropy_loss         | -46.8     |
|    explained_variance   | 0.824     |
|    learning_rate        | 0.0001    |
|    loss                 | -0.453    |
|    n_updates            | 3900      |
|    policy_gradient_loss | -0.0169   |
|    std                  | 3.94      |
|    value_loss           | 0.0336    |
---------------------------------------
----------------------------------------
| rollout/                |            |
|    ep_len_mean          | 494        |
|    ep_rew_mean          | 2.95e+03   |
| time/                   |            |
|    fps                  | 1017       |
|    iterations           | 262        |
|    time_elapsed         | 25311      |
|    total_timesteps      | 25755648   |
| train/                  |            |
|    approx_kl            | 0.01700742 |
|    clip_fraction        | 0.308      |
|    clip_range           | 0.15       |
|    entropy_loss         | -46.9      |
|    explained_variance   | 0.833      |
|    learning_rate        | 0.0001     |
|    loss                 | -0.477     |
|    n_updates            | 3915       |
|    policy_gradient_loss | -0.0169    |
|    std                  | 3.97       |
|    value_loss           | 0.0326     |
----------------------------------------
-----------------------------------------
| rollout/                |             |
|    ep_len_mean          | 483         |
|    ep_rew_mean          | 2.88e+03    |
| time/                   |             |
|    fps                  | 1017        |
|    iterations           | 263         |
|    time_elapsed         | 25408       |
|    total_timesteps      | 25853952    |
| train/                  |             |
|    approx_kl            | 0.017108582 |
|    clip_fraction        | 0.306       |
|    clip_range           | 0.15        |
|    entropy_loss         | -47         |
|    explained_variance   | 0.831       |
|    learning_rate        | 0.0001      |
|    loss                 | -0.45       |
|    n_updates            | 3930        |
|    policy_gradient_loss | -0.0165     |
|    std                  | 4           |
|    value_loss           | 0.0351      |
-----------------------------------------
-----------------------------------------
| rollout/                |             |
|    ep_len_mean          | 462         |
|    ep_rew_mean          | 2.75e+03    |
| time/                   |             |
|    fps                  | 1017        |
|    iterations           | 264         |
|    time_elapsed         | 25504       |
|    total_timesteps      | 25952256    |
| train/                  |             |
|    approx_kl            | 0.017339008 |
|    clip_fraction        | 0.314       |
|    clip_range           | 0.15        |
|    entropy_loss         | -47.1       |
|    explained_variance   | 0.841       |
|    learning_rate        | 0.0001      |
|    loss                 | -0.475      |
|    n_updates            | 3945        |
|    policy_gradient_loss | -0.0171     |
|    std                  | 4.03        |
|    value_loss           | 0.0325      |
-----------------------------------------
Eval num_timesteps=25999584, episode_reward=3568.86 +/- 31.21
Episode length: 594.60 +/- 8.26
----------------------------------------
| eval/                   |            |
|    mean_ep_length       | 595        |
|    mean_reward          | 3.57e+03   |
| time/                   |            |
|    total_timesteps      | 25999584   |
| train/                  |            |
|    approx_kl            | 0.01732534 |
|    clip_fraction        | 0.305      |
|    clip_range           | 0.15       |
|    entropy_loss         | -47.2      |
|    explained_variance   | 0.85       |
|    learning_rate        | 0.0001     |
|    loss                 | -0.46      |
|    n_updates            | 3960       |
|    policy_gradient_loss | -0.0174    |
|    std                  | 4.05       |
|    value_loss           | 0.0343     |
----------------------------------------
---------------------------------
| rollout/           |          |
|    ep_len_mean     | 516      |
|    ep_rew_mean     | 3.08e+03 |
| time/              |          |
|    fps             | 1017     |
|    iterations      | 265      |
|    time_elapsed    | 25605    |
|    total_timesteps | 26050560 |
---------------------------------
-----------------------------------------
| rollout/                |             |
|    ep_len_mean          | 489         |
|    ep_rew_mean          | 2.93e+03    |
| time/                   |             |
|    fps                  | 1017        |
|    iterations           | 266         |
|    time_elapsed         | 25701       |
|    total_timesteps      | 26148864    |
| train/                  |             |
|    approx_kl            | 0.017610705 |
|    clip_fraction        | 0.312       |
|    clip_range           | 0.15        |
|    entropy_loss         | -47.4       |
|    explained_variance   | 0.824       |
|    learning_rate        | 0.0001      |
|    loss                 | -0.488      |
|    n_updates            | 3975        |
|    policy_gradient_loss | -0.0161     |
|    std                  | 4.09        |
|    value_loss           | 0.0358      |
-----------------------------------------
-----------------------------------------
| rollout/                |             |
|    ep_len_mean          | 496         |
|    ep_rew_mean          | 2.98e+03    |
| time/                   |             |
|    fps                  | 1017        |
|    iterations           | 267         |
|    time_elapsed         | 25796       |
|    total_timesteps      | 26247168    |
| train/                  |             |
|    approx_kl            | 0.017137248 |
|    clip_fraction        | 0.306       |
|    clip_range           | 0.15        |
|    entropy_loss         | -47.5       |
|    explained_variance   | 0.828       |
|    learning_rate        | 0.0001      |
|    loss                 | -0.461      |
|    n_updates            | 3990        |
|    policy_gradient_loss | -0.0173     |
|    std                  | 4.11        |
|    value_loss           | 0.035       |
-----------------------------------------
-----------------------------------------
| rollout/                |             |
|    ep_len_mean          | 483         |
|    ep_rew_mean          | 2.88e+03    |
| time/                   |             |
|    fps                  | 1017        |
|    iterations           | 268         |
|    time_elapsed         | 25893       |
|    total_timesteps      | 26345472    |
| train/                  |             |
|    approx_kl            | 0.017504355 |
|    clip_fraction        | 0.311       |
|    clip_range           | 0.15        |
|    entropy_loss         | -47.6       |
|    explained_variance   | 0.83        |
|    learning_rate        | 0.0001      |
|    loss                 | -0.475      |
|    n_updates            | 4005        |
|    policy_gradient_loss | -0.0171     |
|    std                  | 4.14        |
|    value_loss           | 0.0343      |
-----------------------------------------
----------------------------------------
| rollout/                |            |
|    ep_len_mean          | 499        |
|    ep_rew_mean          | 2.98e+03   |
| time/                   |            |
|    fps                  | 1017       |
|    iterations           | 269        |
|    time_elapsed         | 25991      |
|    total_timesteps      | 26443776   |
| train/                  |            |
|    approx_kl            | 0.01731961 |
|    clip_fraction        | 0.306      |
|    clip_range           | 0.15       |
|    entropy_loss         | -47.7      |
|    explained_variance   | 0.828      |
|    learning_rate        | 0.0001     |
|    loss                 | -0.419     |
|    n_updates            | 4020       |
|    policy_gradient_loss | -0.017     |
|    std                  | 4.17       |
|    value_loss           | 0.0357     |
----------------------------------------
Eval num_timesteps=26499576, episode_reward=3448.69 +/- 21.80
Episode length: 571.20 +/- 5.53
-----------------------------------------
| eval/                   |             |
|    mean_ep_length       | 571         |
|    mean_reward          | 3.45e+03    |
| time/                   |             |
|    total_timesteps      | 26499576    |
| train/                  |             |
|    approx_kl            | 0.017011197 |
|    clip_fraction        | 0.308       |
|    clip_range           | 0.15        |
|    entropy_loss         | -47.8       |
|    explained_variance   | 0.831       |
|    learning_rate        | 0.0001      |
|    loss                 | -0.482      |
|    n_updates            | 4035        |
|    policy_gradient_loss | -0.0168     |
|    std                  | 4.2         |
|    value_loss           | 0.0342      |
-----------------------------------------
---------------------------------
| rollout/           |          |
|    ep_len_mean     | 503      |
|    ep_rew_mean     | 3e+03    |
| time/              |          |
|    fps             | 1017     |
|    iterations      | 270      |
|    time_elapsed    | 26090    |
|    total_timesteps | 26542080 |
---------------------------------
-----------------------------------------
| rollout/                |             |
|    ep_len_mean          | 522         |
|    ep_rew_mean          | 3.11e+03    |
| time/                   |             |
|    fps                  | 1017        |
|    iterations           | 271         |
|    time_elapsed         | 26186       |
|    total_timesteps      | 26640384    |
| train/                  |             |
|    approx_kl            | 0.016984656 |
|    clip_fraction        | 0.305       |
|    clip_range           | 0.15        |
|    entropy_loss         | -47.9       |
|    explained_variance   | 0.817       |
|    learning_rate        | 0.0001      |
|    loss                 | -0.473      |
|    n_updates            | 4050        |
|    policy_gradient_loss | -0.0174     |
|    std                  | 4.23        |
|    value_loss           | 0.037       |
-----------------------------------------
----------------------------------------
| rollout/                |            |
|    ep_len_mean          | 487        |
|    ep_rew_mean          | 2.91e+03   |
| time/                   |            |
|    fps                  | 1017       |
|    iterations           | 272        |
|    time_elapsed         | 26283      |
|    total_timesteps      | 26738688   |
| train/                  |            |
|    approx_kl            | 0.01754169 |
|    clip_fraction        | 0.307      |
|    clip_range           | 0.15       |
|    entropy_loss         | -48.1      |
|    explained_variance   | 0.798      |
|    learning_rate        | 0.0001     |
|    loss                 | -0.473     |
|    n_updates            | 4065       |
|    policy_gradient_loss | -0.0161    |
|    std                  | 4.26       |
|    value_loss           | 0.0349     |
----------------------------------------
-----------------------------------------
| rollout/                |             |
|    ep_len_mean          | 491         |
|    ep_rew_mean          | 2.92e+03    |
| time/                   |             |
|    fps                  | 1017        |
|    iterations           | 273         |
|    time_elapsed         | 26379       |
|    total_timesteps      | 26836992    |
| train/                  |             |
|    approx_kl            | 0.017685808 |
|    clip_fraction        | 0.312       |
|    clip_range           | 0.15        |
|    entropy_loss         | -48.2       |
|    explained_variance   | 0.826       |
|    learning_rate        | 0.0001      |
|    loss                 | -0.493      |
|    n_updates            | 4080        |
|    policy_gradient_loss | -0.0174     |
|    std                  | 4.29        |
|    value_loss           | 0.0342      |
-----------------------------------------
-----------------------------------------
| rollout/                |             |
|    ep_len_mean          | 457         |
|    ep_rew_mean          | 2.72e+03    |
| time/                   |             |
|    fps                  | 1017        |
|    iterations           | 274         |
|    time_elapsed         | 26474       |
|    total_timesteps      | 26935296    |
| train/                  |             |
|    approx_kl            | 0.017270437 |
|    clip_fraction        | 0.304       |
|    clip_range           | 0.15        |
|    entropy_loss         | -48.3       |
|    explained_variance   | 0.835       |
|    learning_rate        | 0.0001      |
|    loss                 | -0.483      |
|    n_updates            | 4095        |
|    policy_gradient_loss | -0.0168     |
|    std                  | 4.32        |
|    value_loss           | 0.0332      |
-----------------------------------------
Eval num_timesteps=26999568, episode_reward=3545.41 +/- 56.13
Episode length: 590.40 +/- 11.06
-----------------------------------------
| eval/                   |             |
|    mean_ep_length       | 590         |
|    mean_reward          | 3.55e+03    |
| time/                   |             |
|    total_timesteps      | 26999568    |
| train/                  |             |
|    approx_kl            | 0.017002435 |
|    clip_fraction        | 0.305       |
|    clip_range           | 0.15        |
|    entropy_loss         | -48.4       |
|    explained_variance   | 0.836       |
|    learning_rate        | 0.0001      |
|    loss                 | -0.477      |
|    n_updates            | 4110        |
|    policy_gradient_loss | -0.0175     |
|    std                  | 4.35        |
|    value_loss           | 0.0334      |
-----------------------------------------
---------------------------------
| rollout/           |          |
|    ep_len_mean     | 481      |
|    ep_rew_mean     | 2.86e+03 |
| time/              |          |
|    fps             | 1017     |
|    iterations      | 275      |
|    time_elapsed    | 26575    |
|    total_timesteps | 27033600 |
---------------------------------
-----------------------------------------
| rollout/                |             |
|    ep_len_mean          | 494         |
|    ep_rew_mean          | 2.94e+03    |
| time/                   |             |
|    fps                  | 1017        |
|    iterations           | 276         |
|    time_elapsed         | 26671       |
|    total_timesteps      | 27131904    |
| train/                  |             |
|    approx_kl            | 0.017566992 |
|    clip_fraction        | 0.312       |
|    clip_range           | 0.15        |
|    entropy_loss         | -48.5       |
|    explained_variance   | 0.831       |
|    learning_rate        | 0.0001      |
|    loss                 | -0.492      |
|    n_updates            | 4125        |
|    policy_gradient_loss | -0.0173     |
|    std                  | 4.39        |
|    value_loss           | 0.0349      |
-----------------------------------------
-----------------------------------------
| rollout/                |             |
|    ep_len_mean          | 496         |
|    ep_rew_mean          | 2.96e+03    |
| time/                   |             |
|    fps                  | 1017        |
|    iterations           | 277         |
|    time_elapsed         | 26768       |
|    total_timesteps      | 27230208    |
| train/                  |             |
|    approx_kl            | 0.017438257 |
|    clip_fraction        | 0.312       |
|    clip_range           | 0.15        |
|    entropy_loss         | -48.7       |
|    explained_variance   | 0.818       |
|    learning_rate        | 0.0001      |
|    loss                 | -0.458      |
|    n_updates            | 4140        |
|    policy_gradient_loss | -0.0166     |
|    std                  | 4.42        |
|    value_loss           | 0.0355      |
-----------------------------------------
-----------------------------------------
| rollout/                |             |
|    ep_len_mean          | 479         |
|    ep_rew_mean          | 2.84e+03    |
| time/                   |             |
|    fps                  | 1017        |
|    iterations           | 278         |
|    time_elapsed         | 26865       |
|    total_timesteps      | 27328512    |
| train/                  |             |
|    approx_kl            | 0.017068755 |
|    clip_fraction        | 0.309       |
|    clip_range           | 0.15        |
|    entropy_loss         | -48.8       |
|    explained_variance   | 0.838       |
|    learning_rate        | 0.0001      |
|    loss                 | -0.479      |
|    n_updates            | 4155        |
|    policy_gradient_loss | -0.0178     |
|    std                  | 4.46        |
|    value_loss           | 0.033       |
-----------------------------------------
-----------------------------------------
| rollout/                |             |
|    ep_len_mean          | 484         |
|    ep_rew_mean          | 2.89e+03    |
| time/                   |             |
|    fps                  | 1017        |
|    iterations           | 279         |
|    time_elapsed         | 26963       |
|    total_timesteps      | 27426816    |
| train/                  |             |
|    approx_kl            | 0.017415697 |
|    clip_fraction        | 0.308       |
|    clip_range           | 0.15        |
|    entropy_loss         | -48.9       |
|    explained_variance   | 0.827       |
|    learning_rate        | 0.0001      |
|    loss                 | -0.471      |
|    n_updates            | 4170        |
|    policy_gradient_loss | -0.017      |
|    std                  | 4.49        |
|    value_loss           | 0.0351      |
-----------------------------------------
Eval num_timesteps=27499560, episode_reward=3562.53 +/- 14.65
Episode length: 594.20 +/- 3.06
-----------------------------------------
| eval/                   |             |
|    mean_ep_length       | 594         |
|    mean_reward          | 3.56e+03    |
| time/                   |             |
|    total_timesteps      | 27499560    |
| train/                  |             |
|    approx_kl            | 0.017147752 |
|    clip_fraction        | 0.305       |
|    clip_range           | 0.15        |
|    entropy_loss         | -49         |
|    explained_variance   | 0.839       |
|    learning_rate        | 0.0001      |
|    loss                 | -0.49       |
|    n_updates            | 4185        |
|    policy_gradient_loss | -0.017      |
|    std                  | 4.52        |
|    value_loss           | 0.0333      |
-----------------------------------------
---------------------------------
| rollout/           |          |
|    ep_len_mean     | 482      |
|    ep_rew_mean     | 2.86e+03 |
| time/              |          |
|    fps             | 1017     |
|    iterations      | 280      |
|    time_elapsed    | 27064    |
|    total_timesteps | 27525120 |
---------------------------------
-----------------------------------------
| rollout/                |             |
|    ep_len_mean          | 504         |
|    ep_rew_mean          | 3e+03       |
| time/                   |             |
|    fps                  | 1017        |
|    iterations           | 281         |
|    time_elapsed         | 27161       |
|    total_timesteps      | 27623424    |
| train/                  |             |
|    approx_kl            | 0.016828066 |
|    clip_fraction        | 0.299       |
|    clip_range           | 0.15        |
|    entropy_loss         | -49.1       |
|    explained_variance   | 0.846       |
|    learning_rate        | 0.0001      |
|    loss                 | -0.481      |
|    n_updates            | 4200        |
|    policy_gradient_loss | -0.0179     |
|    std                  | 4.55        |
|    value_loss           | 0.0334      |
-----------------------------------------
----------------------------------------
| rollout/                |            |
|    ep_len_mean          | 515        |
|    ep_rew_mean          | 3.06e+03   |
| time/                   |            |
|    fps                  | 1016       |
|    iterations           | 282        |
|    time_elapsed         | 27258      |
|    total_timesteps      | 27721728   |
| train/                  |            |
|    approx_kl            | 0.01695308 |
|    clip_fraction        | 0.306      |
|    clip_range           | 0.15       |
|    entropy_loss         | -49.3      |
|    explained_variance   | 0.834      |
|    learning_rate        | 0.0001     |
|    loss                 | -0.479     |
|    n_updates            | 4215       |
|    policy_gradient_loss | -0.0173    |
|    std                  | 4.58       |
|    value_loss           | 0.0331     |
----------------------------------------
-----------------------------------------
| rollout/                |             |
|    ep_len_mean          | 484         |
|    ep_rew_mean          | 2.89e+03    |
| time/                   |             |
|    fps                  | 1017        |
|    iterations           | 283         |
|    time_elapsed         | 27354       |
|    total_timesteps      | 27820032    |
| train/                  |             |
|    approx_kl            | 0.017268397 |
|    clip_fraction        | 0.306       |
|    clip_range           | 0.15        |
|    entropy_loss         | -49.4       |
|    explained_variance   | 0.824       |
|    learning_rate        | 0.0001      |
|    loss                 | -0.495      |
|    n_updates            | 4230        |
|    policy_gradient_loss | -0.0165     |
|    std                  | 4.62        |
|    value_loss           | 0.0351      |
-----------------------------------------
-----------------------------------------
| rollout/                |             |
|    ep_len_mean          | 492         |
|    ep_rew_mean          | 2.92e+03    |
| time/                   |             |
|    fps                  | 1017        |
|    iterations           | 284         |
|    time_elapsed         | 27449       |
|    total_timesteps      | 27918336    |
| train/                  |             |
|    approx_kl            | 0.017261555 |
|    clip_fraction        | 0.303       |
|    clip_range           | 0.15        |
|    entropy_loss         | -49.5       |
|    explained_variance   | 0.834       |
|    learning_rate        | 0.0001      |
|    loss                 | -0.477      |
|    n_updates            | 4245        |
|    policy_gradient_loss | -0.0172     |
|    std                  | 4.65        |
|    value_loss           | 0.0338      |
-----------------------------------------
Eval num_timesteps=27999552, episode_reward=3658.21 +/- 40.77
Episode length: 616.80 +/- 8.73
---------------------------------------
| eval/                   |           |
|    mean_ep_length       | 617       |
|    mean_reward          | 3.66e+03  |
| time/                   |           |
|    total_timesteps      | 27999552  |
| train/                  |           |
|    approx_kl            | 0.0170224 |
|    clip_fraction        | 0.304     |
|    clip_range           | 0.15      |
|    entropy_loss         | -49.6     |
|    explained_variance   | 0.835     |
|    learning_rate        | 0.0001    |
|    loss                 | -0.49     |
|    n_updates            | 4260      |
|    policy_gradient_loss | -0.0174   |
|    std                  | 4.68      |
|    value_loss           | 0.0338    |
---------------------------------------
---------------------------------
| rollout/           |          |
|    ep_len_mean     | 501      |
|    ep_rew_mean     | 2.98e+03 |
| time/              |          |
|    fps             | 1016     |
|    iterations      | 285      |
|    time_elapsed    | 27548    |
|    total_timesteps | 28016640 |
---------------------------------
-----------------------------------------
| rollout/                |             |
|    ep_len_mean          | 480         |
|    ep_rew_mean          | 2.86e+03    |
| time/                   |             |
|    fps                  | 1016        |
|    iterations           | 286         |
|    time_elapsed         | 27645       |
|    total_timesteps      | 28114944    |
| train/                  |             |
|    approx_kl            | 0.017577156 |
|    clip_fraction        | 0.307       |
|    clip_range           | 0.15        |
|    entropy_loss         | -49.7       |
|    explained_variance   | 0.825       |
|    learning_rate        | 0.0001      |
|    loss                 | -0.5        |
|    n_updates            | 4275        |
|    policy_gradient_loss | -0.0172     |
|    std                  | 4.72        |
|    value_loss           | 0.0346      |
-----------------------------------------
-----------------------------------------
| rollout/                |             |
|    ep_len_mean          | 468         |
|    ep_rew_mean          | 2.79e+03    |
| time/                   |             |
|    fps                  | 1016        |
|    iterations           | 287         |
|    time_elapsed         | 27743       |
|    total_timesteps      | 28213248    |
| train/                  |             |
|    approx_kl            | 0.016986618 |
|    clip_fraction        | 0.3         |
|    clip_range           | 0.15        |
|    entropy_loss         | -49.9       |
|    explained_variance   | 0.826       |
|    learning_rate        | 0.0001      |
|    loss                 | -0.489      |
|    n_updates            | 4290        |
|    policy_gradient_loss | -0.017      |
|    std                  | 4.75        |
|    value_loss           | 0.0352      |
-----------------------------------------
----------------------------------------
| rollout/                |            |
|    ep_len_mean          | 489        |
|    ep_rew_mean          | 2.92e+03   |
| time/                   |            |
|    fps                  | 1016       |
|    iterations           | 288        |
|    time_elapsed         | 27839      |
|    total_timesteps      | 28311552   |
| train/                  |            |
|    approx_kl            | 0.01681228 |
|    clip_fraction        | 0.304      |
|    clip_range           | 0.15       |
|    entropy_loss         | -50        |
|    explained_variance   | 0.838      |
|    learning_rate        | 0.0001     |
|    loss                 | -0.487     |
|    n_updates            | 4305       |
|    policy_gradient_loss | -0.0174    |
|    std                  | 4.79       |
|    value_loss           | 0.0341     |
----------------------------------------
-----------------------------------------
| rollout/                |             |
|    ep_len_mean          | 494         |
|    ep_rew_mean          | 2.96e+03    |
| time/                   |             |
|    fps                  | 1016        |
|    iterations           | 289         |
|    time_elapsed         | 27935       |
|    total_timesteps      | 28409856    |
| train/                  |             |
|    approx_kl            | 0.017467557 |
|    clip_fraction        | 0.306       |
|    clip_range           | 0.15        |
|    entropy_loss         | -50.1       |
|    explained_variance   | 0.828       |
|    learning_rate        | 0.0001      |
|    loss                 | -0.488      |
|    n_updates            | 4320        |
|    policy_gradient_loss | -0.0177     |
|    std                  | 4.82        |
|    value_loss           | 0.0343      |
-----------------------------------------
Eval num_timesteps=28499544, episode_reward=3566.25 +/- 39.93
Episode length: 596.20 +/- 8.45
----------------------------------------
| eval/                   |            |
|    mean_ep_length       | 596        |
|    mean_reward          | 3.57e+03   |
| time/                   |            |
|    total_timesteps      | 28499544   |
| train/                  |            |
|    approx_kl            | 0.01691665 |
|    clip_fraction        | 0.304      |
|    clip_range           | 0.15       |
|    entropy_loss         | -50.2      |
|    explained_variance   | 0.817      |
|    learning_rate        | 0.0001     |
|    loss                 | -0.509     |
|    n_updates            | 4335       |
|    policy_gradient_loss | -0.0172    |
|    std                  | 4.85       |
|    value_loss           | 0.0349     |
----------------------------------------
---------------------------------
| rollout/           |          |
|    ep_len_mean     | 469      |
|    ep_rew_mean     | 2.81e+03 |
| time/              |          |
|    fps             | 1016     |
|    iterations      | 290      |
|    time_elapsed    | 28035    |
|    total_timesteps | 28508160 |
---------------------------------
-----------------------------------------
| rollout/                |             |
|    ep_len_mean          | 487         |
|    ep_rew_mean          | 2.91e+03    |
| time/                   |             |
|    fps                  | 1016        |
|    iterations           | 291         |
|    time_elapsed         | 28130       |
|    total_timesteps      | 28606464    |
| train/                  |             |
|    approx_kl            | 0.016984984 |
|    clip_fraction        | 0.303       |
|    clip_range           | 0.15        |
|    entropy_loss         | -50.3       |
|    explained_variance   | 0.823       |
|    learning_rate        | 0.0001      |
|    loss                 | -0.502      |
|    n_updates            | 4350        |
|    policy_gradient_loss | -0.0175     |
|    std                  | 4.89        |
|    value_loss           | 0.0355      |
-----------------------------------------
-----------------------------------------
| rollout/                |             |
|    ep_len_mean          | 472         |
|    ep_rew_mean          | 2.82e+03    |
| time/                   |             |
|    fps                  | 1016        |
|    iterations           | 292         |
|    time_elapsed         | 28225       |
|    total_timesteps      | 28704768    |
| train/                  |             |
|    approx_kl            | 0.017385019 |
|    clip_fraction        | 0.305       |
|    clip_range           | 0.15        |
|    entropy_loss         | -50.5       |
|    explained_variance   | 0.816       |
|    learning_rate        | 0.0001      |
|    loss                 | -0.468      |
|    n_updates            | 4365        |
|    policy_gradient_loss | -0.0171     |
|    std                  | 4.93        |
|    value_loss           | 0.0354      |
-----------------------------------------
----------------------------------------
| rollout/                |            |
|    ep_len_mean          | 478        |
|    ep_rew_mean          | 2.86e+03   |
| time/                   |            |
|    fps                  | 1016       |
|    iterations           | 293        |
|    time_elapsed         | 28323      |
|    total_timesteps      | 28803072   |
| train/                  |            |
|    approx_kl            | 0.01705308 |
|    clip_fraction        | 0.305      |
|    clip_range           | 0.15       |
|    entropy_loss         | -50.6      |
|    explained_variance   | 0.822      |
|    learning_rate        | 0.0001     |
|    loss                 | -0.503     |
|    n_updates            | 4380       |
|    policy_gradient_loss | -0.0172    |
|    std                  | 4.96       |
|    value_loss           | 0.0351     |
----------------------------------------
-----------------------------------------
| rollout/                |             |
|    ep_len_mean          | 477         |
|    ep_rew_mean          | 2.85e+03    |
| time/                   |             |
|    fps                  | 1016        |
|    iterations           | 294         |
|    time_elapsed         | 28419       |
|    total_timesteps      | 28901376    |
| train/                  |             |
|    approx_kl            | 0.017150944 |
|    clip_fraction        | 0.296       |
|    clip_range           | 0.15        |
|    entropy_loss         | -50.7       |
|    explained_variance   | 0.833       |
|    learning_rate        | 0.0001      |
|    loss                 | -0.501      |
|    n_updates            | 4395        |
|    policy_gradient_loss | -0.0176     |
|    std                  | 4.99        |
|    value_loss           | 0.0335      |
-----------------------------------------
Eval num_timesteps=28999536, episode_reward=3578.71 +/- 72.03
Episode length: 600.20 +/- 13.64
-----------------------------------------
| eval/                   |             |
|    mean_ep_length       | 600         |
|    mean_reward          | 3.58e+03    |
| time/                   |             |
|    total_timesteps      | 28999536    |
| train/                  |             |
|    approx_kl            | 0.016884452 |
|    clip_fraction        | 0.3         |
|    clip_range           | 0.15        |
|    entropy_loss         | -50.8       |
|    explained_variance   | 0.83        |
|    learning_rate        | 0.0001      |
|    loss                 | -0.494      |
|    n_updates            | 4410        |
|    policy_gradient_loss | -0.0171     |
|    std                  | 5.03        |
|    value_loss           | 0.0332      |
-----------------------------------------
---------------------------------
| rollout/           |          |
|    ep_len_mean     | 470      |
|    ep_rew_mean     | 2.8e+03  |
| time/              |          |
|    fps             | 1016     |
|    iterations      | 295      |
|    time_elapsed    | 28518    |
|    total_timesteps | 28999680 |
---------------------------------
-----------------------------------------
| rollout/                |             |
|    ep_len_mean          | 456         |
|    ep_rew_mean          | 2.74e+03    |
| time/                   |             |
|    fps                  | 1016        |
|    iterations           | 296         |
|    time_elapsed         | 28616       |
|    total_timesteps      | 29097984    |
| train/                  |             |
|    approx_kl            | 0.017147701 |
|    clip_fraction        | 0.301       |
|    clip_range           | 0.15        |
|    entropy_loss         | -50.9       |
|    explained_variance   | 0.827       |
|    learning_rate        | 0.0001      |
|    loss                 | -0.5        |
|    n_updates            | 4425        |
|    policy_gradient_loss | -0.0172     |
|    std                  | 5.06        |
|    value_loss           | 0.0339      |
-----------------------------------------
-----------------------------------------
| rollout/                |             |
|    ep_len_mean          | 470         |
|    ep_rew_mean          | 2.81e+03    |
| time/                   |             |
|    fps                  | 1016        |
|    iterations           | 297         |
|    time_elapsed         | 28712       |
|    total_timesteps      | 29196288    |
| train/                  |             |
|    approx_kl            | 0.016582446 |
|    clip_fraction        | 0.296       |
|    clip_range           | 0.15        |
|    entropy_loss         | -51         |
|    explained_variance   | 0.831       |
|    learning_rate        | 0.0001      |
|    loss                 | -0.518      |
|    n_updates            | 4440        |
|    policy_gradient_loss | -0.017      |
|    std                  | 5.1         |
|    value_loss           | 0.0349      |
-----------------------------------------
-----------------------------------------
| rollout/                |             |
|    ep_len_mean          | 492         |
|    ep_rew_mean          | 2.93e+03    |
| time/                   |             |
|    fps                  | 1016        |
|    iterations           | 298         |
|    time_elapsed         | 28807       |
|    total_timesteps      | 29294592    |
| train/                  |             |
|    approx_kl            | 0.017178623 |
|    clip_fraction        | 0.301       |
|    clip_range           | 0.15        |
|    entropy_loss         | -51.1       |
|    explained_variance   | 0.824       |
|    learning_rate        | 0.0001      |
|    loss                 | -0.509      |
|    n_updates            | 4455        |
|    policy_gradient_loss | -0.0176     |
|    std                  | 5.13        |
|    value_loss           | 0.0355      |
-----------------------------------------
-----------------------------------------
| rollout/                |             |
|    ep_len_mean          | 445         |
|    ep_rew_mean          | 2.65e+03    |
| time/                   |             |
|    fps                  | 1016        |
|    iterations           | 299         |
|    time_elapsed         | 28905       |
|    total_timesteps      | 29392896    |
| train/                  |             |
|    approx_kl            | 0.017002635 |
|    clip_fraction        | 0.302       |
|    clip_range           | 0.15        |
|    entropy_loss         | -51.2       |
|    explained_variance   | 0.83        |
|    learning_rate        | 0.0001      |
|    loss                 | -0.512      |
|    n_updates            | 4470        |
|    policy_gradient_loss | -0.0174     |
|    std                  | 5.17        |
|    value_loss           | 0.0339      |
-----------------------------------------
-----------------------------------------
| rollout/                |             |
|    ep_len_mean          | 511         |
|    ep_rew_mean          | 3.04e+03    |
| time/                   |             |
|    fps                  | 1016        |
|    iterations           | 300         |
|    time_elapsed         | 29000       |
|    total_timesteps      | 29491200    |
| train/                  |             |
|    approx_kl            | 0.017076744 |
|    clip_fraction        | 0.3         |
|    clip_range           | 0.15        |
|    entropy_loss         | -51.3       |
|    explained_variance   | 0.823       |
|    learning_rate        | 0.0001      |
|    loss                 | -0.518      |
|    n_updates            | 4485        |
|    policy_gradient_loss | -0.0176     |
|    std                  | 5.2         |
|    value_loss           | 0.0359      |
-----------------------------------------
Eval num_timesteps=29499528, episode_reward=3521.06 +/- 32.97
Episode length: 586.80 +/- 8.47
-----------------------------------------
| eval/                   |             |
|    mean_ep_length       | 587         |
|    mean_reward          | 3.52e+03    |
| time/                   |             |
|    total_timesteps      | 29499528    |
| train/                  |             |
|    approx_kl            | 0.016622545 |
|    clip_fraction        | 0.298       |
|    clip_range           | 0.15        |
|    entropy_loss         | -51.4       |
|    explained_variance   | 0.813       |
|    learning_rate        | 0.0001      |
|    loss                 | -0.49       |
|    n_updates            | 4500        |
|    policy_gradient_loss | -0.0166     |
|    std                  | 5.23        |
|    value_loss           | 0.035       |
-----------------------------------------
---------------------------------
| rollout/           |          |
|    ep_len_mean     | 489      |
|    ep_rew_mean     | 2.9e+03  |
| time/              |          |
|    fps             | 1016     |
|    iterations      | 301      |
|    time_elapsed    | 29100    |
|    total_timesteps | 29589504 |
---------------------------------
-----------------------------------------
| rollout/                |             |
|    ep_len_mean          | 492         |
|    ep_rew_mean          | 2.95e+03    |
| time/                   |             |
|    fps                  | 1016        |
|    iterations           | 302         |
|    time_elapsed         | 29197       |
|    total_timesteps      | 29687808    |
| train/                  |             |
|    approx_kl            | 0.017181525 |
|    clip_fraction        | 0.302       |
|    clip_range           | 0.15        |
|    entropy_loss         | -51.5       |
|    explained_variance   | 0.817       |
|    learning_rate        | 0.0001      |
|    loss                 | -0.502      |
|    n_updates            | 4515        |
|    policy_gradient_loss | -0.0171     |
|    std                  | 5.27        |
|    value_loss           | 0.0359      |
-----------------------------------------
-----------------------------------------
| rollout/                |             |
|    ep_len_mean          | 505         |
|    ep_rew_mean          | 3e+03       |
| time/                   |             |
|    fps                  | 1016        |
|    iterations           | 303         |
|    time_elapsed         | 29295       |
|    total_timesteps      | 29786112    |
| train/                  |             |
|    approx_kl            | 0.017094476 |
|    clip_fraction        | 0.305       |
|    clip_range           | 0.15        |
|    entropy_loss         | -51.7       |
|    explained_variance   | 0.809       |
|    learning_rate        | 0.0001      |
|    loss                 | -0.505      |
|    n_updates            | 4530        |
|    policy_gradient_loss | -0.0172     |
|    std                  | 5.31        |
|    value_loss           | 0.0361      |
-----------------------------------------
----------------------------------------
| rollout/                |            |
|    ep_len_mean          | 471        |
|    ep_rew_mean          | 2.8e+03    |
| time/                   |            |
|    fps                  | 1016       |
|    iterations           | 304        |
|    time_elapsed         | 29392      |
|    total_timesteps      | 29884416   |
| train/                  |            |
|    approx_kl            | 0.01707909 |
|    clip_fraction        | 0.303      |
|    clip_range           | 0.15       |
|    entropy_loss         | -51.8      |
|    explained_variance   | 0.818      |
|    learning_rate        | 0.0001     |
|    loss                 | -0.512     |
|    n_updates            | 4545       |
|    policy_gradient_loss | -0.0168    |
|    std                  | 5.35       |
|    value_loss           | 0.0338     |
----------------------------------------
-----------------------------------------
| rollout/                |             |
|    ep_len_mean          | 520         |
|    ep_rew_mean          | 3.08e+03    |
| time/                   |             |
|    fps                  | 1016        |
|    iterations           | 305         |
|    time_elapsed         | 29489       |
|    total_timesteps      | 29982720    |
| train/                  |             |
|    approx_kl            | 0.017089175 |
|    clip_fraction        | 0.303       |
|    clip_range           | 0.15        |
|    entropy_loss         | -51.9       |
|    explained_variance   | 0.837       |
|    learning_rate        | 0.0001      |
|    loss                 | -0.513      |
|    n_updates            | 4560        |
|    policy_gradient_loss | -0.0171     |
|    std                  | 5.39        |
|    value_loss           | 0.0339      |
-----------------------------------------
Eval num_timesteps=29999520, episode_reward=3556.63 +/- 110.00
Episode length: 594.80 +/- 23.63
-----------------------------------------
| eval/                   |             |
|    mean_ep_length       | 595         |
|    mean_reward          | 3.56e+03    |
| time/                   |             |
|    total_timesteps      | 29999520    |
| train/                  |             |
|    approx_kl            | 0.016865969 |
|    clip_fraction        | 0.303       |
|    clip_range           | 0.15        |
|    entropy_loss         | -52         |
|    explained_variance   | 0.823       |
|    learning_rate        | 0.0001      |
|    loss                 | -0.527      |
|    n_updates            | 4575        |
|    policy_gradient_loss | -0.0169     |
|    std                  | 5.43        |
|    value_loss           | 0.0338      |
-----------------------------------------
---------------------------------
| rollout/           |          |
|    ep_len_mean     | 505      |
|    ep_rew_mean     | 2.99e+03 |
| time/              |          |
|    fps             | 1016     |
|    iterations      | 306      |
|    time_elapsed    | 29593    |
|    total_timesteps | 30081024 |
---------------------------------
