==== CPU INFO ====
SLURM_CPUS_ON_NODE: 14
SLURM_CPUS_PER_TASK: 12
CPU affinity: [0, 1, 2, 3, 4, 5, 6, 8, 9, 10, 11, 12, 13, 14]
Usable cores: 14
os.cpu_count(): 16
===================
Using cpu device
Logging to runs/humanoid-v5_ppo_lr1e-04_seed0_20251204-101810/logs/PPO_1
---------------------------------
| rollout/           |          |
|    ep_len_mean     | 22.5     |
|    ep_rew_mean     | 100      |
| time/              |          |
|    fps             | 1389     |
|    iterations      | 1        |
|    time_elapsed    | 70       |
|    total_timesteps | 98304    |
---------------------------------
------------------------------------------
| rollout/                |              |
|    ep_len_mean          | 21.7         |
|    ep_rew_mean          | 96.9         |
| time/                   |              |
|    fps                  | 1245         |
|    iterations           | 2            |
|    time_elapsed         | 157          |
|    total_timesteps      | 196608       |
| train/                  |              |
|    approx_kl            | 0.0070572454 |
|    clip_fraction        | 0.143        |
|    clip_range           | 0.15         |
|    entropy_loss         | -24.2        |
|    explained_variance   | -1.09        |
|    learning_rate        | 0.0001       |
|    loss                 | -0.234       |
|    n_updates            | 15           |
|    policy_gradient_loss | -0.0112      |
|    std                  | 1            |
|    value_loss           | 0.0966       |
------------------------------------------
-----------------------------------------
| rollout/                |             |
|    ep_len_mean          | 23.7        |
|    ep_rew_mean          | 106         |
| time/                   |             |
|    fps                  | 1192        |
|    iterations           | 3           |
|    time_elapsed         | 247         |
|    total_timesteps      | 294912      |
| train/                  |             |
|    approx_kl            | 0.008040726 |
|    clip_fraction        | 0.18        |
|    clip_range           | 0.15        |
|    entropy_loss         | -24.2       |
|    explained_variance   | 0.691       |
|    learning_rate        | 0.0001      |
|    loss                 | -0.236      |
|    n_updates            | 30          |
|    policy_gradient_loss | -0.0179     |
|    std                  | 1.01        |
|    value_loss           | 0.0344      |
-----------------------------------------
-----------------------------------------
| rollout/                |             |
|    ep_len_mean          | 26.9        |
|    ep_rew_mean          | 120         |
| time/                   |             |
|    fps                  | 1172        |
|    iterations           | 4           |
|    time_elapsed         | 335         |
|    total_timesteps      | 393216      |
| train/                  |             |
|    approx_kl            | 0.010833949 |
|    clip_fraction        | 0.253       |
|    clip_range           | 0.15        |
|    entropy_loss         | -24.3       |
|    explained_variance   | 0.834       |
|    learning_rate        | 0.0001      |
|    loss                 | -0.204      |
|    n_updates            | 45          |
|    policy_gradient_loss | -0.0268     |
|    std                  | 1.01        |
|    value_loss           | 0.0714      |
-----------------------------------------
-----------------------------------------
| rollout/                |             |
|    ep_len_mean          | 30.9        |
|    ep_rew_mean          | 138         |
| time/                   |             |
|    fps                  | 1147        |
|    iterations           | 5           |
|    time_elapsed         | 428         |
|    total_timesteps      | 491520      |
| train/                  |             |
|    approx_kl            | 0.012746745 |
|    clip_fraction        | 0.291       |
|    clip_range           | 0.15        |
|    entropy_loss         | -24.3       |
|    explained_variance   | 0.845       |
|    learning_rate        | 0.0001      |
|    loss                 | -0.157      |
|    n_updates            | 60          |
|    policy_gradient_loss | -0.0305     |
|    std                  | 1.01        |
|    value_loss           | 0.108       |
-----------------------------------------
Eval num_timesteps=499992, episode_reward=478.56 +/- 79.59
Episode length: 101.00 +/- 11.71
-----------------------------------------
| eval/                   |             |
|    mean_ep_length       | 101         |
|    mean_reward          | 479         |
| time/                   |             |
|    total_timesteps      | 499992      |
| train/                  |             |
|    approx_kl            | 0.012921019 |
|    clip_fraction        | 0.291       |
|    clip_range           | 0.15        |
|    entropy_loss         | -24.3       |
|    explained_variance   | 0.844       |
|    learning_rate        | 0.0001      |
|    loss                 | -0.14       |
|    n_updates            | 75          |
|    policy_gradient_loss | -0.0301     |
|    std                  | 1.01        |
|    value_loss           | 0.135       |
-----------------------------------------
New best mean reward!
---------------------------------
| rollout/           |          |
|    ep_len_mean     | 37.9     |
|    ep_rew_mean     | 172      |
| time/              |          |
|    fps             | 1122     |
|    iterations      | 6        |
|    time_elapsed    | 525      |
|    total_timesteps | 589824   |
---------------------------------
-----------------------------------------
| rollout/                |             |
|    ep_len_mean          | 44.8        |
|    ep_rew_mean          | 204         |
| time/                   |             |
|    fps                  | 1109        |
|    iterations           | 7           |
|    time_elapsed         | 620         |
|    total_timesteps      | 688128      |
| train/                  |             |
|    approx_kl            | 0.012803383 |
|    clip_fraction        | 0.288       |
|    clip_range           | 0.15        |
|    entropy_loss         | -24.3       |
|    explained_variance   | 0.846       |
|    learning_rate        | 0.0001      |
|    loss                 | -0.146      |
|    n_updates            | 90          |
|    policy_gradient_loss | -0.0302     |
|    std                  | 1.01        |
|    value_loss           | 0.142       |
-----------------------------------------
-----------------------------------------
| rollout/                |             |
|    ep_len_mean          | 53.5        |
|    ep_rew_mean          | 248         |
| time/                   |             |
|    fps                  | 1099        |
|    iterations           | 8           |
|    time_elapsed         | 715         |
|    total_timesteps      | 786432      |
| train/                  |             |
|    approx_kl            | 0.012222092 |
|    clip_fraction        | 0.273       |
|    clip_range           | 0.15        |
|    entropy_loss         | -24.3       |
|    explained_variance   | 0.858       |
|    learning_rate        | 0.0001      |
|    loss                 | -0.131      |
|    n_updates            | 105         |
|    policy_gradient_loss | -0.0287     |
|    std                  | 1.01        |
|    value_loss           | 0.134       |
-----------------------------------------
-----------------------------------------
| rollout/                |             |
|    ep_len_mean          | 59          |
|    ep_rew_mean          | 274         |
| time/                   |             |
|    fps                  | 1090        |
|    iterations           | 9           |
|    time_elapsed         | 811         |
|    total_timesteps      | 884736      |
| train/                  |             |
|    approx_kl            | 0.011385943 |
|    clip_fraction        | 0.254       |
|    clip_range           | 0.15        |
|    entropy_loss         | -24.3       |
|    explained_variance   | 0.884       |
|    learning_rate        | 0.0001      |
|    loss                 | -0.168      |
|    n_updates            | 120         |
|    policy_gradient_loss | -0.0263     |
|    std                  | 1.01        |
|    value_loss           | 0.11        |
-----------------------------------------
-----------------------------------------
| rollout/                |             |
|    ep_len_mean          | 64.7        |
|    ep_rew_mean          | 300         |
| time/                   |             |
|    fps                  | 1084        |
|    iterations           | 10          |
|    time_elapsed         | 906         |
|    total_timesteps      | 983040      |
| train/                  |             |
|    approx_kl            | 0.010651961 |
|    clip_fraction        | 0.239       |
|    clip_range           | 0.15        |
|    entropy_loss         | -24.3       |
|    explained_variance   | 0.908       |
|    learning_rate        | 0.0001      |
|    loss                 | -0.206      |
|    n_updates            | 135         |
|    policy_gradient_loss | -0.0247     |
|    std                  | 1.01        |
|    value_loss           | 0.0845      |
-----------------------------------------
Eval num_timesteps=999984, episode_reward=400.10 +/- 36.08
Episode length: 76.20 +/- 6.11
-----------------------------------------
| eval/                   |             |
|    mean_ep_length       | 76.2        |
|    mean_reward          | 400         |
| time/                   |             |
|    total_timesteps      | 999984      |
| train/                  |             |
|    approx_kl            | 0.010464035 |
|    clip_fraction        | 0.23        |
|    clip_range           | 0.15        |
|    entropy_loss         | -24.3       |
|    explained_variance   | 0.927       |
|    learning_rate        | 0.0001      |
|    loss                 | -0.205      |
|    n_updates            | 150         |
|    policy_gradient_loss | -0.0233     |
|    std                  | 1.01        |
|    value_loss           | 0.069       |
-----------------------------------------
---------------------------------
| rollout/           |          |
|    ep_len_mean     | 67.4     |
|    ep_rew_mean     | 313      |
| time/              |          |
|    fps             | 1076     |
|    iterations      | 11       |
|    time_elapsed    | 1004     |
|    total_timesteps | 1081344  |
---------------------------------
-----------------------------------------
| rollout/                |             |
|    ep_len_mean          | 68.9        |
|    ep_rew_mean          | 321         |
| time/                   |             |
|    fps                  | 1070        |
|    iterations           | 12          |
|    time_elapsed         | 1102        |
|    total_timesteps      | 1179648     |
| train/                  |             |
|    approx_kl            | 0.010059462 |
|    clip_fraction        | 0.221       |
|    clip_range           | 0.15        |
|    entropy_loss         | -24.3       |
|    explained_variance   | 0.94        |
|    learning_rate        | 0.0001      |
|    loss                 | -0.204      |
|    n_updates            | 165         |
|    policy_gradient_loss | -0.0218     |
|    std                  | 1.01        |
|    value_loss           | 0.0585      |
-----------------------------------------
-----------------------------------------
| rollout/                |             |
|    ep_len_mean          | 73          |
|    ep_rew_mean          | 344         |
| time/                   |             |
|    fps                  | 1066        |
|    iterations           | 13          |
|    time_elapsed         | 1198        |
|    total_timesteps      | 1277952     |
| train/                  |             |
|    approx_kl            | 0.010233757 |
|    clip_fraction        | 0.217       |
|    clip_range           | 0.15        |
|    entropy_loss         | -24.4       |
|    explained_variance   | 0.95        |
|    learning_rate        | 0.0001      |
|    loss                 | -0.227      |
|    n_updates            | 180         |
|    policy_gradient_loss | -0.021      |
|    std                  | 1.02        |
|    value_loss           | 0.0491      |
-----------------------------------------
-----------------------------------------
| rollout/                |             |
|    ep_len_mean          | 75.5        |
|    ep_rew_mean          | 355         |
| time/                   |             |
|    fps                  | 1061        |
|    iterations           | 14          |
|    time_elapsed         | 1296        |
|    total_timesteps      | 1376256     |
| train/                  |             |
|    approx_kl            | 0.009934504 |
|    clip_fraction        | 0.21        |
|    clip_range           | 0.15        |
|    entropy_loss         | -24.4       |
|    explained_variance   | 0.956       |
|    learning_rate        | 0.0001      |
|    loss                 | -0.226      |
|    n_updates            | 195         |
|    policy_gradient_loss | -0.02       |
|    std                  | 1.02        |
|    value_loss           | 0.0422      |
-----------------------------------------
-----------------------------------------
| rollout/                |             |
|    ep_len_mean          | 77.1        |
|    ep_rew_mean          | 366         |
| time/                   |             |
|    fps                  | 1057        |
|    iterations           | 15          |
|    time_elapsed         | 1394        |
|    total_timesteps      | 1474560     |
| train/                  |             |
|    approx_kl            | 0.010109258 |
|    clip_fraction        | 0.212       |
|    clip_range           | 0.15        |
|    entropy_loss         | -24.4       |
|    explained_variance   | 0.959       |
|    learning_rate        | 0.0001      |
|    loss                 | -0.224      |
|    n_updates            | 210         |
|    policy_gradient_loss | -0.0198     |
|    std                  | 1.02        |
|    value_loss           | 0.0403      |
-----------------------------------------
Eval num_timesteps=1499976, episode_reward=348.65 +/- 24.30
Episode length: 64.60 +/- 4.63
-----------------------------------------
| eval/                   |             |
|    mean_ep_length       | 64.6        |
|    mean_reward          | 349         |
| time/                   |             |
|    total_timesteps      | 1499976     |
| train/                  |             |
|    approx_kl            | 0.009837524 |
|    clip_fraction        | 0.206       |
|    clip_range           | 0.15        |
|    entropy_loss         | -24.5       |
|    explained_variance   | 0.961       |
|    learning_rate        | 0.0001      |
|    loss                 | -0.242      |
|    n_updates            | 225         |
|    policy_gradient_loss | -0.0189     |
|    std                  | 1.02        |
|    value_loss           | 0.0389      |
-----------------------------------------
---------------------------------
| rollout/           |          |
|    ep_len_mean     | 79.2     |
|    ep_rew_mean     | 377      |
| time/              |          |
|    fps             | 1052     |
|    iterations      | 16       |
|    time_elapsed    | 1494     |
|    total_timesteps | 1572864  |
---------------------------------
-----------------------------------------
| rollout/                |             |
|    ep_len_mean          | 77.9        |
|    ep_rew_mean          | 371         |
| time/                   |             |
|    fps                  | 1049        |
|    iterations           | 17          |
|    time_elapsed         | 1591        |
|    total_timesteps      | 1671168     |
| train/                  |             |
|    approx_kl            | 0.009850082 |
|    clip_fraction        | 0.205       |
|    clip_range           | 0.15        |
|    entropy_loss         | -24.5       |
|    explained_variance   | 0.964       |
|    learning_rate        | 0.0001      |
|    loss                 | -0.237      |
|    n_updates            | 240         |
|    policy_gradient_loss | -0.0187     |
|    std                  | 1.02        |
|    value_loss           | 0.035       |
-----------------------------------------
-----------------------------------------
| rollout/                |             |
|    ep_len_mean          | 82.7        |
|    ep_rew_mean          | 399         |
| time/                   |             |
|    fps                  | 1047        |
|    iterations           | 18          |
|    time_elapsed         | 1689        |
|    total_timesteps      | 1769472     |
| train/                  |             |
|    approx_kl            | 0.010318172 |
|    clip_fraction        | 0.21        |
|    clip_range           | 0.15        |
|    entropy_loss         | -24.5       |
|    explained_variance   | 0.965       |
|    learning_rate        | 0.0001      |
|    loss                 | -0.241      |
|    n_updates            | 255         |
|    policy_gradient_loss | -0.0188     |
|    std                  | 1.03        |
|    value_loss           | 0.033       |
-----------------------------------------
-----------------------------------------
| rollout/                |             |
|    ep_len_mean          | 80.5        |
|    ep_rew_mean          | 385         |
| time/                   |             |
|    fps                  | 1045        |
|    iterations           | 19          |
|    time_elapsed         | 1787        |
|    total_timesteps      | 1867776     |
| train/                  |             |
|    approx_kl            | 0.010282422 |
|    clip_fraction        | 0.209       |
|    clip_range           | 0.15        |
|    entropy_loss         | -24.6       |
|    explained_variance   | 0.967       |
|    learning_rate        | 0.0001      |
|    loss                 | -0.253      |
|    n_updates            | 270         |
|    policy_gradient_loss | -0.0183     |
|    std                  | 1.03        |
|    value_loss           | 0.0315      |
-----------------------------------------
-----------------------------------------
| rollout/                |             |
|    ep_len_mean          | 84.7        |
|    ep_rew_mean          | 406         |
| time/                   |             |
|    fps                  | 1041        |
|    iterations           | 20          |
|    time_elapsed         | 1887        |
|    total_timesteps      | 1966080     |
| train/                  |             |
|    approx_kl            | 0.010088205 |
|    clip_fraction        | 0.208       |
|    clip_range           | 0.15        |
|    entropy_loss         | -24.6       |
|    explained_variance   | 0.968       |
|    learning_rate        | 0.0001      |
|    loss                 | -0.248      |
|    n_updates            | 285         |
|    policy_gradient_loss | -0.0181     |
|    std                  | 1.03        |
|    value_loss           | 0.0295      |
-----------------------------------------
Eval num_timesteps=1999968, episode_reward=329.54 +/- 9.10
Episode length: 61.00 +/- 2.00
---------------------------------------
| eval/                   |           |
|    mean_ep_length       | 61        |
|    mean_reward          | 330       |
| time/                   |           |
|    total_timesteps      | 1999968   |
| train/                  |           |
|    approx_kl            | 0.0105013 |
|    clip_fraction        | 0.216     |
|    clip_range           | 0.15      |
|    entropy_loss         | -24.7     |
|    explained_variance   | 0.967     |
|    learning_rate        | 0.0001    |
|    loss                 | -0.246    |
|    n_updates            | 300       |
|    policy_gradient_loss | -0.0184   |
|    std                  | 1.03      |
|    value_loss           | 0.0294    |
---------------------------------------
---------------------------------
| rollout/           |          |
|    ep_len_mean     | 83.5     |
|    ep_rew_mean     | 402      |
| time/              |          |
|    fps             | 1039     |
|    iterations      | 21       |
|    time_elapsed    | 1986     |
|    total_timesteps | 2064384  |
---------------------------------
-----------------------------------------
| rollout/                |             |
|    ep_len_mean          | 85.8        |
|    ep_rew_mean          | 415         |
| time/                   |             |
|    fps                  | 1037        |
|    iterations           | 22          |
|    time_elapsed         | 2085        |
|    total_timesteps      | 2162688     |
| train/                  |             |
|    approx_kl            | 0.010587297 |
|    clip_fraction        | 0.219       |
|    clip_range           | 0.15        |
|    entropy_loss         | -24.7       |
|    explained_variance   | 0.967       |
|    learning_rate        | 0.0001      |
|    loss                 | -0.234      |
|    n_updates            | 315         |
|    policy_gradient_loss | -0.0184     |
|    std                  | 1.04        |
|    value_loss           | 0.0288      |
-----------------------------------------
-----------------------------------------
| rollout/                |             |
|    ep_len_mean          | 91.1        |
|    ep_rew_mean          | 441         |
| time/                   |             |
|    fps                  | 1035        |
|    iterations           | 23          |
|    time_elapsed         | 2184        |
|    total_timesteps      | 2260992     |
| train/                  |             |
|    approx_kl            | 0.010677914 |
|    clip_fraction        | 0.219       |
|    clip_range           | 0.15        |
|    entropy_loss         | -24.8       |
|    explained_variance   | 0.969       |
|    learning_rate        | 0.0001      |
|    loss                 | -0.251      |
|    n_updates            | 330         |
|    policy_gradient_loss | -0.0181     |
|    std                  | 1.04        |
|    value_loss           | 0.0268      |
-----------------------------------------
-----------------------------------------
| rollout/                |             |
|    ep_len_mean          | 81.2        |
|    ep_rew_mean          | 397         |
| time/                   |             |
|    fps                  | 1033        |
|    iterations           | 24          |
|    time_elapsed         | 2283        |
|    total_timesteps      | 2359296     |
| train/                  |             |
|    approx_kl            | 0.011108753 |
|    clip_fraction        | 0.226       |
|    clip_range           | 0.15        |
|    entropy_loss         | -24.8       |
|    explained_variance   | 0.969       |
|    learning_rate        | 0.0001      |
|    loss                 | -0.236      |
|    n_updates            | 345         |
|    policy_gradient_loss | -0.0189     |
|    std                  | 1.04        |
|    value_loss           | 0.0259      |
-----------------------------------------
----------------------------------------
| rollout/                |            |
|    ep_len_mean          | 92.5       |
|    ep_rew_mean          | 442        |
| time/                   |            |
|    fps                  | 1032       |
|    iterations           | 25         |
|    time_elapsed         | 2380       |
|    total_timesteps      | 2457600    |
| train/                  |            |
|    approx_kl            | 0.01093699 |
|    clip_fraction        | 0.224      |
|    clip_range           | 0.15       |
|    entropy_loss         | -24.8      |
|    explained_variance   | 0.97       |
|    learning_rate        | 0.0001     |
|    loss                 | -0.257     |
|    n_updates            | 360        |
|    policy_gradient_loss | -0.0187    |
|    std                  | 1.05       |
|    value_loss           | 0.0248     |
----------------------------------------
Eval num_timesteps=2499960, episode_reward=337.67 +/- 15.10
Episode length: 62.20 +/- 2.64
----------------------------------------
| eval/                   |            |
|    mean_ep_length       | 62.2       |
|    mean_reward          | 338        |
| time/                   |            |
|    total_timesteps      | 2499960    |
| train/                  |            |
|    approx_kl            | 0.01096966 |
|    clip_fraction        | 0.223      |
|    clip_range           | 0.15       |
|    entropy_loss         | -24.9      |
|    explained_variance   | 0.971      |
|    learning_rate        | 0.0001     |
|    loss                 | -0.241     |
|    n_updates            | 375        |
|    policy_gradient_loss | -0.0183    |
|    std                  | 1.05       |
|    value_loss           | 0.0243     |
----------------------------------------
---------------------------------
| rollout/           |          |
|    ep_len_mean     | 88       |
|    ep_rew_mean     | 425      |
| time/              |          |
|    fps             | 1030     |
|    iterations      | 26       |
|    time_elapsed    | 2479     |
|    total_timesteps | 2555904  |
---------------------------------
-----------------------------------------
| rollout/                |             |
|    ep_len_mean          | 92.2        |
|    ep_rew_mean          | 450         |
| time/                   |             |
|    fps                  | 1029        |
|    iterations           | 27          |
|    time_elapsed         | 2578        |
|    total_timesteps      | 2654208     |
| train/                  |             |
|    approx_kl            | 0.011258832 |
|    clip_fraction        | 0.232       |
|    clip_range           | 0.15        |
|    entropy_loss         | -24.9       |
|    explained_variance   | 0.97        |
|    learning_rate        | 0.0001      |
|    loss                 | -0.248      |
|    n_updates            | 390         |
|    policy_gradient_loss | -0.0188     |
|    std                  | 1.05        |
|    value_loss           | 0.0241      |
-----------------------------------------
----------------------------------------
| rollout/                |            |
|    ep_len_mean          | 95.3       |
|    ep_rew_mean          | 469        |
| time/                   |            |
|    fps                  | 1027       |
|    iterations           | 28         |
|    time_elapsed         | 2677       |
|    total_timesteps      | 2752512    |
| train/                  |            |
|    approx_kl            | 0.01129461 |
|    clip_fraction        | 0.227      |
|    clip_range           | 0.15       |
|    entropy_loss         | -25        |
|    explained_variance   | 0.971      |
|    learning_rate        | 0.0001     |
|    loss                 | -0.245     |
|    n_updates            | 405        |
|    policy_gradient_loss | -0.0185    |
|    std                  | 1.05       |
|    value_loss           | 0.0235     |
----------------------------------------
-----------------------------------------
| rollout/                |             |
|    ep_len_mean          | 96.5        |
|    ep_rew_mean          | 483         |
| time/                   |             |
|    fps                  | 1026        |
|    iterations           | 29          |
|    time_elapsed         | 2776        |
|    total_timesteps      | 2850816     |
| train/                  |             |
|    approx_kl            | 0.011550325 |
|    clip_fraction        | 0.234       |
|    clip_range           | 0.15        |
|    entropy_loss         | -25         |
|    explained_variance   | 0.972       |
|    learning_rate        | 0.0001      |
|    loss                 | -0.255      |
|    n_updates            | 420         |
|    policy_gradient_loss | -0.0186     |
|    std                  | 1.06        |
|    value_loss           | 0.023       |
-----------------------------------------
-----------------------------------------
| rollout/                |             |
|    ep_len_mean          | 95.3        |
|    ep_rew_mean          | 466         |
| time/                   |             |
|    fps                  | 1025        |
|    iterations           | 30          |
|    time_elapsed         | 2875        |
|    total_timesteps      | 2949120     |
| train/                  |             |
|    approx_kl            | 0.011629696 |
|    clip_fraction        | 0.237       |
|    clip_range           | 0.15        |
|    entropy_loss         | -25         |
|    explained_variance   | 0.971       |
|    learning_rate        | 0.0001      |
|    loss                 | -0.257      |
|    n_updates            | 435         |
|    policy_gradient_loss | -0.0186     |
|    std                  | 1.06        |
|    value_loss           | 0.0233      |
-----------------------------------------
Eval num_timesteps=2999952, episode_reward=563.70 +/- 96.94
Episode length: 99.40 +/- 14.93
-----------------------------------------
| eval/                   |             |
|    mean_ep_length       | 99.4        |
|    mean_reward          | 564         |
| time/                   |             |
|    total_timesteps      | 2999952     |
| train/                  |             |
|    approx_kl            | 0.011576938 |
|    clip_fraction        | 0.231       |
|    clip_range           | 0.15        |
|    entropy_loss         | -25.1       |
|    explained_variance   | 0.971       |
|    learning_rate        | 0.0001      |
|    loss                 | -0.259      |
|    n_updates            | 450         |
|    policy_gradient_loss | -0.0183     |
|    std                  | 1.06        |
|    value_loss           | 0.0221      |
-----------------------------------------
New best mean reward!
---------------------------------
| rollout/           |          |
|    ep_len_mean     | 98.7     |
|    ep_rew_mean     | 478      |
| time/              |          |
|    fps             | 1023     |
|    iterations      | 31       |
|    time_elapsed    | 2977     |
|    total_timesteps | 3047424  |
---------------------------------
-----------------------------------------
| rollout/                |             |
|    ep_len_mean          | 98.9        |
|    ep_rew_mean          | 484         |
| time/                   |             |
|    fps                  | 1021        |
|    iterations           | 32          |
|    time_elapsed         | 3079        |
|    total_timesteps      | 3145728     |
| train/                  |             |
|    approx_kl            | 0.011800957 |
|    clip_fraction        | 0.239       |
|    clip_range           | 0.15        |
|    entropy_loss         | -25.1       |
|    explained_variance   | 0.972       |
|    learning_rate        | 0.0001      |
|    loss                 | -0.265      |
|    n_updates            | 465         |
|    policy_gradient_loss | -0.0189     |
|    std                  | 1.06        |
|    value_loss           | 0.0222      |
-----------------------------------------
-----------------------------------------
| rollout/                |             |
|    ep_len_mean          | 105         |
|    ep_rew_mean          | 520         |
| time/                   |             |
|    fps                  | 1020        |
|    iterations           | 33          |
|    time_elapsed         | 3179        |
|    total_timesteps      | 3244032     |
| train/                  |             |
|    approx_kl            | 0.011732931 |
|    clip_fraction        | 0.238       |
|    clip_range           | 0.15        |
|    entropy_loss         | -25.2       |
|    explained_variance   | 0.973       |
|    learning_rate        | 0.0001      |
|    loss                 | -0.26       |
|    n_updates            | 480         |
|    policy_gradient_loss | -0.0186     |
|    std                  | 1.07        |
|    value_loss           | 0.0215      |
-----------------------------------------
-----------------------------------------
| rollout/                |             |
|    ep_len_mean          | 107         |
|    ep_rew_mean          | 533         |
| time/                   |             |
|    fps                  | 1018        |
|    iterations           | 34          |
|    time_elapsed         | 3281        |
|    total_timesteps      | 3342336     |
| train/                  |             |
|    approx_kl            | 0.011932202 |
|    clip_fraction        | 0.241       |
|    clip_range           | 0.15        |
|    entropy_loss         | -25.2       |
|    explained_variance   | 0.972       |
|    learning_rate        | 0.0001      |
|    loss                 | -0.261      |
|    n_updates            | 495         |
|    policy_gradient_loss | -0.0188     |
|    std                  | 1.07        |
|    value_loss           | 0.0215      |
-----------------------------------------
----------------------------------------
| rollout/                |            |
|    ep_len_mean          | 105        |
|    ep_rew_mean          | 521        |
| time/                   |            |
|    fps                  | 1017       |
|    iterations           | 35         |
|    time_elapsed         | 3380       |
|    total_timesteps      | 3440640    |
| train/                  |            |
|    approx_kl            | 0.01200595 |
|    clip_fraction        | 0.241      |
|    clip_range           | 0.15       |
|    entropy_loss         | -25.2      |
|    explained_variance   | 0.972      |
|    learning_rate        | 0.0001     |
|    loss                 | -0.26      |
|    n_updates            | 510        |
|    policy_gradient_loss | -0.019     |
|    std                  | 1.07       |
|    value_loss           | 0.0218     |
----------------------------------------
Eval num_timesteps=3499944, episode_reward=734.30 +/- 145.64
Episode length: 127.60 +/- 22.62
-----------------------------------------
| eval/                   |             |
|    mean_ep_length       | 128         |
|    mean_reward          | 734         |
| time/                   |             |
|    total_timesteps      | 3499944     |
| train/                  |             |
|    approx_kl            | 0.012097756 |
|    clip_fraction        | 0.243       |
|    clip_range           | 0.15        |
|    entropy_loss         | -25.3       |
|    explained_variance   | 0.973       |
|    learning_rate        | 0.0001      |
|    loss                 | -0.253      |
|    n_updates            | 525         |
|    policy_gradient_loss | -0.0186     |
|    std                  | 1.07        |
|    value_loss           | 0.0214      |
-----------------------------------------
New best mean reward!
---------------------------------
| rollout/           |          |
|    ep_len_mean     | 114      |
|    ep_rew_mean     | 562      |
| time/              |          |
|    fps             | 1016     |
|    iterations      | 36       |
|    time_elapsed    | 3481     |
|    total_timesteps | 3538944  |
---------------------------------
-----------------------------------------
| rollout/                |             |
|    ep_len_mean          | 108         |
|    ep_rew_mean          | 534         |
| time/                   |             |
|    fps                  | 1015        |
|    iterations           | 37          |
|    time_elapsed         | 3580        |
|    total_timesteps      | 3637248     |
| train/                  |             |
|    approx_kl            | 0.012618748 |
|    clip_fraction        | 0.248       |
|    clip_range           | 0.15        |
|    entropy_loss         | -25.3       |
|    explained_variance   | 0.973       |
|    learning_rate        | 0.0001      |
|    loss                 | -0.261      |
|    n_updates            | 540         |
|    policy_gradient_loss | -0.0189     |
|    std                  | 1.07        |
|    value_loss           | 0.0219      |
-----------------------------------------
-----------------------------------------
| rollout/                |             |
|    ep_len_mean          | 108         |
|    ep_rew_mean          | 537         |
| time/                   |             |
|    fps                  | 1014        |
|    iterations           | 38          |
|    time_elapsed         | 3681        |
|    total_timesteps      | 3735552     |
| train/                  |             |
|    approx_kl            | 0.012636271 |
|    clip_fraction        | 0.253       |
|    clip_range           | 0.15        |
|    entropy_loss         | -25.3       |
|    explained_variance   | 0.973       |
|    learning_rate        | 0.0001      |
|    loss                 | -0.265      |
|    n_updates            | 555         |
|    policy_gradient_loss | -0.0195     |
|    std                  | 1.08        |
|    value_loss           | 0.0222      |
-----------------------------------------
-----------------------------------------
| rollout/                |             |
|    ep_len_mean          | 114         |
|    ep_rew_mean          | 576         |
| time/                   |             |
|    fps                  | 1014        |
|    iterations           | 39          |
|    time_elapsed         | 3780        |
|    total_timesteps      | 3833856     |
| train/                  |             |
|    approx_kl            | 0.012693328 |
|    clip_fraction        | 0.25        |
|    clip_range           | 0.15        |
|    entropy_loss         | -25.4       |
|    explained_variance   | 0.973       |
|    learning_rate        | 0.0001      |
|    loss                 | -0.25       |
|    n_updates            | 570         |
|    policy_gradient_loss | -0.0189     |
|    std                  | 1.08        |
|    value_loss           | 0.0218      |
-----------------------------------------
-----------------------------------------
| rollout/                |             |
|    ep_len_mean          | 112         |
|    ep_rew_mean          | 557         |
| time/                   |             |
|    fps                  | 1013        |
|    iterations           | 40          |
|    time_elapsed         | 3879        |
|    total_timesteps      | 3932160     |
| train/                  |             |
|    approx_kl            | 0.012707663 |
|    clip_fraction        | 0.253       |
|    clip_range           | 0.15        |
|    entropy_loss         | -25.5       |
|    explained_variance   | 0.973       |
|    learning_rate        | 0.0001      |
|    loss                 | -0.265      |
|    n_updates            | 585         |
|    policy_gradient_loss | -0.0189     |
|    std                  | 1.08        |
|    value_loss           | 0.0221      |
-----------------------------------------
Eval num_timesteps=3999936, episode_reward=1393.80 +/- 590.96
Episode length: 241.60 +/- 99.88
-----------------------------------------
| eval/                   |             |
|    mean_ep_length       | 242         |
|    mean_reward          | 1.39e+03    |
| time/                   |             |
|    total_timesteps      | 3999936     |
| train/                  |             |
|    approx_kl            | 0.012714416 |
|    clip_fraction        | 0.253       |
|    clip_range           | 0.15        |
|    entropy_loss         | -25.5       |
|    explained_variance   | 0.974       |
|    learning_rate        | 0.0001      |
|    loss                 | -0.267      |
|    n_updates            | 600         |
|    policy_gradient_loss | -0.0188     |
|    std                  | 1.09        |
|    value_loss           | 0.0222      |
-----------------------------------------
New best mean reward!
---------------------------------
| rollout/           |          |
|    ep_len_mean     | 117      |
|    ep_rew_mean     | 581      |
| time/              |          |
|    fps             | 1012     |
|    iterations      | 41       |
|    time_elapsed    | 3981     |
|    total_timesteps | 4030464  |
---------------------------------
-----------------------------------------
| rollout/                |             |
|    ep_len_mean          | 112         |
|    ep_rew_mean          | 562         |
| time/                   |             |
|    fps                  | 1011        |
|    iterations           | 42          |
|    time_elapsed         | 4080        |
|    total_timesteps      | 4128768     |
| train/                  |             |
|    approx_kl            | 0.012954722 |
|    clip_fraction        | 0.255       |
|    clip_range           | 0.15        |
|    entropy_loss         | -25.5       |
|    explained_variance   | 0.973       |
|    learning_rate        | 0.0001      |
|    loss                 | -0.259      |
|    n_updates            | 615         |
|    policy_gradient_loss | -0.0188     |
|    std                  | 1.09        |
|    value_loss           | 0.0222      |
-----------------------------------------
-----------------------------------------
| rollout/                |             |
|    ep_len_mean          | 118         |
|    ep_rew_mean          | 603         |
| time/                   |             |
|    fps                  | 1011        |
|    iterations           | 43          |
|    time_elapsed         | 4179        |
|    total_timesteps      | 4227072     |
| train/                  |             |
|    approx_kl            | 0.013001011 |
|    clip_fraction        | 0.255       |
|    clip_range           | 0.15        |
|    entropy_loss         | -25.6       |
|    explained_variance   | 0.972       |
|    learning_rate        | 0.0001      |
|    loss                 | -0.262      |
|    n_updates            | 630         |
|    policy_gradient_loss | -0.0187     |
|    std                  | 1.09        |
|    value_loss           | 0.0227      |
-----------------------------------------
-----------------------------------------
| rollout/                |             |
|    ep_len_mean          | 126         |
|    ep_rew_mean          | 633         |
| time/                   |             |
|    fps                  | 1010        |
|    iterations           | 44          |
|    time_elapsed         | 4279        |
|    total_timesteps      | 4325376     |
| train/                  |             |
|    approx_kl            | 0.012791362 |
|    clip_fraction        | 0.252       |
|    clip_range           | 0.15        |
|    entropy_loss         | -25.6       |
|    explained_variance   | 0.973       |
|    learning_rate        | 0.0001      |
|    loss                 | -0.26       |
|    n_updates            | 645         |
|    policy_gradient_loss | -0.0187     |
|    std                  | 1.1         |
|    value_loss           | 0.0217      |
-----------------------------------------
-----------------------------------------
| rollout/                |             |
|    ep_len_mean          | 127         |
|    ep_rew_mean          | 636         |
| time/                   |             |
|    fps                  | 1009        |
|    iterations           | 45          |
|    time_elapsed         | 4380        |
|    total_timesteps      | 4423680     |
| train/                  |             |
|    approx_kl            | 0.013131604 |
|    clip_fraction        | 0.257       |
|    clip_range           | 0.15        |
|    entropy_loss         | -25.7       |
|    explained_variance   | 0.973       |
|    learning_rate        | 0.0001      |
|    loss                 | -0.263      |
|    n_updates            | 660         |
|    policy_gradient_loss | -0.0188     |
|    std                  | 1.1         |
|    value_loss           | 0.022       |
-----------------------------------------
Eval num_timesteps=4499928, episode_reward=930.14 +/- 219.84
Episode length: 171.60 +/- 31.65
-----------------------------------------
| eval/                   |             |
|    mean_ep_length       | 172         |
|    mean_reward          | 930         |
| time/                   |             |
|    total_timesteps      | 4499928     |
| train/                  |             |
|    approx_kl            | 0.013401657 |
|    clip_fraction        | 0.262       |
|    clip_range           | 0.15        |
|    entropy_loss         | -25.7       |
|    explained_variance   | 0.973       |
|    learning_rate        | 0.0001      |
|    loss                 | -0.267      |
|    n_updates            | 675         |
|    policy_gradient_loss | -0.0194     |
|    std                  | 1.1         |
|    value_loss           | 0.0219      |
-----------------------------------------
---------------------------------
| rollout/           |          |
|    ep_len_mean     | 122      |
|    ep_rew_mean     | 617      |
| time/              |          |
|    fps             | 1008     |
|    iterations      | 46       |
|    time_elapsed    | 4484     |
|    total_timesteps | 4521984  |
---------------------------------
-----------------------------------------
| rollout/                |             |
|    ep_len_mean          | 129         |
|    ep_rew_mean          | 660         |
| time/                   |             |
|    fps                  | 1007        |
|    iterations           | 47          |
|    time_elapsed         | 4585        |
|    total_timesteps      | 4620288     |
| train/                  |             |
|    approx_kl            | 0.013208737 |
|    clip_fraction        | 0.262       |
|    clip_range           | 0.15        |
|    entropy_loss         | -25.8       |
|    explained_variance   | 0.973       |
|    learning_rate        | 0.0001      |
|    loss                 | -0.264      |
|    n_updates            | 690         |
|    policy_gradient_loss | -0.0189     |
|    std                  | 1.1         |
|    value_loss           | 0.0216      |
-----------------------------------------
-----------------------------------------
| rollout/                |             |
|    ep_len_mean          | 128         |
|    ep_rew_mean          | 652         |
| time/                   |             |
|    fps                  | 1007        |
|    iterations           | 48          |
|    time_elapsed         | 4684        |
|    total_timesteps      | 4718592     |
| train/                  |             |
|    approx_kl            | 0.013446647 |
|    clip_fraction        | 0.261       |
|    clip_range           | 0.15        |
|    entropy_loss         | -25.8       |
|    explained_variance   | 0.972       |
|    learning_rate        | 0.0001      |
|    loss                 | -0.268      |
|    n_updates            | 705         |
|    policy_gradient_loss | -0.0191     |
|    std                  | 1.11        |
|    value_loss           | 0.0222      |
-----------------------------------------
------------------------------------------
| rollout/                |              |
|    ep_len_mean          | 133          |
|    ep_rew_mean          | 672          |
| time/                   |              |
|    fps                  | 1006         |
|    iterations           | 49           |
|    time_elapsed         | 4784         |
|    total_timesteps      | 4816896      |
| train/                  |              |
|    approx_kl            | 0.0134575525 |
|    clip_fraction        | 0.264        |
|    clip_range           | 0.15         |
|    entropy_loss         | -25.8        |
|    explained_variance   | 0.972        |
|    learning_rate        | 0.0001       |
|    loss                 | -0.26        |
|    n_updates            | 720          |
|    policy_gradient_loss | -0.019       |
|    std                  | 1.11         |
|    value_loss           | 0.0224       |
------------------------------------------
-----------------------------------------
| rollout/                |             |
|    ep_len_mean          | 135         |
|    ep_rew_mean          | 702         |
| time/                   |             |
|    fps                  | 1006        |
|    iterations           | 50          |
|    time_elapsed         | 4884        |
|    total_timesteps      | 4915200     |
| train/                  |             |
|    approx_kl            | 0.013649338 |
|    clip_fraction        | 0.264       |
|    clip_range           | 0.15        |
|    entropy_loss         | -25.9       |
|    explained_variance   | 0.972       |
|    learning_rate        | 0.0001      |
|    loss                 | -0.264      |
|    n_updates            | 735         |
|    policy_gradient_loss | -0.0188     |
|    std                  | 1.11        |
|    value_loss           | 0.0223      |
-----------------------------------------
Eval num_timesteps=4999920, episode_reward=1298.60 +/- 557.28
Episode length: 232.40 +/- 82.61
-----------------------------------------
| eval/                   |             |
|    mean_ep_length       | 232         |
|    mean_reward          | 1.3e+03     |
| time/                   |             |
|    total_timesteps      | 4999920     |
| train/                  |             |
|    approx_kl            | 0.013890815 |
|    clip_fraction        | 0.269       |
|    clip_range           | 0.15        |
|    entropy_loss         | -25.9       |
|    explained_variance   | 0.97        |
|    learning_rate        | 0.0001      |
|    loss                 | -0.262      |
|    n_updates            | 750         |
|    policy_gradient_loss | -0.0197     |
|    std                  | 1.12        |
|    value_loss           | 0.023       |
-----------------------------------------
---------------------------------
| rollout/           |          |
|    ep_len_mean     | 132      |
|    ep_rew_mean     | 670      |
| time/              |          |
|    fps             | 1005     |
|    iterations      | 51       |
|    time_elapsed    | 4988     |
|    total_timesteps | 5013504  |
---------------------------------
-----------------------------------------
| rollout/                |             |
|    ep_len_mean          | 139         |
|    ep_rew_mean          | 720         |
| time/                   |             |
|    fps                  | 1004        |
|    iterations           | 52          |
|    time_elapsed         | 5090        |
|    total_timesteps      | 5111808     |
| train/                  |             |
|    approx_kl            | 0.013820658 |
|    clip_fraction        | 0.27        |
|    clip_range           | 0.15        |
|    entropy_loss         | -26         |
|    explained_variance   | 0.971       |
|    learning_rate        | 0.0001      |
|    loss                 | -0.26       |
|    n_updates            | 765         |
|    policy_gradient_loss | -0.0196     |
|    std                  | 1.12        |
|    value_loss           | 0.0226      |
-----------------------------------------
-----------------------------------------
| rollout/                |             |
|    ep_len_mean          | 145         |
|    ep_rew_mean          | 754         |
| time/                   |             |
|    fps                  | 1003        |
|    iterations           | 53          |
|    time_elapsed         | 5191        |
|    total_timesteps      | 5210112     |
| train/                  |             |
|    approx_kl            | 0.014102161 |
|    clip_fraction        | 0.269       |
|    clip_range           | 0.15        |
|    entropy_loss         | -26         |
|    explained_variance   | 0.971       |
|    learning_rate        | 0.0001      |
|    loss                 | -0.246      |
|    n_updates            | 780         |
|    policy_gradient_loss | -0.0193     |
|    std                  | 1.12        |
|    value_loss           | 0.0233      |
-----------------------------------------
-----------------------------------------
| rollout/                |             |
|    ep_len_mean          | 146         |
|    ep_rew_mean          | 751         |
| time/                   |             |
|    fps                  | 1003        |
|    iterations           | 54          |
|    time_elapsed         | 5292        |
|    total_timesteps      | 5308416     |
| train/                  |             |
|    approx_kl            | 0.013854451 |
|    clip_fraction        | 0.269       |
|    clip_range           | 0.15        |
|    entropy_loss         | -26.1       |
|    explained_variance   | 0.97        |
|    learning_rate        | 0.0001      |
|    loss                 | -0.25       |
|    n_updates            | 795         |
|    policy_gradient_loss | -0.0193     |
|    std                  | 1.13        |
|    value_loss           | 0.024       |
-----------------------------------------
-----------------------------------------
| rollout/                |             |
|    ep_len_mean          | 147         |
|    ep_rew_mean          | 767         |
| time/                   |             |
|    fps                  | 1002        |
|    iterations           | 55          |
|    time_elapsed         | 5393        |
|    total_timesteps      | 5406720     |
| train/                  |             |
|    approx_kl            | 0.014089927 |
|    clip_fraction        | 0.272       |
|    clip_range           | 0.15        |
|    entropy_loss         | -26.1       |
|    explained_variance   | 0.969       |
|    learning_rate        | 0.0001      |
|    loss                 | -0.274      |
|    n_updates            | 810         |
|    policy_gradient_loss | -0.0193     |
|    std                  | 1.13        |
|    value_loss           | 0.0237      |
-----------------------------------------
Eval num_timesteps=5499912, episode_reward=2193.90 +/- 975.53
Episode length: 375.00 +/- 153.21
------------------------------------------
| eval/                   |              |
|    mean_ep_length       | 375          |
|    mean_reward          | 2.19e+03     |
| time/                   |              |
|    total_timesteps      | 5499912      |
| train/                  |              |
|    approx_kl            | 0.0146832215 |
|    clip_fraction        | 0.281        |
|    clip_range           | 0.15         |
|    entropy_loss         | -26.1        |
|    explained_variance   | 0.969        |
|    learning_rate        | 0.0001       |
|    loss                 | -0.262       |
|    n_updates            | 825          |
|    policy_gradient_loss | -0.02        |
|    std                  | 1.13         |
|    value_loss           | 0.0241       |
------------------------------------------
New best mean reward!
---------------------------------
| rollout/           |          |
|    ep_len_mean     | 150      |
|    ep_rew_mean     | 787      |
| time/              |          |
|    fps             | 1001     |
|    iterations      | 56       |
|    time_elapsed    | 5497     |
|    total_timesteps | 5505024  |
---------------------------------
-----------------------------------------
| rollout/                |             |
|    ep_len_mean          | 150         |
|    ep_rew_mean          | 780         |
| time/                   |             |
|    fps                  | 1000        |
|    iterations           | 57          |
|    time_elapsed         | 5599        |
|    total_timesteps      | 5603328     |
| train/                  |             |
|    approx_kl            | 0.014060673 |
|    clip_fraction        | 0.273       |
|    clip_range           | 0.15        |
|    entropy_loss         | -26.2       |
|    explained_variance   | 0.968       |
|    learning_rate        | 0.0001      |
|    loss                 | -0.27       |
|    n_updates            | 840         |
|    policy_gradient_loss | -0.0194     |
|    std                  | 1.13        |
|    value_loss           | 0.0244      |
-----------------------------------------
-----------------------------------------
| rollout/                |             |
|    ep_len_mean          | 165         |
|    ep_rew_mean          | 868         |
| time/                   |             |
|    fps                  | 1000        |
|    iterations           | 58          |
|    time_elapsed         | 5700        |
|    total_timesteps      | 5701632     |
| train/                  |             |
|    approx_kl            | 0.014743316 |
|    clip_fraction        | 0.281       |
|    clip_range           | 0.15        |
|    entropy_loss         | -26.2       |
|    explained_variance   | 0.969       |
|    learning_rate        | 0.0001      |
|    loss                 | -0.258      |
|    n_updates            | 855         |
|    policy_gradient_loss | -0.0196     |
|    std                  | 1.14        |
|    value_loss           | 0.0242      |
-----------------------------------------
----------------------------------------
| rollout/                |            |
|    ep_len_mean          | 164        |
|    ep_rew_mean          | 869        |
| time/                   |            |
|    fps                  | 999        |
|    iterations           | 59         |
|    time_elapsed         | 5801       |
|    total_timesteps      | 5799936    |
| train/                  |            |
|    approx_kl            | 0.01476084 |
|    clip_fraction        | 0.28       |
|    clip_range           | 0.15       |
|    entropy_loss         | -26.3      |
|    explained_variance   | 0.969      |
|    learning_rate        | 0.0001     |
|    loss                 | -0.265     |
|    n_updates            | 870        |
|    policy_gradient_loss | -0.019     |
|    std                  | 1.14       |
|    value_loss           | 0.0243     |
----------------------------------------
-----------------------------------------
| rollout/                |             |
|    ep_len_mean          | 161         |
|    ep_rew_mean          | 851         |
| time/                   |             |
|    fps                  | 999         |
|    iterations           | 60          |
|    time_elapsed         | 5902        |
|    total_timesteps      | 5898240     |
| train/                  |             |
|    approx_kl            | 0.014800675 |
|    clip_fraction        | 0.28        |
|    clip_range           | 0.15        |
|    entropy_loss         | -26.3       |
|    explained_variance   | 0.968       |
|    learning_rate        | 0.0001      |
|    loss                 | -0.258      |
|    n_updates            | 885         |
|    policy_gradient_loss | -0.0197     |
|    std                  | 1.14        |
|    value_loss           | 0.0231      |
-----------------------------------------
----------------------------------------
| rollout/                |            |
|    ep_len_mean          | 167        |
|    ep_rew_mean          | 872        |
| time/                   |            |
|    fps                  | 999        |
|    iterations           | 61         |
|    time_elapsed         | 6001       |
|    total_timesteps      | 5996544    |
| train/                  |            |
|    approx_kl            | 0.01474969 |
|    clip_fraction        | 0.278      |
|    clip_range           | 0.15       |
|    entropy_loss         | -26.3      |
|    explained_variance   | 0.969      |
|    learning_rate        | 0.0001     |
|    loss                 | -0.267     |
|    n_updates            | 900        |
|    policy_gradient_loss | -0.0193    |
|    std                  | 1.14       |
|    value_loss           | 0.0235     |
----------------------------------------
Eval num_timesteps=5999904, episode_reward=2250.25 +/- 1093.81
Episode length: 386.60 +/- 187.63
----------------------------------------
| eval/                   |            |
|    mean_ep_length       | 387        |
|    mean_reward          | 2.25e+03   |
| time/                   |            |
|    total_timesteps      | 5999904    |
| train/                  |            |
|    approx_kl            | 0.01521201 |
|    clip_fraction        | 0.284      |
|    clip_range           | 0.15       |
|    entropy_loss         | -26.4      |
|    explained_variance   | 0.967      |
|    learning_rate        | 0.0001     |
|    loss                 | -0.269     |
|    n_updates            | 915        |
|    policy_gradient_loss | -0.0196    |
|    std                  | 1.15       |
|    value_loss           | 0.0244     |
----------------------------------------
New best mean reward!
---------------------------------
| rollout/           |          |
|    ep_len_mean     | 179      |
|    ep_rew_mean     | 938      |
| time/              |          |
|    fps             | 998      |
|    iterations      | 62       |
|    time_elapsed    | 6105     |
|    total_timesteps | 6094848  |
---------------------------------
-----------------------------------------
| rollout/                |             |
|    ep_len_mean          | 179         |
|    ep_rew_mean          | 955         |
| time/                   |             |
|    fps                  | 997         |
|    iterations           | 63          |
|    time_elapsed         | 6205        |
|    total_timesteps      | 6193152     |
| train/                  |             |
|    approx_kl            | 0.015080501 |
|    clip_fraction        | 0.283       |
|    clip_range           | 0.15        |
|    entropy_loss         | -26.4       |
|    explained_variance   | 0.967       |
|    learning_rate        | 0.0001      |
|    loss                 | -0.258      |
|    n_updates            | 930         |
|    policy_gradient_loss | -0.0198     |
|    std                  | 1.15        |
|    value_loss           | 0.0247      |
-----------------------------------------
-----------------------------------------
| rollout/                |             |
|    ep_len_mean          | 197         |
|    ep_rew_mean          | 1.06e+03    |
| time/                   |             |
|    fps                  | 997         |
|    iterations           | 64          |
|    time_elapsed         | 6306        |
|    total_timesteps      | 6291456     |
| train/                  |             |
|    approx_kl            | 0.015156883 |
|    clip_fraction        | 0.283       |
|    clip_range           | 0.15        |
|    entropy_loss         | -26.4       |
|    explained_variance   | 0.966       |
|    learning_rate        | 0.0001      |
|    loss                 | -0.27       |
|    n_updates            | 945         |
|    policy_gradient_loss | -0.0194     |
|    std                  | 1.15        |
|    value_loss           | 0.0252      |
-----------------------------------------
-----------------------------------------
| rollout/                |             |
|    ep_len_mean          | 180         |
|    ep_rew_mean          | 966         |
| time/                   |             |
|    fps                  | 997         |
|    iterations           | 65          |
|    time_elapsed         | 6405        |
|    total_timesteps      | 6389760     |
| train/                  |             |
|    approx_kl            | 0.015694352 |
|    clip_fraction        | 0.288       |
|    clip_range           | 0.15        |
|    entropy_loss         | -26.5       |
|    explained_variance   | 0.965       |
|    learning_rate        | 0.0001      |
|    loss                 | -0.252      |
|    n_updates            | 960         |
|    policy_gradient_loss | -0.0195     |
|    std                  | 1.16        |
|    value_loss           | 0.0255      |
-----------------------------------------
-----------------------------------------
| rollout/                |             |
|    ep_len_mean          | 189         |
|    ep_rew_mean          | 1.01e+03    |
| time/                   |             |
|    fps                  | 997         |
|    iterations           | 66          |
|    time_elapsed         | 6503        |
|    total_timesteps      | 6488064     |
| train/                  |             |
|    approx_kl            | 0.015598707 |
|    clip_fraction        | 0.292       |
|    clip_range           | 0.15        |
|    entropy_loss         | -26.5       |
|    explained_variance   | 0.965       |
|    learning_rate        | 0.0001      |
|    loss                 | -0.278      |
|    n_updates            | 975         |
|    policy_gradient_loss | -0.0197     |
|    std                  | 1.16        |
|    value_loss           | 0.0256      |
-----------------------------------------
Eval num_timesteps=6499896, episode_reward=2986.22 +/- 1283.30
Episode length: 510.60 +/- 216.68
-----------------------------------------
| eval/                   |             |
|    mean_ep_length       | 511         |
|    mean_reward          | 2.99e+03    |
| time/                   |             |
|    total_timesteps      | 6499896     |
| train/                  |             |
|    approx_kl            | 0.015704416 |
|    clip_fraction        | 0.289       |
|    clip_range           | 0.15        |
|    entropy_loss         | -26.6       |
|    explained_variance   | 0.966       |
|    learning_rate        | 0.0001      |
|    loss                 | -0.259      |
|    n_updates            | 990         |
|    policy_gradient_loss | -0.0198     |
|    std                  | 1.16        |
|    value_loss           | 0.0255      |
-----------------------------------------
New best mean reward!
---------------------------------
| rollout/           |          |
|    ep_len_mean     | 193      |
|    ep_rew_mean     | 1.03e+03 |
| time/              |          |
|    fps             | 996      |
|    iterations      | 67       |
|    time_elapsed    | 6606     |
|    total_timesteps | 6586368  |
---------------------------------
-----------------------------------------
| rollout/                |             |
|    ep_len_mean          | 204         |
|    ep_rew_mean          | 1.09e+03    |
| time/                   |             |
|    fps                  | 996         |
|    iterations           | 68          |
|    time_elapsed         | 6707        |
|    total_timesteps      | 6684672     |
| train/                  |             |
|    approx_kl            | 0.015558891 |
|    clip_fraction        | 0.292       |
|    clip_range           | 0.15        |
|    entropy_loss         | -26.6       |
|    explained_variance   | 0.965       |
|    learning_rate        | 0.0001      |
|    loss                 | -0.281      |
|    n_updates            | 1005        |
|    policy_gradient_loss | -0.0192     |
|    std                  | 1.16        |
|    value_loss           | 0.0263      |
-----------------------------------------
-----------------------------------------
| rollout/                |             |
|    ep_len_mean          | 200         |
|    ep_rew_mean          | 1.06e+03    |
| time/                   |             |
|    fps                  | 996         |
|    iterations           | 69          |
|    time_elapsed         | 6807        |
|    total_timesteps      | 6782976     |
| train/                  |             |
|    approx_kl            | 0.016008206 |
|    clip_fraction        | 0.293       |
|    clip_range           | 0.15        |
|    entropy_loss         | -26.6       |
|    explained_variance   | 0.965       |
|    learning_rate        | 0.0001      |
|    loss                 | -0.269      |
|    n_updates            | 1020        |
|    policy_gradient_loss | -0.0198     |
|    std                  | 1.17        |
|    value_loss           | 0.0256      |
-----------------------------------------
-----------------------------------------
| rollout/                |             |
|    ep_len_mean          | 211         |
|    ep_rew_mean          | 1.14e+03    |
| time/                   |             |
|    fps                  | 996         |
|    iterations           | 70          |
|    time_elapsed         | 6908        |
|    total_timesteps      | 6881280     |
| train/                  |             |
|    approx_kl            | 0.015864573 |
|    clip_fraction        | 0.293       |
|    clip_range           | 0.15        |
|    entropy_loss         | -26.7       |
|    explained_variance   | 0.965       |
|    learning_rate        | 0.0001      |
|    loss                 | -0.269      |
|    n_updates            | 1035        |
|    policy_gradient_loss | -0.0197     |
|    std                  | 1.17        |
|    value_loss           | 0.0257      |
-----------------------------------------
-----------------------------------------
| rollout/                |             |
|    ep_len_mean          | 206         |
|    ep_rew_mean          | 1.11e+03    |
| time/                   |             |
|    fps                  | 995         |
|    iterations           | 71          |
|    time_elapsed         | 7008        |
|    total_timesteps      | 6979584     |
| train/                  |             |
|    approx_kl            | 0.016507456 |
|    clip_fraction        | 0.298       |
|    clip_range           | 0.15        |
|    entropy_loss         | -26.7       |
|    explained_variance   | 0.964       |
|    learning_rate        | 0.0001      |
|    loss                 | -0.262      |
|    n_updates            | 1050        |
|    policy_gradient_loss | -0.02       |
|    std                  | 1.18        |
|    value_loss           | 0.026       |
-----------------------------------------
Eval num_timesteps=6999888, episode_reward=3275.85 +/- 1014.50
Episode length: 562.20 +/- 164.30
-----------------------------------------
| eval/                   |             |
|    mean_ep_length       | 562         |
|    mean_reward          | 3.28e+03    |
| time/                   |             |
|    total_timesteps      | 6999888     |
| train/                  |             |
|    approx_kl            | 0.016080348 |
|    clip_fraction        | 0.297       |
|    clip_range           | 0.15        |
|    entropy_loss         | -26.8       |
|    explained_variance   | 0.964       |
|    learning_rate        | 0.0001      |
|    loss                 | -0.262      |
|    n_updates            | 1065        |
|    policy_gradient_loss | -0.0196     |
|    std                  | 1.18        |
|    value_loss           | 0.0261      |
-----------------------------------------
New best mean reward!
---------------------------------
| rollout/           |          |
|    ep_len_mean     | 228      |
|    ep_rew_mean     | 1.23e+03 |
| time/              |          |
|    fps             | 995      |
|    iterations      | 72       |
|    time_elapsed    | 7113     |
|    total_timesteps | 7077888  |
---------------------------------
-----------------------------------------
| rollout/                |             |
|    ep_len_mean          | 228         |
|    ep_rew_mean          | 1.23e+03    |
| time/                   |             |
|    fps                  | 994         |
|    iterations           | 73          |
|    time_elapsed         | 7214        |
|    total_timesteps      | 7176192     |
| train/                  |             |
|    approx_kl            | 0.016313696 |
|    clip_fraction        | 0.298       |
|    clip_range           | 0.15        |
|    entropy_loss         | -26.8       |
|    explained_variance   | 0.963       |
|    learning_rate        | 0.0001      |
|    loss                 | -0.273      |
|    n_updates            | 1080        |
|    policy_gradient_loss | -0.0194     |
|    std                  | 1.18        |
|    value_loss           | 0.0256      |
-----------------------------------------
-----------------------------------------
| rollout/                |             |
|    ep_len_mean          | 250         |
|    ep_rew_mean          | 1.35e+03    |
| time/                   |             |
|    fps                  | 994         |
|    iterations           | 74          |
|    time_elapsed         | 7314        |
|    total_timesteps      | 7274496     |
| train/                  |             |
|    approx_kl            | 0.016322874 |
|    clip_fraction        | 0.299       |
|    clip_range           | 0.15        |
|    entropy_loss         | -26.9       |
|    explained_variance   | 0.962       |
|    learning_rate        | 0.0001      |
|    loss                 | -0.263      |
|    n_updates            | 1095        |
|    policy_gradient_loss | -0.0193     |
|    std                  | 1.19        |
|    value_loss           | 0.0257      |
-----------------------------------------
-----------------------------------------
| rollout/                |             |
|    ep_len_mean          | 240         |
|    ep_rew_mean          | 1.31e+03    |
| time/                   |             |
|    fps                  | 994         |
|    iterations           | 75          |
|    time_elapsed         | 7414        |
|    total_timesteps      | 7372800     |
| train/                  |             |
|    approx_kl            | 0.017199589 |
|    clip_fraction        | 0.306       |
|    clip_range           | 0.15        |
|    entropy_loss         | -26.9       |
|    explained_variance   | 0.962       |
|    learning_rate        | 0.0001      |
|    loss                 | -0.28       |
|    n_updates            | 1110        |
|    policy_gradient_loss | -0.0201     |
|    std                  | 1.19        |
|    value_loss           | 0.0258      |
-----------------------------------------
-----------------------------------------
| rollout/                |             |
|    ep_len_mean          | 234         |
|    ep_rew_mean          | 1.27e+03    |
| time/                   |             |
|    fps                  | 994         |
|    iterations           | 76          |
|    time_elapsed         | 7516        |
|    total_timesteps      | 7471104     |
| train/                  |             |
|    approx_kl            | 0.017068557 |
|    clip_fraction        | 0.305       |
|    clip_range           | 0.15        |
|    entropy_loss         | -27         |
|    explained_variance   | 0.962       |
|    learning_rate        | 0.0001      |
|    loss                 | -0.277      |
|    n_updates            | 1125        |
|    policy_gradient_loss | -0.0197     |
|    std                  | 1.19        |
|    value_loss           | 0.0254      |
-----------------------------------------
Eval num_timesteps=7499880, episode_reward=3137.29 +/- 898.00
Episode length: 522.60 +/- 153.85
-----------------------------------------
| eval/                   |             |
|    mean_ep_length       | 523         |
|    mean_reward          | 3.14e+03    |
| time/                   |             |
|    total_timesteps      | 7499880     |
| train/                  |             |
|    approx_kl            | 0.016716445 |
|    clip_fraction        | 0.304       |
|    clip_range           | 0.15        |
|    entropy_loss         | -27         |
|    explained_variance   | 0.961       |
|    learning_rate        | 0.0001      |
|    loss                 | -0.271      |
|    n_updates            | 1140        |
|    policy_gradient_loss | -0.0198     |
|    std                  | 1.2         |
|    value_loss           | 0.0253      |
-----------------------------------------
---------------------------------
| rollout/           |          |
|    ep_len_mean     | 245      |
|    ep_rew_mean     | 1.34e+03 |
| time/              |          |
|    fps             | 993      |
|    iterations      | 77       |
|    time_elapsed    | 7619     |
|    total_timesteps | 7569408  |
---------------------------------
-----------------------------------------
| rollout/                |             |
|    ep_len_mean          | 256         |
|    ep_rew_mean          | 1.41e+03    |
| time/                   |             |
|    fps                  | 993         |
|    iterations           | 78          |
|    time_elapsed         | 7720        |
|    total_timesteps      | 7667712     |
| train/                  |             |
|    approx_kl            | 0.017227488 |
|    clip_fraction        | 0.31        |
|    clip_range           | 0.15        |
|    entropy_loss         | -27.1       |
|    explained_variance   | 0.961       |
|    learning_rate        | 0.0001      |
|    loss                 | -0.268      |
|    n_updates            | 1155        |
|    policy_gradient_loss | -0.0201     |
|    std                  | 1.2         |
|    value_loss           | 0.0254      |
-----------------------------------------
----------------------------------------
| rollout/                |            |
|    ep_len_mean          | 267        |
|    ep_rew_mean          | 1.47e+03   |
| time/                   |            |
|    fps                  | 992        |
|    iterations           | 79         |
|    time_elapsed         | 7821       |
|    total_timesteps      | 7766016    |
| train/                  |            |
|    approx_kl            | 0.01727171 |
|    clip_fraction        | 0.311      |
|    clip_range           | 0.15       |
|    entropy_loss         | -27.1      |
|    explained_variance   | 0.961      |
|    learning_rate        | 0.0001     |
|    loss                 | -0.286     |
|    n_updates            | 1170       |
|    policy_gradient_loss | -0.0197    |
|    std                  | 1.2        |
|    value_loss           | 0.0252     |
----------------------------------------
-----------------------------------------
| rollout/                |             |
|    ep_len_mean          | 275         |
|    ep_rew_mean          | 1.52e+03    |
| time/                   |             |
|    fps                  | 992         |
|    iterations           | 80          |
|    time_elapsed         | 7921        |
|    total_timesteps      | 7864320     |
| train/                  |             |
|    approx_kl            | 0.017178357 |
|    clip_fraction        | 0.307       |
|    clip_range           | 0.15        |
|    entropy_loss         | -27.2       |
|    explained_variance   | 0.961       |
|    learning_rate        | 0.0001      |
|    loss                 | -0.278      |
|    n_updates            | 1185        |
|    policy_gradient_loss | -0.0198     |
|    std                  | 1.21        |
|    value_loss           | 0.0249      |
-----------------------------------------
-----------------------------------------
| rollout/                |             |
|    ep_len_mean          | 283         |
|    ep_rew_mean          | 1.56e+03    |
| time/                   |             |
|    fps                  | 992         |
|    iterations           | 81          |
|    time_elapsed         | 8021        |
|    total_timesteps      | 7962624     |
| train/                  |             |
|    approx_kl            | 0.017164854 |
|    clip_fraction        | 0.311       |
|    clip_range           | 0.15        |
|    entropy_loss         | -27.2       |
|    explained_variance   | 0.961       |
|    learning_rate        | 0.0001      |
|    loss                 | -0.271      |
|    n_updates            | 1200        |
|    policy_gradient_loss | -0.0197     |
|    std                  | 1.21        |
|    value_loss           | 0.0244      |
-----------------------------------------
Eval num_timesteps=7999872, episode_reward=3755.19 +/- 191.96
Episode length: 624.60 +/- 42.30
-----------------------------------------
| eval/                   |             |
|    mean_ep_length       | 625         |
|    mean_reward          | 3.76e+03    |
| time/                   |             |
|    total_timesteps      | 7999872     |
| train/                  |             |
|    approx_kl            | 0.017865678 |
|    clip_fraction        | 0.317       |
|    clip_range           | 0.15        |
|    entropy_loss         | -27.3       |
|    explained_variance   | 0.958       |
|    learning_rate        | 0.0001      |
|    loss                 | -0.264      |
|    n_updates            | 1215        |
|    policy_gradient_loss | -0.0196     |
|    std                  | 1.22        |
|    value_loss           | 0.0246      |
-----------------------------------------
New best mean reward!
---------------------------------
| rollout/           |          |
|    ep_len_mean     | 282      |
|    ep_rew_mean     | 1.57e+03 |
| time/              |          |
|    fps             | 991      |
|    iterations      | 82       |
|    time_elapsed    | 8127     |
|    total_timesteps | 8060928  |
---------------------------------
-----------------------------------------
| rollout/                |             |
|    ep_len_mean          | 296         |
|    ep_rew_mean          | 1.64e+03    |
| time/                   |             |
|    fps                  | 991         |
|    iterations           | 83          |
|    time_elapsed         | 8228        |
|    total_timesteps      | 8159232     |
| train/                  |             |
|    approx_kl            | 0.017627044 |
|    clip_fraction        | 0.313       |
|    clip_range           | 0.15        |
|    entropy_loss         | -27.3       |
|    explained_variance   | 0.955       |
|    learning_rate        | 0.0001      |
|    loss                 | -0.275      |
|    n_updates            | 1230        |
|    policy_gradient_loss | -0.0197     |
|    std                  | 1.22        |
|    value_loss           | 0.0259      |
-----------------------------------------
-----------------------------------------
| rollout/                |             |
|    ep_len_mean          | 293         |
|    ep_rew_mean          | 1.65e+03    |
| time/                   |             |
|    fps                  | 991         |
|    iterations           | 84          |
|    time_elapsed         | 8328        |
|    total_timesteps      | 8257536     |
| train/                  |             |
|    approx_kl            | 0.017509533 |
|    clip_fraction        | 0.315       |
|    clip_range           | 0.15        |
|    entropy_loss         | -27.4       |
|    explained_variance   | 0.955       |
|    learning_rate        | 0.0001      |
|    loss                 | -0.28       |
|    n_updates            | 1245        |
|    policy_gradient_loss | -0.0199     |
|    std                  | 1.22        |
|    value_loss           | 0.0253      |
-----------------------------------------
-----------------------------------------
| rollout/                |             |
|    ep_len_mean          | 298         |
|    ep_rew_mean          | 1.67e+03    |
| time/                   |             |
|    fps                  | 991         |
|    iterations           | 85          |
|    time_elapsed         | 8428        |
|    total_timesteps      | 8355840     |
| train/                  |             |
|    approx_kl            | 0.017684935 |
|    clip_fraction        | 0.316       |
|    clip_range           | 0.15        |
|    entropy_loss         | -27.4       |
|    explained_variance   | 0.954       |
|    learning_rate        | 0.0001      |
|    loss                 | -0.278      |
|    n_updates            | 1260        |
|    policy_gradient_loss | -0.019      |
|    std                  | 1.23        |
|    value_loss           | 0.0264      |
-----------------------------------------
-----------------------------------------
| rollout/                |             |
|    ep_len_mean          | 298         |
|    ep_rew_mean          | 1.68e+03    |
| time/                   |             |
|    fps                  | 991         |
|    iterations           | 86          |
|    time_elapsed         | 8529        |
|    total_timesteps      | 8454144     |
| train/                  |             |
|    approx_kl            | 0.017711347 |
|    clip_fraction        | 0.318       |
|    clip_range           | 0.15        |
|    entropy_loss         | -27.5       |
|    explained_variance   | 0.956       |
|    learning_rate        | 0.0001      |
|    loss                 | -0.286      |
|    n_updates            | 1275        |
|    policy_gradient_loss | -0.0199     |
|    std                  | 1.23        |
|    value_loss           | 0.0258      |
-----------------------------------------
Eval num_timesteps=8499864, episode_reward=3532.87 +/- 188.75
Episode length: 580.40 +/- 34.86
-----------------------------------------
| eval/                   |             |
|    mean_ep_length       | 580         |
|    mean_reward          | 3.53e+03    |
| time/                   |             |
|    total_timesteps      | 8499864     |
| train/                  |             |
|    approx_kl            | 0.018033467 |
|    clip_fraction        | 0.321       |
|    clip_range           | 0.15        |
|    entropy_loss         | -27.6       |
|    explained_variance   | 0.952       |
|    learning_rate        | 0.0001      |
|    loss                 | -0.281      |
|    n_updates            | 1290        |
|    policy_gradient_loss | -0.0194     |
|    std                  | 1.24        |
|    value_loss           | 0.0275      |
-----------------------------------------
---------------------------------
| rollout/           |          |
|    ep_len_mean     | 347      |
|    ep_rew_mean     | 1.96e+03 |
| time/              |          |
|    fps             | 990      |
|    iterations      | 87       |
|    time_elapsed    | 8635     |
|    total_timesteps | 8552448  |
---------------------------------
----------------------------------------
| rollout/                |            |
|    ep_len_mean          | 315        |
|    ep_rew_mean          | 1.77e+03   |
| time/                   |            |
|    fps                  | 990        |
|    iterations           | 88         |
|    time_elapsed         | 8733       |
|    total_timesteps      | 8650752    |
| train/                  |            |
|    approx_kl            | 0.01836422 |
|    clip_fraction        | 0.319      |
|    clip_range           | 0.15       |
|    entropy_loss         | -27.6      |
|    explained_variance   | 0.95       |
|    learning_rate        | 0.0001     |
|    loss                 | -0.276     |
|    n_updates            | 1305       |
|    policy_gradient_loss | -0.0196    |
|    std                  | 1.24       |
|    value_loss           | 0.0261     |
----------------------------------------
-----------------------------------------
| rollout/                |             |
|    ep_len_mean          | 318         |
|    ep_rew_mean          | 1.78e+03    |
| time/                   |             |
|    fps                  | 990         |
|    iterations           | 89          |
|    time_elapsed         | 8834        |
|    total_timesteps      | 8749056     |
| train/                  |             |
|    approx_kl            | 0.018251529 |
|    clip_fraction        | 0.32        |
|    clip_range           | 0.15        |
|    entropy_loss         | -27.7       |
|    explained_variance   | 0.95        |
|    learning_rate        | 0.0001      |
|    loss                 | -0.27       |
|    n_updates            | 1320        |
|    policy_gradient_loss | -0.0192     |
|    std                  | 1.24        |
|    value_loss           | 0.0262      |
-----------------------------------------
-----------------------------------------
| rollout/                |             |
|    ep_len_mean          | 329         |
|    ep_rew_mean          | 1.85e+03    |
| time/                   |             |
|    fps                  | 990         |
|    iterations           | 90          |
|    time_elapsed         | 8934        |
|    total_timesteps      | 8847360     |
| train/                  |             |
|    approx_kl            | 0.018359838 |
|    clip_fraction        | 0.323       |
|    clip_range           | 0.15        |
|    entropy_loss         | -27.7       |
|    explained_variance   | 0.95        |
|    learning_rate        | 0.0001      |
|    loss                 | -0.27       |
|    n_updates            | 1335        |
|    policy_gradient_loss | -0.0198     |
|    std                  | 1.25        |
|    value_loss           | 0.0268      |
-----------------------------------------
----------------------------------------
| rollout/                |            |
|    ep_len_mean          | 335        |
|    ep_rew_mean          | 1.88e+03   |
| time/                   |            |
|    fps                  | 990        |
|    iterations           | 91         |
|    time_elapsed         | 9035       |
|    total_timesteps      | 8945664    |
| train/                  |            |
|    approx_kl            | 0.01875183 |
|    clip_fraction        | 0.324      |
|    clip_range           | 0.15       |
|    entropy_loss         | -27.8      |
|    explained_variance   | 0.946      |
|    learning_rate        | 0.0001     |
|    loss                 | -0.289     |
|    n_updates            | 1350       |
|    policy_gradient_loss | -0.0197    |
|    std                  | 1.25       |
|    value_loss           | 0.0268     |
----------------------------------------
Eval num_timesteps=8999856, episode_reward=3528.98 +/- 220.23
Episode length: 581.40 +/- 35.10
-----------------------------------------
| eval/                   |             |
|    mean_ep_length       | 581         |
|    mean_reward          | 3.53e+03    |
| time/                   |             |
|    total_timesteps      | 8999856     |
| train/                  |             |
|    approx_kl            | 0.019017471 |
|    clip_fraction        | 0.329       |
|    clip_range           | 0.15        |
|    entropy_loss         | -27.9       |
|    explained_variance   | 0.95        |
|    learning_rate        | 0.0001      |
|    loss                 | -0.299      |
|    n_updates            | 1365        |
|    policy_gradient_loss | -0.0201     |
|    std                  | 1.26        |
|    value_loss           | 0.0258      |
-----------------------------------------
---------------------------------
| rollout/           |          |
|    ep_len_mean     | 358      |
|    ep_rew_mean     | 2.03e+03 |
| time/              |          |
|    fps             | 989      |
|    iterations      | 92       |
|    time_elapsed    | 9139     |
|    total_timesteps | 9043968  |
---------------------------------
----------------------------------------
| rollout/                |            |
|    ep_len_mean          | 341        |
|    ep_rew_mean          | 1.92e+03   |
| time/                   |            |
|    fps                  | 989        |
|    iterations           | 93         |
|    time_elapsed         | 9241       |
|    total_timesteps      | 9142272    |
| train/                  |            |
|    approx_kl            | 0.01906564 |
|    clip_fraction        | 0.328      |
|    clip_range           | 0.15       |
|    entropy_loss         | -27.9      |
|    explained_variance   | 0.948      |
|    learning_rate        | 0.0001     |
|    loss                 | -0.281     |
|    n_updates            | 1380       |
|    policy_gradient_loss | -0.0193    |
|    std                  | 1.26       |
|    value_loss           | 0.0254     |
----------------------------------------
-----------------------------------------
| rollout/                |             |
|    ep_len_mean          | 400         |
|    ep_rew_mean          | 2.28e+03    |
| time/                   |             |
|    fps                  | 989         |
|    iterations           | 94          |
|    time_elapsed         | 9342        |
|    total_timesteps      | 9240576     |
| train/                  |             |
|    approx_kl            | 0.018509628 |
|    clip_fraction        | 0.327       |
|    clip_range           | 0.15        |
|    entropy_loss         | -28         |
|    explained_variance   | 0.946       |
|    learning_rate        | 0.0001      |
|    loss                 | -0.28       |
|    n_updates            | 1395        |
|    policy_gradient_loss | -0.0187     |
|    std                  | 1.27        |
|    value_loss           | 0.0268      |
-----------------------------------------
-----------------------------------------
| rollout/                |             |
|    ep_len_mean          | 405         |
|    ep_rew_mean          | 2.28e+03    |
| time/                   |             |
|    fps                  | 988         |
|    iterations           | 95          |
|    time_elapsed         | 9443        |
|    total_timesteps      | 9338880     |
| train/                  |             |
|    approx_kl            | 0.019127235 |
|    clip_fraction        | 0.331       |
|    clip_range           | 0.15        |
|    entropy_loss         | -28         |
|    explained_variance   | 0.94        |
|    learning_rate        | 0.0001      |
|    loss                 | -0.279      |
|    n_updates            | 1410        |
|    policy_gradient_loss | -0.019      |
|    std                  | 1.27        |
|    value_loss           | 0.0284      |
-----------------------------------------
-----------------------------------------
| rollout/                |             |
|    ep_len_mean          | 380         |
|    ep_rew_mean          | 2.16e+03    |
| time/                   |             |
|    fps                  | 988         |
|    iterations           | 96          |
|    time_elapsed         | 9544        |
|    total_timesteps      | 9437184     |
| train/                  |             |
|    approx_kl            | 0.019668473 |
|    clip_fraction        | 0.335       |
|    clip_range           | 0.15        |
|    entropy_loss         | -28.1       |
|    explained_variance   | 0.938       |
|    learning_rate        | 0.0001      |
|    loss                 | -0.293      |
|    n_updates            | 1425        |
|    policy_gradient_loss | -0.0195     |
|    std                  | 1.28        |
|    value_loss           | 0.0281      |
-----------------------------------------
Eval num_timesteps=9499848, episode_reward=3663.50 +/- 108.52
Episode length: 607.40 +/- 25.92
-----------------------------------------
| eval/                   |             |
|    mean_ep_length       | 607         |
|    mean_reward          | 3.66e+03    |
| time/                   |             |
|    total_timesteps      | 9499848     |
| train/                  |             |
|    approx_kl            | 0.019072348 |
|    clip_fraction        | 0.337       |
|    clip_range           | 0.15        |
|    entropy_loss         | -28.2       |
|    explained_variance   | 0.931       |
|    learning_rate        | 0.0001      |
|    loss                 | -0.298      |
|    n_updates            | 1440        |
|    policy_gradient_loss | -0.0184     |
|    std                  | 1.28        |
|    value_loss           | 0.0306      |
-----------------------------------------
---------------------------------
| rollout/           |          |
|    ep_len_mean     | 399      |
|    ep_rew_mean     | 2.27e+03 |
| time/              |          |
|    fps             | 988      |
|    iterations      | 97       |
|    time_elapsed    | 9648     |
|    total_timesteps | 9535488  |
---------------------------------
----------------------------------------
| rollout/                |            |
|    ep_len_mean          | 377        |
|    ep_rew_mean          | 2.14e+03   |
| time/                   |            |
|    fps                  | 988        |
|    iterations           | 98         |
|    time_elapsed         | 9749       |
|    total_timesteps      | 9633792    |
| train/                  |            |
|    approx_kl            | 0.01894634 |
|    clip_fraction        | 0.333      |
|    clip_range           | 0.15       |
|    entropy_loss         | -28.3      |
|    explained_variance   | 0.937      |
|    learning_rate        | 0.0001     |
|    loss                 | -0.272     |
|    n_updates            | 1455       |
|    policy_gradient_loss | -0.0187    |
|    std                  | 1.29       |
|    value_loss           | 0.0273     |
----------------------------------------
-----------------------------------------
| rollout/                |             |
|    ep_len_mean          | 372         |
|    ep_rew_mean          | 2.13e+03    |
| time/                   |             |
|    fps                  | 988         |
|    iterations           | 99          |
|    time_elapsed         | 9848        |
|    total_timesteps      | 9732096     |
| train/                  |             |
|    approx_kl            | 0.019533351 |
|    clip_fraction        | 0.34        |
|    clip_range           | 0.15        |
|    entropy_loss         | -28.3       |
|    explained_variance   | 0.937       |
|    learning_rate        | 0.0001      |
|    loss                 | -0.255      |
|    n_updates            | 1470        |
|    policy_gradient_loss | -0.019      |
|    std                  | 1.3         |
|    value_loss           | 0.0295      |
-----------------------------------------
----------------------------------------
| rollout/                |            |
|    ep_len_mean          | 393        |
|    ep_rew_mean          | 2.25e+03   |
| time/                   |            |
|    fps                  | 988        |
|    iterations           | 100        |
|    time_elapsed         | 9948       |
|    total_timesteps      | 9830400    |
| train/                  |            |
|    approx_kl            | 0.01923646 |
|    clip_fraction        | 0.337      |
|    clip_range           | 0.15       |
|    entropy_loss         | -28.4      |
|    explained_variance   | 0.934      |
|    learning_rate        | 0.0001     |
|    loss                 | -0.282     |
|    n_updates            | 1485       |
|    policy_gradient_loss | -0.0189    |
|    std                  | 1.3        |
|    value_loss           | 0.0289     |
----------------------------------------
-----------------------------------------
| rollout/                |             |
|    ep_len_mean          | 410         |
|    ep_rew_mean          | 2.35e+03    |
| time/                   |             |
|    fps                  | 988         |
|    iterations           | 101         |
|    time_elapsed         | 10047       |
|    total_timesteps      | 9928704     |
| train/                  |             |
|    approx_kl            | 0.019500552 |
|    clip_fraction        | 0.34        |
|    clip_range           | 0.15        |
|    entropy_loss         | -28.5       |
|    explained_variance   | 0.932       |
|    learning_rate        | 0.0001      |
|    loss                 | -0.29       |
|    n_updates            | 1500        |
|    policy_gradient_loss | -0.0183     |
|    std                  | 1.31        |
|    value_loss           | 0.0298      |
-----------------------------------------
Eval num_timesteps=9999840, episode_reward=3544.95 +/- 41.25
Episode length: 581.80 +/- 8.23
-----------------------------------------
| eval/                   |             |
|    mean_ep_length       | 582         |
|    mean_reward          | 3.54e+03    |
| time/                   |             |
|    total_timesteps      | 9999840     |
| train/                  |             |
|    approx_kl            | 0.019591562 |
|    clip_fraction        | 0.34        |
|    clip_range           | 0.15        |
|    entropy_loss         | -28.6       |
|    explained_variance   | 0.925       |
|    learning_rate        | 0.0001      |
|    loss                 | -0.281      |
|    n_updates            | 1515        |
|    policy_gradient_loss | -0.0183     |
|    std                  | 1.31        |
|    value_loss           | 0.0295      |
-----------------------------------------
---------------------------------
| rollout/           |          |
|    ep_len_mean     | 393      |
|    ep_rew_mean     | 2.27e+03 |
| time/              |          |
|    fps             | 987      |
|    iterations      | 102      |
|    time_elapsed    | 10150    |
|    total_timesteps | 10027008 |
---------------------------------
-----------------------------------------
| rollout/                |             |
|    ep_len_mean          | 400         |
|    ep_rew_mean          | 2.31e+03    |
| time/                   |             |
|    fps                  | 987         |
|    iterations           | 103         |
|    time_elapsed         | 10251       |
|    total_timesteps      | 10125312    |
| train/                  |             |
|    approx_kl            | 0.019443894 |
|    clip_fraction        | 0.337       |
|    clip_range           | 0.15        |
|    entropy_loss         | -28.6       |
|    explained_variance   | 0.928       |
|    learning_rate        | 0.0001      |
|    loss                 | -0.292      |
|    n_updates            | 1530        |
|    policy_gradient_loss | -0.0183     |
|    std                  | 1.32        |
|    value_loss           | 0.0291      |
-----------------------------------------
-----------------------------------------
| rollout/                |             |
|    ep_len_mean          | 401         |
|    ep_rew_mean          | 2.32e+03    |
| time/                   |             |
|    fps                  | 987         |
|    iterations           | 104         |
|    time_elapsed         | 10354       |
|    total_timesteps      | 10223616    |
| train/                  |             |
|    approx_kl            | 0.020205462 |
|    clip_fraction        | 0.348       |
|    clip_range           | 0.15        |
|    entropy_loss         | -28.7       |
|    explained_variance   | 0.924       |
|    learning_rate        | 0.0001      |
|    loss                 | -0.292      |
|    n_updates            | 1545        |
|    policy_gradient_loss | -0.0182     |
|    std                  | 1.33        |
|    value_loss           | 0.0297      |
-----------------------------------------
-----------------------------------------
| rollout/                |             |
|    ep_len_mean          | 400         |
|    ep_rew_mean          | 2.31e+03    |
| time/                   |             |
|    fps                  | 987         |
|    iterations           | 105         |
|    time_elapsed         | 10456       |
|    total_timesteps      | 10321920    |
| train/                  |             |
|    approx_kl            | 0.019504393 |
|    clip_fraction        | 0.341       |
|    clip_range           | 0.15        |
|    entropy_loss         | -28.8       |
|    explained_variance   | 0.923       |
|    learning_rate        | 0.0001      |
|    loss                 | -0.296      |
|    n_updates            | 1560        |
|    policy_gradient_loss | -0.0183     |
|    std                  | 1.33        |
|    value_loss           | 0.0303      |
-----------------------------------------
-----------------------------------------
| rollout/                |             |
|    ep_len_mean          | 423         |
|    ep_rew_mean          | 2.45e+03    |
| time/                   |             |
|    fps                  | 986         |
|    iterations           | 106         |
|    time_elapsed         | 10557       |
|    total_timesteps      | 10420224    |
| train/                  |             |
|    approx_kl            | 0.020081764 |
|    clip_fraction        | 0.348       |
|    clip_range           | 0.15        |
|    entropy_loss         | -28.9       |
|    explained_variance   | 0.922       |
|    learning_rate        | 0.0001      |
|    loss                 | -0.28       |
|    n_updates            | 1575        |
|    policy_gradient_loss | -0.0188     |
|    std                  | 1.34        |
|    value_loss           | 0.0311      |
-----------------------------------------
Eval num_timesteps=10499832, episode_reward=3560.25 +/- 90.89
Episode length: 585.80 +/- 18.64
-----------------------------------------
| eval/                   |             |
|    mean_ep_length       | 586         |
|    mean_reward          | 3.56e+03    |
| time/                   |             |
|    total_timesteps      | 10499832    |
| train/                  |             |
|    approx_kl            | 0.020374851 |
|    clip_fraction        | 0.35        |
|    clip_range           | 0.15        |
|    entropy_loss         | -29         |
|    explained_variance   | 0.92        |
|    learning_rate        | 0.0001      |
|    loss                 | -0.288      |
|    n_updates            | 1590        |
|    policy_gradient_loss | -0.0183     |
|    std                  | 1.35        |
|    value_loss           | 0.0318      |
-----------------------------------------
---------------------------------
| rollout/           |          |
|    ep_len_mean     | 406      |
|    ep_rew_mean     | 2.34e+03 |
| time/              |          |
|    fps             | 986      |
|    iterations      | 107      |
|    time_elapsed    | 10662    |
|    total_timesteps | 10518528 |
---------------------------------
----------------------------------------
| rollout/                |            |
|    ep_len_mean          | 410        |
|    ep_rew_mean          | 2.36e+03   |
| time/                   |            |
|    fps                  | 986        |
|    iterations           | 108        |
|    time_elapsed         | 10763      |
|    total_timesteps      | 10616832   |
| train/                  |            |
|    approx_kl            | 0.01964011 |
|    clip_fraction        | 0.345      |
|    clip_range           | 0.15       |
|    entropy_loss         | -29.1      |
|    explained_variance   | 0.914      |
|    learning_rate        | 0.0001     |
|    loss                 | -0.304     |
|    n_updates            | 1605       |
|    policy_gradient_loss | -0.0179    |
|    std                  | 1.35       |
|    value_loss           | 0.0317     |
----------------------------------------
-----------------------------------------
| rollout/                |             |
|    ep_len_mean          | 451         |
|    ep_rew_mean          | 2.64e+03    |
| time/                   |             |
|    fps                  | 986         |
|    iterations           | 109         |
|    time_elapsed         | 10863       |
|    total_timesteps      | 10715136    |
| train/                  |             |
|    approx_kl            | 0.020199979 |
|    clip_fraction        | 0.35        |
|    clip_range           | 0.15        |
|    entropy_loss         | -29.1       |
|    explained_variance   | 0.924       |
|    learning_rate        | 0.0001      |
|    loss                 | -0.296      |
|    n_updates            | 1620        |
|    policy_gradient_loss | -0.0183     |
|    std                  | 1.36        |
|    value_loss           | 0.031       |
-----------------------------------------
-----------------------------------------
| rollout/                |             |
|    ep_len_mean          | 433         |
|    ep_rew_mean          | 2.52e+03    |
| time/                   |             |
|    fps                  | 986         |
|    iterations           | 110         |
|    time_elapsed         | 10964       |
|    total_timesteps      | 10813440    |
| train/                  |             |
|    approx_kl            | 0.020237986 |
|    clip_fraction        | 0.352       |
|    clip_range           | 0.15        |
|    entropy_loss         | -29.2       |
|    explained_variance   | 0.913       |
|    learning_rate        | 0.0001      |
|    loss                 | -0.288      |
|    n_updates            | 1635        |
|    policy_gradient_loss | -0.0181     |
|    std                  | 1.37        |
|    value_loss           | 0.0319      |
-----------------------------------------
-----------------------------------------
| rollout/                |             |
|    ep_len_mean          | 435         |
|    ep_rew_mean          | 2.53e+03    |
| time/                   |             |
|    fps                  | 986         |
|    iterations           | 111         |
|    time_elapsed         | 11063       |
|    total_timesteps      | 10911744    |
| train/                  |             |
|    approx_kl            | 0.020205148 |
|    clip_fraction        | 0.348       |
|    clip_range           | 0.15        |
|    entropy_loss         | -29.3       |
|    explained_variance   | 0.909       |
|    learning_rate        | 0.0001      |
|    loss                 | -0.294      |
|    n_updates            | 1650        |
|    policy_gradient_loss | -0.0177     |
|    std                  | 1.38        |
|    value_loss           | 0.0335      |
-----------------------------------------
Eval num_timesteps=10999824, episode_reward=3505.96 +/- 16.69
Episode length: 572.40 +/- 4.41
----------------------------------------
| eval/                   |            |
|    mean_ep_length       | 572        |
|    mean_reward          | 3.51e+03   |
| time/                   |            |
|    total_timesteps      | 10999824   |
| train/                  |            |
|    approx_kl            | 0.02067515 |
|    clip_fraction        | 0.355      |
|    clip_range           | 0.15       |
|    entropy_loss         | -29.4      |
|    explained_variance   | 0.901      |
|    learning_rate        | 0.0001     |
|    loss                 | -0.3       |
|    n_updates            | 1665       |
|    policy_gradient_loss | -0.0178    |
|    std                  | 1.38       |
|    value_loss           | 0.0345     |
----------------------------------------
---------------------------------
| rollout/           |          |
|    ep_len_mean     | 450      |
|    ep_rew_mean     | 2.62e+03 |
| time/              |          |
|    fps             | 985      |
|    iterations      | 112      |
|    time_elapsed    | 11166    |
|    total_timesteps | 11010048 |
---------------------------------
-----------------------------------------
| rollout/                |             |
|    ep_len_mean          | 456         |
|    ep_rew_mean          | 2.64e+03    |
| time/                   |             |
|    fps                  | 985         |
|    iterations           | 113         |
|    time_elapsed         | 11266       |
|    total_timesteps      | 11108352    |
| train/                  |             |
|    approx_kl            | 0.020269612 |
|    clip_fraction        | 0.352       |
|    clip_range           | 0.15        |
|    entropy_loss         | -29.5       |
|    explained_variance   | 0.905       |
|    learning_rate        | 0.0001      |
|    loss                 | -0.307      |
|    n_updates            | 1680        |
|    policy_gradient_loss | -0.0177     |
|    std                  | 1.39        |
|    value_loss           | 0.034       |
-----------------------------------------
-----------------------------------------
| rollout/                |             |
|    ep_len_mean          | 458         |
|    ep_rew_mean          | 2.67e+03    |
| time/                   |             |
|    fps                  | 986         |
|    iterations           | 114         |
|    time_elapsed         | 11365       |
|    total_timesteps      | 11206656    |
| train/                  |             |
|    approx_kl            | 0.020265473 |
|    clip_fraction        | 0.35        |
|    clip_range           | 0.15        |
|    entropy_loss         | -29.6       |
|    explained_variance   | 0.894       |
|    learning_rate        | 0.0001      |
|    loss                 | -0.268      |
|    n_updates            | 1695        |
|    policy_gradient_loss | -0.0173     |
|    std                  | 1.4         |
|    value_loss           | 0.0348      |
-----------------------------------------
-----------------------------------------
| rollout/                |             |
|    ep_len_mean          | 469         |
|    ep_rew_mean          | 2.73e+03    |
| time/                   |             |
|    fps                  | 985         |
|    iterations           | 115         |
|    time_elapsed         | 11465       |
|    total_timesteps      | 11304960    |
| train/                  |             |
|    approx_kl            | 0.020466384 |
|    clip_fraction        | 0.352       |
|    clip_range           | 0.15        |
|    entropy_loss         | -29.7       |
|    explained_variance   | 0.897       |
|    learning_rate        | 0.0001      |
|    loss                 | -0.291      |
|    n_updates            | 1710        |
|    policy_gradient_loss | -0.0174     |
|    std                  | 1.41        |
|    value_loss           | 0.0334      |
-----------------------------------------
-----------------------------------------
| rollout/                |             |
|    ep_len_mean          | 466         |
|    ep_rew_mean          | 2.73e+03    |
| time/                   |             |
|    fps                  | 985         |
|    iterations           | 116         |
|    time_elapsed         | 11565       |
|    total_timesteps      | 11403264    |
| train/                  |             |
|    approx_kl            | 0.020189352 |
|    clip_fraction        | 0.351       |
|    clip_range           | 0.15        |
|    entropy_loss         | -29.8       |
|    explained_variance   | 0.893       |
|    learning_rate        | 0.0001      |
|    loss                 | -0.276      |
|    n_updates            | 1725        |
|    policy_gradient_loss | -0.0169     |
|    std                  | 1.42        |
|    value_loss           | 0.0332      |
-----------------------------------------
Eval num_timesteps=11499816, episode_reward=3526.74 +/- 79.92
Episode length: 579.20 +/- 17.12
----------------------------------------
| eval/                   |            |
|    mean_ep_length       | 579        |
|    mean_reward          | 3.53e+03   |
| time/                   |            |
|    total_timesteps      | 11499816   |
| train/                  |            |
|    approx_kl            | 0.02066178 |
|    clip_fraction        | 0.354      |
|    clip_range           | 0.15       |
|    entropy_loss         | -29.9      |
|    explained_variance   | 0.89       |
|    learning_rate        | 0.0001     |
|    loss                 | -0.281     |
|    n_updates            | 1740       |
|    policy_gradient_loss | -0.017     |
|    std                  | 1.43       |
|    value_loss           | 0.0342     |
----------------------------------------
---------------------------------
| rollout/           |          |
|    ep_len_mean     | 433      |
|    ep_rew_mean     | 2.53e+03 |
| time/              |          |
|    fps             | 985      |
|    iterations      | 117      |
|    time_elapsed    | 11667    |
|    total_timesteps | 11501568 |
---------------------------------
-----------------------------------------
| rollout/                |             |
|    ep_len_mean          | 434         |
|    ep_rew_mean          | 2.53e+03    |
| time/                   |             |
|    fps                  | 985         |
|    iterations           | 118         |
|    time_elapsed         | 11768       |
|    total_timesteps      | 11599872    |
| train/                  |             |
|    approx_kl            | 0.020393273 |
|    clip_fraction        | 0.352       |
|    clip_range           | 0.15        |
|    entropy_loss         | -30         |
|    explained_variance   | 0.905       |
|    learning_rate        | 0.0001      |
|    loss                 | -0.306      |
|    n_updates            | 1755        |
|    policy_gradient_loss | -0.0172     |
|    std                  | 1.44        |
|    value_loss           | 0.0309      |
-----------------------------------------
----------------------------------------
| rollout/                |            |
|    ep_len_mean          | 462        |
|    ep_rew_mean          | 2.69e+03   |
| time/                   |            |
|    fps                  | 985        |
|    iterations           | 119        |
|    time_elapsed         | 11868      |
|    total_timesteps      | 11698176   |
| train/                  |            |
|    approx_kl            | 0.02065991 |
|    clip_fraction        | 0.355      |
|    clip_range           | 0.15       |
|    entropy_loss         | -30.2      |
|    explained_variance   | 0.899      |
|    learning_rate        | 0.0001     |
|    loss                 | -0.303     |
|    n_updates            | 1770       |
|    policy_gradient_loss | -0.0173    |
|    std                  | 1.45       |
|    value_loss           | 0.0318     |
----------------------------------------
-----------------------------------------
| rollout/                |             |
|    ep_len_mean          | 454         |
|    ep_rew_mean          | 2.65e+03    |
| time/                   |             |
|    fps                  | 985         |
|    iterations           | 120         |
|    time_elapsed         | 11970       |
|    total_timesteps      | 11796480    |
| train/                  |             |
|    approx_kl            | 0.020544976 |
|    clip_fraction        | 0.356       |
|    clip_range           | 0.15        |
|    entropy_loss         | -30.3       |
|    explained_variance   | 0.891       |
|    learning_rate        | 0.0001      |
|    loss                 | -0.295      |
|    n_updates            | 1785        |
|    policy_gradient_loss | -0.0174     |
|    std                  | 1.46        |
|    value_loss           | 0.0327      |
-----------------------------------------
-----------------------------------------
| rollout/                |             |
|    ep_len_mean          | 444         |
|    ep_rew_mean          | 2.62e+03    |
| time/                   |             |
|    fps                  | 985         |
|    iterations           | 121         |
|    time_elapsed         | 12071       |
|    total_timesteps      | 11894784    |
| train/                  |             |
|    approx_kl            | 0.021223256 |
|    clip_fraction        | 0.36        |
|    clip_range           | 0.15        |
|    entropy_loss         | -30.4       |
|    explained_variance   | 0.899       |
|    learning_rate        | 0.0001      |
|    loss                 | -0.314      |
|    n_updates            | 1800        |
|    policy_gradient_loss | -0.0178     |
|    std                  | 1.47        |
|    value_loss           | 0.0313      |
-----------------------------------------
-----------------------------------------
| rollout/                |             |
|    ep_len_mean          | 459         |
|    ep_rew_mean          | 2.7e+03     |
| time/                   |             |
|    fps                  | 985         |
|    iterations           | 122         |
|    time_elapsed         | 12172       |
|    total_timesteps      | 11993088    |
| train/                  |             |
|    approx_kl            | 0.020387841 |
|    clip_fraction        | 0.354       |
|    clip_range           | 0.15        |
|    entropy_loss         | -30.5       |
|    explained_variance   | 0.893       |
|    learning_rate        | 0.0001      |
|    loss                 | -0.313      |
|    n_updates            | 1815        |
|    policy_gradient_loss | -0.0175     |
|    std                  | 1.48        |
|    value_loss           | 0.0331      |
-----------------------------------------
Eval num_timesteps=11999808, episode_reward=3543.49 +/- 91.75
Episode length: 583.80 +/- 19.79
-----------------------------------------
| eval/                   |             |
|    mean_ep_length       | 584         |
|    mean_reward          | 3.54e+03    |
| time/                   |             |
|    total_timesteps      | 11999808    |
| train/                  |             |
|    approx_kl            | 0.021276638 |
|    clip_fraction        | 0.363       |
|    clip_range           | 0.15        |
|    entropy_loss         | -30.6       |
|    explained_variance   | 0.887       |
|    learning_rate        | 0.0001      |
|    loss                 | -0.291      |
|    n_updates            | 1830        |
|    policy_gradient_loss | -0.0172     |
|    std                  | 1.49        |
|    value_loss           | 0.0332      |
-----------------------------------------
---------------------------------
| rollout/           |          |
|    ep_len_mean     | 442      |
|    ep_rew_mean     | 2.61e+03 |
| time/              |          |
|    fps             | 984      |
|    iterations      | 123      |
|    time_elapsed    | 12277    |
|    total_timesteps | 12091392 |
---------------------------------
-----------------------------------------
| rollout/                |             |
|    ep_len_mean          | 460         |
|    ep_rew_mean          | 2.72e+03    |
| time/                   |             |
|    fps                  | 984         |
|    iterations           | 124         |
|    time_elapsed         | 12378       |
|    total_timesteps      | 12189696    |
| train/                  |             |
|    approx_kl            | 0.020608163 |
|    clip_fraction        | 0.358       |
|    clip_range           | 0.15        |
|    entropy_loss         | -30.7       |
|    explained_variance   | 0.889       |
|    learning_rate        | 0.0001      |
|    loss                 | -0.302      |
|    n_updates            | 1845        |
|    policy_gradient_loss | -0.0169     |
|    std                  | 1.5         |
|    value_loss           | 0.0339      |
-----------------------------------------
-----------------------------------------
| rollout/                |             |
|    ep_len_mean          | 460         |
|    ep_rew_mean          | 2.71e+03    |
| time/                   |             |
|    fps                  | 984         |
|    iterations           | 125         |
|    time_elapsed         | 12478       |
|    total_timesteps      | 12288000    |
| train/                  |             |
|    approx_kl            | 0.020709498 |
|    clip_fraction        | 0.357       |
|    clip_range           | 0.15        |
|    entropy_loss         | -30.8       |
|    explained_variance   | 0.894       |
|    learning_rate        | 0.0001      |
|    loss                 | -0.322      |
|    n_updates            | 1860        |
|    policy_gradient_loss | -0.0174     |
|    std                  | 1.5         |
|    value_loss           | 0.0329      |
-----------------------------------------
-----------------------------------------
| rollout/                |             |
|    ep_len_mean          | 434         |
|    ep_rew_mean          | 2.56e+03    |
| time/                   |             |
|    fps                  | 984         |
|    iterations           | 126         |
|    time_elapsed         | 12579       |
|    total_timesteps      | 12386304    |
| train/                  |             |
|    approx_kl            | 0.020996518 |
|    clip_fraction        | 0.358       |
|    clip_range           | 0.15        |
|    entropy_loss         | -30.9       |
|    explained_variance   | 0.885       |
|    learning_rate        | 0.0001      |
|    loss                 | -0.317      |
|    n_updates            | 1875        |
|    policy_gradient_loss | -0.0177     |
|    std                  | 1.52        |
|    value_loss           | 0.0341      |
-----------------------------------------
-----------------------------------------
| rollout/                |             |
|    ep_len_mean          | 456         |
|    ep_rew_mean          | 2.71e+03    |
| time/                   |             |
|    fps                  | 984         |
|    iterations           | 127         |
|    time_elapsed         | 12678       |
|    total_timesteps      | 12484608    |
| train/                  |             |
|    approx_kl            | 0.020828156 |
|    clip_fraction        | 0.355       |
|    clip_range           | 0.15        |
|    entropy_loss         | -31         |
|    explained_variance   | 0.891       |
|    learning_rate        | 0.0001      |
|    loss                 | -0.314      |
|    n_updates            | 1890        |
|    policy_gradient_loss | -0.0174     |
|    std                  | 1.53        |
|    value_loss           | 0.0327      |
-----------------------------------------
Eval num_timesteps=12499800, episode_reward=3595.37 +/- 57.99
Episode length: 594.20 +/- 12.56
-----------------------------------------
| eval/                   |             |
|    mean_ep_length       | 594         |
|    mean_reward          | 3.6e+03     |
| time/                   |             |
|    total_timesteps      | 12499800    |
| train/                  |             |
|    approx_kl            | 0.020529928 |
|    clip_fraction        | 0.35        |
|    clip_range           | 0.15        |
|    entropy_loss         | -31.1       |
|    explained_variance   | 0.893       |
|    learning_rate        | 0.0001      |
|    loss                 | -0.297      |
|    n_updates            | 1905        |
|    policy_gradient_loss | -0.0169     |
|    std                  | 1.53        |
|    value_loss           | 0.0331      |
-----------------------------------------
---------------------------------
| rollout/           |          |
|    ep_len_mean     | 455      |
|    ep_rew_mean     | 2.69e+03 |
| time/              |          |
|    fps             | 984      |
|    iterations      | 128      |
|    time_elapsed    | 12784    |
|    total_timesteps | 12582912 |
---------------------------------
-----------------------------------------
| rollout/                |             |
|    ep_len_mean          | 459         |
|    ep_rew_mean          | 2.71e+03    |
| time/                   |             |
|    fps                  | 984         |
|    iterations           | 129         |
|    time_elapsed         | 12884       |
|    total_timesteps      | 12681216    |
| train/                  |             |
|    approx_kl            | 0.020574078 |
|    clip_fraction        | 0.355       |
|    clip_range           | 0.15        |
|    entropy_loss         | -31.2       |
|    explained_variance   | 0.89        |
|    learning_rate        | 0.0001      |
|    loss                 | -0.313      |
|    n_updates            | 1920        |
|    policy_gradient_loss | -0.0169     |
|    std                  | 1.55        |
|    value_loss           | 0.0326      |
-----------------------------------------
----------------------------------------
| rollout/                |            |
|    ep_len_mean          | 450        |
|    ep_rew_mean          | 2.67e+03   |
| time/                   |            |
|    fps                  | 984        |
|    iterations           | 130        |
|    time_elapsed         | 12985      |
|    total_timesteps      | 12779520   |
| train/                  |            |
|    approx_kl            | 0.02058946 |
|    clip_fraction        | 0.353      |
|    clip_range           | 0.15       |
|    entropy_loss         | -31.3      |
|    explained_variance   | 0.89       |
|    learning_rate        | 0.0001     |
|    loss                 | -0.316     |
|    n_updates            | 1935       |
|    policy_gradient_loss | -0.0173    |
|    std                  | 1.55       |
|    value_loss           | 0.0333     |
----------------------------------------
-----------------------------------------
| rollout/                |             |
|    ep_len_mean          | 429         |
|    ep_rew_mean          | 2.54e+03    |
| time/                   |             |
|    fps                  | 984         |
|    iterations           | 131         |
|    time_elapsed         | 13085       |
|    total_timesteps      | 12877824    |
| train/                  |             |
|    approx_kl            | 0.020631738 |
|    clip_fraction        | 0.353       |
|    clip_range           | 0.15        |
|    entropy_loss         | -31.4       |
|    explained_variance   | 0.892       |
|    learning_rate        | 0.0001      |
|    loss                 | -0.333      |
|    n_updates            | 1950        |
|    policy_gradient_loss | -0.0174     |
|    std                  | 1.56        |
|    value_loss           | 0.0311      |
-----------------------------------------
-----------------------------------------
| rollout/                |             |
|    ep_len_mean          | 440         |
|    ep_rew_mean          | 2.61e+03    |
| time/                   |             |
|    fps                  | 984         |
|    iterations           | 132         |
|    time_elapsed         | 13187       |
|    total_timesteps      | 12976128    |
| train/                  |             |
|    approx_kl            | 0.020560108 |
|    clip_fraction        | 0.358       |
|    clip_range           | 0.15        |
|    entropy_loss         | -31.5       |
|    explained_variance   | 0.882       |
|    learning_rate        | 0.0001      |
|    loss                 | -0.302      |
|    n_updates            | 1965        |
|    policy_gradient_loss | -0.017      |
|    std                  | 1.57        |
|    value_loss           | 0.0335      |
-----------------------------------------
Eval num_timesteps=12999792, episode_reward=3558.80 +/- 44.58
Episode length: 588.40 +/- 10.82
-----------------------------------------
| eval/                   |             |
|    mean_ep_length       | 588         |
|    mean_reward          | 3.56e+03    |
| time/                   |             |
|    total_timesteps      | 12999792    |
| train/                  |             |
|    approx_kl            | 0.020318493 |
|    clip_fraction        | 0.354       |
|    clip_range           | 0.15        |
|    entropy_loss         | -31.6       |
|    explained_variance   | 0.895       |
|    learning_rate        | 0.0001      |
|    loss                 | -0.284      |
|    n_updates            | 1980        |
|    policy_gradient_loss | -0.0171     |
|    std                  | 1.58        |
|    value_loss           | 0.0309      |
-----------------------------------------
---------------------------------
| rollout/           |          |
|    ep_len_mean     | 464      |
|    ep_rew_mean     | 2.74e+03 |
| time/              |          |
|    fps             | 983      |
|    iterations      | 133      |
|    time_elapsed    | 13291    |
|    total_timesteps | 13074432 |
---------------------------------
-----------------------------------------
| rollout/                |             |
|    ep_len_mean          | 415         |
|    ep_rew_mean          | 2.46e+03    |
| time/                   |             |
|    fps                  | 983         |
|    iterations           | 134         |
|    time_elapsed         | 13390       |
|    total_timesteps      | 13172736    |
| train/                  |             |
|    approx_kl            | 0.020196268 |
|    clip_fraction        | 0.35        |
|    clip_range           | 0.15        |
|    entropy_loss         | -31.8       |
|    explained_variance   | 0.896       |
|    learning_rate        | 0.0001      |
|    loss                 | -0.298      |
|    n_updates            | 1995        |
|    policy_gradient_loss | -0.0175     |
|    std                  | 1.59        |
|    value_loss           | 0.0302      |
-----------------------------------------
-----------------------------------------
| rollout/                |             |
|    ep_len_mean          | 446         |
|    ep_rew_mean          | 2.62e+03    |
| time/                   |             |
|    fps                  | 983         |
|    iterations           | 135         |
|    time_elapsed         | 13489       |
|    total_timesteps      | 13271040    |
| train/                  |             |
|    approx_kl            | 0.021300063 |
|    clip_fraction        | 0.356       |
|    clip_range           | 0.15        |
|    entropy_loss         | -31.9       |
|    explained_variance   | 0.887       |
|    learning_rate        | 0.0001      |
|    loss                 | -0.308      |
|    n_updates            | 2010        |
|    policy_gradient_loss | -0.0173     |
|    std                  | 1.6         |
|    value_loss           | 0.0336      |
-----------------------------------------
-----------------------------------------
| rollout/                |             |
|    ep_len_mean          | 439         |
|    ep_rew_mean          | 2.6e+03     |
| time/                   |             |
|    fps                  | 983         |
|    iterations           | 136         |
|    time_elapsed         | 13591       |
|    total_timesteps      | 13369344    |
| train/                  |             |
|    approx_kl            | 0.020476928 |
|    clip_fraction        | 0.358       |
|    clip_range           | 0.15        |
|    entropy_loss         | -32         |
|    explained_variance   | 0.882       |
|    learning_rate        | 0.0001      |
|    loss                 | -0.299      |
|    n_updates            | 2025        |
|    policy_gradient_loss | -0.0168     |
|    std                  | 1.62        |
|    value_loss           | 0.0337      |
-----------------------------------------
-----------------------------------------
| rollout/                |             |
|    ep_len_mean          | 455         |
|    ep_rew_mean          | 2.69e+03    |
| time/                   |             |
|    fps                  | 983         |
|    iterations           | 137         |
|    time_elapsed         | 13692       |
|    total_timesteps      | 13467648    |
| train/                  |             |
|    approx_kl            | 0.020990675 |
|    clip_fraction        | 0.357       |
|    clip_range           | 0.15        |
|    entropy_loss         | -32.1       |
|    explained_variance   | 0.888       |
|    learning_rate        | 0.0001      |
|    loss                 | -0.32       |
|    n_updates            | 2040        |
|    policy_gradient_loss | -0.0178     |
|    std                  | 1.63        |
|    value_loss           | 0.0317      |
-----------------------------------------
Eval num_timesteps=13499784, episode_reward=3536.35 +/- 32.11
Episode length: 581.60 +/- 6.62
----------------------------------------
| eval/                   |            |
|    mean_ep_length       | 582        |
|    mean_reward          | 3.54e+03   |
| time/                   |            |
|    total_timesteps      | 13499784   |
| train/                  |            |
|    approx_kl            | 0.02020406 |
|    clip_fraction        | 0.354      |
|    clip_range           | 0.15       |
|    entropy_loss         | -32.2      |
|    explained_variance   | 0.883      |
|    learning_rate        | 0.0001     |
|    loss                 | -0.301     |
|    n_updates            | 2055       |
|    policy_gradient_loss | -0.0171    |
|    std                  | 1.64       |
|    value_loss           | 0.0325     |
----------------------------------------
---------------------------------
| rollout/           |          |
|    ep_len_mean     | 462      |
|    ep_rew_mean     | 2.73e+03 |
| time/              |          |
|    fps             | 983      |
|    iterations      | 138      |
|    time_elapsed    | 13795    |
|    total_timesteps | 13565952 |
---------------------------------
-----------------------------------------
| rollout/                |             |
|    ep_len_mean          | 439         |
|    ep_rew_mean          | 2.6e+03     |
| time/                   |             |
|    fps                  | 983         |
|    iterations           | 139         |
|    time_elapsed         | 13895       |
|    total_timesteps      | 13664256    |
| train/                  |             |
|    approx_kl            | 0.020897625 |
|    clip_fraction        | 0.355       |
|    clip_range           | 0.15        |
|    entropy_loss         | -32.3       |
|    explained_variance   | 0.886       |
|    learning_rate        | 0.0001      |
|    loss                 | -0.325      |
|    n_updates            | 2070        |
|    policy_gradient_loss | -0.0169     |
|    std                  | 1.65        |
|    value_loss           | 0.032       |
-----------------------------------------
-----------------------------------------
| rollout/                |             |
|    ep_len_mean          | 422         |
|    ep_rew_mean          | 2.5e+03     |
| time/                   |             |
|    fps                  | 983         |
|    iterations           | 140         |
|    time_elapsed         | 13995       |
|    total_timesteps      | 13762560    |
| train/                  |             |
|    approx_kl            | 0.020335283 |
|    clip_fraction        | 0.356       |
|    clip_range           | 0.15        |
|    entropy_loss         | -32.4       |
|    explained_variance   | 0.888       |
|    learning_rate        | 0.0001      |
|    loss                 | -0.323      |
|    n_updates            | 2085        |
|    policy_gradient_loss | -0.0174     |
|    std                  | 1.66        |
|    value_loss           | 0.0314      |
-----------------------------------------
-----------------------------------------
| rollout/                |             |
|    ep_len_mean          | 492         |
|    ep_rew_mean          | 2.91e+03    |
| time/                   |             |
|    fps                  | 983         |
|    iterations           | 141         |
|    time_elapsed         | 14096       |
|    total_timesteps      | 13860864    |
| train/                  |             |
|    approx_kl            | 0.020172328 |
|    clip_fraction        | 0.349       |
|    clip_range           | 0.15        |
|    entropy_loss         | -32.5       |
|    explained_variance   | 0.889       |
|    learning_rate        | 0.0001      |
|    loss                 | -0.303      |
|    n_updates            | 2100        |
|    policy_gradient_loss | -0.0172     |
|    std                  | 1.67        |
|    value_loss           | 0.0309      |
-----------------------------------------
-----------------------------------------
| rollout/                |             |
|    ep_len_mean          | 453         |
|    ep_rew_mean          | 2.67e+03    |
| time/                   |             |
|    fps                  | 983         |
|    iterations           | 142         |
|    time_elapsed         | 14196       |
|    total_timesteps      | 13959168    |
| train/                  |             |
|    approx_kl            | 0.020573264 |
|    clip_fraction        | 0.356       |
|    clip_range           | 0.15        |
|    entropy_loss         | -32.7       |
|    explained_variance   | 0.88        |
|    learning_rate        | 0.0001      |
|    loss                 | -0.324      |
|    n_updates            | 2115        |
|    policy_gradient_loss | -0.017      |
|    std                  | 1.68        |
|    value_loss           | 0.0328      |
-----------------------------------------
Eval num_timesteps=13999776, episode_reward=3545.43 +/- 40.85
Episode length: 585.40 +/- 7.55
----------------------------------------
| eval/                   |            |
|    mean_ep_length       | 585        |
|    mean_reward          | 3.55e+03   |
| time/                   |            |
|    total_timesteps      | 13999776   |
| train/                  |            |
|    approx_kl            | 0.02047298 |
|    clip_fraction        | 0.353      |
|    clip_range           | 0.15       |
|    entropy_loss         | -32.8      |
|    explained_variance   | 0.879      |
|    learning_rate        | 0.0001     |
|    loss                 | -0.299     |
|    n_updates            | 2130       |
|    policy_gradient_loss | -0.0176    |
|    std                  | 1.69       |
|    value_loss           | 0.0324     |
----------------------------------------
---------------------------------
| rollout/           |          |
|    ep_len_mean     | 441      |
|    ep_rew_mean     | 2.6e+03  |
| time/              |          |
|    fps             | 982      |
|    iterations      | 143      |
|    time_elapsed    | 14300    |
|    total_timesteps | 14057472 |
---------------------------------
-----------------------------------------
| rollout/                |             |
|    ep_len_mean          | 463         |
|    ep_rew_mean          | 2.73e+03    |
| time/                   |             |
|    fps                  | 982         |
|    iterations           | 144         |
|    time_elapsed         | 14402       |
|    total_timesteps      | 14155776    |
| train/                  |             |
|    approx_kl            | 0.020802535 |
|    clip_fraction        | 0.357       |
|    clip_range           | 0.15        |
|    entropy_loss         | -32.9       |
|    explained_variance   | 0.882       |
|    learning_rate        | 0.0001      |
|    loss                 | -0.299      |
|    n_updates            | 2145        |
|    policy_gradient_loss | -0.0168     |
|    std                  | 1.71        |
|    value_loss           | 0.0321      |
-----------------------------------------
-----------------------------------------
| rollout/                |             |
|    ep_len_mean          | 433         |
|    ep_rew_mean          | 2.56e+03    |
| time/                   |             |
|    fps                  | 982         |
|    iterations           | 145         |
|    time_elapsed         | 14501       |
|    total_timesteps      | 14254080    |
| train/                  |             |
|    approx_kl            | 0.020658607 |
|    clip_fraction        | 0.355       |
|    clip_range           | 0.15        |
|    entropy_loss         | -33         |
|    explained_variance   | 0.872       |
|    learning_rate        | 0.0001      |
|    loss                 | -0.343      |
|    n_updates            | 2160        |
|    policy_gradient_loss | -0.017      |
|    std                  | 1.72        |
|    value_loss           | 0.0318      |
-----------------------------------------
-----------------------------------------
| rollout/                |             |
|    ep_len_mean          | 462         |
|    ep_rew_mean          | 2.73e+03    |
| time/                   |             |
|    fps                  | 982         |
|    iterations           | 146         |
|    time_elapsed         | 14600       |
|    total_timesteps      | 14352384    |
| train/                  |             |
|    approx_kl            | 0.020381132 |
|    clip_fraction        | 0.35        |
|    clip_range           | 0.15        |
|    entropy_loss         | -33.1       |
|    explained_variance   | 0.887       |
|    learning_rate        | 0.0001      |
|    loss                 | -0.314      |
|    n_updates            | 2175        |
|    policy_gradient_loss | -0.0175     |
|    std                  | 1.73        |
|    value_loss           | 0.0306      |
-----------------------------------------
-----------------------------------------
| rollout/                |             |
|    ep_len_mean          | 480         |
|    ep_rew_mean          | 2.83e+03    |
| time/                   |             |
|    fps                  | 983         |
|    iterations           | 147         |
|    time_elapsed         | 14700       |
|    total_timesteps      | 14450688    |
| train/                  |             |
|    approx_kl            | 0.020799946 |
|    clip_fraction        | 0.353       |
|    clip_range           | 0.15        |
|    entropy_loss         | -33.2       |
|    explained_variance   | 0.872       |
|    learning_rate        | 0.0001      |
|    loss                 | -0.322      |
|    n_updates            | 2190        |
|    policy_gradient_loss | -0.0169     |
|    std                  | 1.74        |
|    value_loss           | 0.0331      |
-----------------------------------------
Eval num_timesteps=14499768, episode_reward=3487.42 +/- 22.79
Episode length: 572.20 +/- 3.49
-----------------------------------------
| eval/                   |             |
|    mean_ep_length       | 572         |
|    mean_reward          | 3.49e+03    |
| time/                   |             |
|    total_timesteps      | 14499768    |
| train/                  |             |
|    approx_kl            | 0.020356188 |
|    clip_fraction        | 0.349       |
|    clip_range           | 0.15        |
|    entropy_loss         | -33.3       |
|    explained_variance   | 0.877       |
|    learning_rate        | 0.0001      |
|    loss                 | -0.306      |
|    n_updates            | 2205        |
|    policy_gradient_loss | -0.0167     |
|    std                  | 1.75        |
|    value_loss           | 0.0327      |
-----------------------------------------
---------------------------------
| rollout/           |          |
|    ep_len_mean     | 467      |
|    ep_rew_mean     | 2.76e+03 |
| time/              |          |
|    fps             | 982      |
|    iterations      | 148      |
|    time_elapsed    | 14804    |
|    total_timesteps | 14548992 |
---------------------------------
-----------------------------------------
| rollout/                |             |
|    ep_len_mean          | 481         |
|    ep_rew_mean          | 2.83e+03    |
| time/                   |             |
|    fps                  | 982         |
|    iterations           | 149         |
|    time_elapsed         | 14904       |
|    total_timesteps      | 14647296    |
| train/                  |             |
|    approx_kl            | 0.020040914 |
|    clip_fraction        | 0.345       |
|    clip_range           | 0.15        |
|    entropy_loss         | -33.4       |
|    explained_variance   | 0.873       |
|    learning_rate        | 0.0001      |
|    loss                 | -0.329      |
|    n_updates            | 2220        |
|    policy_gradient_loss | -0.0173     |
|    std                  | 1.77        |
|    value_loss           | 0.0317      |
-----------------------------------------
-----------------------------------------
| rollout/                |             |
|    ep_len_mean          | 477         |
|    ep_rew_mean          | 2.81e+03    |
| time/                   |             |
|    fps                  | 982         |
|    iterations           | 150         |
|    time_elapsed         | 15002       |
|    total_timesteps      | 14745600    |
| train/                  |             |
|    approx_kl            | 0.020423502 |
|    clip_fraction        | 0.351       |
|    clip_range           | 0.15        |
|    entropy_loss         | -33.6       |
|    explained_variance   | 0.877       |
|    learning_rate        | 0.0001      |
|    loss                 | -0.341      |
|    n_updates            | 2235        |
|    policy_gradient_loss | -0.0173     |
|    std                  | 1.78        |
|    value_loss           | 0.0314      |
-----------------------------------------
-----------------------------------------
| rollout/                |             |
|    ep_len_mean          | 422         |
|    ep_rew_mean          | 2.48e+03    |
| time/                   |             |
|    fps                  | 982         |
|    iterations           | 151         |
|    time_elapsed         | 15104       |
|    total_timesteps      | 14843904    |
| train/                  |             |
|    approx_kl            | 0.019969674 |
|    clip_fraction        | 0.35        |
|    clip_range           | 0.15        |
|    entropy_loss         | -33.7       |
|    explained_variance   | 0.874       |
|    learning_rate        | 0.0001      |
|    loss                 | -0.308      |
|    n_updates            | 2250        |
|    policy_gradient_loss | -0.0166     |
|    std                  | 1.79        |
|    value_loss           | 0.0313      |
-----------------------------------------
----------------------------------------
| rollout/                |            |
|    ep_len_mean          | 465        |
|    ep_rew_mean          | 2.73e+03   |
| time/                   |            |
|    fps                  | 982        |
|    iterations           | 152        |
|    time_elapsed         | 15204      |
|    total_timesteps      | 14942208   |
| train/                  |            |
|    approx_kl            | 0.01985666 |
|    clip_fraction        | 0.347      |
|    clip_range           | 0.15       |
|    entropy_loss         | -33.8      |
|    explained_variance   | 0.888      |
|    learning_rate        | 0.0001     |
|    loss                 | -0.345     |
|    n_updates            | 2265       |
|    policy_gradient_loss | -0.0177    |
|    std                  | 1.8        |
|    value_loss           | 0.0299     |
----------------------------------------
Eval num_timesteps=14999760, episode_reward=3525.72 +/- 78.42
Episode length: 581.60 +/- 14.39
-----------------------------------------
| eval/                   |             |
|    mean_ep_length       | 582         |
|    mean_reward          | 3.53e+03    |
| time/                   |             |
|    total_timesteps      | 14999760    |
| train/                  |             |
|    approx_kl            | 0.020568905 |
|    clip_fraction        | 0.349       |
|    clip_range           | 0.15        |
|    entropy_loss         | -33.9       |
|    explained_variance   | 0.872       |
|    learning_rate        | 0.0001      |
|    loss                 | -0.33       |
|    n_updates            | 2280        |
|    policy_gradient_loss | -0.0172     |
|    std                  | 1.82        |
|    value_loss           | 0.0316      |
-----------------------------------------
---------------------------------
| rollout/           |          |
|    ep_len_mean     | 484      |
|    ep_rew_mean     | 2.83e+03 |
| time/              |          |
|    fps             | 982      |
|    iterations      | 153      |
|    time_elapsed    | 15309    |
|    total_timesteps | 15040512 |
---------------------------------
-----------------------------------------
| rollout/                |             |
|    ep_len_mean          | 457         |
|    ep_rew_mean          | 2.7e+03     |
| time/                   |             |
|    fps                  | 982         |
|    iterations           | 154         |
|    time_elapsed         | 15409       |
|    total_timesteps      | 15138816    |
| train/                  |             |
|    approx_kl            | 0.019913942 |
|    clip_fraction        | 0.351       |
|    clip_range           | 0.15        |
|    entropy_loss         | -34         |
|    explained_variance   | 0.871       |
|    learning_rate        | 0.0001      |
|    loss                 | -0.316      |
|    n_updates            | 2295        |
|    policy_gradient_loss | -0.0166     |
|    std                  | 1.83        |
|    value_loss           | 0.0318      |
-----------------------------------------
---------------------------------------
| rollout/                |           |
|    ep_len_mean          | 470       |
|    ep_rew_mean          | 2.77e+03  |
| time/                   |           |
|    fps                  | 982       |
|    iterations           | 155       |
|    time_elapsed         | 15510     |
|    total_timesteps      | 15237120  |
| train/                  |           |
|    approx_kl            | 0.0201145 |
|    clip_fraction        | 0.35      |
|    clip_range           | 0.15      |
|    entropy_loss         | -34.2     |
|    explained_variance   | 0.878     |
|    learning_rate        | 0.0001    |
|    loss                 | -0.32     |
|    n_updates            | 2310      |
|    policy_gradient_loss | -0.0171   |
|    std                  | 1.84      |
|    value_loss           | 0.0322    |
---------------------------------------
-----------------------------------------
| rollout/                |             |
|    ep_len_mean          | 470         |
|    ep_rew_mean          | 2.77e+03    |
| time/                   |             |
|    fps                  | 982         |
|    iterations           | 156         |
|    time_elapsed         | 15610       |
|    total_timesteps      | 15335424    |
| train/                  |             |
|    approx_kl            | 0.020400561 |
|    clip_fraction        | 0.354       |
|    clip_range           | 0.15        |
|    entropy_loss         | -34.3       |
|    explained_variance   | 0.883       |
|    learning_rate        | 0.0001      |
|    loss                 | -0.351      |
|    n_updates            | 2325        |
|    policy_gradient_loss | -0.017      |
|    std                  | 1.86        |
|    value_loss           | 0.0304      |
-----------------------------------------
-----------------------------------------
| rollout/                |             |
|    ep_len_mean          | 494         |
|    ep_rew_mean          | 2.9e+03     |
| time/                   |             |
|    fps                  | 982         |
|    iterations           | 157         |
|    time_elapsed         | 15709       |
|    total_timesteps      | 15433728    |
| train/                  |             |
|    approx_kl            | 0.020022096 |
|    clip_fraction        | 0.35        |
|    clip_range           | 0.15        |
|    entropy_loss         | -34.4       |
|    explained_variance   | 0.872       |
|    learning_rate        | 0.0001      |
|    loss                 | -0.342      |
|    n_updates            | 2340        |
|    policy_gradient_loss | -0.0167     |
|    std                  | 1.87        |
|    value_loss           | 0.0316      |
-----------------------------------------
Eval num_timesteps=15499752, episode_reward=3476.21 +/- 48.70
Episode length: 570.00 +/- 9.84
-----------------------------------------
| eval/                   |             |
|    mean_ep_length       | 570         |
|    mean_reward          | 3.48e+03    |
| time/                   |             |
|    total_timesteps      | 15499752    |
| train/                  |             |
|    approx_kl            | 0.020098647 |
|    clip_fraction        | 0.351       |
|    clip_range           | 0.15        |
|    entropy_loss         | -34.5       |
|    explained_variance   | 0.868       |
|    learning_rate        | 0.0001      |
|    loss                 | -0.323      |
|    n_updates            | 2355        |
|    policy_gradient_loss | -0.0169     |
|    std                  | 1.88        |
|    value_loss           | 0.0317      |
-----------------------------------------
---------------------------------
| rollout/           |          |
|    ep_len_mean     | 478      |
|    ep_rew_mean     | 2.81e+03 |
| time/              |          |
|    fps             | 982      |
|    iterations      | 158      |
|    time_elapsed    | 15812    |
|    total_timesteps | 15532032 |
---------------------------------
-----------------------------------------
| rollout/                |             |
|    ep_len_mean          | 464         |
|    ep_rew_mean          | 2.73e+03    |
| time/                   |             |
|    fps                  | 982         |
|    iterations           | 159         |
|    time_elapsed         | 15912       |
|    total_timesteps      | 15630336    |
| train/                  |             |
|    approx_kl            | 0.020252177 |
|    clip_fraction        | 0.347       |
|    clip_range           | 0.15        |
|    entropy_loss         | -34.6       |
|    explained_variance   | 0.876       |
|    learning_rate        | 0.0001      |
|    loss                 | -0.334      |
|    n_updates            | 2370        |
|    policy_gradient_loss | -0.0172     |
|    std                  | 1.89        |
|    value_loss           | 0.0311      |
-----------------------------------------
-----------------------------------------
| rollout/                |             |
|    ep_len_mean          | 468         |
|    ep_rew_mean          | 2.75e+03    |
| time/                   |             |
|    fps                  | 982         |
|    iterations           | 160         |
|    time_elapsed         | 16013       |
|    total_timesteps      | 15728640    |
| train/                  |             |
|    approx_kl            | 0.019917078 |
|    clip_fraction        | 0.351       |
|    clip_range           | 0.15        |
|    entropy_loss         | -34.7       |
|    explained_variance   | 0.866       |
|    learning_rate        | 0.0001      |
|    loss                 | -0.347      |
|    n_updates            | 2385        |
|    policy_gradient_loss | -0.0167     |
|    std                  | 1.91        |
|    value_loss           | 0.0332      |
-----------------------------------------
-----------------------------------------
| rollout/                |             |
|    ep_len_mean          | 473         |
|    ep_rew_mean          | 2.78e+03    |
| time/                   |             |
|    fps                  | 982         |
|    iterations           | 161         |
|    time_elapsed         | 16115       |
|    total_timesteps      | 15826944    |
| train/                  |             |
|    approx_kl            | 0.020244507 |
|    clip_fraction        | 0.349       |
|    clip_range           | 0.15        |
|    entropy_loss         | -34.9       |
|    explained_variance   | 0.874       |
|    learning_rate        | 0.0001      |
|    loss                 | -0.351      |
|    n_updates            | 2400        |
|    policy_gradient_loss | -0.0173     |
|    std                  | 1.92        |
|    value_loss           | 0.0313      |
-----------------------------------------
---------------------------------------
| rollout/                |           |
|    ep_len_mean          | 461       |
|    ep_rew_mean          | 2.72e+03  |
| time/                   |           |
|    fps                  | 982       |
|    iterations           | 162       |
|    time_elapsed         | 16216     |
|    total_timesteps      | 15925248  |
| train/                  |           |
|    approx_kl            | 0.0200791 |
|    clip_fraction        | 0.352     |
|    clip_range           | 0.15      |
|    entropy_loss         | -35       |
|    explained_variance   | 0.873     |
|    learning_rate        | 0.0001    |
|    loss                 | -0.345    |
|    n_updates            | 2415      |
|    policy_gradient_loss | -0.0167   |
|    std                  | 1.94      |
|    value_loss           | 0.031     |
---------------------------------------
Eval num_timesteps=15999744, episode_reward=3476.87 +/- 59.02
Episode length: 571.60 +/- 11.69
-----------------------------------------
| eval/                   |             |
|    mean_ep_length       | 572         |
|    mean_reward          | 3.48e+03    |
| time/                   |             |
|    total_timesteps      | 15999744    |
| train/                  |             |
|    approx_kl            | 0.019619716 |
|    clip_fraction        | 0.341       |
|    clip_range           | 0.15        |
|    entropy_loss         | -35.1       |
|    explained_variance   | 0.871       |
|    learning_rate        | 0.0001      |
|    loss                 | -0.364      |
|    n_updates            | 2430        |
|    policy_gradient_loss | -0.0168     |
|    std                  | 1.95        |
|    value_loss           | 0.0324      |
-----------------------------------------
---------------------------------
| rollout/           |          |
|    ep_len_mean     | 458      |
|    ep_rew_mean     | 2.72e+03 |
| time/              |          |
|    fps             | 981      |
|    iterations      | 163      |
|    time_elapsed    | 16321    |
|    total_timesteps | 16023552 |
---------------------------------
-----------------------------------------
| rollout/                |             |
|    ep_len_mean          | 476         |
|    ep_rew_mean          | 2.8e+03     |
| time/                   |             |
|    fps                  | 981         |
|    iterations           | 164         |
|    time_elapsed         | 16420       |
|    total_timesteps      | 16121856    |
| train/                  |             |
|    approx_kl            | 0.019288518 |
|    clip_fraction        | 0.342       |
|    clip_range           | 0.15        |
|    entropy_loss         | -35.2       |
|    explained_variance   | 0.863       |
|    learning_rate        | 0.0001      |
|    loss                 | -0.356      |
|    n_updates            | 2445        |
|    policy_gradient_loss | -0.0169     |
|    std                  | 1.96        |
|    value_loss           | 0.0329      |
-----------------------------------------
-----------------------------------------
| rollout/                |             |
|    ep_len_mean          | 465         |
|    ep_rew_mean          | 2.74e+03    |
| time/                   |             |
|    fps                  | 981         |
|    iterations           | 165         |
|    time_elapsed         | 16520       |
|    total_timesteps      | 16220160    |
| train/                  |             |
|    approx_kl            | 0.019811446 |
|    clip_fraction        | 0.345       |
|    clip_range           | 0.15        |
|    entropy_loss         | -35.3       |
|    explained_variance   | 0.873       |
|    learning_rate        | 0.0001      |
|    loss                 | -0.343      |
|    n_updates            | 2460        |
|    policy_gradient_loss | -0.0173     |
|    std                  | 1.98        |
|    value_loss           | 0.0303      |
-----------------------------------------
-----------------------------------------
| rollout/                |             |
|    ep_len_mean          | 479         |
|    ep_rew_mean          | 2.82e+03    |
| time/                   |             |
|    fps                  | 981         |
|    iterations           | 166         |
|    time_elapsed         | 16620       |
|    total_timesteps      | 16318464    |
| train/                  |             |
|    approx_kl            | 0.019880747 |
|    clip_fraction        | 0.346       |
|    clip_range           | 0.15        |
|    entropy_loss         | -35.5       |
|    explained_variance   | 0.874       |
|    learning_rate        | 0.0001      |
|    loss                 | -0.367      |
|    n_updates            | 2475        |
|    policy_gradient_loss | -0.0171     |
|    std                  | 1.99        |
|    value_loss           | 0.0319      |
-----------------------------------------
-----------------------------------------
| rollout/                |             |
|    ep_len_mean          | 490         |
|    ep_rew_mean          | 2.88e+03    |
| time/                   |             |
|    fps                  | 981         |
|    iterations           | 167         |
|    time_elapsed         | 16720       |
|    total_timesteps      | 16416768    |
| train/                  |             |
|    approx_kl            | 0.020409279 |
|    clip_fraction        | 0.35        |
|    clip_range           | 0.15        |
|    entropy_loss         | -35.6       |
|    explained_variance   | 0.866       |
|    learning_rate        | 0.0001      |
|    loss                 | -0.352      |
|    n_updates            | 2490        |
|    policy_gradient_loss | -0.0169     |
|    std                  | 2.01        |
|    value_loss           | 0.0315      |
-----------------------------------------
Eval num_timesteps=16499736, episode_reward=3513.21 +/- 71.76
Episode length: 577.80 +/- 14.51
-----------------------------------------
| eval/                   |             |
|    mean_ep_length       | 578         |
|    mean_reward          | 3.51e+03    |
| time/                   |             |
|    total_timesteps      | 16499736    |
| train/                  |             |
|    approx_kl            | 0.019967988 |
|    clip_fraction        | 0.346       |
|    clip_range           | 0.15        |
|    entropy_loss         | -35.7       |
|    explained_variance   | 0.865       |
|    learning_rate        | 0.0001      |
|    loss                 | -0.35       |
|    n_updates            | 2505        |
|    policy_gradient_loss | -0.0165     |
|    std                  | 2.02        |
|    value_loss           | 0.031       |
-----------------------------------------
---------------------------------
| rollout/           |          |
|    ep_len_mean     | 495      |
|    ep_rew_mean     | 2.91e+03 |
| time/              |          |
|    fps             | 981      |
|    iterations      | 168      |
|    time_elapsed    | 16824    |
|    total_timesteps | 16515072 |
---------------------------------
-----------------------------------------
| rollout/                |             |
|    ep_len_mean          | 461         |
|    ep_rew_mean          | 2.73e+03    |
| time/                   |             |
|    fps                  | 981         |
|    iterations           | 169         |
|    time_elapsed         | 16922       |
|    total_timesteps      | 16613376    |
| train/                  |             |
|    approx_kl            | 0.020043155 |
|    clip_fraction        | 0.345       |
|    clip_range           | 0.15        |
|    entropy_loss         | -35.8       |
|    explained_variance   | 0.869       |
|    learning_rate        | 0.0001      |
|    loss                 | -0.365      |
|    n_updates            | 2520        |
|    policy_gradient_loss | -0.0172     |
|    std                  | 2.04        |
|    value_loss           | 0.0304      |
-----------------------------------------
-----------------------------------------
| rollout/                |             |
|    ep_len_mean          | 473         |
|    ep_rew_mean          | 2.79e+03    |
| time/                   |             |
|    fps                  | 981         |
|    iterations           | 170         |
|    time_elapsed         | 17021       |
|    total_timesteps      | 16711680    |
| train/                  |             |
|    approx_kl            | 0.020120116 |
|    clip_fraction        | 0.351       |
|    clip_range           | 0.15        |
|    entropy_loss         | -35.9       |
|    explained_variance   | 0.874       |
|    learning_rate        | 0.0001      |
|    loss                 | -0.354      |
|    n_updates            | 2535        |
|    policy_gradient_loss | -0.0174     |
|    std                  | 2.05        |
|    value_loss           | 0.03        |
-----------------------------------------
-----------------------------------------
| rollout/                |             |
|    ep_len_mean          | 466         |
|    ep_rew_mean          | 2.74e+03    |
| time/                   |             |
|    fps                  | 981         |
|    iterations           | 171         |
|    time_elapsed         | 17120       |
|    total_timesteps      | 16809984    |
| train/                  |             |
|    approx_kl            | 0.020283995 |
|    clip_fraction        | 0.349       |
|    clip_range           | 0.15        |
|    entropy_loss         | -36         |
|    explained_variance   | 0.864       |
|    learning_rate        | 0.0001      |
|    loss                 | -0.341      |
|    n_updates            | 2550        |
|    policy_gradient_loss | -0.0164     |
|    std                  | 2.06        |
|    value_loss           | 0.0323      |
-----------------------------------------
-----------------------------------------
| rollout/                |             |
|    ep_len_mean          | 468         |
|    ep_rew_mean          | 2.74e+03    |
| time/                   |             |
|    fps                  | 981         |
|    iterations           | 172         |
|    time_elapsed         | 17220       |
|    total_timesteps      | 16908288    |
| train/                  |             |
|    approx_kl            | 0.019180661 |
|    clip_fraction        | 0.34        |
|    clip_range           | 0.15        |
|    entropy_loss         | -36.2       |
|    explained_variance   | 0.875       |
|    learning_rate        | 0.0001      |
|    loss                 | -0.365      |
|    n_updates            | 2565        |
|    policy_gradient_loss | -0.0172     |
|    std                  | 2.08        |
|    value_loss           | 0.0301      |
-----------------------------------------
Eval num_timesteps=16999728, episode_reward=3479.56 +/- 101.84
Episode length: 573.20 +/- 20.97
-----------------------------------------
| eval/                   |             |
|    mean_ep_length       | 573         |
|    mean_reward          | 3.48e+03    |
| time/                   |             |
|    total_timesteps      | 16999728    |
| train/                  |             |
|    approx_kl            | 0.019719549 |
|    clip_fraction        | 0.343       |
|    clip_range           | 0.15        |
|    entropy_loss         | -36.3       |
|    explained_variance   | 0.88        |
|    learning_rate        | 0.0001      |
|    loss                 | -0.356      |
|    n_updates            | 2580        |
|    policy_gradient_loss | -0.0171     |
|    std                  | 2.1         |
|    value_loss           | 0.0301      |
-----------------------------------------
---------------------------------
| rollout/           |          |
|    ep_len_mean     | 491      |
|    ep_rew_mean     | 2.89e+03 |
| time/              |          |
|    fps             | 981      |
|    iterations      | 173      |
|    time_elapsed    | 17325    |
|    total_timesteps | 17006592 |
---------------------------------
-----------------------------------------
| rollout/                |             |
|    ep_len_mean          | 483         |
|    ep_rew_mean          | 2.85e+03    |
| time/                   |             |
|    fps                  | 981         |
|    iterations           | 174         |
|    time_elapsed         | 17423       |
|    total_timesteps      | 17104896    |
| train/                  |             |
|    approx_kl            | 0.020285709 |
|    clip_fraction        | 0.346       |
|    clip_range           | 0.15        |
|    entropy_loss         | -36.4       |
|    explained_variance   | 0.866       |
|    learning_rate        | 0.0001      |
|    loss                 | -0.344      |
|    n_updates            | 2595        |
|    policy_gradient_loss | -0.017      |
|    std                  | 2.11        |
|    value_loss           | 0.0302      |
-----------------------------------------
-----------------------------------------
| rollout/                |             |
|    ep_len_mean          | 495         |
|    ep_rew_mean          | 2.91e+03    |
| time/                   |             |
|    fps                  | 981         |
|    iterations           | 175         |
|    time_elapsed         | 17523       |
|    total_timesteps      | 17203200    |
| train/                  |             |
|    approx_kl            | 0.019739805 |
|    clip_fraction        | 0.343       |
|    clip_range           | 0.15        |
|    entropy_loss         | -36.6       |
|    explained_variance   | 0.865       |
|    learning_rate        | 0.0001      |
|    loss                 | -0.357      |
|    n_updates            | 2610        |
|    policy_gradient_loss | -0.0169     |
|    std                  | 2.13        |
|    value_loss           | 0.0316      |
-----------------------------------------
-----------------------------------------
| rollout/                |             |
|    ep_len_mean          | 488         |
|    ep_rew_mean          | 2.87e+03    |
| time/                   |             |
|    fps                  | 981         |
|    iterations           | 176         |
|    time_elapsed         | 17622       |
|    total_timesteps      | 17301504    |
| train/                  |             |
|    approx_kl            | 0.019656423 |
|    clip_fraction        | 0.344       |
|    clip_range           | 0.15        |
|    entropy_loss         | -36.7       |
|    explained_variance   | 0.872       |
|    learning_rate        | 0.0001      |
|    loss                 | -0.368      |
|    n_updates            | 2625        |
|    policy_gradient_loss | -0.0168     |
|    std                  | 2.14        |
|    value_loss           | 0.0295      |
-----------------------------------------
-----------------------------------------
| rollout/                |             |
|    ep_len_mean          | 461         |
|    ep_rew_mean          | 2.7e+03     |
| time/                   |             |
|    fps                  | 981         |
|    iterations           | 177         |
|    time_elapsed         | 17722       |
|    total_timesteps      | 17399808    |
| train/                  |             |
|    approx_kl            | 0.020096576 |
|    clip_fraction        | 0.349       |
|    clip_range           | 0.15        |
|    entropy_loss         | -36.8       |
|    explained_variance   | 0.874       |
|    learning_rate        | 0.0001      |
|    loss                 | -0.378      |
|    n_updates            | 2640        |
|    policy_gradient_loss | -0.0174     |
|    std                  | 2.16        |
|    value_loss           | 0.0301      |
-----------------------------------------
-----------------------------------------
| rollout/                |             |
|    ep_len_mean          | 487         |
|    ep_rew_mean          | 2.86e+03    |
| time/                   |             |
|    fps                  | 981         |
|    iterations           | 178         |
|    time_elapsed         | 17821       |
|    total_timesteps      | 17498112    |
| train/                  |             |
|    approx_kl            | 0.019651463 |
|    clip_fraction        | 0.345       |
|    clip_range           | 0.15        |
|    entropy_loss         | -36.9       |
|    explained_variance   | 0.876       |
|    learning_rate        | 0.0001      |
|    loss                 | -0.368      |
|    n_updates            | 2655        |
|    policy_gradient_loss | -0.017      |
|    std                  | 2.18        |
|    value_loss           | 0.0298      |
-----------------------------------------
Eval num_timesteps=17499720, episode_reward=3616.30 +/- 28.86
Episode length: 602.20 +/- 5.23
-----------------------------------------
| eval/                   |             |
|    mean_ep_length       | 602         |
|    mean_reward          | 3.62e+03    |
| time/                   |             |
|    total_timesteps      | 17499720    |
| train/                  |             |
|    approx_kl            | 0.020049859 |
|    clip_fraction        | 0.349       |
|    clip_range           | 0.15        |
|    entropy_loss         | -37.1       |
|    explained_variance   | 0.867       |
|    learning_rate        | 0.0001      |
|    loss                 | -0.371      |
|    n_updates            | 2670        |
|    policy_gradient_loss | -0.0172     |
|    std                  | 2.19        |
|    value_loss           | 0.03        |
-----------------------------------------
---------------------------------
| rollout/           |          |
|    ep_len_mean     | 469      |
|    ep_rew_mean     | 2.74e+03 |
| time/              |          |
|    fps             | 981      |
|    iterations      | 179      |
|    time_elapsed    | 17925    |
|    total_timesteps | 17596416 |
---------------------------------
-----------------------------------------
| rollout/                |             |
|    ep_len_mean          | 494         |
|    ep_rew_mean          | 2.9e+03     |
| time/                   |             |
|    fps                  | 981         |
|    iterations           | 180         |
|    time_elapsed         | 18025       |
|    total_timesteps      | 17694720    |
| train/                  |             |
|    approx_kl            | 0.020038845 |
|    clip_fraction        | 0.352       |
|    clip_range           | 0.15        |
|    entropy_loss         | -37.2       |
|    explained_variance   | 0.875       |
|    learning_rate        | 0.0001      |
|    loss                 | -0.366      |
|    n_updates            | 2685        |
|    policy_gradient_loss | -0.0171     |
|    std                  | 2.21        |
|    value_loss           | 0.0309      |
-----------------------------------------
----------------------------------------
| rollout/                |            |
|    ep_len_mean          | 466        |
|    ep_rew_mean          | 2.75e+03   |
| time/                   |            |
|    fps                  | 981        |
|    iterations           | 181        |
|    time_elapsed         | 18126      |
|    total_timesteps      | 17793024   |
| train/                  |            |
|    approx_kl            | 0.01936905 |
|    clip_fraction        | 0.339      |
|    clip_range           | 0.15       |
|    entropy_loss         | -37.3      |
|    explained_variance   | 0.873      |
|    learning_rate        | 0.0001     |
|    loss                 | -0.352     |
|    n_updates            | 2700       |
|    policy_gradient_loss | -0.0173    |
|    std                  | 2.22       |
|    value_loss           | 0.0301     |
----------------------------------------
-----------------------------------------
| rollout/                |             |
|    ep_len_mean          | 466         |
|    ep_rew_mean          | 2.75e+03    |
| time/                   |             |
|    fps                  | 981         |
|    iterations           | 182         |
|    time_elapsed         | 18227       |
|    total_timesteps      | 17891328    |
| train/                  |             |
|    approx_kl            | 0.019758573 |
|    clip_fraction        | 0.34        |
|    clip_range           | 0.15        |
|    entropy_loss         | -37.4       |
|    explained_variance   | 0.866       |
|    learning_rate        | 0.0001      |
|    loss                 | -0.385      |
|    n_updates            | 2715        |
|    policy_gradient_loss | -0.0175     |
|    std                  | 2.24        |
|    value_loss           | 0.0307      |
-----------------------------------------
----------------------------------------
| rollout/                |            |
|    ep_len_mean          | 479        |
|    ep_rew_mean          | 2.84e+03   |
| time/                   |            |
|    fps                  | 981        |
|    iterations           | 183        |
|    time_elapsed         | 18326      |
|    total_timesteps      | 17989632   |
| train/                  |            |
|    approx_kl            | 0.01932859 |
|    clip_fraction        | 0.337      |
|    clip_range           | 0.15       |
|    entropy_loss         | -37.5      |
|    explained_variance   | 0.87       |
|    learning_rate        | 0.0001     |
|    loss                 | -0.372     |
|    n_updates            | 2730       |
|    policy_gradient_loss | -0.0173    |
|    std                  | 2.26       |
|    value_loss           | 0.0311     |
----------------------------------------
Eval num_timesteps=17999712, episode_reward=3486.94 +/- 50.66
Episode length: 576.60 +/- 10.56
-----------------------------------------
| eval/                   |             |
|    mean_ep_length       | 577         |
|    mean_reward          | 3.49e+03    |
| time/                   |             |
|    total_timesteps      | 17999712    |
| train/                  |             |
|    approx_kl            | 0.019588953 |
|    clip_fraction        | 0.344       |
|    clip_range           | 0.15        |
|    entropy_loss         | -37.7       |
|    explained_variance   | 0.864       |
|    learning_rate        | 0.0001      |
|    loss                 | -0.373      |
|    n_updates            | 2745        |
|    policy_gradient_loss | -0.0167     |
|    std                  | 2.27        |
|    value_loss           | 0.0322      |
-----------------------------------------
---------------------------------
| rollout/           |          |
|    ep_len_mean     | 470      |
|    ep_rew_mean     | 2.77e+03 |
| time/              |          |
|    fps             | 981      |
|    iterations      | 184      |
|    time_elapsed    | 18428    |
|    total_timesteps | 18087936 |
---------------------------------
-----------------------------------------
| rollout/                |             |
|    ep_len_mean          | 472         |
|    ep_rew_mean          | 2.79e+03    |
| time/                   |             |
|    fps                  | 981         |
|    iterations           | 185         |
|    time_elapsed         | 18528       |
|    total_timesteps      | 18186240    |
| train/                  |             |
|    approx_kl            | 0.019622283 |
|    clip_fraction        | 0.342       |
|    clip_range           | 0.15        |
|    entropy_loss         | -37.8       |
|    explained_variance   | 0.872       |
|    learning_rate        | 0.0001      |
|    loss                 | -0.356      |
|    n_updates            | 2760        |
|    policy_gradient_loss | -0.0173     |
|    std                  | 2.29        |
|    value_loss           | 0.0295      |
-----------------------------------------
-----------------------------------------
| rollout/                |             |
|    ep_len_mean          | 466         |
|    ep_rew_mean          | 2.75e+03    |
| time/                   |             |
|    fps                  | 981         |
|    iterations           | 186         |
|    time_elapsed         | 18628       |
|    total_timesteps      | 18284544    |
| train/                  |             |
|    approx_kl            | 0.019236261 |
|    clip_fraction        | 0.338       |
|    clip_range           | 0.15        |
|    entropy_loss         | -37.9       |
|    explained_variance   | 0.864       |
|    learning_rate        | 0.0001      |
|    loss                 | -0.375      |
|    n_updates            | 2775        |
|    policy_gradient_loss | -0.0174     |
|    std                  | 2.31        |
|    value_loss           | 0.0325      |
-----------------------------------------
-----------------------------------------
| rollout/                |             |
|    ep_len_mean          | 458         |
|    ep_rew_mean          | 2.71e+03    |
| time/                   |             |
|    fps                  | 981         |
|    iterations           | 187         |
|    time_elapsed         | 18727       |
|    total_timesteps      | 18382848    |
| train/                  |             |
|    approx_kl            | 0.019779863 |
|    clip_fraction        | 0.342       |
|    clip_range           | 0.15        |
|    entropy_loss         | -38         |
|    explained_variance   | 0.871       |
|    learning_rate        | 0.0001      |
|    loss                 | -0.365      |
|    n_updates            | 2790        |
|    policy_gradient_loss | -0.0166     |
|    std                  | 2.32        |
|    value_loss           | 0.0311      |
-----------------------------------------
---------------------------------------
| rollout/                |           |
|    ep_len_mean          | 493       |
|    ep_rew_mean          | 2.9e+03   |
| time/                   |           |
|    fps                  | 981       |
|    iterations           | 188       |
|    time_elapsed         | 18826     |
|    total_timesteps      | 18481152  |
| train/                  |           |
|    approx_kl            | 0.0191255 |
|    clip_fraction        | 0.337     |
|    clip_range           | 0.15      |
|    entropy_loss         | -38.1     |
|    explained_variance   | 0.872     |
|    learning_rate        | 0.0001    |
|    loss                 | -0.368    |
|    n_updates            | 2805      |
|    policy_gradient_loss | -0.0173   |
|    std                  | 2.34      |
|    value_loss           | 0.0309    |
---------------------------------------
Eval num_timesteps=18499704, episode_reward=3489.49 +/- 75.64
Episode length: 576.60 +/- 16.84
-----------------------------------------
| eval/                   |             |
|    mean_ep_length       | 577         |
|    mean_reward          | 3.49e+03    |
| time/                   |             |
|    total_timesteps      | 18499704    |
| train/                  |             |
|    approx_kl            | 0.019335514 |
|    clip_fraction        | 0.338       |
|    clip_range           | 0.15        |
|    entropy_loss         | -38.3       |
|    explained_variance   | 0.86        |
|    learning_rate        | 0.0001      |
|    loss                 | -0.371      |
|    n_updates            | 2820        |
|    policy_gradient_loss | -0.0168     |
|    std                  | 2.36        |
|    value_loss           | 0.0312      |
-----------------------------------------
---------------------------------
| rollout/           |          |
|    ep_len_mean     | 483      |
|    ep_rew_mean     | 2.87e+03 |
| time/              |          |
|    fps             | 981      |
|    iterations      | 189      |
|    time_elapsed    | 18931    |
|    total_timesteps | 18579456 |
---------------------------------
-----------------------------------------
| rollout/                |             |
|    ep_len_mean          | 460         |
|    ep_rew_mean          | 2.72e+03    |
| time/                   |             |
|    fps                  | 981         |
|    iterations           | 190         |
|    time_elapsed         | 19033       |
|    total_timesteps      | 18677760    |
| train/                  |             |
|    approx_kl            | 0.019067882 |
|    clip_fraction        | 0.334       |
|    clip_range           | 0.15        |
|    entropy_loss         | -38.4       |
|    explained_variance   | 0.861       |
|    learning_rate        | 0.0001      |
|    loss                 | -0.382      |
|    n_updates            | 2835        |
|    policy_gradient_loss | -0.0176     |
|    std                  | 2.37        |
|    value_loss           | 0.0324      |
-----------------------------------------
-----------------------------------------
| rollout/                |             |
|    ep_len_mean          | 465         |
|    ep_rew_mean          | 2.74e+03    |
| time/                   |             |
|    fps                  | 981         |
|    iterations           | 191         |
|    time_elapsed         | 19133       |
|    total_timesteps      | 18776064    |
| train/                  |             |
|    approx_kl            | 0.019629836 |
|    clip_fraction        | 0.339       |
|    clip_range           | 0.15        |
|    entropy_loss         | -38.5       |
|    explained_variance   | 0.865       |
|    learning_rate        | 0.0001      |
|    loss                 | -0.389      |
|    n_updates            | 2850        |
|    policy_gradient_loss | -0.0177     |
|    std                  | 2.39        |
|    value_loss           | 0.0317      |
-----------------------------------------
-----------------------------------------
| rollout/                |             |
|    ep_len_mean          | 461         |
|    ep_rew_mean          | 2.72e+03    |
| time/                   |             |
|    fps                  | 981         |
|    iterations           | 192         |
|    time_elapsed         | 19232       |
|    total_timesteps      | 18874368    |
| train/                  |             |
|    approx_kl            | 0.019423598 |
|    clip_fraction        | 0.335       |
|    clip_range           | 0.15        |
|    entropy_loss         | -38.6       |
|    explained_variance   | 0.87        |
|    learning_rate        | 0.0001      |
|    loss                 | -0.386      |
|    n_updates            | 2865        |
|    policy_gradient_loss | -0.0174     |
|    std                  | 2.4         |
|    value_loss           | 0.0311      |
-----------------------------------------
----------------------------------------
| rollout/                |            |
|    ep_len_mean          | 477        |
|    ep_rew_mean          | 2.82e+03   |
| time/                   |            |
|    fps                  | 981        |
|    iterations           | 193        |
|    time_elapsed         | 19330      |
|    total_timesteps      | 18972672   |
| train/                  |            |
|    approx_kl            | 0.01931117 |
|    clip_fraction        | 0.339      |
|    clip_range           | 0.15       |
|    entropy_loss         | -38.7      |
|    explained_variance   | 0.865      |
|    learning_rate        | 0.0001     |
|    loss                 | -0.384     |
|    n_updates            | 2880       |
|    policy_gradient_loss | -0.0173    |
|    std                  | 2.42       |
|    value_loss           | 0.0311     |
----------------------------------------
Eval num_timesteps=18999696, episode_reward=3459.35 +/- 101.48
Episode length: 572.20 +/- 20.05
-----------------------------------------
| eval/                   |             |
|    mean_ep_length       | 572         |
|    mean_reward          | 3.46e+03    |
| time/                   |             |
|    total_timesteps      | 18999696    |
| train/                  |             |
|    approx_kl            | 0.019869233 |
|    clip_fraction        | 0.34        |
|    clip_range           | 0.15        |
|    entropy_loss         | -38.8       |
|    explained_variance   | 0.869       |
|    learning_rate        | 0.0001      |
|    loss                 | -0.384      |
|    n_updates            | 2895        |
|    policy_gradient_loss | -0.0167     |
|    std                  | 2.44        |
|    value_loss           | 0.0309      |
-----------------------------------------
---------------------------------
| rollout/           |          |
|    ep_len_mean     | 471      |
|    ep_rew_mean     | 2.78e+03 |
| time/              |          |
|    fps             | 981      |
|    iterations      | 194      |
|    time_elapsed    | 19433    |
|    total_timesteps | 19070976 |
---------------------------------
-----------------------------------------
| rollout/                |             |
|    ep_len_mean          | 490         |
|    ep_rew_mean          | 2.89e+03    |
| time/                   |             |
|    fps                  | 981         |
|    iterations           | 195         |
|    time_elapsed         | 19532       |
|    total_timesteps      | 19169280    |
| train/                  |             |
|    approx_kl            | 0.019293638 |
|    clip_fraction        | 0.335       |
|    clip_range           | 0.15        |
|    entropy_loss         | -38.9       |
|    explained_variance   | 0.878       |
|    learning_rate        | 0.0001      |
|    loss                 | -0.397      |
|    n_updates            | 2910        |
|    policy_gradient_loss | -0.0169     |
|    std                  | 2.45        |
|    value_loss           | 0.0293      |
-----------------------------------------
-----------------------------------------
| rollout/                |             |
|    ep_len_mean          | 486         |
|    ep_rew_mean          | 2.86e+03    |
| time/                   |             |
|    fps                  | 981         |
|    iterations           | 196         |
|    time_elapsed         | 19632       |
|    total_timesteps      | 19267584    |
| train/                  |             |
|    approx_kl            | 0.020032853 |
|    clip_fraction        | 0.342       |
|    clip_range           | 0.15        |
|    entropy_loss         | -39         |
|    explained_variance   | 0.859       |
|    learning_rate        | 0.0001      |
|    loss                 | -0.374      |
|    n_updates            | 2925        |
|    policy_gradient_loss | -0.0171     |
|    std                  | 2.47        |
|    value_loss           | 0.032       |
-----------------------------------------
-----------------------------------------
| rollout/                |             |
|    ep_len_mean          | 469         |
|    ep_rew_mean          | 2.77e+03    |
| time/                   |             |
|    fps                  | 981         |
|    iterations           | 197         |
|    time_elapsed         | 19731       |
|    total_timesteps      | 19365888    |
| train/                  |             |
|    approx_kl            | 0.019476807 |
|    clip_fraction        | 0.341       |
|    clip_range           | 0.15        |
|    entropy_loss         | -39.2       |
|    explained_variance   | 0.865       |
|    learning_rate        | 0.0001      |
|    loss                 | -0.392      |
|    n_updates            | 2940        |
|    policy_gradient_loss | -0.0169     |
|    std                  | 2.49        |
|    value_loss           | 0.031       |
-----------------------------------------
----------------------------------------
| rollout/                |            |
|    ep_len_mean          | 458        |
|    ep_rew_mean          | 2.69e+03   |
| time/                   |            |
|    fps                  | 981        |
|    iterations           | 198        |
|    time_elapsed         | 19829      |
|    total_timesteps      | 19464192   |
| train/                  |            |
|    approx_kl            | 0.01937967 |
|    clip_fraction        | 0.335      |
|    clip_range           | 0.15       |
|    entropy_loss         | -39.3      |
|    explained_variance   | 0.862      |
|    learning_rate        | 0.0001     |
|    loss                 | -0.378     |
|    n_updates            | 2955       |
|    policy_gradient_loss | -0.0173    |
|    std                  | 2.51       |
|    value_loss           | 0.0333     |
----------------------------------------
Eval num_timesteps=19499688, episode_reward=3515.03 +/- 94.08
Episode length: 585.60 +/- 19.19
-----------------------------------------
| eval/                   |             |
|    mean_ep_length       | 586         |
|    mean_reward          | 3.52e+03    |
| time/                   |             |
|    total_timesteps      | 19499688    |
| train/                  |             |
|    approx_kl            | 0.019646196 |
|    clip_fraction        | 0.34        |
|    clip_range           | 0.15        |
|    entropy_loss         | -39.4       |
|    explained_variance   | 0.865       |
|    learning_rate        | 0.0001      |
|    loss                 | -0.382      |
|    n_updates            | 2970        |
|    policy_gradient_loss | -0.0171     |
|    std                  | 2.53        |
|    value_loss           | 0.0326      |
-----------------------------------------
---------------------------------
| rollout/           |          |
|    ep_len_mean     | 466      |
|    ep_rew_mean     | 2.75e+03 |
| time/              |          |
|    fps             | 981      |
|    iterations      | 199      |
|    time_elapsed    | 19932    |
|    total_timesteps | 19562496 |
---------------------------------
-----------------------------------------
| rollout/                |             |
|    ep_len_mean          | 467         |
|    ep_rew_mean          | 2.76e+03    |
| time/                   |             |
|    fps                  | 981         |
|    iterations           | 200         |
|    time_elapsed         | 20031       |
|    total_timesteps      | 19660800    |
| train/                  |             |
|    approx_kl            | 0.019800298 |
|    clip_fraction        | 0.342       |
|    clip_range           | 0.15        |
|    entropy_loss         | -39.5       |
|    explained_variance   | 0.862       |
|    learning_rate        | 0.0001      |
|    loss                 | -0.371      |
|    n_updates            | 2985        |
|    policy_gradient_loss | -0.0174     |
|    std                  | 2.55        |
|    value_loss           | 0.0329      |
-----------------------------------------
-----------------------------------------
| rollout/                |             |
|    ep_len_mean          | 466         |
|    ep_rew_mean          | 2.75e+03    |
| time/                   |             |
|    fps                  | 981         |
|    iterations           | 201         |
|    time_elapsed         | 20129       |
|    total_timesteps      | 19759104    |
| train/                  |             |
|    approx_kl            | 0.019503256 |
|    clip_fraction        | 0.337       |
|    clip_range           | 0.15        |
|    entropy_loss         | -39.7       |
|    explained_variance   | 0.871       |
|    learning_rate        | 0.0001      |
|    loss                 | -0.392      |
|    n_updates            | 3000        |
|    policy_gradient_loss | -0.0174     |
|    std                  | 2.57        |
|    value_loss           | 0.0301      |
-----------------------------------------
-----------------------------------------
| rollout/                |             |
|    ep_len_mean          | 473         |
|    ep_rew_mean          | 2.8e+03     |
| time/                   |             |
|    fps                  | 981         |
|    iterations           | 202         |
|    time_elapsed         | 20228       |
|    total_timesteps      | 19857408    |
| train/                  |             |
|    approx_kl            | 0.018822918 |
|    clip_fraction        | 0.33        |
|    clip_range           | 0.15        |
|    entropy_loss         | -39.8       |
|    explained_variance   | 0.876       |
|    learning_rate        | 0.0001      |
|    loss                 | -0.402      |
|    n_updates            | 3015        |
|    policy_gradient_loss | -0.0176     |
|    std                  | 2.58        |
|    value_loss           | 0.0307      |
-----------------------------------------
-----------------------------------------
| rollout/                |             |
|    ep_len_mean          | 458         |
|    ep_rew_mean          | 2.71e+03    |
| time/                   |             |
|    fps                  | 981         |
|    iterations           | 203         |
|    time_elapsed         | 20327       |
|    total_timesteps      | 19955712    |
| train/                  |             |
|    approx_kl            | 0.019166213 |
|    clip_fraction        | 0.335       |
|    clip_range           | 0.15        |
|    entropy_loss         | -39.9       |
|    explained_variance   | 0.866       |
|    learning_rate        | 0.0001      |
|    loss                 | -0.402      |
|    n_updates            | 3030        |
|    policy_gradient_loss | -0.0172     |
|    std                  | 2.6         |
|    value_loss           | 0.032       |
-----------------------------------------
Eval num_timesteps=19999680, episode_reward=3492.72 +/- 26.45
Episode length: 577.40 +/- 5.16
----------------------------------------
| eval/                   |            |
|    mean_ep_length       | 577        |
|    mean_reward          | 3.49e+03   |
| time/                   |            |
|    total_timesteps      | 19999680   |
| train/                  |            |
|    approx_kl            | 0.01933858 |
|    clip_fraction        | 0.331      |
|    clip_range           | 0.15       |
|    entropy_loss         | -40        |
|    explained_variance   | 0.872      |
|    learning_rate        | 0.0001     |
|    loss                 | -0.412     |
|    n_updates            | 3045       |
|    policy_gradient_loss | -0.0173    |
|    std                  | 2.62       |
|    value_loss           | 0.0304     |
----------------------------------------
---------------------------------
| rollout/           |          |
|    ep_len_mean     | 471      |
|    ep_rew_mean     | 2.78e+03 |
| time/              |          |
|    fps             | 981      |
|    iterations      | 204      |
|    time_elapsed    | 20432    |
|    total_timesteps | 20054016 |
---------------------------------
-----------------------------------------
| rollout/                |             |
|    ep_len_mean          | 453         |
|    ep_rew_mean          | 2.67e+03    |
| time/                   |             |
|    fps                  | 981         |
|    iterations           | 205         |
|    time_elapsed         | 20532       |
|    total_timesteps      | 20152320    |
| train/                  |             |
|    approx_kl            | 0.019003125 |
|    clip_fraction        | 0.332       |
|    clip_range           | 0.15        |
|    entropy_loss         | -40.1       |
|    explained_variance   | 0.861       |
|    learning_rate        | 0.0001      |
|    loss                 | -0.402      |
|    n_updates            | 3060        |
|    policy_gradient_loss | -0.0177     |
|    std                  | 2.63        |
|    value_loss           | 0.031       |
-----------------------------------------
-----------------------------------------
| rollout/                |             |
|    ep_len_mean          | 470         |
|    ep_rew_mean          | 2.78e+03    |
| time/                   |             |
|    fps                  | 981         |
|    iterations           | 206         |
|    time_elapsed         | 20634       |
|    total_timesteps      | 20250624    |
| train/                  |             |
|    approx_kl            | 0.018685631 |
|    clip_fraction        | 0.333       |
|    clip_range           | 0.15        |
|    entropy_loss         | -40.2       |
|    explained_variance   | 0.855       |
|    learning_rate        | 0.0001      |
|    loss                 | -0.398      |
|    n_updates            | 3075        |
|    policy_gradient_loss | -0.0165     |
|    std                  | 2.65        |
|    value_loss           | 0.0327      |
-----------------------------------------
-----------------------------------------
| rollout/                |             |
|    ep_len_mean          | 460         |
|    ep_rew_mean          | 2.73e+03    |
| time/                   |             |
|    fps                  | 981         |
|    iterations           | 207         |
|    time_elapsed         | 20733       |
|    total_timesteps      | 20348928    |
| train/                  |             |
|    approx_kl            | 0.019043356 |
|    clip_fraction        | 0.333       |
|    clip_range           | 0.15        |
|    entropy_loss         | -40.4       |
|    explained_variance   | 0.868       |
|    learning_rate        | 0.0001      |
|    loss                 | -0.412      |
|    n_updates            | 3090        |
|    policy_gradient_loss | -0.0167     |
|    std                  | 2.67        |
|    value_loss           | 0.0311      |
-----------------------------------------
----------------------------------------
| rollout/                |            |
|    ep_len_mean          | 456        |
|    ep_rew_mean          | 2.7e+03    |
| time/                   |            |
|    fps                  | 981        |
|    iterations           | 208        |
|    time_elapsed         | 20833      |
|    total_timesteps      | 20447232   |
| train/                  |            |
|    approx_kl            | 0.01892036 |
|    clip_fraction        | 0.331      |
|    clip_range           | 0.15       |
|    entropy_loss         | -40.5      |
|    explained_variance   | 0.865      |
|    learning_rate        | 0.0001     |
|    loss                 | -0.403     |
|    n_updates            | 3105       |
|    policy_gradient_loss | -0.017     |
|    std                  | 2.69       |
|    value_loss           | 0.0312     |
----------------------------------------
Eval num_timesteps=20499672, episode_reward=3414.65 +/- 20.30
Episode length: 560.20 +/- 3.60
-----------------------------------------
| eval/                   |             |
|    mean_ep_length       | 560         |
|    mean_reward          | 3.41e+03    |
| time/                   |             |
|    total_timesteps      | 20499672    |
| train/                  |             |
|    approx_kl            | 0.018087847 |
|    clip_fraction        | 0.323       |
|    clip_range           | 0.15        |
|    entropy_loss         | -40.6       |
|    explained_variance   | 0.878       |
|    learning_rate        | 0.0001      |
|    loss                 | -0.391      |
|    n_updates            | 3120        |
|    policy_gradient_loss | -0.0167     |
|    std                  | 2.71        |
|    value_loss           | 0.0299      |
-----------------------------------------
---------------------------------
| rollout/           |          |
|    ep_len_mean     | 475      |
|    ep_rew_mean     | 2.82e+03 |
| time/              |          |
|    fps             | 981      |
|    iterations      | 209      |
|    time_elapsed    | 20938    |
|    total_timesteps | 20545536 |
---------------------------------
-----------------------------------------
| rollout/                |             |
|    ep_len_mean          | 454         |
|    ep_rew_mean          | 2.69e+03    |
| time/                   |             |
|    fps                  | 981         |
|    iterations           | 210         |
|    time_elapsed         | 21039       |
|    total_timesteps      | 20643840    |
| train/                  |             |
|    approx_kl            | 0.019140553 |
|    clip_fraction        | 0.333       |
|    clip_range           | 0.15        |
|    entropy_loss         | -40.7       |
|    explained_variance   | 0.862       |
|    learning_rate        | 0.0001      |
|    loss                 | -0.388      |
|    n_updates            | 3135        |
|    policy_gradient_loss | -0.0171     |
|    std                  | 2.73        |
|    value_loss           | 0.0314      |
-----------------------------------------
-----------------------------------------
| rollout/                |             |
|    ep_len_mean          | 476         |
|    ep_rew_mean          | 2.83e+03    |
| time/                   |             |
|    fps                  | 981         |
|    iterations           | 211         |
|    time_elapsed         | 21141       |
|    total_timesteps      | 20742144    |
| train/                  |             |
|    approx_kl            | 0.019331422 |
|    clip_fraction        | 0.337       |
|    clip_range           | 0.15        |
|    entropy_loss         | -40.8       |
|    explained_variance   | 0.876       |
|    learning_rate        | 0.0001      |
|    loss                 | -0.412      |
|    n_updates            | 3150        |
|    policy_gradient_loss | -0.0179     |
|    std                  | 2.75        |
|    value_loss           | 0.0305      |
-----------------------------------------
-----------------------------------------
| rollout/                |             |
|    ep_len_mean          | 463         |
|    ep_rew_mean          | 2.73e+03    |
| time/                   |             |
|    fps                  | 981         |
|    iterations           | 212         |
|    time_elapsed         | 21239       |
|    total_timesteps      | 20840448    |
| train/                  |             |
|    approx_kl            | 0.018796867 |
|    clip_fraction        | 0.33        |
|    clip_range           | 0.15        |
|    entropy_loss         | -40.9       |
|    explained_variance   | 0.861       |
|    learning_rate        | 0.0001      |
|    loss                 | -0.405      |
|    n_updates            | 3165        |
|    policy_gradient_loss | -0.0168     |
|    std                  | 2.77        |
|    value_loss           | 0.0307      |
-----------------------------------------
----------------------------------------
| rollout/                |            |
|    ep_len_mean          | 448        |
|    ep_rew_mean          | 2.65e+03   |
| time/                   |            |
|    fps                  | 981        |
|    iterations           | 213        |
|    time_elapsed         | 21339      |
|    total_timesteps      | 20938752   |
| train/                  |            |
|    approx_kl            | 0.01879121 |
|    clip_fraction        | 0.33       |
|    clip_range           | 0.15       |
|    entropy_loss         | -41.1      |
|    explained_variance   | 0.876      |
|    learning_rate        | 0.0001     |
|    loss                 | -0.413     |
|    n_updates            | 3180       |
|    policy_gradient_loss | -0.0178    |
|    std                  | 2.79       |
|    value_loss           | 0.0308     |
----------------------------------------
Eval num_timesteps=20999664, episode_reward=3305.63 +/- 37.35
Episode length: 537.40 +/- 6.95
-----------------------------------------
| eval/                   |             |
|    mean_ep_length       | 537         |
|    mean_reward          | 3.31e+03    |
| time/                   |             |
|    total_timesteps      | 20999664    |
| train/                  |             |
|    approx_kl            | 0.018892767 |
|    clip_fraction        | 0.332       |
|    clip_range           | 0.15        |
|    entropy_loss         | -41.2       |
|    explained_variance   | 0.872       |
|    learning_rate        | 0.0001      |
|    loss                 | -0.423      |
|    n_updates            | 3195        |
|    policy_gradient_loss | -0.0174     |
|    std                  | 2.81        |
|    value_loss           | 0.0303      |
-----------------------------------------
---------------------------------
| rollout/           |          |
|    ep_len_mean     | 488      |
|    ep_rew_mean     | 2.88e+03 |
| time/              |          |
|    fps             | 981      |
|    iterations      | 214      |
|    time_elapsed    | 21443    |
|    total_timesteps | 21037056 |
---------------------------------
-----------------------------------------
| rollout/                |             |
|    ep_len_mean          | 468         |
|    ep_rew_mean          | 2.77e+03    |
| time/                   |             |
|    fps                  | 981         |
|    iterations           | 215         |
|    time_elapsed         | 21542       |
|    total_timesteps      | 21135360    |
| train/                  |             |
|    approx_kl            | 0.018620841 |
|    clip_fraction        | 0.332       |
|    clip_range           | 0.15        |
|    entropy_loss         | -41.3       |
|    explained_variance   | 0.863       |
|    learning_rate        | 0.0001      |
|    loss                 | -0.42       |
|    n_updates            | 3210        |
|    policy_gradient_loss | -0.0167     |
|    std                  | 2.83        |
|    value_loss           | 0.032       |
-----------------------------------------
-----------------------------------------
| rollout/                |             |
|    ep_len_mean          | 452         |
|    ep_rew_mean          | 2.68e+03    |
| time/                   |             |
|    fps                  | 981         |
|    iterations           | 216         |
|    time_elapsed         | 21642       |
|    total_timesteps      | 21233664    |
| train/                  |             |
|    approx_kl            | 0.019034652 |
|    clip_fraction        | 0.333       |
|    clip_range           | 0.15        |
|    entropy_loss         | -41.4       |
|    explained_variance   | 0.858       |
|    learning_rate        | 0.0001      |
|    loss                 | -0.413      |
|    n_updates            | 3225        |
|    policy_gradient_loss | -0.0173     |
|    std                  | 2.85        |
|    value_loss           | 0.0325      |
-----------------------------------------
-----------------------------------------
| rollout/                |             |
|    ep_len_mean          | 446         |
|    ep_rew_mean          | 2.63e+03    |
| time/                   |             |
|    fps                  | 981         |
|    iterations           | 217         |
|    time_elapsed         | 21743       |
|    total_timesteps      | 21331968    |
| train/                  |             |
|    approx_kl            | 0.018754946 |
|    clip_fraction        | 0.329       |
|    clip_range           | 0.15        |
|    entropy_loss         | -41.5       |
|    explained_variance   | 0.867       |
|    learning_rate        | 0.0001      |
|    loss                 | -0.418      |
|    n_updates            | 3240        |
|    policy_gradient_loss | -0.0173     |
|    std                  | 2.87        |
|    value_loss           | 0.0319      |
-----------------------------------------
-----------------------------------------
| rollout/                |             |
|    ep_len_mean          | 471         |
|    ep_rew_mean          | 2.79e+03    |
| time/                   |             |
|    fps                  | 981         |
|    iterations           | 218         |
|    time_elapsed         | 21843       |
|    total_timesteps      | 21430272    |
| train/                  |             |
|    approx_kl            | 0.018525722 |
|    clip_fraction        | 0.328       |
|    clip_range           | 0.15        |
|    entropy_loss         | -41.7       |
|    explained_variance   | 0.875       |
|    learning_rate        | 0.0001      |
|    loss                 | -0.397      |
|    n_updates            | 3255        |
|    policy_gradient_loss | -0.017      |
|    std                  | 2.89        |
|    value_loss           | 0.0311      |
-----------------------------------------
Eval num_timesteps=21499656, episode_reward=3428.75 +/- 35.22
Episode length: 564.60 +/- 5.95
----------------------------------------
| eval/                   |            |
|    mean_ep_length       | 565        |
|    mean_reward          | 3.43e+03   |
| time/                   |            |
|    total_timesteps      | 21499656   |
| train/                  |            |
|    approx_kl            | 0.01870314 |
|    clip_fraction        | 0.326      |
|    clip_range           | 0.15       |
|    entropy_loss         | -41.8      |
|    explained_variance   | 0.861      |
|    learning_rate        | 0.0001     |
|    loss                 | -0.406     |
|    n_updates            | 3270       |
|    policy_gradient_loss | -0.0171    |
|    std                  | 2.91       |
|    value_loss           | 0.0321     |
----------------------------------------
---------------------------------
| rollout/           |          |
|    ep_len_mean     | 465      |
|    ep_rew_mean     | 2.76e+03 |
| time/              |          |
|    fps             | 980      |
|    iterations      | 219      |
|    time_elapsed    | 21946    |
|    total_timesteps | 21528576 |
---------------------------------
-----------------------------------------
| rollout/                |             |
|    ep_len_mean          | 445         |
|    ep_rew_mean          | 2.63e+03    |
| time/                   |             |
|    fps                  | 981         |
|    iterations           | 220         |
|    time_elapsed         | 22045       |
|    total_timesteps      | 21626880    |
| train/                  |             |
|    approx_kl            | 0.018614812 |
|    clip_fraction        | 0.331       |
|    clip_range           | 0.15        |
|    entropy_loss         | -41.9       |
|    explained_variance   | 0.869       |
|    learning_rate        | 0.0001      |
|    loss                 | -0.415      |
|    n_updates            | 3285        |
|    policy_gradient_loss | -0.0169     |
|    std                  | 2.93        |
|    value_loss           | 0.0319      |
-----------------------------------------
----------------------------------------
| rollout/                |            |
|    ep_len_mean          | 447        |
|    ep_rew_mean          | 2.65e+03   |
| time/                   |            |
|    fps                  | 981        |
|    iterations           | 221        |
|    time_elapsed         | 22145      |
|    total_timesteps      | 21725184   |
| train/                  |            |
|    approx_kl            | 0.01853771 |
|    clip_fraction        | 0.327      |
|    clip_range           | 0.15       |
|    entropy_loss         | -42        |
|    explained_variance   | 0.872      |
|    learning_rate        | 0.0001     |
|    loss                 | -0.371     |
|    n_updates            | 3300       |
|    policy_gradient_loss | -0.0174    |
|    std                  | 2.95       |
|    value_loss           | 0.0327     |
----------------------------------------
-----------------------------------------
| rollout/                |             |
|    ep_len_mean          | 484         |
|    ep_rew_mean          | 2.86e+03    |
| time/                   |             |
|    fps                  | 981         |
|    iterations           | 222         |
|    time_elapsed         | 22243       |
|    total_timesteps      | 21823488    |
| train/                  |             |
|    approx_kl            | 0.018369203 |
|    clip_fraction        | 0.321       |
|    clip_range           | 0.15        |
|    entropy_loss         | -42.1       |
|    explained_variance   | 0.863       |
|    learning_rate        | 0.0001      |
|    loss                 | -0.424      |
|    n_updates            | 3315        |
|    policy_gradient_loss | -0.0178     |
|    std                  | 2.97        |
|    value_loss           | 0.0315      |
-----------------------------------------
-----------------------------------------
| rollout/                |             |
|    ep_len_mean          | 467         |
|    ep_rew_mean          | 2.77e+03    |
| time/                   |             |
|    fps                  | 981         |
|    iterations           | 223         |
|    time_elapsed         | 22345       |
|    total_timesteps      | 21921792    |
| train/                  |             |
|    approx_kl            | 0.018358558 |
|    clip_fraction        | 0.323       |
|    clip_range           | 0.15        |
|    entropy_loss         | -42.2       |
|    explained_variance   | 0.865       |
|    learning_rate        | 0.0001      |
|    loss                 | -0.406      |
|    n_updates            | 3330        |
|    policy_gradient_loss | -0.0166     |
|    std                  | 2.99        |
|    value_loss           | 0.0308      |
-----------------------------------------
Eval num_timesteps=21999648, episode_reward=3376.66 +/- 28.58
Episode length: 553.40 +/- 6.50
-----------------------------------------
| eval/                   |             |
|    mean_ep_length       | 553         |
|    mean_reward          | 3.38e+03    |
| time/                   |             |
|    total_timesteps      | 21999648    |
| train/                  |             |
|    approx_kl            | 0.018860823 |
|    clip_fraction        | 0.327       |
|    clip_range           | 0.15        |
|    entropy_loss         | -42.3       |
|    explained_variance   | 0.856       |
|    learning_rate        | 0.0001      |
|    loss                 | -0.437      |
|    n_updates            | 3345        |
|    policy_gradient_loss | -0.0169     |
|    std                  | 3.01        |
|    value_loss           | 0.0327      |
-----------------------------------------
---------------------------------
| rollout/           |          |
|    ep_len_mean     | 475      |
|    ep_rew_mean     | 2.82e+03 |
| time/              |          |
|    fps             | 980      |
|    iterations      | 224      |
|    time_elapsed    | 22450    |
|    total_timesteps | 22020096 |
---------------------------------
-----------------------------------------
| rollout/                |             |
|    ep_len_mean          | 479         |
|    ep_rew_mean          | 2.82e+03    |
| time/                   |             |
|    fps                  | 980         |
|    iterations           | 225         |
|    time_elapsed         | 22549       |
|    total_timesteps      | 22118400    |
| train/                  |             |
|    approx_kl            | 0.018594503 |
|    clip_fraction        | 0.326       |
|    clip_range           | 0.15        |
|    entropy_loss         | -42.4       |
|    explained_variance   | 0.869       |
|    learning_rate        | 0.0001      |
|    loss                 | -0.419      |
|    n_updates            | 3360        |
|    policy_gradient_loss | -0.017      |
|    std                  | 3.04        |
|    value_loss           | 0.0306      |
-----------------------------------------
----------------------------------------
| rollout/                |            |
|    ep_len_mean          | 462        |
|    ep_rew_mean          | 2.72e+03   |
| time/                   |            |
|    fps                  | 980        |
|    iterations           | 226        |
|    time_elapsed         | 22649      |
|    total_timesteps      | 22216704   |
| train/                  |            |
|    approx_kl            | 0.01838175 |
|    clip_fraction        | 0.324      |
|    clip_range           | 0.15       |
|    entropy_loss         | -42.6      |
|    explained_variance   | 0.862      |
|    learning_rate        | 0.0001     |
|    loss                 | -0.432     |
|    n_updates            | 3375       |
|    policy_gradient_loss | -0.0174    |
|    std                  | 3.06       |
|    value_loss           | 0.0317     |
----------------------------------------
-----------------------------------------
| rollout/                |             |
|    ep_len_mean          | 455         |
|    ep_rew_mean          | 2.7e+03     |
| time/                   |             |
|    fps                  | 980         |
|    iterations           | 227         |
|    time_elapsed         | 22751       |
|    total_timesteps      | 22315008    |
| train/                  |             |
|    approx_kl            | 0.018501338 |
|    clip_fraction        | 0.326       |
|    clip_range           | 0.15        |
|    entropy_loss         | -42.7       |
|    explained_variance   | 0.868       |
|    learning_rate        | 0.0001      |
|    loss                 | -0.437      |
|    n_updates            | 3390        |
|    policy_gradient_loss | -0.0167     |
|    std                  | 3.08        |
|    value_loss           | 0.03        |
-----------------------------------------
-----------------------------------------
| rollout/                |             |
|    ep_len_mean          | 461         |
|    ep_rew_mean          | 2.74e+03    |
| time/                   |             |
|    fps                  | 980         |
|    iterations           | 228         |
|    time_elapsed         | 22851       |
|    total_timesteps      | 22413312    |
| train/                  |             |
|    approx_kl            | 0.018657982 |
|    clip_fraction        | 0.323       |
|    clip_range           | 0.15        |
|    entropy_loss         | -42.8       |
|    explained_variance   | 0.881       |
|    learning_rate        | 0.0001      |
|    loss                 | -0.433      |
|    n_updates            | 3405        |
|    policy_gradient_loss | -0.0174     |
|    std                  | 3.1         |
|    value_loss           | 0.0293      |
-----------------------------------------
Eval num_timesteps=22499640, episode_reward=3434.27 +/- 89.49
Episode length: 566.20 +/- 18.36
-----------------------------------------
| eval/                   |             |
|    mean_ep_length       | 566         |
|    mean_reward          | 3.43e+03    |
| time/                   |             |
|    total_timesteps      | 22499640    |
| train/                  |             |
|    approx_kl            | 0.019004574 |
|    clip_fraction        | 0.331       |
|    clip_range           | 0.15        |
|    entropy_loss         | -42.9       |
|    explained_variance   | 0.861       |
|    learning_rate        | 0.0001      |
|    loss                 | -0.438      |
|    n_updates            | 3420        |
|    policy_gradient_loss | -0.0175     |
|    std                  | 3.12        |
|    value_loss           | 0.032       |
-----------------------------------------
---------------------------------
| rollout/           |          |
|    ep_len_mean     | 448      |
|    ep_rew_mean     | 2.65e+03 |
| time/              |          |
|    fps             | 980      |
|    iterations      | 229      |
|    time_elapsed    | 22954    |
|    total_timesteps | 22511616 |
---------------------------------
---------------------------------------
| rollout/                |           |
|    ep_len_mean          | 461       |
|    ep_rew_mean          | 2.72e+03  |
| time/                   |           |
|    fps                  | 980       |
|    iterations           | 230       |
|    time_elapsed         | 23053     |
|    total_timesteps      | 22609920  |
| train/                  |           |
|    approx_kl            | 0.0183075 |
|    clip_fraction        | 0.327     |
|    clip_range           | 0.15      |
|    entropy_loss         | -43       |
|    explained_variance   | 0.868     |
|    learning_rate        | 0.0001    |
|    loss                 | -0.421    |
|    n_updates            | 3435      |
|    policy_gradient_loss | -0.0171   |
|    std                  | 3.14      |
|    value_loss           | 0.0324    |
---------------------------------------
-----------------------------------------
| rollout/                |             |
|    ep_len_mean          | 440         |
|    ep_rew_mean          | 2.61e+03    |
| time/                   |             |
|    fps                  | 980         |
|    iterations           | 231         |
|    time_elapsed         | 23154       |
|    total_timesteps      | 22708224    |
| train/                  |             |
|    approx_kl            | 0.018137464 |
|    clip_fraction        | 0.319       |
|    clip_range           | 0.15        |
|    entropy_loss         | -43.1       |
|    explained_variance   | 0.879       |
|    learning_rate        | 0.0001      |
|    loss                 | -0.418      |
|    n_updates            | 3450        |
|    policy_gradient_loss | -0.0178     |
|    std                  | 3.16        |
|    value_loss           | 0.0305      |
-----------------------------------------
-----------------------------------------
| rollout/                |             |
|    ep_len_mean          | 461         |
|    ep_rew_mean          | 2.73e+03    |
| time/                   |             |
|    fps                  | 980         |
|    iterations           | 232         |
|    time_elapsed         | 23253       |
|    total_timesteps      | 22806528    |
| train/                  |             |
|    approx_kl            | 0.017832251 |
|    clip_fraction        | 0.316       |
|    clip_range           | 0.15        |
|    entropy_loss         | -43.2       |
|    explained_variance   | 0.866       |
|    learning_rate        | 0.0001      |
|    loss                 | -0.441      |
|    n_updates            | 3465        |
|    policy_gradient_loss | -0.0172     |
|    std                  | 3.18        |
|    value_loss           | 0.0318      |
-----------------------------------------
----------------------------------------
| rollout/                |            |
|    ep_len_mean          | 441        |
|    ep_rew_mean          | 2.61e+03   |
| time/                   |            |
|    fps                  | 980        |
|    iterations           | 233        |
|    time_elapsed         | 23356      |
|    total_timesteps      | 22904832   |
| train/                  |            |
|    approx_kl            | 0.01797778 |
|    clip_fraction        | 0.322      |
|    clip_range           | 0.15       |
|    entropy_loss         | -43.3      |
|    explained_variance   | 0.872      |
|    learning_rate        | 0.0001     |
|    loss                 | -0.423     |
|    n_updates            | 3480       |
|    policy_gradient_loss | -0.0174    |
|    std                  | 3.2        |
|    value_loss           | 0.0306     |
----------------------------------------
Eval num_timesteps=22999632, episode_reward=3497.20 +/- 57.03
Episode length: 579.00 +/- 10.99
-----------------------------------------
| eval/                   |             |
|    mean_ep_length       | 579         |
|    mean_reward          | 3.5e+03     |
| time/                   |             |
|    total_timesteps      | 22999632    |
| train/                  |             |
|    approx_kl            | 0.018402757 |
|    clip_fraction        | 0.32        |
|    clip_range           | 0.15        |
|    entropy_loss         | -43.4       |
|    explained_variance   | 0.875       |
|    learning_rate        | 0.0001      |
|    loss                 | -0.397      |
|    n_updates            | 3495        |
|    policy_gradient_loss | -0.0176     |
|    std                  | 3.22        |
|    value_loss           | 0.0313      |
-----------------------------------------
---------------------------------
| rollout/           |          |
|    ep_len_mean     | 441      |
|    ep_rew_mean     | 2.59e+03 |
| time/              |          |
|    fps             | 980      |
|    iterations      | 234      |
|    time_elapsed    | 23460    |
|    total_timesteps | 23003136 |
---------------------------------
-----------------------------------------
| rollout/                |             |
|    ep_len_mean          | 453         |
|    ep_rew_mean          | 2.68e+03    |
| time/                   |             |
|    fps                  | 980         |
|    iterations           | 235         |
|    time_elapsed         | 23560       |
|    total_timesteps      | 23101440    |
| train/                  |             |
|    approx_kl            | 0.018404158 |
|    clip_fraction        | 0.32        |
|    clip_range           | 0.15        |
|    entropy_loss         | -43.6       |
|    explained_variance   | 0.867       |
|    learning_rate        | 0.0001      |
|    loss                 | -0.431      |
|    n_updates            | 3510        |
|    policy_gradient_loss | -0.0178     |
|    std                  | 3.24        |
|    value_loss           | 0.0314      |
-----------------------------------------
-----------------------------------------
| rollout/                |             |
|    ep_len_mean          | 462         |
|    ep_rew_mean          | 2.75e+03    |
| time/                   |             |
|    fps                  | 980         |
|    iterations           | 236         |
|    time_elapsed         | 23660       |
|    total_timesteps      | 23199744    |
| train/                  |             |
|    approx_kl            | 0.018518696 |
|    clip_fraction        | 0.328       |
|    clip_range           | 0.15        |
|    entropy_loss         | -43.7       |
|    explained_variance   | 0.869       |
|    learning_rate        | 0.0001      |
|    loss                 | -0.427      |
|    n_updates            | 3525        |
|    policy_gradient_loss | -0.0172     |
|    std                  | 3.26        |
|    value_loss           | 0.0314      |
-----------------------------------------
-----------------------------------------
| rollout/                |             |
|    ep_len_mean          | 473         |
|    ep_rew_mean          | 2.8e+03     |
| time/                   |             |
|    fps                  | 980         |
|    iterations           | 237         |
|    time_elapsed         | 23760       |
|    total_timesteps      | 23298048    |
| train/                  |             |
|    approx_kl            | 0.018778604 |
|    clip_fraction        | 0.327       |
|    clip_range           | 0.15        |
|    entropy_loss         | -43.8       |
|    explained_variance   | 0.856       |
|    learning_rate        | 0.0001      |
|    loss                 | -0.42       |
|    n_updates            | 3540        |
|    policy_gradient_loss | -0.0171     |
|    std                  | 3.29        |
|    value_loss           | 0.0342      |
-----------------------------------------
-----------------------------------------
| rollout/                |             |
|    ep_len_mean          | 478         |
|    ep_rew_mean          | 2.83e+03    |
| time/                   |             |
|    fps                  | 980         |
|    iterations           | 238         |
|    time_elapsed         | 23861       |
|    total_timesteps      | 23396352    |
| train/                  |             |
|    approx_kl            | 0.018190369 |
|    clip_fraction        | 0.322       |
|    clip_range           | 0.15        |
|    entropy_loss         | -43.9       |
|    explained_variance   | 0.865       |
|    learning_rate        | 0.0001      |
|    loss                 | -0.441      |
|    n_updates            | 3555        |
|    policy_gradient_loss | -0.0168     |
|    std                  | 3.31        |
|    value_loss           | 0.0319      |
-----------------------------------------
-----------------------------------------
| rollout/                |             |
|    ep_len_mean          | 481         |
|    ep_rew_mean          | 2.84e+03    |
| time/                   |             |
|    fps                  | 980         |
|    iterations           | 239         |
|    time_elapsed         | 23960       |
|    total_timesteps      | 23494656    |
| train/                  |             |
|    approx_kl            | 0.018353395 |
|    clip_fraction        | 0.325       |
|    clip_range           | 0.15        |
|    entropy_loss         | -44         |
|    explained_variance   | 0.856       |
|    learning_rate        | 0.0001      |
|    loss                 | -0.441      |
|    n_updates            | 3570        |
|    policy_gradient_loss | -0.0166     |
|    std                  | 3.34        |
|    value_loss           | 0.0325      |
-----------------------------------------
Eval num_timesteps=23499624, episode_reward=3524.23 +/- 68.19
Episode length: 583.60 +/- 14.75
----------------------------------------
| eval/                   |            |
|    mean_ep_length       | 584        |
|    mean_reward          | 3.52e+03   |
| time/                   |            |
|    total_timesteps      | 23499624   |
| train/                  |            |
|    approx_kl            | 0.01835679 |
|    clip_fraction        | 0.325      |
|    clip_range           | 0.15       |
|    entropy_loss         | -44.1      |
|    explained_variance   | 0.861      |
|    learning_rate        | 0.0001     |
|    loss                 | -0.433     |
|    n_updates            | 3585       |
|    policy_gradient_loss | -0.0167    |
|    std                  | 3.36       |
|    value_loss           | 0.0318     |
----------------------------------------
---------------------------------
| rollout/           |          |
|    ep_len_mean     | 446      |
|    ep_rew_mean     | 2.65e+03 |
| time/              |          |
|    fps             | 980      |
|    iterations      | 240      |
|    time_elapsed    | 24063    |
|    total_timesteps | 23592960 |
---------------------------------
-----------------------------------------
| rollout/                |             |
|    ep_len_mean          | 462         |
|    ep_rew_mean          | 2.75e+03    |
| time/                   |             |
|    fps                  | 980         |
|    iterations           | 241         |
|    time_elapsed         | 24162       |
|    total_timesteps      | 23691264    |
| train/                  |             |
|    approx_kl            | 0.018504603 |
|    clip_fraction        | 0.319       |
|    clip_range           | 0.15        |
|    entropy_loss         | -44.2       |
|    explained_variance   | 0.867       |
|    learning_rate        | 0.0001      |
|    loss                 | -0.449      |
|    n_updates            | 3600        |
|    policy_gradient_loss | -0.0168     |
|    std                  | 3.38        |
|    value_loss           | 0.0321      |
-----------------------------------------
-----------------------------------------
| rollout/                |             |
|    ep_len_mean          | 458         |
|    ep_rew_mean          | 2.73e+03    |
| time/                   |             |
|    fps                  | 980         |
|    iterations           | 242         |
|    time_elapsed         | 24260       |
|    total_timesteps      | 23789568    |
| train/                  |             |
|    approx_kl            | 0.018473394 |
|    clip_fraction        | 0.325       |
|    clip_range           | 0.15        |
|    entropy_loss         | -44.4       |
|    explained_variance   | 0.855       |
|    learning_rate        | 0.0001      |
|    loss                 | -0.419      |
|    n_updates            | 3615        |
|    policy_gradient_loss | -0.0169     |
|    std                  | 3.41        |
|    value_loss           | 0.0334      |
-----------------------------------------
----------------------------------------
| rollout/                |            |
|    ep_len_mean          | 437        |
|    ep_rew_mean          | 2.59e+03   |
| time/                   |            |
|    fps                  | 980        |
|    iterations           | 243        |
|    time_elapsed         | 24359      |
|    total_timesteps      | 23887872   |
| train/                  |            |
|    approx_kl            | 0.01861581 |
|    clip_fraction        | 0.324      |
|    clip_range           | 0.15       |
|    entropy_loss         | -44.5      |
|    explained_variance   | 0.86       |
|    learning_rate        | 0.0001     |
|    loss                 | -0.426     |
|    n_updates            | 3630       |
|    policy_gradient_loss | -0.0173    |
|    std                  | 3.43       |
|    value_loss           | 0.0336     |
----------------------------------------
-----------------------------------------
| rollout/                |             |
|    ep_len_mean          | 465         |
|    ep_rew_mean          | 2.78e+03    |
| time/                   |             |
|    fps                  | 980         |
|    iterations           | 244         |
|    time_elapsed         | 24456       |
|    total_timesteps      | 23986176    |
| train/                  |             |
|    approx_kl            | 0.018011421 |
|    clip_fraction        | 0.32        |
|    clip_range           | 0.15        |
|    entropy_loss         | -44.6       |
|    explained_variance   | 0.86        |
|    learning_rate        | 0.0001      |
|    loss                 | -0.416      |
|    n_updates            | 3645        |
|    policy_gradient_loss | -0.0176     |
|    std                  | 3.45        |
|    value_loss           | 0.0325      |
-----------------------------------------
Eval num_timesteps=23999616, episode_reward=3439.25 +/- 63.29
Episode length: 567.60 +/- 13.18
----------------------------------------
| eval/                   |            |
|    mean_ep_length       | 568        |
|    mean_reward          | 3.44e+03   |
| time/                   |            |
|    total_timesteps      | 23999616   |
| train/                  |            |
|    approx_kl            | 0.01802663 |
|    clip_fraction        | 0.319      |
|    clip_range           | 0.15       |
|    entropy_loss         | -44.7      |
|    explained_variance   | 0.86       |
|    learning_rate        | 0.0001     |
|    loss                 | -0.438     |
|    n_updates            | 3660       |
|    policy_gradient_loss | -0.0172    |
|    std                  | 3.48       |
|    value_loss           | 0.0309     |
----------------------------------------
---------------------------------
| rollout/           |          |
|    ep_len_mean     | 455      |
|    ep_rew_mean     | 2.72e+03 |
| time/              |          |
|    fps             | 980      |
|    iterations      | 245      |
|    time_elapsed    | 24559    |
|    total_timesteps | 24084480 |
---------------------------------
-----------------------------------------
| rollout/                |             |
|    ep_len_mean          | 461         |
|    ep_rew_mean          | 2.74e+03    |
| time/                   |             |
|    fps                  | 980         |
|    iterations           | 246         |
|    time_elapsed         | 24658       |
|    total_timesteps      | 24182784    |
| train/                  |             |
|    approx_kl            | 0.017736921 |
|    clip_fraction        | 0.316       |
|    clip_range           | 0.15        |
|    entropy_loss         | -44.8       |
|    explained_variance   | 0.864       |
|    learning_rate        | 0.0001      |
|    loss                 | -0.451      |
|    n_updates            | 3675        |
|    policy_gradient_loss | -0.0172     |
|    std                  | 3.5         |
|    value_loss           | 0.0324      |
-----------------------------------------
-----------------------------------------
| rollout/                |             |
|    ep_len_mean          | 471         |
|    ep_rew_mean          | 2.81e+03    |
| time/                   |             |
|    fps                  | 980         |
|    iterations           | 247         |
|    time_elapsed         | 24757       |
|    total_timesteps      | 24281088    |
| train/                  |             |
|    approx_kl            | 0.018109836 |
|    clip_fraction        | 0.322       |
|    clip_range           | 0.15        |
|    entropy_loss         | -44.9       |
|    explained_variance   | 0.856       |
|    learning_rate        | 0.0001      |
|    loss                 | -0.443      |
|    n_updates            | 3690        |
|    policy_gradient_loss | -0.0173     |
|    std                  | 3.52        |
|    value_loss           | 0.0313      |
-----------------------------------------
-----------------------------------------
| rollout/                |             |
|    ep_len_mean          | 464         |
|    ep_rew_mean          | 2.76e+03    |
| time/                   |             |
|    fps                  | 980         |
|    iterations           | 248         |
|    time_elapsed         | 24856       |
|    total_timesteps      | 24379392    |
| train/                  |             |
|    approx_kl            | 0.018398745 |
|    clip_fraction        | 0.323       |
|    clip_range           | 0.15        |
|    entropy_loss         | -45         |
|    explained_variance   | 0.854       |
|    learning_rate        | 0.0001      |
|    loss                 | -0.456      |
|    n_updates            | 3705        |
|    policy_gradient_loss | -0.0176     |
|    std                  | 3.55        |
|    value_loss           | 0.033       |
-----------------------------------------
-----------------------------------------
| rollout/                |             |
|    ep_len_mean          | 464         |
|    ep_rew_mean          | 2.76e+03    |
| time/                   |             |
|    fps                  | 980         |
|    iterations           | 249         |
|    time_elapsed         | 24954       |
|    total_timesteps      | 24477696    |
| train/                  |             |
|    approx_kl            | 0.018046355 |
|    clip_fraction        | 0.319       |
|    clip_range           | 0.15        |
|    entropy_loss         | -45.1       |
|    explained_variance   | 0.855       |
|    learning_rate        | 0.0001      |
|    loss                 | -0.442      |
|    n_updates            | 3720        |
|    policy_gradient_loss | -0.0174     |
|    std                  | 3.57        |
|    value_loss           | 0.033       |
-----------------------------------------
Eval num_timesteps=24499608, episode_reward=3470.68 +/- 40.79
Episode length: 573.20 +/- 8.47
-----------------------------------------
| eval/                   |             |
|    mean_ep_length       | 573         |
|    mean_reward          | 3.47e+03    |
| time/                   |             |
|    total_timesteps      | 24499608    |
| train/                  |             |
|    approx_kl            | 0.017998502 |
|    clip_fraction        | 0.318       |
|    clip_range           | 0.15        |
|    entropy_loss         | -45.2       |
|    explained_variance   | 0.857       |
|    learning_rate        | 0.0001      |
|    loss                 | -0.451      |
|    n_updates            | 3735        |
|    policy_gradient_loss | -0.017      |
|    std                  | 3.59        |
|    value_loss           | 0.0327      |
-----------------------------------------
---------------------------------
| rollout/           |          |
|    ep_len_mean     | 449      |
|    ep_rew_mean     | 2.68e+03 |
| time/              |          |
|    fps             | 980      |
|    iterations      | 250      |
|    time_elapsed    | 25056    |
|    total_timesteps | 24576000 |
---------------------------------
-----------------------------------------
| rollout/                |             |
|    ep_len_mean          | 447         |
|    ep_rew_mean          | 2.65e+03    |
| time/                   |             |
|    fps                  | 980         |
|    iterations           | 251         |
|    time_elapsed         | 25155       |
|    total_timesteps      | 24674304    |
| train/                  |             |
|    approx_kl            | 0.017999934 |
|    clip_fraction        | 0.318       |
|    clip_range           | 0.15        |
|    entropy_loss         | -45.3       |
|    explained_variance   | 0.854       |
|    learning_rate        | 0.0001      |
|    loss                 | -0.444      |
|    n_updates            | 3750        |
|    policy_gradient_loss | -0.0171     |
|    std                  | 3.62        |
|    value_loss           | 0.0328      |
-----------------------------------------
----------------------------------------
| rollout/                |            |
|    ep_len_mean          | 455        |
|    ep_rew_mean          | 2.71e+03   |
| time/                   |            |
|    fps                  | 980        |
|    iterations           | 252        |
|    time_elapsed         | 25252      |
|    total_timesteps      | 24772608   |
| train/                  |            |
|    approx_kl            | 0.01804459 |
|    clip_fraction        | 0.32       |
|    clip_range           | 0.15       |
|    entropy_loss         | -45.4      |
|    explained_variance   | 0.864      |
|    learning_rate        | 0.0001     |
|    loss                 | -0.442     |
|    n_updates            | 3765       |
|    policy_gradient_loss | -0.0175    |
|    std                  | 3.64       |
|    value_loss           | 0.0345     |
----------------------------------------
-----------------------------------------
| rollout/                |             |
|    ep_len_mean          | 440         |
|    ep_rew_mean          | 2.61e+03    |
| time/                   |             |
|    fps                  | 981         |
|    iterations           | 253         |
|    time_elapsed         | 25350       |
|    total_timesteps      | 24870912    |
| train/                  |             |
|    approx_kl            | 0.018080214 |
|    clip_fraction        | 0.316       |
|    clip_range           | 0.15        |
|    entropy_loss         | -45.6       |
|    explained_variance   | 0.856       |
|    learning_rate        | 0.0001      |
|    loss                 | -0.431      |
|    n_updates            | 3780        |
|    policy_gradient_loss | -0.0169     |
|    std                  | 3.66        |
|    value_loss           | 0.0326      |
-----------------------------------------
-----------------------------------------
| rollout/                |             |
|    ep_len_mean          | 471         |
|    ep_rew_mean          | 2.8e+03     |
| time/                   |             |
|    fps                  | 981         |
|    iterations           | 254         |
|    time_elapsed         | 25448       |
|    total_timesteps      | 24969216    |
| train/                  |             |
|    approx_kl            | 0.018079834 |
|    clip_fraction        | 0.318       |
|    clip_range           | 0.15        |
|    entropy_loss         | -45.7       |
|    explained_variance   | 0.876       |
|    learning_rate        | 0.0001      |
|    loss                 | -0.461      |
|    n_updates            | 3795        |
|    policy_gradient_loss | -0.0173     |
|    std                  | 3.69        |
|    value_loss           | 0.0307      |
-----------------------------------------
Eval num_timesteps=24999600, episode_reward=3541.13 +/- 69.79
Episode length: 589.80 +/- 16.77
----------------------------------------
| eval/                   |            |
|    mean_ep_length       | 590        |
|    mean_reward          | 3.54e+03   |
| time/                   |            |
|    total_timesteps      | 24999600   |
| train/                  |            |
|    approx_kl            | 0.01821317 |
|    clip_fraction        | 0.32       |
|    clip_range           | 0.15       |
|    entropy_loss         | -45.8      |
|    explained_variance   | 0.858      |
|    learning_rate        | 0.0001     |
|    loss                 | -0.465     |
|    n_updates            | 3810       |
|    policy_gradient_loss | -0.0171    |
|    std                  | 3.72       |
|    value_loss           | 0.033      |
----------------------------------------
---------------------------------
| rollout/           |          |
|    ep_len_mean     | 455      |
|    ep_rew_mean     | 2.71e+03 |
| time/              |          |
|    fps             | 981      |
|    iterations      | 255      |
|    time_elapsed    | 25551    |
|    total_timesteps | 25067520 |
---------------------------------
-----------------------------------------
| rollout/                |             |
|    ep_len_mean          | 468         |
|    ep_rew_mean          | 2.79e+03    |
| time/                   |             |
|    fps                  | 981         |
|    iterations           | 256         |
|    time_elapsed         | 25651       |
|    total_timesteps      | 25165824    |
| train/                  |             |
|    approx_kl            | 0.018406631 |
|    clip_fraction        | 0.319       |
|    clip_range           | 0.15        |
|    entropy_loss         | -45.9       |
|    explained_variance   | 0.853       |
|    learning_rate        | 0.0001      |
|    loss                 | -0.455      |
|    n_updates            | 3825        |
|    policy_gradient_loss | -0.017      |
|    std                  | 3.74        |
|    value_loss           | 0.0339      |
-----------------------------------------
-----------------------------------------
| rollout/                |             |
|    ep_len_mean          | 448         |
|    ep_rew_mean          | 2.66e+03    |
| time/                   |             |
|    fps                  | 981         |
|    iterations           | 257         |
|    time_elapsed         | 25750       |
|    total_timesteps      | 25264128    |
| train/                  |             |
|    approx_kl            | 0.017345225 |
|    clip_fraction        | 0.313       |
|    clip_range           | 0.15        |
|    entropy_loss         | -46         |
|    explained_variance   | 0.855       |
|    learning_rate        | 0.0001      |
|    loss                 | -0.429      |
|    n_updates            | 3840        |
|    policy_gradient_loss | -0.0165     |
|    std                  | 3.77        |
|    value_loss           | 0.0332      |
-----------------------------------------
-----------------------------------------
| rollout/                |             |
|    ep_len_mean          | 458         |
|    ep_rew_mean          | 2.73e+03    |
| time/                   |             |
|    fps                  | 981         |
|    iterations           | 258         |
|    time_elapsed         | 25848       |
|    total_timesteps      | 25362432    |
| train/                  |             |
|    approx_kl            | 0.017880334 |
|    clip_fraction        | 0.318       |
|    clip_range           | 0.15        |
|    entropy_loss         | -46.1       |
|    explained_variance   | 0.858       |
|    learning_rate        | 0.0001      |
|    loss                 | -0.432      |
|    n_updates            | 3855        |
|    policy_gradient_loss | -0.0174     |
|    std                  | 3.79        |
|    value_loss           | 0.0327      |
-----------------------------------------
-----------------------------------------
| rollout/                |             |
|    ep_len_mean          | 474         |
|    ep_rew_mean          | 2.82e+03    |
| time/                   |             |
|    fps                  | 981         |
|    iterations           | 259         |
|    time_elapsed         | 25947       |
|    total_timesteps      | 25460736    |
| train/                  |             |
|    approx_kl            | 0.018306097 |
|    clip_fraction        | 0.323       |
|    clip_range           | 0.15        |
|    entropy_loss         | -46.2       |
|    explained_variance   | 0.86        |
|    learning_rate        | 0.0001      |
|    loss                 | -0.461      |
|    n_updates            | 3870        |
|    policy_gradient_loss | -0.0176     |
|    std                  | 3.82        |
|    value_loss           | 0.0333      |
-----------------------------------------
Eval num_timesteps=25499592, episode_reward=3543.38 +/- 96.06
Episode length: 591.00 +/- 21.27
-----------------------------------------
| eval/                   |             |
|    mean_ep_length       | 591         |
|    mean_reward          | 3.54e+03    |
| time/                   |             |
|    total_timesteps      | 25499592    |
| train/                  |             |
|    approx_kl            | 0.017973064 |
|    clip_fraction        | 0.32        |
|    clip_range           | 0.15        |
|    entropy_loss         | -46.4       |
|    explained_variance   | 0.852       |
|    learning_rate        | 0.0001      |
|    loss                 | -0.46       |
|    n_updates            | 3885        |
|    policy_gradient_loss | -0.0171     |
|    std                  | 3.85        |
|    value_loss           | 0.0327      |
-----------------------------------------
---------------------------------
| rollout/           |          |
|    ep_len_mean     | 471      |
|    ep_rew_mean     | 2.78e+03 |
| time/              |          |
|    fps             | 981      |
|    iterations      | 260      |
|    time_elapsed    | 26050    |
|    total_timesteps | 25559040 |
---------------------------------
-----------------------------------------
| rollout/                |             |
|    ep_len_mean          | 451         |
|    ep_rew_mean          | 2.67e+03    |
| time/                   |             |
|    fps                  | 981         |
|    iterations           | 261         |
|    time_elapsed         | 26149       |
|    total_timesteps      | 25657344    |
| train/                  |             |
|    approx_kl            | 0.017963616 |
|    clip_fraction        | 0.32        |
|    clip_range           | 0.15        |
|    entropy_loss         | -46.5       |
|    explained_variance   | 0.855       |
|    learning_rate        | 0.0001      |
|    loss                 | -0.467      |
|    n_updates            | 3900        |
|    policy_gradient_loss | -0.0167     |
|    std                  | 3.88        |
|    value_loss           | 0.0343      |
-----------------------------------------
-----------------------------------------
| rollout/                |             |
|    ep_len_mean          | 465         |
|    ep_rew_mean          | 2.76e+03    |
| time/                   |             |
|    fps                  | 981         |
|    iterations           | 262         |
|    time_elapsed         | 26249       |
|    total_timesteps      | 25755648    |
| train/                  |             |
|    approx_kl            | 0.017978668 |
|    clip_fraction        | 0.317       |
|    clip_range           | 0.15        |
|    entropy_loss         | -46.6       |
|    explained_variance   | 0.866       |
|    learning_rate        | 0.0001      |
|    loss                 | -0.44       |
|    n_updates            | 3915        |
|    policy_gradient_loss | -0.0174     |
|    std                  | 3.9         |
|    value_loss           | 0.0336      |
-----------------------------------------
-----------------------------------------
| rollout/                |             |
|    ep_len_mean          | 481         |
|    ep_rew_mean          | 2.84e+03    |
| time/                   |             |
|    fps                  | 981         |
|    iterations           | 263         |
|    time_elapsed         | 26349       |
|    total_timesteps      | 25853952    |
| train/                  |             |
|    approx_kl            | 0.017971078 |
|    clip_fraction        | 0.317       |
|    clip_range           | 0.15        |
|    entropy_loss         | -46.7       |
|    explained_variance   | 0.86        |
|    learning_rate        | 0.0001      |
|    loss                 | -0.468      |
|    n_updates            | 3930        |
|    policy_gradient_loss | -0.0169     |
|    std                  | 3.93        |
|    value_loss           | 0.0337      |
-----------------------------------------
-----------------------------------------
| rollout/                |             |
|    ep_len_mean          | 468         |
|    ep_rew_mean          | 2.78e+03    |
| time/                   |             |
|    fps                  | 981         |
|    iterations           | 264         |
|    time_elapsed         | 26446       |
|    total_timesteps      | 25952256    |
| train/                  |             |
|    approx_kl            | 0.017943354 |
|    clip_fraction        | 0.317       |
|    clip_range           | 0.15        |
|    entropy_loss         | -46.8       |
|    explained_variance   | 0.864       |
|    learning_rate        | 0.0001      |
|    loss                 | -0.475      |
|    n_updates            | 3945        |
|    policy_gradient_loss | -0.0174     |
|    std                  | 3.96        |
|    value_loss           | 0.031       |
-----------------------------------------
Eval num_timesteps=25999584, episode_reward=3744.06 +/- 255.93
Episode length: 633.40 +/- 56.84
----------------------------------------
| eval/                   |            |
|    mean_ep_length       | 633        |
|    mean_reward          | 3.74e+03   |
| time/                   |            |
|    total_timesteps      | 25999584   |
| train/                  |            |
|    approx_kl            | 0.01780346 |
|    clip_fraction        | 0.315      |
|    clip_range           | 0.15       |
|    entropy_loss         | -46.9      |
|    explained_variance   | 0.86       |
|    learning_rate        | 0.0001     |
|    loss                 | -0.466     |
|    n_updates            | 3960       |
|    policy_gradient_loss | -0.0172    |
|    std                  | 3.98       |
|    value_loss           | 0.032      |
----------------------------------------
---------------------------------
| rollout/           |          |
|    ep_len_mean     | 445      |
|    ep_rew_mean     | 2.62e+03 |
| time/              |          |
|    fps             | 981      |
|    iterations      | 265      |
|    time_elapsed    | 26549    |
|    total_timesteps | 26050560 |
---------------------------------
-----------------------------------------
| rollout/                |             |
|    ep_len_mean          | 473         |
|    ep_rew_mean          | 2.8e+03     |
| time/                   |             |
|    fps                  | 981         |
|    iterations           | 266         |
|    time_elapsed         | 26647       |
|    total_timesteps      | 26148864    |
| train/                  |             |
|    approx_kl            | 0.017471233 |
|    clip_fraction        | 0.311       |
|    clip_range           | 0.15        |
|    entropy_loss         | -47         |
|    explained_variance   | 0.866       |
|    learning_rate        | 0.0001      |
|    loss                 | -0.449      |
|    n_updates            | 3975        |
|    policy_gradient_loss | -0.0172     |
|    std                  | 4.01        |
|    value_loss           | 0.0319      |
-----------------------------------------
-----------------------------------------
| rollout/                |             |
|    ep_len_mean          | 458         |
|    ep_rew_mean          | 2.71e+03    |
| time/                   |             |
|    fps                  | 981         |
|    iterations           | 267         |
|    time_elapsed         | 26746       |
|    total_timesteps      | 26247168    |
| train/                  |             |
|    approx_kl            | 0.017629774 |
|    clip_fraction        | 0.311       |
|    clip_range           | 0.15        |
|    entropy_loss         | -47.1       |
|    explained_variance   | 0.854       |
|    learning_rate        | 0.0001      |
|    loss                 | -0.462      |
|    n_updates            | 3990        |
|    policy_gradient_loss | -0.0175     |
|    std                  | 4.04        |
|    value_loss           | 0.0331      |
-----------------------------------------
-----------------------------------------
| rollout/                |             |
|    ep_len_mean          | 465         |
|    ep_rew_mean          | 2.75e+03    |
| time/                   |             |
|    fps                  | 981         |
|    iterations           | 268         |
|    time_elapsed         | 26846       |
|    total_timesteps      | 26345472    |
| train/                  |             |
|    approx_kl            | 0.017757475 |
|    clip_fraction        | 0.313       |
|    clip_range           | 0.15        |
|    entropy_loss         | -47.3       |
|    explained_variance   | 0.867       |
|    learning_rate        | 0.0001      |
|    loss                 | -0.489      |
|    n_updates            | 4005        |
|    policy_gradient_loss | -0.0181     |
|    std                  | 4.06        |
|    value_loss           | 0.0311      |
-----------------------------------------
-----------------------------------------
| rollout/                |             |
|    ep_len_mean          | 467         |
|    ep_rew_mean          | 2.76e+03    |
| time/                   |             |
|    fps                  | 981         |
|    iterations           | 269         |
|    time_elapsed         | 26944       |
|    total_timesteps      | 26443776    |
| train/                  |             |
|    approx_kl            | 0.017550291 |
|    clip_fraction        | 0.314       |
|    clip_range           | 0.15        |
|    entropy_loss         | -47.4       |
|    explained_variance   | 0.865       |
|    learning_rate        | 0.0001      |
|    loss                 | -0.451      |
|    n_updates            | 4020        |
|    policy_gradient_loss | -0.0172     |
|    std                  | 4.09        |
|    value_loss           | 0.0308      |
-----------------------------------------
Eval num_timesteps=26499576, episode_reward=3587.98 +/- 66.37
Episode length: 600.80 +/- 13.04
-----------------------------------------
| eval/                   |             |
|    mean_ep_length       | 601         |
|    mean_reward          | 3.59e+03    |
| time/                   |             |
|    total_timesteps      | 26499576    |
| train/                  |             |
|    approx_kl            | 0.017472627 |
|    clip_fraction        | 0.312       |
|    clip_range           | 0.15        |
|    entropy_loss         | -47.5       |
|    explained_variance   | 0.855       |
|    learning_rate        | 0.0001      |
|    loss                 | -0.463      |
|    n_updates            | 4035        |
|    policy_gradient_loss | -0.0174     |
|    std                  | 4.12        |
|    value_loss           | 0.0334      |
-----------------------------------------
---------------------------------
| rollout/           |          |
|    ep_len_mean     | 450      |
|    ep_rew_mean     | 2.66e+03 |
| time/              |          |
|    fps             | 981      |
|    iterations      | 270      |
|    time_elapsed    | 27048    |
|    total_timesteps | 26542080 |
---------------------------------
-----------------------------------------
| rollout/                |             |
|    ep_len_mean          | 473         |
|    ep_rew_mean          | 2.81e+03    |
| time/                   |             |
|    fps                  | 981         |
|    iterations           | 271         |
|    time_elapsed         | 27147       |
|    total_timesteps      | 26640384    |
| train/                  |             |
|    approx_kl            | 0.017777912 |
|    clip_fraction        | 0.311       |
|    clip_range           | 0.15        |
|    entropy_loss         | -47.6       |
|    explained_variance   | 0.859       |
|    learning_rate        | 0.0001      |
|    loss                 | -0.476      |
|    n_updates            | 4050        |
|    policy_gradient_loss | -0.0176     |
|    std                  | 4.15        |
|    value_loss           | 0.0325      |
-----------------------------------------
-----------------------------------------
| rollout/                |             |
|    ep_len_mean          | 470         |
|    ep_rew_mean          | 2.81e+03    |
| time/                   |             |
|    fps                  | 981         |
|    iterations           | 272         |
|    time_elapsed         | 27247       |
|    total_timesteps      | 26738688    |
| train/                  |             |
|    approx_kl            | 0.017768888 |
|    clip_fraction        | 0.315       |
|    clip_range           | 0.15        |
|    entropy_loss         | -47.7       |
|    explained_variance   | 0.861       |
|    learning_rate        | 0.0001      |
|    loss                 | -0.482      |
|    n_updates            | 4065        |
|    policy_gradient_loss | -0.0171     |
|    std                  | 4.18        |
|    value_loss           | 0.0326      |
-----------------------------------------
-----------------------------------------
| rollout/                |             |
|    ep_len_mean          | 463         |
|    ep_rew_mean          | 2.74e+03    |
| time/                   |             |
|    fps                  | 981         |
|    iterations           | 273         |
|    time_elapsed         | 27346       |
|    total_timesteps      | 26836992    |
| train/                  |             |
|    approx_kl            | 0.018009713 |
|    clip_fraction        | 0.312       |
|    clip_range           | 0.15        |
|    entropy_loss         | -47.8       |
|    explained_variance   | 0.852       |
|    learning_rate        | 0.0001      |
|    loss                 | -0.461      |
|    n_updates            | 4080        |
|    policy_gradient_loss | -0.017      |
|    std                  | 4.21        |
|    value_loss           | 0.0329      |
-----------------------------------------
-----------------------------------------
| rollout/                |             |
|    ep_len_mean          | 469         |
|    ep_rew_mean          | 2.79e+03    |
| time/                   |             |
|    fps                  | 981         |
|    iterations           | 274         |
|    time_elapsed         | 27445       |
|    total_timesteps      | 26935296    |
| train/                  |             |
|    approx_kl            | 0.018031567 |
|    clip_fraction        | 0.315       |
|    clip_range           | 0.15        |
|    entropy_loss         | -48         |
|    explained_variance   | 0.865       |
|    learning_rate        | 0.0001      |
|    loss                 | -0.477      |
|    n_updates            | 4095        |
|    policy_gradient_loss | -0.0176     |
|    std                  | 4.24        |
|    value_loss           | 0.0313      |
-----------------------------------------
Eval num_timesteps=26999568, episode_reward=3555.46 +/- 60.93
Episode length: 593.20 +/- 14.15
----------------------------------------
| eval/                   |            |
|    mean_ep_length       | 593        |
|    mean_reward          | 3.56e+03   |
| time/                   |            |
|    total_timesteps      | 26999568   |
| train/                  |            |
|    approx_kl            | 0.01757724 |
|    clip_fraction        | 0.313      |
|    clip_range           | 0.15       |
|    entropy_loss         | -48.1      |
|    explained_variance   | 0.861      |
|    learning_rate        | 0.0001     |
|    loss                 | -0.487     |
|    n_updates            | 4110       |
|    policy_gradient_loss | -0.0169    |
|    std                  | 4.28       |
|    value_loss           | 0.032      |
----------------------------------------
---------------------------------
| rollout/           |          |
|    ep_len_mean     | 448      |
|    ep_rew_mean     | 2.66e+03 |
| time/              |          |
|    fps             | 981      |
|    iterations      | 275      |
|    time_elapsed    | 27549    |
|    total_timesteps | 27033600 |
---------------------------------
---------------------------------------
| rollout/                |           |
|    ep_len_mean          | 472       |
|    ep_rew_mean          | 2.8e+03   |
| time/                   |           |
|    fps                  | 981       |
|    iterations           | 276       |
|    time_elapsed         | 27647     |
|    total_timesteps      | 27131904  |
| train/                  |           |
|    approx_kl            | 0.0176745 |
|    clip_fraction        | 0.312     |
|    clip_range           | 0.15      |
|    entropy_loss         | -48.2     |
|    explained_variance   | 0.868     |
|    learning_rate        | 0.0001    |
|    loss                 | -0.49     |
|    n_updates            | 4125      |
|    policy_gradient_loss | -0.0176   |
|    std                  | 4.31      |
|    value_loss           | 0.031     |
---------------------------------------
-----------------------------------------
| rollout/                |             |
|    ep_len_mean          | 449         |
|    ep_rew_mean          | 2.65e+03    |
| time/                   |             |
|    fps                  | 981         |
|    iterations           | 277         |
|    time_elapsed         | 27744       |
|    total_timesteps      | 27230208    |
| train/                  |             |
|    approx_kl            | 0.017717974 |
|    clip_fraction        | 0.311       |
|    clip_range           | 0.15        |
|    entropy_loss         | -48.3       |
|    explained_variance   | 0.858       |
|    learning_rate        | 0.0001      |
|    loss                 | -0.475      |
|    n_updates            | 4140        |
|    policy_gradient_loss | -0.017      |
|    std                  | 4.34        |
|    value_loss           | 0.0321      |
-----------------------------------------
-----------------------------------------
| rollout/                |             |
|    ep_len_mean          | 467         |
|    ep_rew_mean          | 2.75e+03    |
| time/                   |             |
|    fps                  | 981         |
|    iterations           | 278         |
|    time_elapsed         | 27844       |
|    total_timesteps      | 27328512    |
| train/                  |             |
|    approx_kl            | 0.017807158 |
|    clip_fraction        | 0.317       |
|    clip_range           | 0.15        |
|    entropy_loss         | -48.5       |
|    explained_variance   | 0.85        |
|    learning_rate        | 0.0001      |
|    loss                 | -0.492      |
|    n_updates            | 4155        |
|    policy_gradient_loss | -0.0174     |
|    std                  | 4.37        |
|    value_loss           | 0.0341      |
-----------------------------------------
----------------------------------------
| rollout/                |            |
|    ep_len_mean          | 457        |
|    ep_rew_mean          | 2.71e+03   |
| time/                   |            |
|    fps                  | 981        |
|    iterations           | 279        |
|    time_elapsed         | 27941      |
|    total_timesteps      | 27426816   |
| train/                  |            |
|    approx_kl            | 0.01784902 |
|    clip_fraction        | 0.312      |
|    clip_range           | 0.15       |
|    entropy_loss         | -48.6      |
|    explained_variance   | 0.853      |
|    learning_rate        | 0.0001     |
|    loss                 | -0.46      |
|    n_updates            | 4170       |
|    policy_gradient_loss | -0.0173    |
|    std                  | 4.4        |
|    value_loss           | 0.0332     |
----------------------------------------
Eval num_timesteps=27499560, episode_reward=3574.50 +/- 102.47
Episode length: 597.60 +/- 21.40
-----------------------------------------
| eval/                   |             |
|    mean_ep_length       | 598         |
|    mean_reward          | 3.57e+03    |
| time/                   |             |
|    total_timesteps      | 27499560    |
| train/                  |             |
|    approx_kl            | 0.017587604 |
|    clip_fraction        | 0.313       |
|    clip_range           | 0.15        |
|    entropy_loss         | -48.7       |
|    explained_variance   | 0.858       |
|    learning_rate        | 0.0001      |
|    loss                 | -0.488      |
|    n_updates            | 4185        |
|    policy_gradient_loss | -0.0174     |
|    std                  | 4.43        |
|    value_loss           | 0.0324      |
-----------------------------------------
---------------------------------
| rollout/           |          |
|    ep_len_mean     | 445      |
|    ep_rew_mean     | 2.63e+03 |
| time/              |          |
|    fps             | 981      |
|    iterations      | 280      |
|    time_elapsed    | 28043    |
|    total_timesteps | 27525120 |
---------------------------------
-----------------------------------------
| rollout/                |             |
|    ep_len_mean          | 475         |
|    ep_rew_mean          | 2.81e+03    |
| time/                   |             |
|    fps                  | 981         |
|    iterations           | 281         |
|    time_elapsed         | 28141       |
|    total_timesteps      | 27623424    |
| train/                  |             |
|    approx_kl            | 0.017221415 |
|    clip_fraction        | 0.308       |
|    clip_range           | 0.15        |
|    entropy_loss         | -48.8       |
|    explained_variance   | 0.87        |
|    learning_rate        | 0.0001      |
|    loss                 | -0.488      |
|    n_updates            | 4200        |
|    policy_gradient_loss | -0.018      |
|    std                  | 4.46        |
|    value_loss           | 0.0317      |
-----------------------------------------
-----------------------------------------
| rollout/                |             |
|    ep_len_mean          | 468         |
|    ep_rew_mean          | 2.78e+03    |
| time/                   |             |
|    fps                  | 981         |
|    iterations           | 282         |
|    time_elapsed         | 28240       |
|    total_timesteps      | 27721728    |
| train/                  |             |
|    approx_kl            | 0.017386278 |
|    clip_fraction        | 0.307       |
|    clip_range           | 0.15        |
|    entropy_loss         | -48.9       |
|    explained_variance   | 0.855       |
|    learning_rate        | 0.0001      |
|    loss                 | -0.489      |
|    n_updates            | 4215        |
|    policy_gradient_loss | -0.017      |
|    std                  | 4.49        |
|    value_loss           | 0.0335      |
-----------------------------------------
-----------------------------------------
| rollout/                |             |
|    ep_len_mean          | 465         |
|    ep_rew_mean          | 2.75e+03    |
| time/                   |             |
|    fps                  | 981         |
|    iterations           | 283         |
|    time_elapsed         | 28339       |
|    total_timesteps      | 27820032    |
| train/                  |             |
|    approx_kl            | 0.017281426 |
|    clip_fraction        | 0.301       |
|    clip_range           | 0.15        |
|    entropy_loss         | -49         |
|    explained_variance   | 0.865       |
|    learning_rate        | 0.0001      |
|    loss                 | -0.462      |
|    n_updates            | 4230        |
|    policy_gradient_loss | -0.0176     |
|    std                  | 4.52        |
|    value_loss           | 0.031       |
-----------------------------------------
-----------------------------------------
| rollout/                |             |
|    ep_len_mean          | 449         |
|    ep_rew_mean          | 2.66e+03    |
| time/                   |             |
|    fps                  | 981         |
|    iterations           | 284         |
|    time_elapsed         | 28437       |
|    total_timesteps      | 27918336    |
| train/                  |             |
|    approx_kl            | 0.017017452 |
|    clip_fraction        | 0.308       |
|    clip_range           | 0.15        |
|    entropy_loss         | -49.1       |
|    explained_variance   | 0.856       |
|    learning_rate        | 0.0001      |
|    loss                 | -0.476      |
|    n_updates            | 4245        |
|    policy_gradient_loss | -0.0176     |
|    std                  | 4.55        |
|    value_loss           | 0.0324      |
-----------------------------------------
Eval num_timesteps=27999552, episode_reward=3524.78 +/- 51.89
Episode length: 585.60 +/- 11.18
-----------------------------------------
| eval/                   |             |
|    mean_ep_length       | 586         |
|    mean_reward          | 3.52e+03    |
| time/                   |             |
|    total_timesteps      | 27999552    |
| train/                  |             |
|    approx_kl            | 0.017220825 |
|    clip_fraction        | 0.308       |
|    clip_range           | 0.15        |
|    entropy_loss         | -49.2       |
|    explained_variance   | 0.864       |
|    learning_rate        | 0.0001      |
|    loss                 | -0.509      |
|    n_updates            | 4260        |
|    policy_gradient_loss | -0.0174     |
|    std                  | 4.58        |
|    value_loss           | 0.0322      |
-----------------------------------------
---------------------------------
| rollout/           |          |
|    ep_len_mean     | 457      |
|    ep_rew_mean     | 2.7e+03  |
| time/              |          |
|    fps             | 981      |
|    iterations      | 285      |
|    time_elapsed    | 28539    |
|    total_timesteps | 28016640 |
---------------------------------
-----------------------------------------
| rollout/                |             |
|    ep_len_mean          | 470         |
|    ep_rew_mean          | 2.79e+03    |
| time/                   |             |
|    fps                  | 981         |
|    iterations           | 286         |
|    time_elapsed         | 28637       |
|    total_timesteps      | 28114944    |
| train/                  |             |
|    approx_kl            | 0.017196776 |
|    clip_fraction        | 0.306       |
|    clip_range           | 0.15        |
|    entropy_loss         | -49.4       |
|    explained_variance   | 0.851       |
|    learning_rate        | 0.0001      |
|    loss                 | -0.46       |
|    n_updates            | 4275        |
|    policy_gradient_loss | -0.0168     |
|    std                  | 4.61        |
|    value_loss           | 0.0344      |
-----------------------------------------
----------------------------------------
| rollout/                |            |
|    ep_len_mean          | 452        |
|    ep_rew_mean          | 2.67e+03   |
| time/                   |            |
|    fps                  | 981        |
|    iterations           | 287        |
|    time_elapsed         | 28735      |
|    total_timesteps      | 28213248   |
| train/                  |            |
|    approx_kl            | 0.01753678 |
|    clip_fraction        | 0.307      |
|    clip_range           | 0.15       |
|    entropy_loss         | -49.5      |
|    explained_variance   | 0.866      |
|    learning_rate        | 0.0001     |
|    loss                 | -0.506     |
|    n_updates            | 4290       |
|    policy_gradient_loss | -0.0177    |
|    std                  | 4.64       |
|    value_loss           | 0.0325     |
----------------------------------------
----------------------------------------
| rollout/                |            |
|    ep_len_mean          | 468        |
|    ep_rew_mean          | 2.76e+03   |
| time/                   |            |
|    fps                  | 981        |
|    iterations           | 288        |
|    time_elapsed         | 28834      |
|    total_timesteps      | 28311552   |
| train/                  |            |
|    approx_kl            | 0.01790017 |
|    clip_fraction        | 0.31       |
|    clip_range           | 0.15       |
|    entropy_loss         | -49.6      |
|    explained_variance   | 0.858      |
|    learning_rate        | 0.0001     |
|    loss                 | -0.488     |
|    n_updates            | 4305       |
|    policy_gradient_loss | -0.0176    |
|    std                  | 4.67       |
|    value_loss           | 0.0338     |
----------------------------------------
-----------------------------------------
| rollout/                |             |
|    ep_len_mean          | 461         |
|    ep_rew_mean          | 2.71e+03    |
| time/                   |             |
|    fps                  | 981         |
|    iterations           | 289         |
|    time_elapsed         | 28933       |
|    total_timesteps      | 28409856    |
| train/                  |             |
|    approx_kl            | 0.017481165 |
|    clip_fraction        | 0.306       |
|    clip_range           | 0.15        |
|    entropy_loss         | -49.7       |
|    explained_variance   | 0.863       |
|    learning_rate        | 0.0001      |
|    loss                 | -0.495      |
|    n_updates            | 4320        |
|    policy_gradient_loss | -0.0174     |
|    std                  | 4.7         |
|    value_loss           | 0.0328      |
-----------------------------------------
Eval num_timesteps=28499544, episode_reward=3603.54 +/- 78.54
Episode length: 601.40 +/- 16.98
-----------------------------------------
| eval/                   |             |
|    mean_ep_length       | 601         |
|    mean_reward          | 3.6e+03     |
| time/                   |             |
|    total_timesteps      | 28499544    |
| train/                  |             |
|    approx_kl            | 0.017206725 |
|    clip_fraction        | 0.307       |
|    clip_range           | 0.15        |
|    entropy_loss         | -49.8       |
|    explained_variance   | 0.864       |
|    learning_rate        | 0.0001      |
|    loss                 | -0.503      |
|    n_updates            | 4335        |
|    policy_gradient_loss | -0.0175     |
|    std                  | 4.73        |
|    value_loss           | 0.0322      |
-----------------------------------------
---------------------------------
| rollout/           |          |
|    ep_len_mean     | 458      |
|    ep_rew_mean     | 2.69e+03 |
| time/              |          |
|    fps             | 981      |
|    iterations      | 290      |
|    time_elapsed    | 29033    |
|    total_timesteps | 28508160 |
---------------------------------
-----------------------------------------
| rollout/                |             |
|    ep_len_mean          | 452         |
|    ep_rew_mean          | 2.67e+03    |
| time/                   |             |
|    fps                  | 981         |
|    iterations           | 291         |
|    time_elapsed         | 29130       |
|    total_timesteps      | 28606464    |
| train/                  |             |
|    approx_kl            | 0.017298969 |
|    clip_fraction        | 0.306       |
|    clip_range           | 0.15        |
|    entropy_loss         | -49.9       |
|    explained_variance   | 0.86        |
|    learning_rate        | 0.0001      |
|    loss                 | -0.507      |
|    n_updates            | 4350        |
|    policy_gradient_loss | -0.0177     |
|    std                  | 4.77        |
|    value_loss           | 0.0331      |
-----------------------------------------
-----------------------------------------
| rollout/                |             |
|    ep_len_mean          | 455         |
|    ep_rew_mean          | 2.68e+03    |
| time/                   |             |
|    fps                  | 982         |
|    iterations           | 292         |
|    time_elapsed         | 29228       |
|    total_timesteps      | 28704768    |
| train/                  |             |
|    approx_kl            | 0.017370792 |
|    clip_fraction        | 0.308       |
|    clip_range           | 0.15        |
|    entropy_loss         | -50         |
|    explained_variance   | 0.87        |
|    learning_rate        | 0.0001      |
|    loss                 | -0.506      |
|    n_updates            | 4365        |
|    policy_gradient_loss | -0.0173     |
|    std                  | 4.8         |
|    value_loss           | 0.0334      |
-----------------------------------------
----------------------------------------
| rollout/                |            |
|    ep_len_mean          | 465        |
|    ep_rew_mean          | 2.75e+03   |
| time/                   |            |
|    fps                  | 982        |
|    iterations           | 293        |
|    time_elapsed         | 29327      |
|    total_timesteps      | 28803072   |
| train/                  |            |
|    approx_kl            | 0.01731152 |
|    clip_fraction        | 0.306      |
|    clip_range           | 0.15       |
|    entropy_loss         | -50.1      |
|    explained_variance   | 0.881      |
|    learning_rate        | 0.0001     |
|    loss                 | -0.513     |
|    n_updates            | 4380       |
|    policy_gradient_loss | -0.0171    |
|    std                  | 4.83       |
|    value_loss           | 0.0315     |
----------------------------------------
-----------------------------------------
| rollout/                |             |
|    ep_len_mean          | 462         |
|    ep_rew_mean          | 2.74e+03    |
| time/                   |             |
|    fps                  | 982         |
|    iterations           | 294         |
|    time_elapsed         | 29427       |
|    total_timesteps      | 28901376    |
| train/                  |             |
|    approx_kl            | 0.017042536 |
|    clip_fraction        | 0.306       |
|    clip_range           | 0.15        |
|    entropy_loss         | -50.2       |
|    explained_variance   | 0.858       |
|    learning_rate        | 0.0001      |
|    loss                 | -0.501      |
|    n_updates            | 4395        |
|    policy_gradient_loss | -0.017      |
|    std                  | 4.86        |
|    value_loss           | 0.0324      |
-----------------------------------------
Eval num_timesteps=28999536, episode_reward=3590.59 +/- 97.42
Episode length: 600.60 +/- 20.71
-----------------------------------------
| eval/                   |             |
|    mean_ep_length       | 601         |
|    mean_reward          | 3.59e+03    |
| time/                   |             |
|    total_timesteps      | 28999536    |
| train/                  |             |
|    approx_kl            | 0.017671669 |
|    clip_fraction        | 0.307       |
|    clip_range           | 0.15        |
|    entropy_loss         | -50.4       |
|    explained_variance   | 0.855       |
|    learning_rate        | 0.0001      |
|    loss                 | -0.494      |
|    n_updates            | 4410        |
|    policy_gradient_loss | -0.0174     |
|    std                  | 4.9         |
|    value_loss           | 0.0333      |
-----------------------------------------
---------------------------------
| rollout/           |          |
|    ep_len_mean     | 491      |
|    ep_rew_mean     | 2.9e+03  |
| time/              |          |
|    fps             | 982      |
|    iterations      | 295      |
|    time_elapsed    | 29529    |
|    total_timesteps | 28999680 |
---------------------------------
-----------------------------------------
| rollout/                |             |
|    ep_len_mean          | 460         |
|    ep_rew_mean          | 2.73e+03    |
| time/                   |             |
|    fps                  | 982         |
|    iterations           | 296         |
|    time_elapsed         | 29627       |
|    total_timesteps      | 29097984    |
| train/                  |             |
|    approx_kl            | 0.017403116 |
|    clip_fraction        | 0.306       |
|    clip_range           | 0.15        |
|    entropy_loss         | -50.5       |
|    explained_variance   | 0.848       |
|    learning_rate        | 0.0001      |
|    loss                 | -0.497      |
|    n_updates            | 4425        |
|    policy_gradient_loss | -0.0172     |
|    std                  | 4.93        |
|    value_loss           | 0.0328      |
-----------------------------------------
-----------------------------------------
| rollout/                |             |
|    ep_len_mean          | 476         |
|    ep_rew_mean          | 2.82e+03    |
| time/                   |             |
|    fps                  | 982         |
|    iterations           | 297         |
|    time_elapsed         | 29728       |
|    total_timesteps      | 29196288    |
| train/                  |             |
|    approx_kl            | 0.017831266 |
|    clip_fraction        | 0.311       |
|    clip_range           | 0.15        |
|    entropy_loss         | -50.6       |
|    explained_variance   | 0.866       |
|    learning_rate        | 0.0001      |
|    loss                 | -0.502      |
|    n_updates            | 4440        |
|    policy_gradient_loss | -0.0177     |
|    std                  | 4.96        |
|    value_loss           | 0.0302      |
-----------------------------------------
-----------------------------------------
| rollout/                |             |
|    ep_len_mean          | 470         |
|    ep_rew_mean          | 2.78e+03    |
| time/                   |             |
|    fps                  | 982         |
|    iterations           | 298         |
|    time_elapsed         | 29827       |
|    total_timesteps      | 29294592    |
| train/                  |             |
|    approx_kl            | 0.017209955 |
|    clip_fraction        | 0.306       |
|    clip_range           | 0.15        |
|    entropy_loss         | -50.7       |
|    explained_variance   | 0.861       |
|    learning_rate        | 0.0001      |
|    loss                 | -0.5        |
|    n_updates            | 4455        |
|    policy_gradient_loss | -0.0174     |
|    std                  | 5           |
|    value_loss           | 0.0324      |
-----------------------------------------
-----------------------------------------
| rollout/                |             |
|    ep_len_mean          | 485         |
|    ep_rew_mean          | 2.88e+03    |
| time/                   |             |
|    fps                  | 982         |
|    iterations           | 299         |
|    time_elapsed         | 29925       |
|    total_timesteps      | 29392896    |
| train/                  |             |
|    approx_kl            | 0.017530793 |
|    clip_fraction        | 0.312       |
|    clip_range           | 0.15        |
|    entropy_loss         | -50.8       |
|    explained_variance   | 0.875       |
|    learning_rate        | 0.0001      |
|    loss                 | -0.487      |
|    n_updates            | 4470        |
|    policy_gradient_loss | -0.0179     |
|    std                  | 5.03        |
|    value_loss           | 0.0312      |
-----------------------------------------
-----------------------------------------
| rollout/                |             |
|    ep_len_mean          | 478         |
|    ep_rew_mean          | 2.84e+03    |
| time/                   |             |
|    fps                  | 982         |
|    iterations           | 300         |
|    time_elapsed         | 30023       |
|    total_timesteps      | 29491200    |
| train/                  |             |
|    approx_kl            | 0.016894564 |
|    clip_fraction        | 0.3         |
|    clip_range           | 0.15        |
|    entropy_loss         | -50.9       |
|    explained_variance   | 0.859       |
|    learning_rate        | 0.0001      |
|    loss                 | -0.51       |
|    n_updates            | 4485        |
|    policy_gradient_loss | -0.0173     |
|    std                  | 5.07        |
|    value_loss           | 0.0329      |
-----------------------------------------
Eval num_timesteps=29499528, episode_reward=3629.66 +/- 80.84
Episode length: 608.60 +/- 17.72
-----------------------------------------
| eval/                   |             |
|    mean_ep_length       | 609         |
|    mean_reward          | 3.63e+03    |
| time/                   |             |
|    total_timesteps      | 29499528    |
| train/                  |             |
|    approx_kl            | 0.017087428 |
|    clip_fraction        | 0.307       |
|    clip_range           | 0.15        |
|    entropy_loss         | -51         |
|    explained_variance   | 0.852       |
|    learning_rate        | 0.0001      |
|    loss                 | -0.52       |
|    n_updates            | 4500        |
|    policy_gradient_loss | -0.0172     |
|    std                  | 5.1         |
|    value_loss           | 0.0326      |
-----------------------------------------
---------------------------------
| rollout/           |          |
|    ep_len_mean     | 491      |
|    ep_rew_mean     | 2.92e+03 |
| time/              |          |
|    fps             | 982      |
|    iterations      | 301      |
|    time_elapsed    | 30126    |
|    total_timesteps | 29589504 |
---------------------------------
-----------------------------------------
| rollout/                |             |
|    ep_len_mean          | 459         |
|    ep_rew_mean          | 2.72e+03    |
| time/                   |             |
|    fps                  | 982         |
|    iterations           | 302         |
|    time_elapsed         | 30224       |
|    total_timesteps      | 29687808    |
| train/                  |             |
|    approx_kl            | 0.017651178 |
|    clip_fraction        | 0.308       |
|    clip_range           | 0.15        |
|    entropy_loss         | -51.1       |
|    explained_variance   | 0.859       |
|    learning_rate        | 0.0001      |
|    loss                 | -0.511      |
|    n_updates            | 4515        |
|    policy_gradient_loss | -0.0168     |
|    std                  | 5.14        |
|    value_loss           | 0.0322      |
-----------------------------------------
-----------------------------------------
| rollout/                |             |
|    ep_len_mean          | 441         |
|    ep_rew_mean          | 2.61e+03    |
| time/                   |             |
|    fps                  | 982         |
|    iterations           | 303         |
|    time_elapsed         | 30325       |
|    total_timesteps      | 29786112    |
| train/                  |             |
|    approx_kl            | 0.017086955 |
|    clip_fraction        | 0.306       |
|    clip_range           | 0.15        |
|    entropy_loss         | -51.3       |
|    explained_variance   | 0.862       |
|    learning_rate        | 0.0001      |
|    loss                 | -0.504      |
|    n_updates            | 4530        |
|    policy_gradient_loss | -0.0172     |
|    std                  | 5.18        |
|    value_loss           | 0.0342      |
-----------------------------------------
-----------------------------------------
| rollout/                |             |
|    ep_len_mean          | 466         |
|    ep_rew_mean          | 2.77e+03    |
| time/                   |             |
|    fps                  | 982         |
|    iterations           | 304         |
|    time_elapsed         | 30422       |
|    total_timesteps      | 29884416    |
| train/                  |             |
|    approx_kl            | 0.016981756 |
|    clip_fraction        | 0.304       |
|    clip_range           | 0.15        |
|    entropy_loss         | -51.4       |
|    explained_variance   | 0.861       |
|    learning_rate        | 0.0001      |
|    loss                 | -0.514      |
|    n_updates            | 4545        |
|    policy_gradient_loss | -0.0176     |
|    std                  | 5.21        |
|    value_loss           | 0.032       |
-----------------------------------------
-----------------------------------------
| rollout/                |             |
|    ep_len_mean          | 477         |
|    ep_rew_mean          | 2.84e+03    |
| time/                   |             |
|    fps                  | 982         |
|    iterations           | 305         |
|    time_elapsed         | 30521       |
|    total_timesteps      | 29982720    |
| train/                  |             |
|    approx_kl            | 0.017261887 |
|    clip_fraction        | 0.302       |
|    clip_range           | 0.15        |
|    entropy_loss         | -51.5       |
|    explained_variance   | 0.857       |
|    learning_rate        | 0.0001      |
|    loss                 | -0.489      |
|    n_updates            | 4560        |
|    policy_gradient_loss | -0.017      |
|    std                  | 5.25        |
|    value_loss           | 0.0333      |
-----------------------------------------
Eval num_timesteps=29999520, episode_reward=3517.14 +/- 97.04
Episode length: 586.40 +/- 23.17
-----------------------------------------
| eval/                   |             |
|    mean_ep_length       | 586         |
|    mean_reward          | 3.52e+03    |
| time/                   |             |
|    total_timesteps      | 29999520    |
| train/                  |             |
|    approx_kl            | 0.017624332 |
|    clip_fraction        | 0.309       |
|    clip_range           | 0.15        |
|    entropy_loss         | -51.6       |
|    explained_variance   | 0.855       |
|    learning_rate        | 0.0001      |
|    loss                 | -0.506      |
|    n_updates            | 4575        |
|    policy_gradient_loss | -0.0168     |
|    std                  | 5.29        |
|    value_loss           | 0.0351      |
-----------------------------------------
---------------------------------
| rollout/           |          |
|    ep_len_mean     | 454      |
|    ep_rew_mean     | 2.7e+03  |
| time/              |          |
|    fps             | 982      |
|    iterations      | 306      |
|    time_elapsed    | 30626    |
|    total_timesteps | 30081024 |
---------------------------------
