==== CPU INFO ====
SLURM_CPUS_ON_NODE: 14
SLURM_CPUS_PER_TASK: 8
CPU affinity: [0, 1, 2, 3, 4, 5, 6, 8, 9, 10, 11, 12, 13, 14]
Usable cores: 14
os.cpu_count(): 16
===================
Using cpu device
Logging to runs/humanoid-v5-plane_ppo_lr1e-04_seed0_20251219-192209/logs/PPO_1
rollout mean regret: 6.925050258636475
---------------------------------
| rollout/           |          |
|    ep_len_mean     | 23.9     |
|    ep_rew_mean     | 105      |
| time/              |          |
|    fps             | 1164     |
|    iterations      | 1        |
|    time_elapsed    | 56       |
|    total_timesteps | 65536    |
---------------------------------
rollout mean regret: 3.392641544342041
-----------------------------------------
| rollout/                |             |
|    ep_len_mean          | 23          |
|    ep_rew_mean          | 101         |
| time/                   |             |
|    fps                  | 1015        |
|    iterations           | 2           |
|    time_elapsed         | 129         |
|    total_timesteps      | 131072      |
| train/                  |             |
|    approx_kl            | 0.007589579 |
|    clip_fraction        | 0.151       |
|    clip_range           | 0.15        |
|    entropy_loss         | -24.2       |
|    explained_variance   | -0.958      |
|    learning_rate        | 0.0001      |
|    loss                 | -0.213      |
|    n_updates            | 15          |
|    policy_gradient_loss | -0.0132     |
|    std                  | 1           |
|    value_loss           | 0.119       |
-----------------------------------------
rollout mean regret: 1.9562175273895264
-----------------------------------------
| rollout/                |             |
|    ep_len_mean          | 24.5        |
|    ep_rew_mean          | 107         |
| time/                   |             |
|    fps                  | 990         |
|    iterations           | 3           |
|    time_elapsed         | 198         |
|    total_timesteps      | 196608      |
| train/                  |             |
|    approx_kl            | 0.007938195 |
|    clip_fraction        | 0.171       |
|    clip_range           | 0.15        |
|    entropy_loss         | -24.2       |
|    explained_variance   | 0.679       |
|    learning_rate        | 0.0001      |
|    loss                 | -0.241      |
|    n_updates            | 30          |
|    policy_gradient_loss | -0.0189     |
|    std                  | 1.01        |
|    value_loss           | 0.0376      |
-----------------------------------------
rollout mean regret: 1.8110568523406982
-----------------------------------------
| rollout/                |             |
|    ep_len_mean          | 27.7        |
|    ep_rew_mean          | 121         |
| time/                   |             |
|    fps                  | 956         |
|    iterations           | 4           |
|    time_elapsed         | 273         |
|    total_timesteps      | 262144      |
| train/                  |             |
|    approx_kl            | 0.010695628 |
|    clip_fraction        | 0.245       |
|    clip_range           | 0.15        |
|    entropy_loss         | -24.3       |
|    explained_variance   | 0.839       |
|    learning_rate        | 0.0001      |
|    loss                 | -0.228      |
|    n_updates            | 45          |
|    policy_gradient_loss | -0.0274     |
|    std                  | 1.01        |
|    value_loss           | 0.0646      |
-----------------------------------------
rollout mean regret: 1.7123754024505615
-----------------------------------------
| rollout/                |             |
|    ep_len_mean          | 31.6        |
|    ep_rew_mean          | 139         |
| time/                   |             |
|    fps                  | 953         |
|    iterations           | 5           |
|    time_elapsed         | 343         |
|    total_timesteps      | 327680      |
| train/                  |             |
|    approx_kl            | 0.012223454 |
|    clip_fraction        | 0.277       |
|    clip_range           | 0.15        |
|    entropy_loss         | -24.3       |
|    explained_variance   | 0.847       |
|    learning_rate        | 0.0001      |
|    loss                 | -0.176      |
|    n_updates            | 60          |
|    policy_gradient_loss | -0.0317     |
|    std                  | 1.01        |
|    value_loss           | 0.102       |
-----------------------------------------
rollout mean regret: 1.6787198781967163
-----------------------------------------
| rollout/                |             |
|    ep_len_mean          | 35.9        |
|    ep_rew_mean          | 157         |
| time/                   |             |
|    fps                  | 949         |
|    iterations           | 6           |
|    time_elapsed         | 413         |
|    total_timesteps      | 393216      |
| train/                  |             |
|    approx_kl            | 0.012463776 |
|    clip_fraction        | 0.285       |
|    clip_range           | 0.15        |
|    entropy_loss         | -24.3       |
|    explained_variance   | 0.851       |
|    learning_rate        | 0.0001      |
|    loss                 | -0.161      |
|    n_updates            | 75          |
|    policy_gradient_loss | -0.0324     |
|    std                  | 1.01        |
|    value_loss           | 0.122       |
-----------------------------------------
rollout mean regret: 1.614025592803955
-----------------------------------------
| rollout/                |             |
|    ep_len_mean          | 45.1        |
|    ep_rew_mean          | 199         |
| time/                   |             |
|    fps                  | 944         |
|    iterations           | 7           |
|    time_elapsed         | 485         |
|    total_timesteps      | 458752      |
| train/                  |             |
|    approx_kl            | 0.012646018 |
|    clip_fraction        | 0.284       |
|    clip_range           | 0.15        |
|    entropy_loss         | -24.3       |
|    explained_variance   | 0.855       |
|    learning_rate        | 0.0001      |
|    loss                 | -0.146      |
|    n_updates            | 90          |
|    policy_gradient_loss | -0.0319     |
|    std                  | 1.01        |
|    value_loss           | 0.129       |
-----------------------------------------
Eval num_timesteps=500000, episode_reward=512.82 +/- 78.97
Episode length: 106.00 +/- 16.24
----------------------------------------
| eval/                   |            |
|    mean_ep_length       | 106        |
|    mean_reward          | 513        |
| time/                   |            |
|    total_timesteps      | 500000     |
| train/                  |            |
|    approx_kl            | 0.01242965 |
|    clip_fraction        | 0.276      |
|    clip_range           | 0.15       |
|    entropy_loss         | -24.3      |
|    explained_variance   | 0.864      |
|    learning_rate        | 0.0001     |
|    loss                 | -0.121     |
|    n_updates            | 105        |
|    policy_gradient_loss | -0.0316    |
|    std                  | 1.01       |
|    value_loss           | 0.121      |
----------------------------------------
New best mean reward!
rollout mean regret: 1.4491103887557983
---------------------------------
| rollout/           |          |
|    ep_len_mean     | 50.4     |
|    ep_rew_mean     | 223      |
| time/              |          |
|    fps             | 935      |
|    iterations      | 8        |
|    time_elapsed    | 560      |
|    total_timesteps | 524288   |
---------------------------------
rollout mean regret: 1.1986346244812012
----------------------------------------
| rollout/                |            |
|    ep_len_mean          | 58.6       |
|    ep_rew_mean          | 260        |
| time/                   |            |
|    fps                  | 927        |
|    iterations           | 9          |
|    time_elapsed         | 636        |
|    total_timesteps      | 589824     |
| train/                  |            |
|    approx_kl            | 0.01192046 |
|    clip_fraction        | 0.263      |
|    clip_range           | 0.15       |
|    entropy_loss         | -24.3      |
|    explained_variance   | 0.884      |
|    learning_rate        | 0.0001     |
|    loss                 | -0.193     |
|    n_updates            | 120        |
|    policy_gradient_loss | -0.0299    |
|    std                  | 1.01       |
|    value_loss           | 0.102      |
----------------------------------------
rollout mean regret: 1.036553144454956
-----------------------------------------
| rollout/                |             |
|    ep_len_mean          | 61.7        |
|    ep_rew_mean          | 275         |
| time/                   |             |
|    fps                  | 925         |
|    iterations           | 10          |
|    time_elapsed         | 708         |
|    total_timesteps      | 655360      |
| train/                  |             |
|    approx_kl            | 0.011310585 |
|    clip_fraction        | 0.249       |
|    clip_range           | 0.15        |
|    entropy_loss         | -24.3       |
|    explained_variance   | 0.908       |
|    learning_rate        | 0.0001      |
|    loss                 | -0.203      |
|    n_updates            | 135         |
|    policy_gradient_loss | -0.0287     |
|    std                  | 1.01        |
|    value_loss           | 0.081       |
-----------------------------------------
rollout mean regret: 0.8920204043388367
-----------------------------------------
| rollout/                |             |
|    ep_len_mean          | 71          |
|    ep_rew_mean          | 316         |
| time/                   |             |
|    fps                  | 921         |
|    iterations           | 11          |
|    time_elapsed         | 782         |
|    total_timesteps      | 720896      |
| train/                  |             |
|    approx_kl            | 0.011225615 |
|    clip_fraction        | 0.243       |
|    clip_range           | 0.15        |
|    entropy_loss         | -24.3       |
|    explained_variance   | 0.927       |
|    learning_rate        | 0.0001      |
|    loss                 | -0.236      |
|    n_updates            | 150         |
|    policy_gradient_loss | -0.0276     |
|    std                  | 1.01        |
|    value_loss           | 0.0623      |
-----------------------------------------
rollout mean regret: 0.693217396736145
-----------------------------------------
| rollout/                |             |
|    ep_len_mean          | 70.6        |
|    ep_rew_mean          | 315         |
| time/                   |             |
|    fps                  | 916         |
|    iterations           | 12          |
|    time_elapsed         | 857         |
|    total_timesteps      | 786432      |
| train/                  |             |
|    approx_kl            | 0.010523303 |
|    clip_fraction        | 0.225       |
|    clip_range           | 0.15        |
|    entropy_loss         | -24.3       |
|    explained_variance   | 0.941       |
|    learning_rate        | 0.0001      |
|    loss                 | -0.234      |
|    n_updates            | 165         |
|    policy_gradient_loss | -0.0256     |
|    std                  | 1.01        |
|    value_loss           | 0.0501      |
-----------------------------------------
rollout mean regret: 0.6376497745513916
-----------------------------------------
| rollout/                |             |
|    ep_len_mean          | 76.2        |
|    ep_rew_mean          | 341         |
| time/                   |             |
|    fps                  | 911         |
|    iterations           | 13          |
|    time_elapsed         | 934         |
|    total_timesteps      | 851968      |
| train/                  |             |
|    approx_kl            | 0.010277676 |
|    clip_fraction        | 0.215       |
|    clip_range           | 0.15        |
|    entropy_loss         | -24.4       |
|    explained_variance   | 0.95        |
|    learning_rate        | 0.0001      |
|    loss                 | -0.231      |
|    n_updates            | 180         |
|    policy_gradient_loss | -0.0244     |
|    std                  | 1.02        |
|    value_loss           | 0.0447      |
-----------------------------------------
rollout mean regret: 0.6046831607818604
-----------------------------------------
| rollout/                |             |
|    ep_len_mean          | 78.5        |
|    ep_rew_mean          | 352         |
| time/                   |             |
|    fps                  | 908         |
|    iterations           | 14          |
|    time_elapsed         | 1009        |
|    total_timesteps      | 917504      |
| train/                  |             |
|    approx_kl            | 0.010113339 |
|    clip_fraction        | 0.208       |
|    clip_range           | 0.15        |
|    entropy_loss         | -24.4       |
|    explained_variance   | 0.955       |
|    learning_rate        | 0.0001      |
|    loss                 | -0.235      |
|    n_updates            | 195         |
|    policy_gradient_loss | -0.0233     |
|    std                  | 1.02        |
|    value_loss           | 0.041       |
-----------------------------------------
rollout mean regret: 0.5616993308067322
-----------------------------------------
| rollout/                |             |
|    ep_len_mean          | 79.8        |
|    ep_rew_mean          | 358         |
| time/                   |             |
|    fps                  | 904         |
|    iterations           | 15          |
|    time_elapsed         | 1086        |
|    total_timesteps      | 983040      |
| train/                  |             |
|    approx_kl            | 0.010072982 |
|    clip_fraction        | 0.203       |
|    clip_range           | 0.15        |
|    entropy_loss         | -24.4       |
|    explained_variance   | 0.958       |
|    learning_rate        | 0.0001      |
|    loss                 | -0.244      |
|    n_updates            | 210         |
|    policy_gradient_loss | -0.0224     |
|    std                  | 1.02        |
|    value_loss           | 0.0377      |
-----------------------------------------
Eval num_timesteps=1000000, episode_reward=495.71 +/- 39.69
Episode length: 103.00 +/- 8.02
-----------------------------------------
| eval/                   |             |
|    mean_ep_length       | 103         |
|    mean_reward          | 496         |
| time/                   |             |
|    total_timesteps      | 1000000     |
| train/                  |             |
|    approx_kl            | 0.010336933 |
|    clip_fraction        | 0.21        |
|    clip_range           | 0.15        |
|    entropy_loss         | -24.4       |
|    explained_variance   | 0.96        |
|    learning_rate        | 0.0001      |
|    loss                 | -0.263      |
|    n_updates            | 225         |
|    policy_gradient_loss | -0.0231     |
|    std                  | 1.02        |
|    value_loss           | 0.036       |
-----------------------------------------
rollout mean regret: 0.5227797031402588
---------------------------------
| rollout/           |          |
|    ep_len_mean     | 75.2     |
|    ep_rew_mean     | 337      |
| time/              |          |
|    fps             | 902      |
|    iterations      | 16       |
|    time_elapsed    | 1161     |
|    total_timesteps | 1048576  |
---------------------------------
rollout mean regret: 0.5238678455352783
-----------------------------------------
| rollout/                |             |
|    ep_len_mean          | 80.8        |
|    ep_rew_mean          | 362         |
| time/                   |             |
|    fps                  | 899         |
|    iterations           | 17          |
|    time_elapsed         | 1238        |
|    total_timesteps      | 1114112     |
| train/                  |             |
|    approx_kl            | 0.010297379 |
|    clip_fraction        | 0.209       |
|    clip_range           | 0.15        |
|    entropy_loss         | -24.5       |
|    explained_variance   | 0.962       |
|    learning_rate        | 0.0001      |
|    loss                 | -0.238      |
|    n_updates            | 240         |
|    policy_gradient_loss | -0.022      |
|    std                  | 1.02        |
|    value_loss           | 0.0328      |
-----------------------------------------
rollout mean regret: 0.4995465874671936
-----------------------------------------
| rollout/                |             |
|    ep_len_mean          | 79          |
|    ep_rew_mean          | 353         |
| time/                   |             |
|    fps                  | 899         |
|    iterations           | 18          |
|    time_elapsed         | 1310        |
|    total_timesteps      | 1179648     |
| train/                  |             |
|    approx_kl            | 0.010872631 |
|    clip_fraction        | 0.216       |
|    clip_range           | 0.15        |
|    entropy_loss         | -24.5       |
|    explained_variance   | 0.965       |
|    learning_rate        | 0.0001      |
|    loss                 | -0.244      |
|    n_updates            | 255         |
|    policy_gradient_loss | -0.0225     |
|    std                  | 1.02        |
|    value_loss           | 0.0305      |
-----------------------------------------
rollout mean regret: 0.5230603218078613
-----------------------------------------
| rollout/                |             |
|    ep_len_mean          | 84          |
|    ep_rew_mean          | 377         |
| time/                   |             |
|    fps                  | 899         |
|    iterations           | 19          |
|    time_elapsed         | 1384        |
|    total_timesteps      | 1245184     |
| train/                  |             |
|    approx_kl            | 0.010672171 |
|    clip_fraction        | 0.214       |
|    clip_range           | 0.15        |
|    entropy_loss         | -24.5       |
|    explained_variance   | 0.966       |
|    learning_rate        | 0.0001      |
|    loss                 | -0.253      |
|    n_updates            | 270         |
|    policy_gradient_loss | -0.0221     |
|    std                  | 1.03        |
|    value_loss           | 0.0294      |
-----------------------------------------
rollout mean regret: 0.518403172492981
-----------------------------------------
| rollout/                |             |
|    ep_len_mean          | 83.9        |
|    ep_rew_mean          | 377         |
| time/                   |             |
|    fps                  | 897         |
|    iterations           | 20          |
|    time_elapsed         | 1460        |
|    total_timesteps      | 1310720     |
| train/                  |             |
|    approx_kl            | 0.010755144 |
|    clip_fraction        | 0.214       |
|    clip_range           | 0.15        |
|    entropy_loss         | -24.6       |
|    explained_variance   | 0.965       |
|    learning_rate        | 0.0001      |
|    loss                 | -0.239      |
|    n_updates            | 285         |
|    policy_gradient_loss | -0.022      |
|    std                  | 1.03        |
|    value_loss           | 0.0283      |
-----------------------------------------
rollout mean regret: 0.5016363859176636
-----------------------------------------
| rollout/                |             |
|    ep_len_mean          | 85.7        |
|    ep_rew_mean          | 384         |
| time/                   |             |
|    fps                  | 895         |
|    iterations           | 21          |
|    time_elapsed         | 1536        |
|    total_timesteps      | 1376256     |
| train/                  |             |
|    approx_kl            | 0.011178259 |
|    clip_fraction        | 0.224       |
|    clip_range           | 0.15        |
|    entropy_loss         | -24.6       |
|    explained_variance   | 0.965       |
|    learning_rate        | 0.0001      |
|    loss                 | -0.259      |
|    n_updates            | 300         |
|    policy_gradient_loss | -0.023      |
|    std                  | 1.03        |
|    value_loss           | 0.028       |
-----------------------------------------
rollout mean regret: 0.45965588092803955
-----------------------------------------
| rollout/                |             |
|    ep_len_mean          | 83.5        |
|    ep_rew_mean          | 375         |
| time/                   |             |
|    fps                  | 895         |
|    iterations           | 22          |
|    time_elapsed         | 1610        |
|    total_timesteps      | 1441792     |
| train/                  |             |
|    approx_kl            | 0.011314692 |
|    clip_fraction        | 0.221       |
|    clip_range           | 0.15        |
|    entropy_loss         | -24.7       |
|    explained_variance   | 0.968       |
|    learning_rate        | 0.0001      |
|    loss                 | -0.243      |
|    n_updates            | 315         |
|    policy_gradient_loss | -0.0222     |
|    std                  | 1.03        |
|    value_loss           | 0.0262      |
-----------------------------------------
Eval num_timesteps=1500000, episode_reward=513.62 +/- 103.45
Episode length: 106.80 +/- 21.34
-----------------------------------------
| eval/                   |             |
|    mean_ep_length       | 107         |
|    mean_reward          | 514         |
| time/                   |             |
|    total_timesteps      | 1500000     |
| train/                  |             |
|    approx_kl            | 0.011282791 |
|    clip_fraction        | 0.225       |
|    clip_range           | 0.15        |
|    entropy_loss         | -24.7       |
|    explained_variance   | 0.969       |
|    learning_rate        | 0.0001      |
|    loss                 | -0.25       |
|    n_updates            | 330         |
|    policy_gradient_loss | -0.0227     |
|    std                  | 1.04        |
|    value_loss           | 0.0252      |
-----------------------------------------
New best mean reward!
rollout mean regret: 0.49066752195358276
---------------------------------
| rollout/           |          |
|    ep_len_mean     | 85.4     |
|    ep_rew_mean     | 383      |
| time/              |          |
|    fps             | 892      |
|    iterations      | 23       |
|    time_elapsed    | 1689     |
|    total_timesteps | 1507328  |
---------------------------------
rollout mean regret: 0.48675522208213806
-----------------------------------------
| rollout/                |             |
|    ep_len_mean          | 88.9        |
|    ep_rew_mean          | 399         |
| time/                   |             |
|    fps                  | 891         |
|    iterations           | 24          |
|    time_elapsed         | 1765        |
|    total_timesteps      | 1572864     |
| train/                  |             |
|    approx_kl            | 0.011338271 |
|    clip_fraction        | 0.224       |
|    clip_range           | 0.15        |
|    entropy_loss         | -24.7       |
|    explained_variance   | 0.969       |
|    learning_rate        | 0.0001      |
|    loss                 | -0.265      |
|    n_updates            | 345         |
|    policy_gradient_loss | -0.0225     |
|    std                  | 1.04        |
|    value_loss           | 0.0235      |
-----------------------------------------
rollout mean regret: 0.4950200021266937
-----------------------------------------
| rollout/                |             |
|    ep_len_mean          | 85.7        |
|    ep_rew_mean          | 384         |
| time/                   |             |
|    fps                  | 889         |
|    iterations           | 25          |
|    time_elapsed         | 1841        |
|    total_timesteps      | 1638400     |
| train/                  |             |
|    approx_kl            | 0.011429671 |
|    clip_fraction        | 0.23        |
|    clip_range           | 0.15        |
|    entropy_loss         | -24.8       |
|    explained_variance   | 0.97        |
|    learning_rate        | 0.0001      |
|    loss                 | -0.251      |
|    n_updates            | 360         |
|    policy_gradient_loss | -0.0228     |
|    std                  | 1.04        |
|    value_loss           | 0.0237      |
-----------------------------------------
rollout mean regret: 0.49206769466400146
-----------------------------------------
| rollout/                |             |
|    ep_len_mean          | 92.7        |
|    ep_rew_mean          | 417         |
| time/                   |             |
|    fps                  | 888         |
|    iterations           | 26          |
|    time_elapsed         | 1918        |
|    total_timesteps      | 1703936     |
| train/                  |             |
|    approx_kl            | 0.011489925 |
|    clip_fraction        | 0.228       |
|    clip_range           | 0.15        |
|    entropy_loss         | -24.8       |
|    explained_variance   | 0.97        |
|    learning_rate        | 0.0001      |
|    loss                 | -0.263      |
|    n_updates            | 375         |
|    policy_gradient_loss | -0.0223     |
|    std                  | 1.04        |
|    value_loss           | 0.0238      |
-----------------------------------------
rollout mean regret: 0.47315070033073425
------------------------------------------
| rollout/                |              |
|    ep_len_mean          | 89.4         |
|    ep_rew_mean          | 402          |
| time/                   |              |
|    fps                  | 885          |
|    iterations           | 27           |
|    time_elapsed         | 1998         |
|    total_timesteps      | 1769472      |
| train/                  |              |
|    approx_kl            | 0.0118529545 |
|    clip_fraction        | 0.233        |
|    clip_range           | 0.15         |
|    entropy_loss         | -24.9        |
|    explained_variance   | 0.971        |
|    learning_rate        | 0.0001       |
|    loss                 | -0.257       |
|    n_updates            | 390          |
|    policy_gradient_loss | -0.0227      |
|    std                  | 1.05         |
|    value_loss           | 0.0219       |
------------------------------------------
rollout mean regret: 0.4872204661369324
-----------------------------------------
| rollout/                |             |
|    ep_len_mean          | 93.5        |
|    ep_rew_mean          | 421         |
| time/                   |             |
|    fps                  | 883         |
|    iterations           | 28          |
|    time_elapsed         | 2077        |
|    total_timesteps      | 1835008     |
| train/                  |             |
|    approx_kl            | 0.011851022 |
|    clip_fraction        | 0.233       |
|    clip_range           | 0.15        |
|    entropy_loss         | -24.9       |
|    explained_variance   | 0.972       |
|    learning_rate        | 0.0001      |
|    loss                 | -0.256      |
|    n_updates            | 405         |
|    policy_gradient_loss | -0.0224     |
|    std                  | 1.05        |
|    value_loss           | 0.0211      |
-----------------------------------------
rollout mean regret: 0.48355618119239807
-----------------------------------------
| rollout/                |             |
|    ep_len_mean          | 93.7        |
|    ep_rew_mean          | 421         |
| time/                   |             |
|    fps                  | 881         |
|    iterations           | 29          |
|    time_elapsed         | 2154        |
|    total_timesteps      | 1900544     |
| train/                  |             |
|    approx_kl            | 0.012008307 |
|    clip_fraction        | 0.231       |
|    clip_range           | 0.15        |
|    entropy_loss         | -24.9       |
|    explained_variance   | 0.972       |
|    learning_rate        | 0.0001      |
|    loss                 | -0.263      |
|    n_updates            | 420         |
|    policy_gradient_loss | -0.0224     |
|    std                  | 1.05        |
|    value_loss           | 0.0222      |
-----------------------------------------
rollout mean regret: 0.4885140657424927
------------------------------------------
| rollout/                |              |
|    ep_len_mean          | 94.7         |
|    ep_rew_mean          | 426          |
| time/                   |              |
|    fps                  | 880          |
|    iterations           | 30           |
|    time_elapsed         | 2234         |
|    total_timesteps      | 1966080      |
| train/                  |              |
|    approx_kl            | 0.0122400485 |
|    clip_fraction        | 0.237        |
|    clip_range           | 0.15         |
|    entropy_loss         | -25          |
|    explained_variance   | 0.972        |
|    learning_rate        | 0.0001       |
|    loss                 | -0.261       |
|    n_updates            | 435          |
|    policy_gradient_loss | -0.0228      |
|    std                  | 1.05         |
|    value_loss           | 0.0213       |
------------------------------------------
Eval num_timesteps=2000000, episode_reward=583.54 +/- 126.90
Episode length: 122.00 +/- 25.82
-----------------------------------------
| eval/                   |             |
|    mean_ep_length       | 122         |
|    mean_reward          | 584         |
| time/                   |             |
|    total_timesteps      | 2000000     |
| train/                  |             |
|    approx_kl            | 0.012306556 |
|    clip_fraction        | 0.24        |
|    clip_range           | 0.15        |
|    entropy_loss         | -25         |
|    explained_variance   | 0.972       |
|    learning_rate        | 0.0001      |
|    loss                 | -0.255      |
|    n_updates            | 450         |
|    policy_gradient_loss | -0.0224     |
|    std                  | 1.06        |
|    value_loss           | 0.0209      |
-----------------------------------------
New best mean reward!
rollout mean regret: 0.467990517616272
---------------------------------
| rollout/           |          |
|    ep_len_mean     | 95       |
|    ep_rew_mean     | 427      |
| time/              |          |
|    fps             | 879      |
|    iterations      | 31       |
|    time_elapsed    | 2309     |
|    total_timesteps | 2031616  |
---------------------------------
rollout mean regret: 0.4677143692970276
-----------------------------------------
| rollout/                |             |
|    ep_len_mean          | 97.4        |
|    ep_rew_mean          | 437         |
| time/                   |             |
|    fps                  | 878         |
|    iterations           | 32          |
|    time_elapsed         | 2385        |
|    total_timesteps      | 2097152     |
| train/                  |             |
|    approx_kl            | 0.012329071 |
|    clip_fraction        | 0.244       |
|    clip_range           | 0.15        |
|    entropy_loss         | -25.1       |
|    explained_variance   | 0.973       |
|    learning_rate        | 0.0001      |
|    loss                 | -0.271      |
|    n_updates            | 465         |
|    policy_gradient_loss | -0.0227     |
|    std                  | 1.06        |
|    value_loss           | 0.02        |
-----------------------------------------
rollout mean regret: 0.46757858991622925
-----------------------------------------
| rollout/                |             |
|    ep_len_mean          | 93.7        |
|    ep_rew_mean          | 421         |
| time/                   |             |
|    fps                  | 878         |
|    iterations           | 33          |
|    time_elapsed         | 2462        |
|    total_timesteps      | 2162688     |
| train/                  |             |
|    approx_kl            | 0.012334365 |
|    clip_fraction        | 0.241       |
|    clip_range           | 0.15        |
|    entropy_loss         | -25.1       |
|    explained_variance   | 0.973       |
|    learning_rate        | 0.0001      |
|    loss                 | -0.258      |
|    n_updates            | 480         |
|    policy_gradient_loss | -0.0225     |
|    std                  | 1.06        |
|    value_loss           | 0.0198      |
-----------------------------------------
rollout mean regret: 0.46267378330230713
-----------------------------------------
| rollout/                |             |
|    ep_len_mean          | 91.8        |
|    ep_rew_mean          | 413         |
| time/                   |             |
|    fps                  | 878         |
|    iterations           | 34          |
|    time_elapsed         | 2535        |
|    total_timesteps      | 2228224     |
| train/                  |             |
|    approx_kl            | 0.012433989 |
|    clip_fraction        | 0.243       |
|    clip_range           | 0.15        |
|    entropy_loss         | -25.2       |
|    explained_variance   | 0.974       |
|    learning_rate        | 0.0001      |
|    loss                 | -0.265      |
|    n_updates            | 495         |
|    policy_gradient_loss | -0.0227     |
|    std                  | 1.07        |
|    value_loss           | 0.0195      |
-----------------------------------------
rollout mean regret: 0.44875290989875793
-----------------------------------------
| rollout/                |             |
|    ep_len_mean          | 94.6        |
|    ep_rew_mean          | 426         |
| time/                   |             |
|    fps                  | 878         |
|    iterations           | 35          |
|    time_elapsed         | 2611        |
|    total_timesteps      | 2293760     |
| train/                  |             |
|    approx_kl            | 0.012609634 |
|    clip_fraction        | 0.246       |
|    clip_range           | 0.15        |
|    entropy_loss         | -25.2       |
|    explained_variance   | 0.973       |
|    learning_rate        | 0.0001      |
|    loss                 | -0.255      |
|    n_updates            | 510         |
|    policy_gradient_loss | -0.023      |
|    std                  | 1.07        |
|    value_loss           | 0.0201      |
-----------------------------------------
rollout mean regret: 0.44526034593582153
-----------------------------------------
| rollout/                |             |
|    ep_len_mean          | 97.7        |
|    ep_rew_mean          | 439         |
| time/                   |             |
|    fps                  | 877         |
|    iterations           | 36          |
|    time_elapsed         | 2687        |
|    total_timesteps      | 2359296     |
| train/                  |             |
|    approx_kl            | 0.012697671 |
|    clip_fraction        | 0.246       |
|    clip_range           | 0.15        |
|    entropy_loss         | -25.2       |
|    explained_variance   | 0.974       |
|    learning_rate        | 0.0001      |
|    loss                 | -0.272      |
|    n_updates            | 525         |
|    policy_gradient_loss | -0.0225     |
|    std                  | 1.07        |
|    value_loss           | 0.0194      |
-----------------------------------------
rollout mean regret: 0.45628732442855835
-----------------------------------------
| rollout/                |             |
|    ep_len_mean          | 95.4        |
|    ep_rew_mean          | 429         |
| time/                   |             |
|    fps                  | 876         |
|    iterations           | 37          |
|    time_elapsed         | 2765        |
|    total_timesteps      | 2424832     |
| train/                  |             |
|    approx_kl            | 0.012964551 |
|    clip_fraction        | 0.249       |
|    clip_range           | 0.15        |
|    entropy_loss         | -25.3       |
|    explained_variance   | 0.976       |
|    learning_rate        | 0.0001      |
|    loss                 | -0.277      |
|    n_updates            | 540         |
|    policy_gradient_loss | -0.0229     |
|    std                  | 1.07        |
|    value_loss           | 0.0177      |
-----------------------------------------
rollout mean regret: 0.46883898973464966
------------------------------------------
| rollout/                |              |
|    ep_len_mean          | 103          |
|    ep_rew_mean          | 461          |
| time/                   |              |
|    fps                  | 876          |
|    iterations           | 38           |
|    time_elapsed         | 2840         |
|    total_timesteps      | 2490368      |
| train/                  |              |
|    approx_kl            | 0.0129861925 |
|    clip_fraction        | 0.251        |
|    clip_range           | 0.15         |
|    entropy_loss         | -25.3        |
|    explained_variance   | 0.975        |
|    learning_rate        | 0.0001       |
|    loss                 | -0.266       |
|    n_updates            | 555          |
|    policy_gradient_loss | -0.0233      |
|    std                  | 1.08         |
|    value_loss           | 0.0187       |
------------------------------------------
Eval num_timesteps=2500000, episode_reward=524.25 +/- 76.07
Episode length: 110.40 +/- 15.45
-----------------------------------------
| eval/                   |             |
|    mean_ep_length       | 110         |
|    mean_reward          | 524         |
| time/                   |             |
|    total_timesteps      | 2500000     |
| train/                  |             |
|    approx_kl            | 0.012982189 |
|    clip_fraction        | 0.248       |
|    clip_range           | 0.15        |
|    entropy_loss         | -25.4       |
|    explained_variance   | 0.975       |
|    learning_rate        | 0.0001      |
|    loss                 | -0.261      |
|    n_updates            | 570         |
|    policy_gradient_loss | -0.0223     |
|    std                  | 1.08        |
|    value_loss           | 0.018       |
-----------------------------------------
rollout mean regret: 0.439307302236557
---------------------------------
| rollout/           |          |
|    ep_len_mean     | 102      |
|    ep_rew_mean     | 458      |
| time/              |          |
|    fps             | 876      |
|    iterations      | 39       |
|    time_elapsed    | 2916     |
|    total_timesteps | 2555904  |
---------------------------------
rollout mean regret: 0.4660269618034363
-----------------------------------------
| rollout/                |             |
|    ep_len_mean          | 104         |
|    ep_rew_mean          | 467         |
| time/                   |             |
|    fps                  | 876         |
|    iterations           | 40          |
|    time_elapsed         | 2991        |
|    total_timesteps      | 2621440     |
| train/                  |             |
|    approx_kl            | 0.012982893 |
|    clip_fraction        | 0.254       |
|    clip_range           | 0.15        |
|    entropy_loss         | -25.4       |
|    explained_variance   | 0.976       |
|    learning_rate        | 0.0001      |
|    loss                 | -0.27       |
|    n_updates            | 585         |
|    policy_gradient_loss | -0.0226     |
|    std                  | 1.08        |
|    value_loss           | 0.018       |
-----------------------------------------
rollout mean regret: 0.43128496408462524
-----------------------------------------
| rollout/                |             |
|    ep_len_mean          | 95.2        |
|    ep_rew_mean          | 429         |
| time/                   |             |
|    fps                  | 876         |
|    iterations           | 41          |
|    time_elapsed         | 3065        |
|    total_timesteps      | 2686976     |
| train/                  |             |
|    approx_kl            | 0.012882585 |
|    clip_fraction        | 0.251       |
|    clip_range           | 0.15        |
|    entropy_loss         | -25.4       |
|    explained_variance   | 0.976       |
|    learning_rate        | 0.0001      |
|    loss                 | -0.266      |
|    n_updates            | 600         |
|    policy_gradient_loss | -0.0228     |
|    std                  | 1.08        |
|    value_loss           | 0.0171      |
-----------------------------------------
rollout mean regret: 0.4585644006729126
----------------------------------------
| rollout/                |            |
|    ep_len_mean          | 104        |
|    ep_rew_mean          | 468        |
| time/                   |            |
|    fps                  | 875        |
|    iterations           | 42         |
|    time_elapsed         | 3142       |
|    total_timesteps      | 2752512    |
| train/                  |            |
|    approx_kl            | 0.01308457 |
|    clip_fraction        | 0.253      |
|    clip_range           | 0.15       |
|    entropy_loss         | -25.5      |
|    explained_variance   | 0.977      |
|    learning_rate        | 0.0001     |
|    loss                 | -0.258     |
|    n_updates            | 615        |
|    policy_gradient_loss | -0.0226    |
|    std                  | 1.09       |
|    value_loss           | 0.0168     |
----------------------------------------
rollout mean regret: 0.45109206438064575
-----------------------------------------
| rollout/                |             |
|    ep_len_mean          | 106         |
|    ep_rew_mean          | 477         |
| time/                   |             |
|    fps                  | 875         |
|    iterations           | 43          |
|    time_elapsed         | 3217        |
|    total_timesteps      | 2818048     |
| train/                  |             |
|    approx_kl            | 0.013181896 |
|    clip_fraction        | 0.257       |
|    clip_range           | 0.15        |
|    entropy_loss         | -25.5       |
|    explained_variance   | 0.977       |
|    learning_rate        | 0.0001      |
|    loss                 | -0.273      |
|    n_updates            | 630         |
|    policy_gradient_loss | -0.0226     |
|    std                  | 1.09        |
|    value_loss           | 0.0165      |
-----------------------------------------
rollout mean regret: 0.46007323265075684
-----------------------------------------
| rollout/                |             |
|    ep_len_mean          | 103         |
|    ep_rew_mean          | 465         |
| time/                   |             |
|    fps                  | 876         |
|    iterations           | 44          |
|    time_elapsed         | 3291        |
|    total_timesteps      | 2883584     |
| train/                  |             |
|    approx_kl            | 0.013480909 |
|    clip_fraction        | 0.257       |
|    clip_range           | 0.15        |
|    entropy_loss         | -25.6       |
|    explained_variance   | 0.977       |
|    learning_rate        | 0.0001      |
|    loss                 | -0.264      |
|    n_updates            | 645         |
|    policy_gradient_loss | -0.0228     |
|    std                  | 1.09        |
|    value_loss           | 0.0166      |
-----------------------------------------
rollout mean regret: 0.4667597711086273
-----------------------------------------
| rollout/                |             |
|    ep_len_mean          | 105         |
|    ep_rew_mean          | 474         |
| time/                   |             |
|    fps                  | 876         |
|    iterations           | 45          |
|    time_elapsed         | 3363        |
|    total_timesteps      | 2949120     |
| train/                  |             |
|    approx_kl            | 0.013575737 |
|    clip_fraction        | 0.261       |
|    clip_range           | 0.15        |
|    entropy_loss         | -25.6       |
|    explained_variance   | 0.977       |
|    learning_rate        | 0.0001      |
|    loss                 | -0.273      |
|    n_updates            | 660         |
|    policy_gradient_loss | -0.0235     |
|    std                  | 1.1         |
|    value_loss           | 0.0164      |
-----------------------------------------
Eval num_timesteps=3000000, episode_reward=479.81 +/- 71.28
Episode length: 101.80 +/- 14.82
----------------------------------------
| eval/                   |            |
|    mean_ep_length       | 102        |
|    mean_reward          | 480        |
| time/                   |            |
|    total_timesteps      | 3000000    |
| train/                  |            |
|    approx_kl            | 0.01377343 |
|    clip_fraction        | 0.26       |
|    clip_range           | 0.15       |
|    entropy_loss         | -25.7      |
|    explained_variance   | 0.977      |
|    learning_rate        | 0.0001     |
|    loss                 | -0.268     |
|    n_updates            | 675        |
|    policy_gradient_loss | -0.0231    |
|    std                  | 1.1        |
|    value_loss           | 0.0165     |
----------------------------------------
rollout mean regret: 0.45166951417922974
---------------------------------
| rollout/           |          |
|    ep_len_mean     | 104      |
|    ep_rew_mean     | 470      |
| time/              |          |
|    fps             | 876      |
|    iterations      | 46       |
|    time_elapsed    | 3441     |
|    total_timesteps | 3014656  |
---------------------------------
rollout mean regret: 0.4666740894317627
-----------------------------------------
| rollout/                |             |
|    ep_len_mean          | 109         |
|    ep_rew_mean          | 490         |
| time/                   |             |
|    fps                  | 875         |
|    iterations           | 47          |
|    time_elapsed         | 3517        |
|    total_timesteps      | 3080192     |
| train/                  |             |
|    approx_kl            | 0.013697069 |
|    clip_fraction        | 0.263       |
|    clip_range           | 0.15        |
|    entropy_loss         | -25.7       |
|    explained_variance   | 0.978       |
|    learning_rate        | 0.0001      |
|    loss                 | -0.264      |
|    n_updates            | 690         |
|    policy_gradient_loss | -0.0234     |
|    std                  | 1.1         |
|    value_loss           | 0.016       |
-----------------------------------------
rollout mean regret: 0.4543444812297821
-----------------------------------------
| rollout/                |             |
|    ep_len_mean          | 109         |
|    ep_rew_mean          | 493         |
| time/                   |             |
|    fps                  | 875         |
|    iterations           | 48          |
|    time_elapsed         | 3594        |
|    total_timesteps      | 3145728     |
| train/                  |             |
|    approx_kl            | 0.013990668 |
|    clip_fraction        | 0.265       |
|    clip_range           | 0.15        |
|    entropy_loss         | -25.7       |
|    explained_variance   | 0.978       |
|    learning_rate        | 0.0001      |
|    loss                 | -0.277      |
|    n_updates            | 705         |
|    policy_gradient_loss | -0.0236     |
|    std                  | 1.1         |
|    value_loss           | 0.0149      |
-----------------------------------------
rollout mean regret: 0.45438024401664734
----------------------------------------
| rollout/                |            |
|    ep_len_mean          | 107        |
|    ep_rew_mean          | 482        |
| time/                   |            |
|    fps                  | 875        |
|    iterations           | 49         |
|    time_elapsed         | 3669       |
|    total_timesteps      | 3211264    |
| train/                  |            |
|    approx_kl            | 0.01382324 |
|    clip_fraction        | 0.263      |
|    clip_range           | 0.15       |
|    entropy_loss         | -25.8      |
|    explained_variance   | 0.978      |
|    learning_rate        | 0.0001     |
|    loss                 | -0.271     |
|    n_updates            | 720        |
|    policy_gradient_loss | -0.0232    |
|    std                  | 1.11       |
|    value_loss           | 0.0153     |
----------------------------------------
rollout mean regret: 0.4545469880104065
-----------------------------------------
| rollout/                |             |
|    ep_len_mean          | 104         |
|    ep_rew_mean          | 467         |
| time/                   |             |
|    fps                  | 874         |
|    iterations           | 50          |
|    time_elapsed         | 3746        |
|    total_timesteps      | 3276800     |
| train/                  |             |
|    approx_kl            | 0.014016103 |
|    clip_fraction        | 0.269       |
|    clip_range           | 0.15        |
|    entropy_loss         | -25.8       |
|    explained_variance   | 0.978       |
|    learning_rate        | 0.0001      |
|    loss                 | -0.266      |
|    n_updates            | 735         |
|    policy_gradient_loss | -0.0232     |
|    std                  | 1.11        |
|    value_loss           | 0.0155      |
-----------------------------------------
rollout mean regret: 0.46936601400375366
-----------------------------------------
| rollout/                |             |
|    ep_len_mean          | 109         |
|    ep_rew_mean          | 489         |
| time/                   |             |
|    fps                  | 873         |
|    iterations           | 51          |
|    time_elapsed         | 3824        |
|    total_timesteps      | 3342336     |
| train/                  |             |
|    approx_kl            | 0.014145719 |
|    clip_fraction        | 0.27        |
|    clip_range           | 0.15        |
|    entropy_loss         | -25.9       |
|    explained_variance   | 0.978       |
|    learning_rate        | 0.0001      |
|    loss                 | -0.273      |
|    n_updates            | 750         |
|    policy_gradient_loss | -0.0235     |
|    std                  | 1.11        |
|    value_loss           | 0.0155      |
-----------------------------------------
rollout mean regret: 0.4346238374710083
----------------------------------------
| rollout/                |            |
|    ep_len_mean          | 112        |
|    ep_rew_mean          | 505        |
| time/                   |            |
|    fps                  | 873        |
|    iterations           | 52         |
|    time_elapsed         | 3903       |
|    total_timesteps      | 3407872    |
| train/                  |            |
|    approx_kl            | 0.01458505 |
|    clip_fraction        | 0.272      |
|    clip_range           | 0.15       |
|    entropy_loss         | -25.9      |
|    explained_variance   | 0.978      |
|    learning_rate        | 0.0001     |
|    loss                 | -0.276     |
|    n_updates            | 765        |
|    policy_gradient_loss | -0.0239    |
|    std                  | 1.12       |
|    value_loss           | 0.0152     |
----------------------------------------
rollout mean regret: 0.4533892571926117
-----------------------------------------
| rollout/                |             |
|    ep_len_mean          | 113         |
|    ep_rew_mean          | 507         |
| time/                   |             |
|    fps                  | 872         |
|    iterations           | 53          |
|    time_elapsed         | 3978        |
|    total_timesteps      | 3473408     |
| train/                  |             |
|    approx_kl            | 0.014261414 |
|    clip_fraction        | 0.268       |
|    clip_range           | 0.15        |
|    entropy_loss         | -26         |
|    explained_variance   | 0.98        |
|    learning_rate        | 0.0001      |
|    loss                 | -0.285      |
|    n_updates            | 780         |
|    policy_gradient_loss | -0.0232     |
|    std                  | 1.12        |
|    value_loss           | 0.0148      |
-----------------------------------------
Eval num_timesteps=3500000, episode_reward=538.01 +/- 80.00
Episode length: 114.20 +/- 16.77
------------------------------------------
| eval/                   |              |
|    mean_ep_length       | 114          |
|    mean_reward          | 538          |
| time/                   |              |
|    total_timesteps      | 3500000      |
| train/                  |              |
|    approx_kl            | 0.0142482715 |
|    clip_fraction        | 0.271        |
|    clip_range           | 0.15         |
|    entropy_loss         | -26          |
|    explained_variance   | 0.979        |
|    learning_rate        | 0.0001       |
|    loss                 | -0.277       |
|    n_updates            | 795          |
|    policy_gradient_loss | -0.0233      |
|    std                  | 1.12         |
|    value_loss           | 0.0152       |
------------------------------------------
rollout mean regret: 0.4605807960033417
---------------------------------
| rollout/           |          |
|    ep_len_mean     | 112      |
|    ep_rew_mean     | 503      |
| time/              |          |
|    fps             | 872      |
|    iterations      | 54       |
|    time_elapsed    | 4055     |
|    total_timesteps | 3538944  |
---------------------------------
rollout mean regret: 0.4416385293006897
-----------------------------------------
| rollout/                |             |
|    ep_len_mean          | 111         |
|    ep_rew_mean          | 500         |
| time/                   |             |
|    fps                  | 873         |
|    iterations           | 55          |
|    time_elapsed         | 4125        |
|    total_timesteps      | 3604480     |
| train/                  |             |
|    approx_kl            | 0.014513712 |
|    clip_fraction        | 0.275       |
|    clip_range           | 0.15        |
|    entropy_loss         | -26.1       |
|    explained_variance   | 0.978       |
|    learning_rate        | 0.0001      |
|    loss                 | -0.289      |
|    n_updates            | 810         |
|    policy_gradient_loss | -0.0234     |
|    std                  | 1.13        |
|    value_loss           | 0.0156      |
-----------------------------------------
rollout mean regret: 0.4564359188079834
----------------------------------------
| rollout/                |            |
|    ep_len_mean          | 119        |
|    ep_rew_mean          | 534        |
| time/                   |            |
|    fps                  | 873        |
|    iterations           | 56         |
|    time_elapsed         | 4200       |
|    total_timesteps      | 3670016    |
| train/                  |            |
|    approx_kl            | 0.01411394 |
|    clip_fraction        | 0.269      |
|    clip_range           | 0.15       |
|    entropy_loss         | -26.1      |
|    explained_variance   | 0.979      |
|    learning_rate        | 0.0001     |
|    loss                 | -0.281     |
|    n_updates            | 825        |
|    policy_gradient_loss | -0.0232    |
|    std                  | 1.13       |
|    value_loss           | 0.0151     |
----------------------------------------
rollout mean regret: 0.4632817506790161
-----------------------------------------
| rollout/                |             |
|    ep_len_mean          | 124         |
|    ep_rew_mean          | 560         |
| time/                   |             |
|    fps                  | 873         |
|    iterations           | 57          |
|    time_elapsed         | 4275        |
|    total_timesteps      | 3735552     |
| train/                  |             |
|    approx_kl            | 0.014534301 |
|    clip_fraction        | 0.275       |
|    clip_range           | 0.15        |
|    entropy_loss         | -26.2       |
|    explained_variance   | 0.979       |
|    learning_rate        | 0.0001      |
|    loss                 | -0.273      |
|    n_updates            | 840         |
|    policy_gradient_loss | -0.0231     |
|    std                  | 1.13        |
|    value_loss           | 0.0152      |
-----------------------------------------
rollout mean regret: 0.4495495557785034
-----------------------------------------
| rollout/                |             |
|    ep_len_mean          | 118         |
|    ep_rew_mean          | 532         |
| time/                   |             |
|    fps                  | 873         |
|    iterations           | 58          |
|    time_elapsed         | 4350        |
|    total_timesteps      | 3801088     |
| train/                  |             |
|    approx_kl            | 0.014261504 |
|    clip_fraction        | 0.273       |
|    clip_range           | 0.15        |
|    entropy_loss         | -26.2       |
|    explained_variance   | 0.979       |
|    learning_rate        | 0.0001      |
|    loss                 | -0.285      |
|    n_updates            | 855         |
|    policy_gradient_loss | -0.023      |
|    std                  | 1.14        |
|    value_loss           | 0.0147      |
-----------------------------------------
rollout mean regret: 0.4395677149295807
-----------------------------------------
| rollout/                |             |
|    ep_len_mean          | 123         |
|    ep_rew_mean          | 556         |
| time/                   |             |
|    fps                  | 873         |
|    iterations           | 59          |
|    time_elapsed         | 4428        |
|    total_timesteps      | 3866624     |
| train/                  |             |
|    approx_kl            | 0.014621479 |
|    clip_fraction        | 0.274       |
|    clip_range           | 0.15        |
|    entropy_loss         | -26.2       |
|    explained_variance   | 0.98        |
|    learning_rate        | 0.0001      |
|    loss                 | -0.274      |
|    n_updates            | 870         |
|    policy_gradient_loss | -0.0233     |
|    std                  | 1.14        |
|    value_loss           | 0.0147      |
-----------------------------------------
rollout mean regret: 0.4345192313194275
-----------------------------------------
| rollout/                |             |
|    ep_len_mean          | 124         |
|    ep_rew_mean          | 558         |
| time/                   |             |
|    fps                  | 872         |
|    iterations           | 60          |
|    time_elapsed         | 4506        |
|    total_timesteps      | 3932160     |
| train/                  |             |
|    approx_kl            | 0.014803747 |
|    clip_fraction        | 0.279       |
|    clip_range           | 0.15        |
|    entropy_loss         | -26.3       |
|    explained_variance   | 0.98        |
|    learning_rate        | 0.0001      |
|    loss                 | -0.275      |
|    n_updates            | 885         |
|    policy_gradient_loss | -0.0236     |
|    std                  | 1.14        |
|    value_loss           | 0.0149      |
-----------------------------------------
rollout mean regret: 0.4515177011489868
-----------------------------------------
| rollout/                |             |
|    ep_len_mean          | 121         |
|    ep_rew_mean          | 546         |
| time/                   |             |
|    fps                  | 871         |
|    iterations           | 61          |
|    time_elapsed         | 4585        |
|    total_timesteps      | 3997696     |
| train/                  |             |
|    approx_kl            | 0.014744189 |
|    clip_fraction        | 0.277       |
|    clip_range           | 0.15        |
|    entropy_loss         | -26.3       |
|    explained_variance   | 0.979       |
|    learning_rate        | 0.0001      |
|    loss                 | -0.262      |
|    n_updates            | 900         |
|    policy_gradient_loss | -0.0232     |
|    std                  | 1.14        |
|    value_loss           | 0.0159      |
-----------------------------------------
Eval num_timesteps=4000000, episode_reward=631.77 +/- 110.71
Episode length: 135.20 +/- 23.43
-----------------------------------------
| eval/                   |             |
|    mean_ep_length       | 135         |
|    mean_reward          | 632         |
| time/                   |             |
|    total_timesteps      | 4000000     |
| train/                  |             |
|    approx_kl            | 0.014920177 |
|    clip_fraction        | 0.28        |
|    clip_range           | 0.15        |
|    entropy_loss         | -26.4       |
|    explained_variance   | 0.979       |
|    learning_rate        | 0.0001      |
|    loss                 | -0.281      |
|    n_updates            | 915         |
|    policy_gradient_loss | -0.0238     |
|    std                  | 1.15        |
|    value_loss           | 0.0152      |
-----------------------------------------
New best mean reward!
rollout mean regret: 0.42287296056747437
---------------------------------
| rollout/           |          |
|    ep_len_mean     | 123      |
|    ep_rew_mean     | 552      |
| time/              |          |
|    fps             | 871      |
|    iterations      | 62       |
|    time_elapsed    | 4663     |
|    total_timesteps | 4063232  |
---------------------------------
rollout mean regret: 0.4599837064743042
------------------------------------------
| rollout/                |              |
|    ep_len_mean          | 122          |
|    ep_rew_mean          | 548          |
| time/                   |              |
|    fps                  | 871          |
|    iterations           | 63           |
|    time_elapsed         | 4734         |
|    total_timesteps      | 4128768      |
| train/                  |              |
|    approx_kl            | 0.0149093885 |
|    clip_fraction        | 0.279        |
|    clip_range           | 0.15         |
|    entropy_loss         | -26.4        |
|    explained_variance   | 0.979        |
|    learning_rate        | 0.0001       |
|    loss                 | -0.284       |
|    n_updates            | 930          |
|    policy_gradient_loss | -0.0232      |
|    std                  | 1.15         |
|    value_loss           | 0.0158       |
------------------------------------------
rollout mean regret: 0.4659890830516815
-----------------------------------------
| rollout/                |             |
|    ep_len_mean          | 124         |
|    ep_rew_mean          | 558         |
| time/                   |             |
|    fps                  | 872         |
|    iterations           | 64          |
|    time_elapsed         | 4806        |
|    total_timesteps      | 4194304     |
| train/                  |             |
|    approx_kl            | 0.015206249 |
|    clip_fraction        | 0.283       |
|    clip_range           | 0.15        |
|    entropy_loss         | -26.5       |
|    explained_variance   | 0.978       |
|    learning_rate        | 0.0001      |
|    loss                 | -0.281      |
|    n_updates            | 945         |
|    policy_gradient_loss | -0.0236     |
|    std                  | 1.15        |
|    value_loss           | 0.0162      |
-----------------------------------------
rollout mean regret: 0.4523006081581116
-----------------------------------------
| rollout/                |             |
|    ep_len_mean          | 134         |
|    ep_rew_mean          | 606         |
| time/                   |             |
|    fps                  | 872         |
|    iterations           | 65          |
|    time_elapsed         | 4882        |
|    total_timesteps      | 4259840     |
| train/                  |             |
|    approx_kl            | 0.014997501 |
|    clip_fraction        | 0.281       |
|    clip_range           | 0.15        |
|    entropy_loss         | -26.5       |
|    explained_variance   | 0.978       |
|    learning_rate        | 0.0001      |
|    loss                 | -0.281      |
|    n_updates            | 960         |
|    policy_gradient_loss | -0.0237     |
|    std                  | 1.16        |
|    value_loss           | 0.0167      |
-----------------------------------------
rollout mean regret: 0.4629562497138977
-----------------------------------------
| rollout/                |             |
|    ep_len_mean          | 131         |
|    ep_rew_mean          | 589         |
| time/                   |             |
|    fps                  | 872         |
|    iterations           | 66          |
|    time_elapsed         | 4960        |
|    total_timesteps      | 4325376     |
| train/                  |             |
|    approx_kl            | 0.014947379 |
|    clip_fraction        | 0.282       |
|    clip_range           | 0.15        |
|    entropy_loss         | -26.5       |
|    explained_variance   | 0.979       |
|    learning_rate        | 0.0001      |
|    loss                 | -0.287      |
|    n_updates            | 975         |
|    policy_gradient_loss | -0.0232     |
|    std                  | 1.16        |
|    value_loss           | 0.016       |
-----------------------------------------
rollout mean regret: 0.4411408305168152
-----------------------------------------
| rollout/                |             |
|    ep_len_mean          | 133         |
|    ep_rew_mean          | 600         |
| time/                   |             |
|    fps                  | 871         |
|    iterations           | 67          |
|    time_elapsed         | 5036        |
|    total_timesteps      | 4390912     |
| train/                  |             |
|    approx_kl            | 0.015460119 |
|    clip_fraction        | 0.286       |
|    clip_range           | 0.15        |
|    entropy_loss         | -26.6       |
|    explained_variance   | 0.978       |
|    learning_rate        | 0.0001      |
|    loss                 | -0.272      |
|    n_updates            | 990         |
|    policy_gradient_loss | -0.0236     |
|    std                  | 1.16        |
|    value_loss           | 0.0163      |
-----------------------------------------
rollout mean regret: 0.44478774070739746
-----------------------------------------
| rollout/                |             |
|    ep_len_mean          | 127         |
|    ep_rew_mean          | 572         |
| time/                   |             |
|    fps                  | 871         |
|    iterations           | 68          |
|    time_elapsed         | 5113        |
|    total_timesteps      | 4456448     |
| train/                  |             |
|    approx_kl            | 0.015551484 |
|    clip_fraction        | 0.285       |
|    clip_range           | 0.15        |
|    entropy_loss         | -26.6       |
|    explained_variance   | 0.979       |
|    learning_rate        | 0.0001      |
|    loss                 | -0.284      |
|    n_updates            | 1005        |
|    policy_gradient_loss | -0.0235     |
|    std                  | 1.16        |
|    value_loss           | 0.0158      |
-----------------------------------------
Eval num_timesteps=4500000, episode_reward=778.66 +/- 245.98
Episode length: 166.60 +/- 51.08
-----------------------------------------
| eval/                   |             |
|    mean_ep_length       | 167         |
|    mean_reward          | 779         |
| time/                   |             |
|    total_timesteps      | 4500000     |
| train/                  |             |
|    approx_kl            | 0.015862571 |
|    clip_fraction        | 0.294       |
|    clip_range           | 0.15        |
|    entropy_loss         | -26.7       |
|    explained_variance   | 0.979       |
|    learning_rate        | 0.0001      |
|    loss                 | -0.296      |
|    n_updates            | 1020        |
|    policy_gradient_loss | -0.0241     |
|    std                  | 1.17        |
|    value_loss           | 0.0159      |
-----------------------------------------
New best mean reward!
rollout mean regret: 0.4864816665649414
---------------------------------
| rollout/           |          |
|    ep_len_mean     | 139      |
|    ep_rew_mean     | 628      |
| time/              |          |
|    fps             | 870      |
|    iterations      | 69       |
|    time_elapsed    | 5191     |
|    total_timesteps | 4521984  |
---------------------------------
rollout mean regret: 0.4966156780719757
-----------------------------------------
| rollout/                |             |
|    ep_len_mean          | 142         |
|    ep_rew_mean          | 642         |
| time/                   |             |
|    fps                  | 871         |
|    iterations           | 70          |
|    time_elapsed         | 5266        |
|    total_timesteps      | 4587520     |
| train/                  |             |
|    approx_kl            | 0.015781969 |
|    clip_fraction        | 0.293       |
|    clip_range           | 0.15        |
|    entropy_loss         | -26.7       |
|    explained_variance   | 0.978       |
|    learning_rate        | 0.0001      |
|    loss                 | -0.273      |
|    n_updates            | 1035        |
|    policy_gradient_loss | -0.0244     |
|    std                  | 1.17        |
|    value_loss           | 0.0165      |
-----------------------------------------
rollout mean regret: 0.46662968397140503
----------------------------------------
| rollout/                |            |
|    ep_len_mean          | 137        |
|    ep_rew_mean          | 619        |
| time/                   |            |
|    fps                  | 870        |
|    iterations           | 71         |
|    time_elapsed         | 5342       |
|    total_timesteps      | 4653056    |
| train/                  |            |
|    approx_kl            | 0.01583611 |
|    clip_fraction        | 0.29       |
|    clip_range           | 0.15       |
|    entropy_loss         | -26.7      |
|    explained_variance   | 0.977      |
|    learning_rate        | 0.0001     |
|    loss                 | -0.283     |
|    n_updates            | 1050       |
|    policy_gradient_loss | -0.0243    |
|    std                  | 1.17       |
|    value_loss           | 0.0162     |
----------------------------------------
rollout mean regret: 0.4636536240577698
-----------------------------------------
| rollout/                |             |
|    ep_len_mean          | 146         |
|    ep_rew_mean          | 659         |
| time/                   |             |
|    fps                  | 870         |
|    iterations           | 72          |
|    time_elapsed         | 5418        |
|    total_timesteps      | 4718592     |
| train/                  |             |
|    approx_kl            | 0.015704196 |
|    clip_fraction        | 0.289       |
|    clip_range           | 0.15        |
|    entropy_loss         | -26.8       |
|    explained_variance   | 0.977       |
|    learning_rate        | 0.0001      |
|    loss                 | -0.271      |
|    n_updates            | 1065        |
|    policy_gradient_loss | -0.024      |
|    std                  | 1.18        |
|    value_loss           | 0.0169      |
-----------------------------------------
rollout mean regret: 0.5042943954467773
------------------------------------------
| rollout/                |              |
|    ep_len_mean          | 146          |
|    ep_rew_mean          | 658          |
| time/                   |              |
|    fps                  | 870          |
|    iterations           | 73           |
|    time_elapsed         | 5494         |
|    total_timesteps      | 4784128      |
| train/                  |              |
|    approx_kl            | 0.0155736655 |
|    clip_fraction        | 0.286        |
|    clip_range           | 0.15         |
|    entropy_loss         | -26.8        |
|    explained_variance   | 0.979        |
|    learning_rate        | 0.0001       |
|    loss                 | -0.289       |
|    n_updates            | 1080         |
|    policy_gradient_loss | -0.0238      |
|    std                  | 1.18         |
|    value_loss           | 0.0161       |
------------------------------------------
rollout mean regret: 0.5010489225387573
----------------------------------------
| rollout/                |            |
|    ep_len_mean          | 147        |
|    ep_rew_mean          | 663        |
| time/                   |            |
|    fps                  | 870        |
|    iterations           | 74         |
|    time_elapsed         | 5569       |
|    total_timesteps      | 4849664    |
| train/                  |            |
|    approx_kl            | 0.01586108 |
|    clip_fraction        | 0.293      |
|    clip_range           | 0.15       |
|    entropy_loss         | -26.8      |
|    explained_variance   | 0.977      |
|    learning_rate        | 0.0001     |
|    loss                 | -0.288     |
|    n_updates            | 1095       |
|    policy_gradient_loss | -0.0246    |
|    std                  | 1.18       |
|    value_loss           | 0.0166     |
----------------------------------------
rollout mean regret: 0.4650537371635437
----------------------------------------
| rollout/                |            |
|    ep_len_mean          | 151        |
|    ep_rew_mean          | 679        |
| time/                   |            |
|    fps                  | 870        |
|    iterations           | 75         |
|    time_elapsed         | 5647       |
|    total_timesteps      | 4915200    |
| train/                  |            |
|    approx_kl            | 0.01557956 |
|    clip_fraction        | 0.29       |
|    clip_range           | 0.15       |
|    entropy_loss         | -26.9      |
|    explained_variance   | 0.977      |
|    learning_rate        | 0.0001     |
|    loss                 | -0.286     |
|    n_updates            | 1110       |
|    policy_gradient_loss | -0.0243    |
|    std                  | 1.18       |
|    value_loss           | 0.0167     |
----------------------------------------
rollout mean regret: 0.48372718691825867
-----------------------------------------
| rollout/                |             |
|    ep_len_mean          | 154         |
|    ep_rew_mean          | 696         |
| time/                   |             |
|    fps                  | 869         |
|    iterations           | 76          |
|    time_elapsed         | 5726        |
|    total_timesteps      | 4980736     |
| train/                  |             |
|    approx_kl            | 0.016053196 |
|    clip_fraction        | 0.293       |
|    clip_range           | 0.15        |
|    entropy_loss         | -26.9       |
|    explained_variance   | 0.977       |
|    learning_rate        | 0.0001      |
|    loss                 | -0.282      |
|    n_updates            | 1125        |
|    policy_gradient_loss | -0.0235     |
|    std                  | 1.19        |
|    value_loss           | 0.0173      |
-----------------------------------------
Eval num_timesteps=5000000, episode_reward=809.61 +/- 111.74
Episode length: 174.20 +/- 23.76
-----------------------------------------
| eval/                   |             |
|    mean_ep_length       | 174         |
|    mean_reward          | 810         |
| time/                   |             |
|    total_timesteps      | 5000000     |
| train/                  |             |
|    approx_kl            | 0.016609006 |
|    clip_fraction        | 0.298       |
|    clip_range           | 0.15        |
|    entropy_loss         | -27         |
|    explained_variance   | 0.977       |
|    learning_rate        | 0.0001      |
|    loss                 | -0.278      |
|    n_updates            | 1140        |
|    policy_gradient_loss | -0.0248     |
|    std                  | 1.19        |
|    value_loss           | 0.0179      |
-----------------------------------------
New best mean reward!
rollout mean regret: 0.4857390224933624
---------------------------------
| rollout/           |          |
|    ep_len_mean     | 153      |
|    ep_rew_mean     | 690      |
| time/              |          |
|    fps             | 869      |
|    iterations      | 77       |
|    time_elapsed    | 5802     |
|    total_timesteps | 5046272  |
---------------------------------
rollout mean regret: 0.4999191164970398
-----------------------------------------
| rollout/                |             |
|    ep_len_mean          | 153         |
|    ep_rew_mean          | 688         |
| time/                   |             |
|    fps                  | 869         |
|    iterations           | 78          |
|    time_elapsed         | 5877        |
|    total_timesteps      | 5111808     |
| train/                  |             |
|    approx_kl            | 0.016672764 |
|    clip_fraction        | 0.301       |
|    clip_range           | 0.15        |
|    entropy_loss         | -27         |
|    explained_variance   | 0.976       |
|    learning_rate        | 0.0001      |
|    loss                 | -0.282      |
|    n_updates            | 1155        |
|    policy_gradient_loss | -0.0241     |
|    std                  | 1.19        |
|    value_loss           | 0.0182      |
-----------------------------------------
rollout mean regret: 0.5011811852455139
-----------------------------------------
| rollout/                |             |
|    ep_len_mean          | 156         |
|    ep_rew_mean          | 705         |
| time/                   |             |
|    fps                  | 869         |
|    iterations           | 79          |
|    time_elapsed         | 5956        |
|    total_timesteps      | 5177344     |
| train/                  |             |
|    approx_kl            | 0.016540587 |
|    clip_fraction        | 0.301       |
|    clip_range           | 0.15        |
|    entropy_loss         | -27.1       |
|    explained_variance   | 0.975       |
|    learning_rate        | 0.0001      |
|    loss                 | -0.293      |
|    n_updates            | 1170        |
|    policy_gradient_loss | -0.0245     |
|    std                  | 1.2         |
|    value_loss           | 0.0184      |
-----------------------------------------
rollout mean regret: 0.5140154361724854
-----------------------------------------
| rollout/                |             |
|    ep_len_mean          | 175         |
|    ep_rew_mean          | 789         |
| time/                   |             |
|    fps                  | 869         |
|    iterations           | 80          |
|    time_elapsed         | 6029        |
|    total_timesteps      | 5242880     |
| train/                  |             |
|    approx_kl            | 0.016663218 |
|    clip_fraction        | 0.3         |
|    clip_range           | 0.15        |
|    entropy_loss         | -27.1       |
|    explained_variance   | 0.975       |
|    learning_rate        | 0.0001      |
|    loss                 | -0.282      |
|    n_updates            | 1185        |
|    policy_gradient_loss | -0.0247     |
|    std                  | 1.2         |
|    value_loss           | 0.0186      |
-----------------------------------------
rollout mean regret: 0.5023763179779053
-----------------------------------------
| rollout/                |             |
|    ep_len_mean          | 169         |
|    ep_rew_mean          | 765         |
| time/                   |             |
|    fps                  | 869         |
|    iterations           | 81          |
|    time_elapsed         | 6105        |
|    total_timesteps      | 5308416     |
| train/                  |             |
|    approx_kl            | 0.016320257 |
|    clip_fraction        | 0.296       |
|    clip_range           | 0.15        |
|    entropy_loss         | -27.1       |
|    explained_variance   | 0.975       |
|    learning_rate        | 0.0001      |
|    loss                 | -0.264      |
|    n_updates            | 1200        |
|    policy_gradient_loss | -0.0243     |
|    std                  | 1.2         |
|    value_loss           | 0.0181      |
-----------------------------------------
rollout mean regret: 0.5274039506912231
-----------------------------------------
| rollout/                |             |
|    ep_len_mean          | 173         |
|    ep_rew_mean          | 782         |
| time/                   |             |
|    fps                  | 869         |
|    iterations           | 82          |
|    time_elapsed         | 6182        |
|    total_timesteps      | 5373952     |
| train/                  |             |
|    approx_kl            | 0.016673667 |
|    clip_fraction        | 0.3         |
|    clip_range           | 0.15        |
|    entropy_loss         | -27.2       |
|    explained_variance   | 0.975       |
|    learning_rate        | 0.0001      |
|    loss                 | -0.282      |
|    n_updates            | 1215        |
|    policy_gradient_loss | -0.0241     |
|    std                  | 1.21        |
|    value_loss           | 0.0188      |
-----------------------------------------
rollout mean regret: 0.5021102428436279
-----------------------------------------
| rollout/                |             |
|    ep_len_mean          | 178         |
|    ep_rew_mean          | 801         |
| time/                   |             |
|    fps                  | 869         |
|    iterations           | 83          |
|    time_elapsed         | 6256        |
|    total_timesteps      | 5439488     |
| train/                  |             |
|    approx_kl            | 0.016582716 |
|    clip_fraction        | 0.3         |
|    clip_range           | 0.15        |
|    entropy_loss         | -27.2       |
|    explained_variance   | 0.975       |
|    learning_rate        | 0.0001      |
|    loss                 | -0.283      |
|    n_updates            | 1230        |
|    policy_gradient_loss | -0.0246     |
|    std                  | 1.21        |
|    value_loss           | 0.018       |
-----------------------------------------
Eval num_timesteps=5500000, episode_reward=715.55 +/- 110.66
Episode length: 155.20 +/- 23.72
-----------------------------------------
| eval/                   |             |
|    mean_ep_length       | 155         |
|    mean_reward          | 716         |
| time/                   |             |
|    total_timesteps      | 5500000     |
| train/                  |             |
|    approx_kl            | 0.016792148 |
|    clip_fraction        | 0.301       |
|    clip_range           | 0.15        |
|    entropy_loss         | -27.3       |
|    explained_variance   | 0.976       |
|    learning_rate        | 0.0001      |
|    loss                 | -0.288      |
|    n_updates            | 1245        |
|    policy_gradient_loss | -0.0237     |
|    std                  | 1.21        |
|    value_loss           | 0.0184      |
-----------------------------------------
rollout mean regret: 0.4948135018348694
---------------------------------
| rollout/           |          |
|    ep_len_mean     | 175      |
|    ep_rew_mean     | 791      |
| time/              |          |
|    fps             | 868      |
|    iterations      | 84       |
|    time_elapsed    | 6336     |
|    total_timesteps | 5505024  |
---------------------------------
rollout mean regret: 0.5258712768554688
-----------------------------------------
| rollout/                |             |
|    ep_len_mean          | 184         |
|    ep_rew_mean          | 829         |
| time/                   |             |
|    fps                  | 869         |
|    iterations           | 85          |
|    time_elapsed         | 6408        |
|    total_timesteps      | 5570560     |
| train/                  |             |
|    approx_kl            | 0.016396787 |
|    clip_fraction        | 0.3         |
|    clip_range           | 0.15        |
|    entropy_loss         | -27.3       |
|    explained_variance   | 0.976       |
|    learning_rate        | 0.0001      |
|    loss                 | -0.286      |
|    n_updates            | 1260        |
|    policy_gradient_loss | -0.0241     |
|    std                  | 1.22        |
|    value_loss           | 0.0178      |
-----------------------------------------
rollout mean regret: 0.5174920558929443
----------------------------------------
| rollout/                |            |
|    ep_len_mean          | 186        |
|    ep_rew_mean          | 839        |
| time/                   |            |
|    fps                  | 868        |
|    iterations           | 86         |
|    time_elapsed         | 6486       |
|    total_timesteps      | 5636096    |
| train/                  |            |
|    approx_kl            | 0.01697867 |
|    clip_fraction        | 0.306      |
|    clip_range           | 0.15       |
|    entropy_loss         | -27.4      |
|    explained_variance   | 0.973      |
|    learning_rate        | 0.0001     |
|    loss                 | -0.296     |
|    n_updates            | 1275       |
|    policy_gradient_loss | -0.0245    |
|    std                  | 1.22       |
|    value_loss           | 0.0199     |
----------------------------------------
rollout mean regret: 0.5080996751785278
-----------------------------------------
| rollout/                |             |
|    ep_len_mean          | 181         |
|    ep_rew_mean          | 817         |
| time/                   |             |
|    fps                  | 868         |
|    iterations           | 87          |
|    time_elapsed         | 6562        |
|    total_timesteps      | 5701632     |
| train/                  |             |
|    approx_kl            | 0.016303293 |
|    clip_fraction        | 0.3         |
|    clip_range           | 0.15        |
|    entropy_loss         | -27.4       |
|    explained_variance   | 0.974       |
|    learning_rate        | 0.0001      |
|    loss                 | -0.281      |
|    n_updates            | 1290        |
|    policy_gradient_loss | -0.0238     |
|    std                  | 1.22        |
|    value_loss           | 0.0185      |
-----------------------------------------
rollout mean regret: 0.5277198553085327
-----------------------------------------
| rollout/                |             |
|    ep_len_mean          | 195         |
|    ep_rew_mean          | 881         |
| time/                   |             |
|    fps                  | 868         |
|    iterations           | 88          |
|    time_elapsed         | 6637        |
|    total_timesteps      | 5767168     |
| train/                  |             |
|    approx_kl            | 0.016579187 |
|    clip_fraction        | 0.3         |
|    clip_range           | 0.15        |
|    entropy_loss         | -27.5       |
|    explained_variance   | 0.974       |
|    learning_rate        | 0.0001      |
|    loss                 | -0.296      |
|    n_updates            | 1305        |
|    policy_gradient_loss | -0.0241     |
|    std                  | 1.23        |
|    value_loss           | 0.0186      |
-----------------------------------------
rollout mean regret: 0.5077842473983765
-----------------------------------------
| rollout/                |             |
|    ep_len_mean          | 204         |
|    ep_rew_mean          | 920         |
| time/                   |             |
|    fps                  | 868         |
|    iterations           | 89          |
|    time_elapsed         | 6712        |
|    total_timesteps      | 5832704     |
| train/                  |             |
|    approx_kl            | 0.017059665 |
|    clip_fraction        | 0.305       |
|    clip_range           | 0.15        |
|    entropy_loss         | -27.5       |
|    explained_variance   | 0.973       |
|    learning_rate        | 0.0001      |
|    loss                 | -0.286      |
|    n_updates            | 1320        |
|    policy_gradient_loss | -0.0244     |
|    std                  | 1.23        |
|    value_loss           | 0.0191      |
-----------------------------------------
rollout mean regret: 0.49116072058677673
-----------------------------------------
| rollout/                |             |
|    ep_len_mean          | 195         |
|    ep_rew_mean          | 879         |
| time/                   |             |
|    fps                  | 869         |
|    iterations           | 90          |
|    time_elapsed         | 6787        |
|    total_timesteps      | 5898240     |
| train/                  |             |
|    approx_kl            | 0.016564123 |
|    clip_fraction        | 0.301       |
|    clip_range           | 0.15        |
|    entropy_loss         | -27.5       |
|    explained_variance   | 0.973       |
|    learning_rate        | 0.0001      |
|    loss                 | -0.284      |
|    n_updates            | 1335        |
|    policy_gradient_loss | -0.0238     |
|    std                  | 1.23        |
|    value_loss           | 0.0198      |
-----------------------------------------
rollout mean regret: 0.49270567297935486
----------------------------------------
| rollout/                |            |
|    ep_len_mean          | 209        |
|    ep_rew_mean          | 944        |
| time/                   |            |
|    fps                  | 868        |
|    iterations           | 91         |
|    time_elapsed         | 6864       |
|    total_timesteps      | 5963776    |
| train/                  |            |
|    approx_kl            | 0.01718815 |
|    clip_fraction        | 0.307      |
|    clip_range           | 0.15       |
|    entropy_loss         | -27.6      |
|    explained_variance   | 0.974      |
|    learning_rate        | 0.0001     |
|    loss                 | -0.293     |
|    n_updates            | 1350       |
|    policy_gradient_loss | -0.0245    |
|    std                  | 1.24       |
|    value_loss           | 0.0193     |
----------------------------------------
Eval num_timesteps=6000000, episode_reward=1302.53 +/- 323.55
Episode length: 281.60 +/- 69.40
-----------------------------------------
| eval/                   |             |
|    mean_ep_length       | 282         |
|    mean_reward          | 1.3e+03     |
| time/                   |             |
|    total_timesteps      | 6000000     |
| train/                  |             |
|    approx_kl            | 0.017190918 |
|    clip_fraction        | 0.305       |
|    clip_range           | 0.15        |
|    entropy_loss         | -27.7       |
|    explained_variance   | 0.974       |
|    learning_rate        | 0.0001      |
|    loss                 | -0.285      |
|    n_updates            | 1365        |
|    policy_gradient_loss | -0.024      |
|    std                  | 1.24        |
|    value_loss           | 0.0189      |
-----------------------------------------
New best mean reward!
rollout mean regret: 0.5045334696769714
---------------------------------
| rollout/           |          |
|    ep_len_mean     | 221      |
|    ep_rew_mean     | 996      |
| time/              |          |
|    fps             | 868      |
|    iterations      | 92       |
|    time_elapsed    | 6942     |
|    total_timesteps | 6029312  |
---------------------------------
rollout mean regret: 0.495466947555542
-----------------------------------------
| rollout/                |             |
|    ep_len_mean          | 211         |
|    ep_rew_mean          | 952         |
| time/                   |             |
|    fps                  | 868         |
|    iterations           | 93          |
|    time_elapsed         | 7021        |
|    total_timesteps      | 6094848     |
| train/                  |             |
|    approx_kl            | 0.017110765 |
|    clip_fraction        | 0.308       |
|    clip_range           | 0.15        |
|    entropy_loss         | -27.7       |
|    explained_variance   | 0.972       |
|    learning_rate        | 0.0001      |
|    loss                 | -0.293      |
|    n_updates            | 1380        |
|    policy_gradient_loss | -0.0245     |
|    std                  | 1.24        |
|    value_loss           | 0.0205      |
-----------------------------------------
rollout mean regret: 0.4898739457130432
-----------------------------------------
| rollout/                |             |
|    ep_len_mean          | 213         |
|    ep_rew_mean          | 961         |
| time/                   |             |
|    fps                  | 867         |
|    iterations           | 94          |
|    time_elapsed         | 7100        |
|    total_timesteps      | 6160384     |
| train/                  |             |
|    approx_kl            | 0.017440619 |
|    clip_fraction        | 0.306       |
|    clip_range           | 0.15        |
|    entropy_loss         | -27.7       |
|    explained_variance   | 0.972       |
|    learning_rate        | 0.0001      |
|    loss                 | -0.29       |
|    n_updates            | 1395        |
|    policy_gradient_loss | -0.0238     |
|    std                  | 1.25        |
|    value_loss           | 0.0197      |
-----------------------------------------
rollout mean regret: 0.5135865211486816
-----------------------------------------
| rollout/                |             |
|    ep_len_mean          | 227         |
|    ep_rew_mean          | 1.02e+03    |
| time/                   |             |
|    fps                  | 867         |
|    iterations           | 95          |
|    time_elapsed         | 7174        |
|    total_timesteps      | 6225920     |
| train/                  |             |
|    approx_kl            | 0.017261392 |
|    clip_fraction        | 0.308       |
|    clip_range           | 0.15        |
|    entropy_loss         | -27.8       |
|    explained_variance   | 0.972       |
|    learning_rate        | 0.0001      |
|    loss                 | -0.304      |
|    n_updates            | 1410        |
|    policy_gradient_loss | -0.0244     |
|    std                  | 1.25        |
|    value_loss           | 0.0199      |
-----------------------------------------
rollout mean regret: 0.473533034324646
----------------------------------------
| rollout/                |            |
|    ep_len_mean          | 230        |
|    ep_rew_mean          | 1.04e+03   |
| time/                   |            |
|    fps                  | 867        |
|    iterations           | 96         |
|    time_elapsed         | 7250       |
|    total_timesteps      | 6291456    |
| train/                  |            |
|    approx_kl            | 0.01735545 |
|    clip_fraction        | 0.305      |
|    clip_range           | 0.15       |
|    entropy_loss         | -27.8      |
|    explained_variance   | 0.972      |
|    learning_rate        | 0.0001     |
|    loss                 | -0.289     |
|    n_updates            | 1425       |
|    policy_gradient_loss | -0.0239    |
|    std                  | 1.25       |
|    value_loss           | 0.0199     |
----------------------------------------
rollout mean regret: 0.5031101107597351
-----------------------------------------
| rollout/                |             |
|    ep_len_mean          | 249         |
|    ep_rew_mean          | 1.13e+03    |
| time/                   |             |
|    fps                  | 867         |
|    iterations           | 97          |
|    time_elapsed         | 7327        |
|    total_timesteps      | 6356992     |
| train/                  |             |
|    approx_kl            | 0.017329566 |
|    clip_fraction        | 0.313       |
|    clip_range           | 0.15        |
|    entropy_loss         | -27.8       |
|    explained_variance   | 0.974       |
|    learning_rate        | 0.0001      |
|    loss                 | -0.287      |
|    n_updates            | 1440        |
|    policy_gradient_loss | -0.025      |
|    std                  | 1.26        |
|    value_loss           | 0.0185      |
-----------------------------------------
rollout mean regret: 0.5146893262863159
-----------------------------------------
| rollout/                |             |
|    ep_len_mean          | 261         |
|    ep_rew_mean          | 1.18e+03    |
| time/                   |             |
|    fps                  | 867         |
|    iterations           | 98          |
|    time_elapsed         | 7402        |
|    total_timesteps      | 6422528     |
| train/                  |             |
|    approx_kl            | 0.017043132 |
|    clip_fraction        | 0.307       |
|    clip_range           | 0.15        |
|    entropy_loss         | -27.9       |
|    explained_variance   | 0.972       |
|    learning_rate        | 0.0001      |
|    loss                 | -0.289      |
|    n_updates            | 1455        |
|    policy_gradient_loss | -0.0237     |
|    std                  | 1.26        |
|    value_loss           | 0.0185      |
-----------------------------------------
rollout mean regret: 0.5006957650184631
-----------------------------------------
| rollout/                |             |
|    ep_len_mean          | 277         |
|    ep_rew_mean          | 1.25e+03    |
| time/                   |             |
|    fps                  | 867         |
|    iterations           | 99          |
|    time_elapsed         | 7476        |
|    total_timesteps      | 6488064     |
| train/                  |             |
|    approx_kl            | 0.017437603 |
|    clip_fraction        | 0.313       |
|    clip_range           | 0.15        |
|    entropy_loss         | -27.9       |
|    explained_variance   | 0.971       |
|    learning_rate        | 0.0001      |
|    loss                 | -0.284      |
|    n_updates            | 1470        |
|    policy_gradient_loss | -0.0244     |
|    std                  | 1.26        |
|    value_loss           | 0.0188      |
-----------------------------------------
Eval num_timesteps=6500000, episode_reward=2895.20 +/- 1301.32
Episode length: 622.20 +/- 278.68
-----------------------------------------
| eval/                   |             |
|    mean_ep_length       | 622         |
|    mean_reward          | 2.9e+03     |
| time/                   |             |
|    total_timesteps      | 6500000     |
| train/                  |             |
|    approx_kl            | 0.017980754 |
|    clip_fraction        | 0.316       |
|    clip_range           | 0.15        |
|    entropy_loss         | -28         |
|    explained_variance   | 0.97        |
|    learning_rate        | 0.0001      |
|    loss                 | -0.297      |
|    n_updates            | 1485        |
|    policy_gradient_loss | -0.0249     |
|    std                  | 1.27        |
|    value_loss           | 0.0195      |
-----------------------------------------
New best mean reward!
rollout mean regret: 0.475646436214447
---------------------------------
| rollout/           |          |
|    ep_len_mean     | 252      |
|    ep_rew_mean     | 1.14e+03 |
| time/              |          |
|    fps             | 866      |
|    iterations      | 100      |
|    time_elapsed    | 7563     |
|    total_timesteps | 6553600  |
---------------------------------
rollout mean regret: 0.4996916949748993
-----------------------------------------
| rollout/                |             |
|    ep_len_mean          | 264         |
|    ep_rew_mean          | 1.19e+03    |
| time/                   |             |
|    fps                  | 866         |
|    iterations           | 101         |
|    time_elapsed         | 7639        |
|    total_timesteps      | 6619136     |
| train/                  |             |
|    approx_kl            | 0.017530918 |
|    clip_fraction        | 0.312       |
|    clip_range           | 0.15        |
|    entropy_loss         | -28         |
|    explained_variance   | 0.973       |
|    learning_rate        | 0.0001      |
|    loss                 | -0.294      |
|    n_updates            | 1500        |
|    policy_gradient_loss | -0.0244     |
|    std                  | 1.27        |
|    value_loss           | 0.0179      |
-----------------------------------------
rollout mean regret: 0.5123279094696045
-----------------------------------------
| rollout/                |             |
|    ep_len_mean          | 283         |
|    ep_rew_mean          | 1.28e+03    |
| time/                   |             |
|    fps                  | 866         |
|    iterations           | 102         |
|    time_elapsed         | 7712        |
|    total_timesteps      | 6684672     |
| train/                  |             |
|    approx_kl            | 0.018101966 |
|    clip_fraction        | 0.319       |
|    clip_range           | 0.15        |
|    entropy_loss         | -28         |
|    explained_variance   | 0.97        |
|    learning_rate        | 0.0001      |
|    loss                 | -0.301      |
|    n_updates            | 1515        |
|    policy_gradient_loss | -0.0244     |
|    std                  | 1.27        |
|    value_loss           | 0.0188      |
-----------------------------------------
rollout mean regret: 0.478253036737442
----------------------------------------
| rollout/                |            |
|    ep_len_mean          | 286        |
|    ep_rew_mean          | 1.29e+03   |
| time/                   |            |
|    fps                  | 866        |
|    iterations           | 103        |
|    time_elapsed         | 7791       |
|    total_timesteps      | 6750208    |
| train/                  |            |
|    approx_kl            | 0.01846883 |
|    clip_fraction        | 0.322      |
|    clip_range           | 0.15       |
|    entropy_loss         | -28.1      |
|    explained_variance   | 0.969      |
|    learning_rate        | 0.0001     |
|    loss                 | -0.3       |
|    n_updates            | 1530       |
|    policy_gradient_loss | -0.0244    |
|    std                  | 1.28       |
|    value_loss           | 0.0189     |
----------------------------------------
rollout mean regret: 0.4874703288078308
-----------------------------------------
| rollout/                |             |
|    ep_len_mean          | 312         |
|    ep_rew_mean          | 1.41e+03    |
| time/                   |             |
|    fps                  | 866         |
|    iterations           | 104         |
|    time_elapsed         | 7867        |
|    total_timesteps      | 6815744     |
| train/                  |             |
|    approx_kl            | 0.018420598 |
|    clip_fraction        | 0.322       |
|    clip_range           | 0.15        |
|    entropy_loss         | -28.1       |
|    explained_variance   | 0.972       |
|    learning_rate        | 0.0001      |
|    loss                 | -0.298      |
|    n_updates            | 1545        |
|    policy_gradient_loss | -0.025      |
|    std                  | 1.28        |
|    value_loss           | 0.0179      |
-----------------------------------------
rollout mean regret: 0.47191476821899414
-----------------------------------------
| rollout/                |             |
|    ep_len_mean          | 307         |
|    ep_rew_mean          | 1.39e+03    |
| time/                   |             |
|    fps                  | 866         |
|    iterations           | 105         |
|    time_elapsed         | 7941        |
|    total_timesteps      | 6881280     |
| train/                  |             |
|    approx_kl            | 0.017869264 |
|    clip_fraction        | 0.314       |
|    clip_range           | 0.15        |
|    entropy_loss         | -28.2       |
|    explained_variance   | 0.971       |
|    learning_rate        | 0.0001      |
|    loss                 | -0.291      |
|    n_updates            | 1560        |
|    policy_gradient_loss | -0.024      |
|    std                  | 1.28        |
|    value_loss           | 0.0169      |
-----------------------------------------
rollout mean regret: 0.46383076906204224
----------------------------------------
| rollout/                |            |
|    ep_len_mean          | 294        |
|    ep_rew_mean          | 1.33e+03   |
| time/                   |            |
|    fps                  | 866        |
|    iterations           | 106        |
|    time_elapsed         | 8017       |
|    total_timesteps      | 6946816    |
| train/                  |            |
|    approx_kl            | 0.01888176 |
|    clip_fraction        | 0.326      |
|    clip_range           | 0.15       |
|    entropy_loss         | -28.2      |
|    explained_variance   | 0.971      |
|    learning_rate        | 0.0001     |
|    loss                 | -0.291     |
|    n_updates            | 1575       |
|    policy_gradient_loss | -0.0247    |
|    std                  | 1.29       |
|    value_loss           | 0.0178     |
----------------------------------------
Eval num_timesteps=7000000, episode_reward=2760.27 +/- 1364.24
Episode length: 594.60 +/- 292.04
-----------------------------------------
| eval/                   |             |
|    mean_ep_length       | 595         |
|    mean_reward          | 2.76e+03    |
| time/                   |             |
|    total_timesteps      | 7000000     |
| train/                  |             |
|    approx_kl            | 0.018549936 |
|    clip_fraction        | 0.322       |
|    clip_range           | 0.15        |
|    entropy_loss         | -28.3       |
|    explained_variance   | 0.97        |
|    learning_rate        | 0.0001      |
|    loss                 | -0.315      |
|    n_updates            | 1590        |
|    policy_gradient_loss | -0.0244     |
|    std                  | 1.29        |
|    value_loss           | 0.0177      |
-----------------------------------------
rollout mean regret: 0.4737222194671631
---------------------------------
| rollout/           |          |
|    ep_len_mean     | 328      |
|    ep_rew_mean     | 1.48e+03 |
| time/              |          |
|    fps             | 865      |
|    iterations      | 107      |
|    time_elapsed    | 8100     |
|    total_timesteps | 7012352  |
---------------------------------
rollout mean regret: 0.45511922240257263
-----------------------------------------
| rollout/                |             |
|    ep_len_mean          | 387         |
|    ep_rew_mean          | 1.75e+03    |
| time/                   |             |
|    fps                  | 865         |
|    iterations           | 108         |
|    time_elapsed         | 8176        |
|    total_timesteps      | 7077888     |
| train/                  |             |
|    approx_kl            | 0.018889695 |
|    clip_fraction        | 0.327       |
|    clip_range           | 0.15        |
|    entropy_loss         | -28.3       |
|    explained_variance   | 0.968       |
|    learning_rate        | 0.0001      |
|    loss                 | -0.294      |
|    n_updates            | 1605        |
|    policy_gradient_loss | -0.025      |
|    std                  | 1.3         |
|    value_loss           | 0.0179      |
-----------------------------------------
rollout mean regret: 0.45560556650161743
-----------------------------------------
| rollout/                |             |
|    ep_len_mean          | 365         |
|    ep_rew_mean          | 1.65e+03    |
| time/                   |             |
|    fps                  | 865         |
|    iterations           | 109         |
|    time_elapsed         | 8256        |
|    total_timesteps      | 7143424     |
| train/                  |             |
|    approx_kl            | 0.018579785 |
|    clip_fraction        | 0.328       |
|    clip_range           | 0.15        |
|    entropy_loss         | -28.4       |
|    explained_variance   | 0.969       |
|    learning_rate        | 0.0001      |
|    loss                 | -0.298      |
|    n_updates            | 1620        |
|    policy_gradient_loss | -0.0248     |
|    std                  | 1.3         |
|    value_loss           | 0.0163      |
-----------------------------------------
rollout mean regret: 0.422899454832077
-----------------------------------------
| rollout/                |             |
|    ep_len_mean          | 363         |
|    ep_rew_mean          | 1.64e+03    |
| time/                   |             |
|    fps                  | 865         |
|    iterations           | 110         |
|    time_elapsed         | 8331        |
|    total_timesteps      | 7208960     |
| train/                  |             |
|    approx_kl            | 0.018959505 |
|    clip_fraction        | 0.328       |
|    clip_range           | 0.15        |
|    entropy_loss         | -28.4       |
|    explained_variance   | 0.968       |
|    learning_rate        | 0.0001      |
|    loss                 | -0.3        |
|    n_updates            | 1635        |
|    policy_gradient_loss | -0.0247     |
|    std                  | 1.3         |
|    value_loss           | 0.0171      |
-----------------------------------------
rollout mean regret: 0.4021091163158417
-----------------------------------------
| rollout/                |             |
|    ep_len_mean          | 384         |
|    ep_rew_mean          | 1.74e+03    |
| time/                   |             |
|    fps                  | 865         |
|    iterations           | 111         |
|    time_elapsed         | 8408        |
|    total_timesteps      | 7274496     |
| train/                  |             |
|    approx_kl            | 0.018501114 |
|    clip_fraction        | 0.323       |
|    clip_range           | 0.15        |
|    entropy_loss         | -28.5       |
|    explained_variance   | 0.969       |
|    learning_rate        | 0.0001      |
|    loss                 | -0.3        |
|    n_updates            | 1650        |
|    policy_gradient_loss | -0.0239     |
|    std                  | 1.31        |
|    value_loss           | 0.0163      |
-----------------------------------------
rollout mean regret: 0.4042145013809204
-----------------------------------------
| rollout/                |             |
|    ep_len_mean          | 381         |
|    ep_rew_mean          | 1.73e+03    |
| time/                   |             |
|    fps                  | 864         |
|    iterations           | 112         |
|    time_elapsed         | 8486        |
|    total_timesteps      | 7340032     |
| train/                  |             |
|    approx_kl            | 0.018327344 |
|    clip_fraction        | 0.319       |
|    clip_range           | 0.15        |
|    entropy_loss         | -28.6       |
|    explained_variance   | 0.971       |
|    learning_rate        | 0.0001      |
|    loss                 | -0.306      |
|    n_updates            | 1665        |
|    policy_gradient_loss | -0.0235     |
|    std                  | 1.31        |
|    value_loss           | 0.0155      |
-----------------------------------------
rollout mean regret: 0.4115479290485382
-----------------------------------------
| rollout/                |             |
|    ep_len_mean          | 446         |
|    ep_rew_mean          | 2.02e+03    |
| time/                   |             |
|    fps                  | 865         |
|    iterations           | 113         |
|    time_elapsed         | 8560        |
|    total_timesteps      | 7405568     |
| train/                  |             |
|    approx_kl            | 0.018245451 |
|    clip_fraction        | 0.323       |
|    clip_range           | 0.15        |
|    entropy_loss         | -28.6       |
|    explained_variance   | 0.97        |
|    learning_rate        | 0.0001      |
|    loss                 | -0.299      |
|    n_updates            | 1680        |
|    policy_gradient_loss | -0.0239     |
|    std                  | 1.32        |
|    value_loss           | 0.0156      |
-----------------------------------------
rollout mean regret: 0.39298146963119507
-----------------------------------------
| rollout/                |             |
|    ep_len_mean          | 419         |
|    ep_rew_mean          | 1.9e+03     |
| time/                   |             |
|    fps                  | 865         |
|    iterations           | 114         |
|    time_elapsed         | 8636        |
|    total_timesteps      | 7471104     |
| train/                  |             |
|    approx_kl            | 0.018689906 |
|    clip_fraction        | 0.328       |
|    clip_range           | 0.15        |
|    entropy_loss         | -28.7       |
|    explained_variance   | 0.969       |
|    learning_rate        | 0.0001      |
|    loss                 | -0.306      |
|    n_updates            | 1695        |
|    policy_gradient_loss | -0.0242     |
|    std                  | 1.32        |
|    value_loss           | 0.0143      |
-----------------------------------------
Eval num_timesteps=7500000, episode_reward=3482.71 +/- 1799.38
Episode length: 746.80 +/- 383.16
-----------------------------------------
| eval/                   |             |
|    mean_ep_length       | 747         |
|    mean_reward          | 3.48e+03    |
| time/                   |             |
|    total_timesteps      | 7500000     |
| train/                  |             |
|    approx_kl            | 0.019268185 |
|    clip_fraction        | 0.33        |
|    clip_range           | 0.15        |
|    entropy_loss         | -28.7       |
|    explained_variance   | 0.97        |
|    learning_rate        | 0.0001      |
|    loss                 | -0.31       |
|    n_updates            | 1710        |
|    policy_gradient_loss | -0.0245     |
|    std                  | 1.33        |
|    value_loss           | 0.0148      |
-----------------------------------------
New best mean reward!
rollout mean regret: 0.4053082764148712
---------------------------------
| rollout/           |          |
|    ep_len_mean     | 387      |
|    ep_rew_mean     | 1.75e+03 |
| time/              |          |
|    fps             | 836      |
|    iterations      | 115      |
|    time_elapsed    | 9012     |
|    total_timesteps | 7536640  |
---------------------------------
rollout mean regret: 0.38280948996543884
-----------------------------------------
| rollout/                |             |
|    ep_len_mean          | 436         |
|    ep_rew_mean          | 1.98e+03    |
| time/                   |             |
|    fps                  | 836         |
|    iterations           | 116         |
|    time_elapsed         | 9088        |
|    total_timesteps      | 7602176     |
| train/                  |             |
|    approx_kl            | 0.018983662 |
|    clip_fraction        | 0.329       |
|    clip_range           | 0.15        |
|    entropy_loss         | -28.8       |
|    explained_variance   | 0.967       |
|    learning_rate        | 0.0001      |
|    loss                 | -0.307      |
|    n_updates            | 1725        |
|    policy_gradient_loss | -0.0236     |
|    std                  | 1.33        |
|    value_loss           | 0.0168      |
-----------------------------------------
rollout mean regret: 0.3810495138168335
-----------------------------------------
| rollout/                |             |
|    ep_len_mean          | 481         |
|    ep_rew_mean          | 2.18e+03    |
| time/                   |             |
|    fps                  | 836         |
|    iterations           | 117         |
|    time_elapsed         | 9162        |
|    total_timesteps      | 7667712     |
| train/                  |             |
|    approx_kl            | 0.019130198 |
|    clip_fraction        | 0.329       |
|    clip_range           | 0.15        |
|    entropy_loss         | -28.8       |
|    explained_variance   | 0.969       |
|    learning_rate        | 0.0001      |
|    loss                 | -0.295      |
|    n_updates            | 1740        |
|    policy_gradient_loss | -0.0245     |
|    std                  | 1.34        |
|    value_loss           | 0.0146      |
-----------------------------------------
rollout mean regret: 0.35814422369003296
-----------------------------------------
| rollout/                |             |
|    ep_len_mean          | 473         |
|    ep_rew_mean          | 2.15e+03    |
| time/                   |             |
|    fps                  | 837         |
|    iterations           | 118         |
|    time_elapsed         | 9236        |
|    total_timesteps      | 7733248     |
| train/                  |             |
|    approx_kl            | 0.018735498 |
|    clip_fraction        | 0.33        |
|    clip_range           | 0.15        |
|    entropy_loss         | -28.9       |
|    explained_variance   | 0.965       |
|    learning_rate        | 0.0001      |
|    loss                 | -0.311      |
|    n_updates            | 1755        |
|    policy_gradient_loss | -0.024      |
|    std                  | 1.34        |
|    value_loss           | 0.0142      |
-----------------------------------------
rollout mean regret: 0.32512515783309937
-----------------------------------------
| rollout/                |             |
|    ep_len_mean          | 451         |
|    ep_rew_mean          | 2.04e+03    |
| time/                   |             |
|    fps                  | 837         |
|    iterations           | 119         |
|    time_elapsed         | 9314        |
|    total_timesteps      | 7798784     |
| train/                  |             |
|    approx_kl            | 0.019501809 |
|    clip_fraction        | 0.332       |
|    clip_range           | 0.15        |
|    entropy_loss         | -28.9       |
|    explained_variance   | 0.968       |
|    learning_rate        | 0.0001      |
|    loss                 | -0.306      |
|    n_updates            | 1770        |
|    policy_gradient_loss | -0.0242     |
|    std                  | 1.35        |
|    value_loss           | 0.0123      |
-----------------------------------------
rollout mean regret: 0.3378564715385437
----------------------------------------
| rollout/                |            |
|    ep_len_mean          | 519        |
|    ep_rew_mean          | 2.35e+03   |
| time/                   |            |
|    fps                  | 837        |
|    iterations           | 120        |
|    time_elapsed         | 9389       |
|    total_timesteps      | 7864320    |
| train/                  |            |
|    approx_kl            | 0.01932722 |
|    clip_fraction        | 0.334      |
|    clip_range           | 0.15       |
|    entropy_loss         | -29        |
|    explained_variance   | 0.97       |
|    learning_rate        | 0.0001     |
|    loss                 | -0.321     |
|    n_updates            | 1785       |
|    policy_gradient_loss | -0.0241    |
|    std                  | 1.35       |
|    value_loss           | 0.0123     |
----------------------------------------
rollout mean regret: 0.32320019602775574
----------------------------------------
| rollout/                |            |
|    ep_len_mean          | 500        |
|    ep_rew_mean          | 2.27e+03   |
| time/                   |            |
|    fps                  | 837        |
|    iterations           | 121        |
|    time_elapsed         | 9464       |
|    total_timesteps      | 7929856    |
| train/                  |            |
|    approx_kl            | 0.01887814 |
|    clip_fraction        | 0.332      |
|    clip_range           | 0.15       |
|    entropy_loss         | -29        |
|    explained_variance   | 0.966      |
|    learning_rate        | 0.0001     |
|    loss                 | -0.301     |
|    n_updates            | 1800       |
|    policy_gradient_loss | -0.0235    |
|    std                  | 1.36       |
|    value_loss           | 0.0128     |
----------------------------------------
rollout mean regret: 0.33551982045173645
-----------------------------------------
| rollout/                |             |
|    ep_len_mean          | 577         |
|    ep_rew_mean          | 2.61e+03    |
| time/                   |             |
|    fps                  | 837         |
|    iterations           | 122         |
|    time_elapsed         | 9541        |
|    total_timesteps      | 7995392     |
| train/                  |             |
|    approx_kl            | 0.019163206 |
|    clip_fraction        | 0.329       |
|    clip_range           | 0.15        |
|    entropy_loss         | -29.1       |
|    explained_variance   | 0.967       |
|    learning_rate        | 0.0001      |
|    loss                 | -0.302      |
|    n_updates            | 1815        |
|    policy_gradient_loss | -0.0238     |
|    std                  | 1.36        |
|    value_loss           | 0.0119      |
-----------------------------------------
Eval num_timesteps=8000000, episode_reward=4109.69 +/- 1023.86
Episode length: 882.20 +/- 217.48
-----------------------------------------
| eval/                   |             |
|    mean_ep_length       | 882         |
|    mean_reward          | 4.11e+03    |
| time/                   |             |
|    total_timesteps      | 8000000     |
| train/                  |             |
|    approx_kl            | 0.019186657 |
|    clip_fraction        | 0.333       |
|    clip_range           | 0.15        |
|    entropy_loss         | -29.1       |
|    explained_variance   | 0.961       |
|    learning_rate        | 0.0001      |
|    loss                 | -0.31       |
|    n_updates            | 1830        |
|    policy_gradient_loss | -0.0236     |
|    std                  | 1.36        |
|    value_loss           | 0.011       |
-----------------------------------------
New best mean reward!
rollout mean regret: 0.32937198877334595
---------------------------------
| rollout/           |          |
|    ep_len_mean     | 588      |
|    ep_rew_mean     | 2.67e+03 |
| time/              |          |
|    fps             | 821      |
|    iterations      | 123      |
|    time_elapsed    | 9808     |
|    total_timesteps | 8060928  |
---------------------------------
rollout mean regret: 0.29691797494888306
-----------------------------------------
| rollout/                |             |
|    ep_len_mean          | 629         |
|    ep_rew_mean          | 2.85e+03    |
| time/                   |             |
|    fps                  | 822         |
|    iterations           | 124         |
|    time_elapsed         | 9882        |
|    total_timesteps      | 8126464     |
| train/                  |             |
|    approx_kl            | 0.019647073 |
|    clip_fraction        | 0.336       |
|    clip_range           | 0.15        |
|    entropy_loss         | -29.2       |
|    explained_variance   | 0.962       |
|    learning_rate        | 0.0001      |
|    loss                 | -0.305      |
|    n_updates            | 1845        |
|    policy_gradient_loss | -0.0237     |
|    std                  | 1.37        |
|    value_loss           | 0.0105      |
-----------------------------------------
rollout mean regret: 0.2869335412979126
----------------------------------------
| rollout/                |            |
|    ep_len_mean          | 628        |
|    ep_rew_mean          | 2.85e+03   |
| time/                   |            |
|    fps                  | 822        |
|    iterations           | 125        |
|    time_elapsed         | 9956       |
|    total_timesteps      | 8192000    |
| train/                  |            |
|    approx_kl            | 0.01975198 |
|    clip_fraction        | 0.34       |
|    clip_range           | 0.15       |
|    entropy_loss         | -29.3      |
|    explained_variance   | 0.963      |
|    learning_rate        | 0.0001     |
|    loss                 | -0.323     |
|    n_updates            | 1860       |
|    policy_gradient_loss | -0.024     |
|    std                  | 1.37       |
|    value_loss           | 0.00962    |
----------------------------------------
rollout mean regret: 0.26033931970596313
-----------------------------------------
| rollout/                |             |
|    ep_len_mean          | 562         |
|    ep_rew_mean          | 2.55e+03    |
| time/                   |             |
|    fps                  | 823         |
|    iterations           | 126         |
|    time_elapsed         | 10028       |
|    total_timesteps      | 8257536     |
| train/                  |             |
|    approx_kl            | 0.019742228 |
|    clip_fraction        | 0.337       |
|    clip_range           | 0.15        |
|    entropy_loss         | -29.3       |
|    explained_variance   | 0.965       |
|    learning_rate        | 0.0001      |
|    loss                 | -0.314      |
|    n_updates            | 1875        |
|    policy_gradient_loss | -0.0233     |
|    std                  | 1.38        |
|    value_loss           | 0.00915     |
-----------------------------------------
rollout mean regret: 0.25200194120407104
-----------------------------------------
| rollout/                |             |
|    ep_len_mean          | 617         |
|    ep_rew_mean          | 2.8e+03     |
| time/                   |             |
|    fps                  | 823         |
|    iterations           | 127         |
|    time_elapsed         | 10103       |
|    total_timesteps      | 8323072     |
| train/                  |             |
|    approx_kl            | 0.020062413 |
|    clip_fraction        | 0.34        |
|    clip_range           | 0.15        |
|    entropy_loss         | -29.4       |
|    explained_variance   | 0.966       |
|    learning_rate        | 0.0001      |
|    loss                 | -0.303      |
|    n_updates            | 1890        |
|    policy_gradient_loss | -0.0239     |
|    std                  | 1.39        |
|    value_loss           | 0.00917     |
-----------------------------------------
rollout mean regret: 0.2312719225883484
-----------------------------------------
| rollout/                |             |
|    ep_len_mean          | 648         |
|    ep_rew_mean          | 2.94e+03    |
| time/                   |             |
|    fps                  | 824         |
|    iterations           | 128         |
|    time_elapsed         | 10174       |
|    total_timesteps      | 8388608     |
| train/                  |             |
|    approx_kl            | 0.019797567 |
|    clip_fraction        | 0.338       |
|    clip_range           | 0.15        |
|    entropy_loss         | -29.5       |
|    explained_variance   | 0.964       |
|    learning_rate        | 0.0001      |
|    loss                 | -0.329      |
|    n_updates            | 1905        |
|    policy_gradient_loss | -0.0232     |
|    std                  | 1.39        |
|    value_loss           | 0.00678     |
-----------------------------------------
rollout mean regret: 0.23509210348129272
-----------------------------------------
| rollout/                |             |
|    ep_len_mean          | 612         |
|    ep_rew_mean          | 2.78e+03    |
| time/                   |             |
|    fps                  | 824         |
|    iterations           | 129         |
|    time_elapsed         | 10252       |
|    total_timesteps      | 8454144     |
| train/                  |             |
|    approx_kl            | 0.020629682 |
|    clip_fraction        | 0.349       |
|    clip_range           | 0.15        |
|    entropy_loss         | -29.5       |
|    explained_variance   | 0.96        |
|    learning_rate        | 0.0001      |
|    loss                 | -0.315      |
|    n_updates            | 1920        |
|    policy_gradient_loss | -0.0236     |
|    std                  | 1.4         |
|    value_loss           | 0.00728     |
-----------------------------------------
Eval num_timesteps=8500000, episode_reward=1938.24 +/- 1438.31
Episode length: 418.40 +/- 308.98
-----------------------------------------
| eval/                   |             |
|    mean_ep_length       | 418         |
|    mean_reward          | 1.94e+03    |
| time/                   |             |
|    total_timesteps      | 8500000     |
| train/                  |             |
|    approx_kl            | 0.020692842 |
|    clip_fraction        | 0.351       |
|    clip_range           | 0.15        |
|    entropy_loss         | -29.6       |
|    explained_variance   | 0.962       |
|    learning_rate        | 0.0001      |
|    loss                 | -0.316      |
|    n_updates            | 1935        |
|    policy_gradient_loss | -0.0241     |
|    std                  | 1.41        |
|    value_loss           | 0.00674     |
-----------------------------------------
rollout mean regret: 0.2192518413066864
---------------------------------
| rollout/           |          |
|    ep_len_mean     | 627      |
|    ep_rew_mean     | 2.85e+03 |
| time/              |          |
|    fps             | 790      |
|    iterations      | 130      |
|    time_elapsed    | 10779    |
|    total_timesteps | 8519680  |
---------------------------------
rollout mean regret: 0.1993708312511444
-----------------------------------------
| rollout/                |             |
|    ep_len_mean          | 665         |
|    ep_rew_mean          | 3.02e+03    |
| time/                   |             |
|    fps                  | 790         |
|    iterations           | 131         |
|    time_elapsed         | 10853       |
|    total_timesteps      | 8585216     |
| train/                  |             |
|    approx_kl            | 0.019977894 |
|    clip_fraction        | 0.34        |
|    clip_range           | 0.15        |
|    entropy_loss         | -29.7       |
|    explained_variance   | 0.963       |
|    learning_rate        | 0.0001      |
|    loss                 | -0.332      |
|    n_updates            | 1950        |
|    policy_gradient_loss | -0.0229     |
|    std                  | 1.41        |
|    value_loss           | 0.00667     |
-----------------------------------------
rollout mean regret: 0.18749836087226868
-----------------------------------------
| rollout/                |             |
|    ep_len_mean          | 686         |
|    ep_rew_mean          | 3.11e+03    |
| time/                   |             |
|    fps                  | 791         |
|    iterations           | 132         |
|    time_elapsed         | 10930       |
|    total_timesteps      | 8650752     |
| train/                  |             |
|    approx_kl            | 0.020518634 |
|    clip_fraction        | 0.35        |
|    clip_range           | 0.15        |
|    entropy_loss         | -29.8       |
|    explained_variance   | 0.965       |
|    learning_rate        | 0.0001      |
|    loss                 | -0.323      |
|    n_updates            | 1965        |
|    policy_gradient_loss | -0.0236     |
|    std                  | 1.42        |
|    value_loss           | 0.00616     |
-----------------------------------------
rollout mean regret: 0.16748663783073425
-----------------------------------------
| rollout/                |             |
|    ep_len_mean          | 636         |
|    ep_rew_mean          | 2.89e+03    |
| time/                   |             |
|    fps                  | 791         |
|    iterations           | 133         |
|    time_elapsed         | 11006       |
|    total_timesteps      | 8716288     |
| train/                  |             |
|    approx_kl            | 0.021122953 |
|    clip_fraction        | 0.354       |
|    clip_range           | 0.15        |
|    entropy_loss         | -29.8       |
|    explained_variance   | 0.966       |
|    learning_rate        | 0.0001      |
|    loss                 | -0.31       |
|    n_updates            | 1980        |
|    policy_gradient_loss | -0.0234     |
|    std                  | 1.43        |
|    value_loss           | 0.00572     |
-----------------------------------------
rollout mean regret: 0.1875983476638794
----------------------------------------
| rollout/                |            |
|    ep_len_mean          | 665        |
|    ep_rew_mean          | 3.02e+03   |
| time/                   |            |
|    fps                  | 792        |
|    iterations           | 134        |
|    time_elapsed         | 11079      |
|    total_timesteps      | 8781824    |
| train/                  |            |
|    approx_kl            | 0.02095023 |
|    clip_fraction        | 0.358      |
|    clip_range           | 0.15       |
|    entropy_loss         | -29.9      |
|    explained_variance   | 0.965      |
|    learning_rate        | 0.0001     |
|    loss                 | -0.329     |
|    n_updates            | 1995       |
|    policy_gradient_loss | -0.0226    |
|    std                  | 1.43       |
|    value_loss           | 0.00479    |
----------------------------------------
rollout mean regret: 0.16632607579231262
----------------------------------------
| rollout/                |            |
|    ep_len_mean          | 720        |
|    ep_rew_mean          | 3.27e+03   |
| time/                   |            |
|    fps                  | 792        |
|    iterations           | 135        |
|    time_elapsed         | 11159      |
|    total_timesteps      | 8847360    |
| train/                  |            |
|    approx_kl            | 0.02169265 |
|    clip_fraction        | 0.359      |
|    clip_range           | 0.15       |
|    entropy_loss         | -30        |
|    explained_variance   | 0.962      |
|    learning_rate        | 0.0001     |
|    loss                 | -0.319     |
|    n_updates            | 2010       |
|    policy_gradient_loss | -0.0237    |
|    std                  | 1.44       |
|    value_loss           | 0.0055     |
----------------------------------------
rollout mean regret: 0.17790189385414124
-----------------------------------------
| rollout/                |             |
|    ep_len_mean          | 745         |
|    ep_rew_mean          | 3.38e+03    |
| time/                   |             |
|    fps                  | 793         |
|    iterations           | 136         |
|    time_elapsed         | 11237       |
|    total_timesteps      | 8912896     |
| train/                  |             |
|    approx_kl            | 0.021327542 |
|    clip_fraction        | 0.359       |
|    clip_range           | 0.15        |
|    entropy_loss         | -30.1       |
|    explained_variance   | 0.964       |
|    learning_rate        | 0.0001      |
|    loss                 | -0.319      |
|    n_updates            | 2025        |
|    policy_gradient_loss | -0.0229     |
|    std                  | 1.45        |
|    value_loss           | 0.00502     |
-----------------------------------------
rollout mean regret: 0.15645988285541534
----------------------------------------
| rollout/                |            |
|    ep_len_mean          | 763        |
|    ep_rew_mean          | 3.46e+03   |
| time/                   |            |
|    fps                  | 793        |
|    iterations           | 137        |
|    time_elapsed         | 11314      |
|    total_timesteps      | 8978432    |
| train/                  |            |
|    approx_kl            | 0.02055782 |
|    clip_fraction        | 0.352      |
|    clip_range           | 0.15       |
|    entropy_loss         | -30.2      |
|    explained_variance   | 0.958      |
|    learning_rate        | 0.0001     |
|    loss                 | -0.321     |
|    n_updates            | 2040       |
|    policy_gradient_loss | -0.0221    |
|    std                  | 1.46       |
|    value_loss           | 0.00601    |
----------------------------------------
Eval num_timesteps=9000000, episode_reward=3306.08 +/- 2093.16
Episode length: 712.40 +/- 449.14
-----------------------------------------
| eval/                   |             |
|    mean_ep_length       | 712         |
|    mean_reward          | 3.31e+03    |
| time/                   |             |
|    total_timesteps      | 9000000     |
| train/                  |             |
|    approx_kl            | 0.021170089 |
|    clip_fraction        | 0.352       |
|    clip_range           | 0.15        |
|    entropy_loss         | -30.3       |
|    explained_variance   | 0.962       |
|    learning_rate        | 0.0001      |
|    loss                 | -0.328      |
|    n_updates            | 2055        |
|    policy_gradient_loss | -0.0225     |
|    std                  | 1.47        |
|    value_loss           | 0.00452     |
-----------------------------------------
rollout mean regret: 0.12410726398229599
---------------------------------
| rollout/           |          |
|    ep_len_mean     | 750      |
|    ep_rew_mean     | 3.4e+03  |
| time/              |          |
|    fps             | 458      |
|    iterations      | 138      |
|    time_elapsed    | 19742    |
|    total_timesteps | 9043968  |
---------------------------------
rollout mean regret: 0.16352501511573792
-----------------------------------------
| rollout/                |             |
|    ep_len_mean          | 732         |
|    ep_rew_mean          | 3.32e+03    |
| time/                   |             |
|    fps                  | 459         |
|    iterations           | 139         |
|    time_elapsed         | 19819       |
|    total_timesteps      | 9109504     |
| train/                  |             |
|    approx_kl            | 0.019994205 |
|    clip_fraction        | 0.345       |
|    clip_range           | 0.15        |
|    entropy_loss         | -30.4       |
|    explained_variance   | 0.964       |
|    learning_rate        | 0.0001      |
|    loss                 | -0.328      |
|    n_updates            | 2070        |
|    policy_gradient_loss | -0.0212     |
|    std                  | 1.48        |
|    value_loss           | 0.00279     |
-----------------------------------------
rollout mean regret: 0.12934961915016174
-----------------------------------------
| rollout/                |             |
|    ep_len_mean          | 692         |
|    ep_rew_mean          | 3.14e+03    |
| time/                   |             |
|    fps                  | 461         |
|    iterations           | 140         |
|    time_elapsed         | 19896       |
|    total_timesteps      | 9175040     |
| train/                  |             |
|    approx_kl            | 0.021310212 |
|    clip_fraction        | 0.36        |
|    clip_range           | 0.15        |
|    entropy_loss         | -30.5       |
|    explained_variance   | 0.957       |
|    learning_rate        | 0.0001      |
|    loss                 | -0.346      |
|    n_updates            | 2085        |
|    policy_gradient_loss | -0.0227     |
|    std                  | 1.49        |
|    value_loss           | 0.00428     |
-----------------------------------------
rollout mean regret: 0.11977674812078476
-----------------------------------------
| rollout/                |             |
|    ep_len_mean          | 678         |
|    ep_rew_mean          | 3.08e+03    |
| time/                   |             |
|    fps                  | 462         |
|    iterations           | 141         |
|    time_elapsed         | 19971       |
|    total_timesteps      | 9240576     |
| train/                  |             |
|    approx_kl            | 0.020309474 |
|    clip_fraction        | 0.349       |
|    clip_range           | 0.15        |
|    entropy_loss         | -30.6       |
|    explained_variance   | 0.969       |
|    learning_rate        | 0.0001      |
|    loss                 | -0.338      |
|    n_updates            | 2100        |
|    policy_gradient_loss | -0.0227     |
|    std                  | 1.5         |
|    value_loss           | 0.00394     |
-----------------------------------------
rollout mean regret: 0.11444303393363953
-----------------------------------------
| rollout/                |             |
|    ep_len_mean          | 644         |
|    ep_rew_mean          | 2.92e+03    |
| time/                   |             |
|    fps                  | 464         |
|    iterations           | 142         |
|    time_elapsed         | 20045       |
|    total_timesteps      | 9306112     |
| train/                  |             |
|    approx_kl            | 0.020863174 |
|    clip_fraction        | 0.349       |
|    clip_range           | 0.15        |
|    entropy_loss         | -30.7       |
|    explained_variance   | 0.963       |
|    learning_rate        | 0.0001      |
|    loss                 | -0.337      |
|    n_updates            | 2115        |
|    policy_gradient_loss | -0.0217     |
|    std                  | 1.5         |
|    value_loss           | 0.00314     |
-----------------------------------------
rollout mean regret: 0.11345264315605164
-----------------------------------------
| rollout/                |             |
|    ep_len_mean          | 704         |
|    ep_rew_mean          | 3.2e+03     |
| time/                   |             |
|    fps                  | 465         |
|    iterations           | 143         |
|    time_elapsed         | 20120       |
|    total_timesteps      | 9371648     |
| train/                  |             |
|    approx_kl            | 0.020850584 |
|    clip_fraction        | 0.351       |
|    clip_range           | 0.15        |
|    entropy_loss         | -30.8       |
|    explained_variance   | 0.968       |
|    learning_rate        | 0.0001      |
|    loss                 | -0.333      |
|    n_updates            | 2130        |
|    policy_gradient_loss | -0.0219     |
|    std                  | 1.51        |
|    value_loss           | 0.00305     |
-----------------------------------------
rollout mean regret: 0.12842407822608948
-----------------------------------------
| rollout/                |             |
|    ep_len_mean          | 746         |
|    ep_rew_mean          | 3.39e+03    |
| time/                   |             |
|    fps                  | 467         |
|    iterations           | 144         |
|    time_elapsed         | 20197       |
|    total_timesteps      | 9437184     |
| train/                  |             |
|    approx_kl            | 0.020961452 |
|    clip_fraction        | 0.35        |
|    clip_range           | 0.15        |
|    entropy_loss         | -30.9       |
|    explained_variance   | 0.965       |
|    learning_rate        | 0.0001      |
|    loss                 | -0.331      |
|    n_updates            | 2145        |
|    policy_gradient_loss | -0.0216     |
|    std                  | 1.52        |
|    value_loss           | 0.00303     |
-----------------------------------------
Eval num_timesteps=9500000, episode_reward=4297.02 +/- 1811.40
Episode length: 929.60 +/- 390.40
-----------------------------------------
| eval/                   |             |
|    mean_ep_length       | 930         |
|    mean_reward          | 4.3e+03     |
| time/                   |             |
|    total_timesteps      | 9500000     |
| train/                  |             |
|    approx_kl            | 0.020899922 |
|    clip_fraction        | 0.355       |
|    clip_range           | 0.15        |
|    entropy_loss         | -31         |
|    explained_variance   | 0.957       |
|    learning_rate        | 0.0001      |
|    loss                 | -0.333      |
|    n_updates            | 2160        |
|    policy_gradient_loss | -0.0224     |
|    std                  | 1.53        |
|    value_loss           | 0.00333     |
-----------------------------------------
New best mean reward!
rollout mean regret: 0.0994509607553482
---------------------------------
| rollout/           |          |
|    ep_len_mean     | 734      |
|    ep_rew_mean     | 3.33e+03 |
| time/              |          |
|    fps             | 245      |
|    iterations      | 145      |
|    time_elapsed    | 38634    |
|    total_timesteps | 9502720  |
---------------------------------
rollout mean regret: 0.09115256369113922
-----------------------------------------
| rollout/                |             |
|    ep_len_mean          | 784         |
|    ep_rew_mean          | 3.56e+03    |
| time/                   |             |
|    fps                  | 247         |
|    iterations           | 146         |
|    time_elapsed         | 38714       |
|    total_timesteps      | 9568256     |
| train/                  |             |
|    approx_kl            | 0.020197984 |
|    clip_fraction        | 0.348       |
|    clip_range           | 0.15        |
|    entropy_loss         | -31.1       |
|    explained_variance   | 0.963       |
|    learning_rate        | 0.0001      |
|    loss                 | -0.323      |
|    n_updates            | 2175        |
|    policy_gradient_loss | -0.0213     |
|    std                  | 1.54        |
|    value_loss           | 0.00223     |
-----------------------------------------
rollout mean regret: 0.08172093331813812
-----------------------------------------
| rollout/                |             |
|    ep_len_mean          | 781         |
|    ep_rew_mean          | 3.55e+03    |
| time/                   |             |
|    fps                  | 248         |
|    iterations           | 147         |
|    time_elapsed         | 38792       |
|    total_timesteps      | 9633792     |
| train/                  |             |
|    approx_kl            | 0.020805784 |
|    clip_fraction        | 0.358       |
|    clip_range           | 0.15        |
|    entropy_loss         | -31.3       |
|    explained_variance   | 0.963       |
|    learning_rate        | 0.0001      |
|    loss                 | -0.337      |
|    n_updates            | 2190        |
|    policy_gradient_loss | -0.0204     |
|    std                  | 1.56        |
|    value_loss           | 0.00196     |
-----------------------------------------
rollout mean regret: 0.0905611664056778
-----------------------------------------
| rollout/                |             |
|    ep_len_mean          | 766         |
|    ep_rew_mean          | 3.48e+03    |
| time/                   |             |
|    fps                  | 249         |
|    iterations           | 148         |
|    time_elapsed         | 38866       |
|    total_timesteps      | 9699328     |
| train/                  |             |
|    approx_kl            | 0.020894032 |
|    clip_fraction        | 0.357       |
|    clip_range           | 0.15        |
|    entropy_loss         | -31.4       |
|    explained_variance   | 0.959       |
|    learning_rate        | 0.0001      |
|    loss                 | -0.338      |
|    n_updates            | 2205        |
|    policy_gradient_loss | -0.0205     |
|    std                  | 1.57        |
|    value_loss           | 0.00177     |
-----------------------------------------
rollout mean regret: 0.07856899499893188
-----------------------------------------
| rollout/                |             |
|    ep_len_mean          | 769         |
|    ep_rew_mean          | 3.49e+03    |
| time/                   |             |
|    fps                  | 250         |
|    iterations           | 149         |
|    time_elapsed         | 38943       |
|    total_timesteps      | 9764864     |
| train/                  |             |
|    approx_kl            | 0.021544494 |
|    clip_fraction        | 0.358       |
|    clip_range           | 0.15        |
|    entropy_loss         | -31.6       |
|    explained_variance   | 0.96        |
|    learning_rate        | 0.0001      |
|    loss                 | -0.343      |
|    n_updates            | 2220        |
|    policy_gradient_loss | -0.0204     |
|    std                  | 1.59        |
|    value_loss           | 0.00191     |
-----------------------------------------
rollout mean regret: 0.08451822400093079
-----------------------------------------
| rollout/                |             |
|    ep_len_mean          | 746         |
|    ep_rew_mean          | 3.39e+03    |
| time/                   |             |
|    fps                  | 251         |
|    iterations           | 150         |
|    time_elapsed         | 39021       |
|    total_timesteps      | 9830400     |
| train/                  |             |
|    approx_kl            | 0.021058941 |
|    clip_fraction        | 0.355       |
|    clip_range           | 0.15        |
|    entropy_loss         | -31.7       |
|    explained_variance   | 0.962       |
|    learning_rate        | 0.0001      |
|    loss                 | -0.348      |
|    n_updates            | 2235        |
|    policy_gradient_loss | -0.02       |
|    std                  | 1.6         |
|    value_loss           | 0.00192     |
-----------------------------------------
rollout mean regret: 0.0743960440158844
-----------------------------------------
| rollout/                |             |
|    ep_len_mean          | 736         |
|    ep_rew_mean          | 3.34e+03    |
| time/                   |             |
|    fps                  | 253         |
|    iterations           | 151         |
|    time_elapsed         | 39099       |
|    total_timesteps      | 9895936     |
| train/                  |             |
|    approx_kl            | 0.022084936 |
|    clip_fraction        | 0.366       |
|    clip_range           | 0.15        |
|    entropy_loss         | -31.8       |
|    explained_variance   | 0.956       |
|    learning_rate        | 0.0001      |
|    loss                 | -0.343      |
|    n_updates            | 2250        |
|    policy_gradient_loss | -0.0205     |
|    std                  | 1.61        |
|    value_loss           | 0.00193     |
-----------------------------------------
rollout mean regret: 0.07265911996364594
----------------------------------------
| rollout/                |            |
|    ep_len_mean          | 748        |
|    ep_rew_mean          | 3.4e+03    |
| time/                   |            |
|    fps                  | 254        |
|    iterations           | 152        |
|    time_elapsed         | 39175      |
|    total_timesteps      | 9961472    |
| train/                  |            |
|    approx_kl            | 0.02072199 |
|    clip_fraction        | 0.354      |
|    clip_range           | 0.15       |
|    entropy_loss         | -32        |
|    explained_variance   | 0.963      |
|    learning_rate        | 0.0001     |
|    loss                 | -0.346     |
|    n_updates            | 2265       |
|    policy_gradient_loss | -0.0201    |
|    std                  | 1.63       |
|    value_loss           | 0.00179    |
----------------------------------------
Eval num_timesteps=10000000, episode_reward=4855.62 +/- 1429.26
Episode length: 1052.80 +/- 309.82
-----------------------------------------
| eval/                   |             |
|    mean_ep_length       | 1.05e+03    |
|    mean_reward          | 4.86e+03    |
| time/                   |             |
|    total_timesteps      | 10000000    |
| train/                  |             |
|    approx_kl            | 0.021071479 |
|    clip_fraction        | 0.362       |
|    clip_range           | 0.15        |
|    entropy_loss         | -32.1       |
|    explained_variance   | 0.957       |
|    learning_rate        | 0.0001      |
|    loss                 | -0.349      |
|    n_updates            | 2280        |
|    policy_gradient_loss | -0.0203     |
|    std                  | 1.64        |
|    value_loss           | 0.00159     |
-----------------------------------------
New best mean reward!
rollout mean regret: 0.06520315259695053
---------------------------------
| rollout/           |          |
|    ep_len_mean     | 752      |
|    ep_rew_mean     | 3.41e+03 |
| time/              |          |
|    fps             | 174      |
|    iterations      | 153      |
|    time_elapsed    | 57574    |
|    total_timesteps | 10027008 |
---------------------------------
rollout mean regret: 0.05754665285348892
-----------------------------------------
| rollout/                |             |
|    ep_len_mean          | 769         |
|    ep_rew_mean          | 3.49e+03    |
| time/                   |             |
|    fps                  | 175         |
|    iterations           | 154         |
|    time_elapsed         | 57652       |
|    total_timesteps      | 10092544    |
| train/                  |             |
|    approx_kl            | 0.020676076 |
|    clip_fraction        | 0.353       |
|    clip_range           | 0.15        |
|    entropy_loss         | -32.3       |
|    explained_variance   | 0.956       |
|    learning_rate        | 0.0001      |
|    loss                 | -0.345      |
|    n_updates            | 2295        |
|    policy_gradient_loss | -0.0198     |
|    std                  | 1.66        |
|    value_loss           | 0.00126     |
-----------------------------------------
rollout mean regret: 0.061691801995038986
-----------------------------------------
| rollout/                |             |
|    ep_len_mean          | 803         |
|    ep_rew_mean          | 3.65e+03    |
| time/                   |             |
|    fps                  | 175         |
|    iterations           | 155         |
|    time_elapsed         | 57728       |
|    total_timesteps      | 10158080    |
| train/                  |             |
|    approx_kl            | 0.020868203 |
|    clip_fraction        | 0.357       |
|    clip_range           | 0.15        |
|    entropy_loss         | -32.4       |
|    explained_variance   | 0.968       |
|    learning_rate        | 0.0001      |
|    loss                 | -0.349      |
|    n_updates            | 2310        |
|    policy_gradient_loss | -0.0195     |
|    std                  | 1.68        |
|    value_loss           | 0.00119     |
-----------------------------------------
rollout mean regret: 0.06646151840686798
-----------------------------------------
| rollout/                |             |
|    ep_len_mean          | 766         |
|    ep_rew_mean          | 3.48e+03    |
| time/                   |             |
|    fps                  | 176         |
|    iterations           | 156         |
|    time_elapsed         | 57806       |
|    total_timesteps      | 10223616    |
| train/                  |             |
|    approx_kl            | 0.021152023 |
|    clip_fraction        | 0.359       |
|    clip_range           | 0.15        |
|    entropy_loss         | -32.6       |
|    explained_variance   | 0.962       |
|    learning_rate        | 0.0001      |
|    loss                 | -0.351      |
|    n_updates            | 2325        |
|    policy_gradient_loss | -0.0193     |
|    std                  | 1.69        |
|    value_loss           | 0.00129     |
-----------------------------------------
rollout mean regret: 0.07571332901716232
-----------------------------------------
| rollout/                |             |
|    ep_len_mean          | 772         |
|    ep_rew_mean          | 3.5e+03     |
| time/                   |             |
|    fps                  | 177         |
|    iterations           | 157         |
|    time_elapsed         | 57883       |
|    total_timesteps      | 10289152    |
| train/                  |             |
|    approx_kl            | 0.021294445 |
|    clip_fraction        | 0.362       |
|    clip_range           | 0.15        |
|    entropy_loss         | -32.8       |
|    explained_variance   | 0.962       |
|    learning_rate        | 0.0001      |
|    loss                 | -0.343      |
|    n_updates            | 2340        |
|    policy_gradient_loss | -0.0196     |
|    std                  | 1.71        |
|    value_loss           | 0.00142     |
-----------------------------------------
rollout mean regret: 0.06413689255714417
-----------------------------------------
| rollout/                |             |
|    ep_len_mean          | 782         |
|    ep_rew_mean          | 3.55e+03    |
| time/                   |             |
|    fps                  | 178         |
|    iterations           | 158         |
|    time_elapsed         | 57959       |
|    total_timesteps      | 10354688    |
| train/                  |             |
|    approx_kl            | 0.023048896 |
|    clip_fraction        | 0.374       |
|    clip_range           | 0.15        |
|    entropy_loss         | -33         |
|    explained_variance   | 0.952       |
|    learning_rate        | 0.0001      |
|    loss                 | -0.36       |
|    n_updates            | 2355        |
|    policy_gradient_loss | -0.0199     |
|    std                  | 1.73        |
|    value_loss           | 0.00186     |
-----------------------------------------
rollout mean regret: 0.07009367644786835
-----------------------------------------
| rollout/                |             |
|    ep_len_mean          | 729         |
|    ep_rew_mean          | 3.31e+03    |
| time/                   |             |
|    fps                  | 179         |
|    iterations           | 159         |
|    time_elapsed         | 58036       |
|    total_timesteps      | 10420224    |
| train/                  |             |
|    approx_kl            | 0.020714093 |
|    clip_fraction        | 0.359       |
|    clip_range           | 0.15        |
|    entropy_loss         | -33.2       |
|    explained_variance   | 0.957       |
|    learning_rate        | 0.0001      |
|    loss                 | -0.363      |
|    n_updates            | 2370        |
|    policy_gradient_loss | -0.0198     |
|    std                  | 1.75        |
|    value_loss           | 0.00165     |
-----------------------------------------
rollout mean regret: 0.07168764621019363
----------------------------------------
| rollout/                |            |
|    ep_len_mean          | 740        |
|    ep_rew_mean          | 3.36e+03   |
| time/                   |            |
|    fps                  | 180        |
|    iterations           | 160        |
|    time_elapsed         | 58113      |
|    total_timesteps      | 10485760   |
| train/                  |            |
|    approx_kl            | 0.02119485 |
|    clip_fraction        | 0.364      |
|    clip_range           | 0.15       |
|    entropy_loss         | -33.3      |
|    explained_variance   | 0.961      |
|    learning_rate        | 0.0001     |
|    loss                 | -0.361     |
|    n_updates            | 2385       |
|    policy_gradient_loss | -0.0202    |
|    std                  | 1.77       |
|    value_loss           | 0.0021     |
----------------------------------------
Eval num_timesteps=10500000, episode_reward=2724.07 +/- 2206.88
Episode length: 592.00 +/- 477.16
-----------------------------------------
| eval/                   |             |
|    mean_ep_length       | 592         |
|    mean_reward          | 2.72e+03    |
| time/                   |             |
|    total_timesteps      | 10500000    |
| train/                  |             |
|    approx_kl            | 0.020628454 |
|    clip_fraction        | 0.349       |
|    clip_range           | 0.15        |
|    entropy_loss         | -33.5       |
|    explained_variance   | 0.963       |
|    learning_rate        | 0.0001      |
|    loss                 | -0.363      |
|    n_updates            | 2400        |
|    policy_gradient_loss | -0.0193     |
|    std                  | 1.78        |
|    value_loss           | 0.00164     |
-----------------------------------------
rollout mean regret: 0.0938798040151596
---------------------------------
| rollout/           |          |
|    ep_len_mean     | 738      |
|    ep_rew_mean     | 3.35e+03 |
| time/              |          |
|    fps             | 134      |
|    iterations      | 161      |
|    time_elapsed    | 78352    |
|    total_timesteps | 10551296 |
---------------------------------
rollout mean regret: 0.07584428042173386
-----------------------------------------
| rollout/                |             |
|    ep_len_mean          | 729         |
|    ep_rew_mean          | 3.31e+03    |
| time/                   |             |
|    fps                  | 135         |
|    iterations           | 162         |
|    time_elapsed         | 78425       |
|    total_timesteps      | 10616832    |
| train/                  |             |
|    approx_kl            | 0.022221413 |
|    clip_fraction        | 0.366       |
|    clip_range           | 0.15        |
|    entropy_loss         | -33.6       |
|    explained_variance   | 0.948       |
|    learning_rate        | 0.0001      |
|    loss                 | -0.354      |
|    n_updates            | 2415        |
|    policy_gradient_loss | -0.0213     |
|    std                  | 1.8         |
|    value_loss           | 0.00272     |
-----------------------------------------
rollout mean regret: 0.07242649048566818
-----------------------------------------
| rollout/                |             |
|    ep_len_mean          | 717         |
|    ep_rew_mean          | 3.25e+03    |
| time/                   |             |
|    fps                  | 136         |
|    iterations           | 163         |
|    time_elapsed         | 78502       |
|    total_timesteps      | 10682368    |
| train/                  |             |
|    approx_kl            | 0.020694409 |
|    clip_fraction        | 0.352       |
|    clip_range           | 0.15        |
|    entropy_loss         | -33.8       |
|    explained_variance   | 0.954       |
|    learning_rate        | 0.0001      |
|    loss                 | -0.362      |
|    n_updates            | 2430        |
|    policy_gradient_loss | -0.0197     |
|    std                  | 1.82        |
|    value_loss           | 0.00167     |
-----------------------------------------
rollout mean regret: 0.07683704793453217
----------------------------------------
| rollout/                |            |
|    ep_len_mean          | 688        |
|    ep_rew_mean          | 3.12e+03   |
| time/                   |            |
|    fps                  | 136        |
|    iterations           | 164        |
|    time_elapsed         | 78579      |
|    total_timesteps      | 10747904   |
| train/                  |            |
|    approx_kl            | 0.02140113 |
|    clip_fraction        | 0.359      |
|    clip_range           | 0.15       |
|    entropy_loss         | -34        |
|    explained_variance   | 0.961      |
|    learning_rate        | 0.0001     |
|    loss                 | -0.369     |
|    n_updates            | 2445       |
|    policy_gradient_loss | -0.0207    |
|    std                  | 1.84       |
|    value_loss           | 0.00172    |
----------------------------------------
rollout mean regret: 0.06320736557245255
-----------------------------------------
| rollout/                |             |
|    ep_len_mean          | 712         |
|    ep_rew_mean          | 3.23e+03    |
| time/                   |             |
|    fps                  | 137         |
|    iterations           | 165         |
|    time_elapsed         | 78654       |
|    total_timesteps      | 10813440    |
| train/                  |             |
|    approx_kl            | 0.021304974 |
|    clip_fraction        | 0.355       |
|    clip_range           | 0.15        |
|    entropy_loss         | -34.1       |
|    explained_variance   | 0.96        |
|    learning_rate        | 0.0001      |
|    loss                 | -0.368      |
|    n_updates            | 2460        |
|    policy_gradient_loss | -0.0211     |
|    std                  | 1.85        |
|    value_loss           | 0.002       |
-----------------------------------------
rollout mean regret: 0.07351924479007721
-----------------------------------------
| rollout/                |             |
|    ep_len_mean          | 687         |
|    ep_rew_mean          | 3.11e+03    |
| time/                   |             |
|    fps                  | 138         |
|    iterations           | 166         |
|    time_elapsed         | 78733       |
|    total_timesteps      | 10878976    |
| train/                  |             |
|    approx_kl            | 0.020443417 |
|    clip_fraction        | 0.351       |
|    clip_range           | 0.15        |
|    entropy_loss         | -34.3       |
|    explained_variance   | 0.964       |
|    learning_rate        | 0.0001      |
|    loss                 | -0.374      |
|    n_updates            | 2475        |
|    policy_gradient_loss | -0.0201     |
|    std                  | 1.87        |
|    value_loss           | 0.00159     |
-----------------------------------------
rollout mean regret: 0.07633614540100098
-----------------------------------------
| rollout/                |             |
|    ep_len_mean          | 710         |
|    ep_rew_mean          | 3.22e+03    |
| time/                   |             |
|    fps                  | 138         |
|    iterations           | 167         |
|    time_elapsed         | 78809       |
|    total_timesteps      | 10944512    |
| train/                  |             |
|    approx_kl            | 0.020559702 |
|    clip_fraction        | 0.345       |
|    clip_range           | 0.15        |
|    entropy_loss         | -34.4       |
|    explained_variance   | 0.965       |
|    learning_rate        | 0.0001      |
|    loss                 | -0.368      |
|    n_updates            | 2490        |
|    policy_gradient_loss | -0.02       |
|    std                  | 1.89        |
|    value_loss           | 0.00219     |
-----------------------------------------
Eval num_timesteps=11000000, episode_reward=3160.80 +/- 1201.27
Episode length: 687.20 +/- 260.03
-----------------------------------------
| eval/                   |             |
|    mean_ep_length       | 687         |
|    mean_reward          | 3.16e+03    |
| time/                   |             |
|    total_timesteps      | 11000000    |
| train/                  |             |
|    approx_kl            | 0.021191146 |
|    clip_fraction        | 0.358       |
|    clip_range           | 0.15        |
|    entropy_loss         | -34.6       |
|    explained_variance   | 0.96        |
|    learning_rate        | 0.0001      |
|    loss                 | -0.368      |
|    n_updates            | 2505        |
|    policy_gradient_loss | -0.0212     |
|    std                  | 1.91        |
|    value_loss           | 0.00185     |
-----------------------------------------
rollout mean regret: 0.07043757289648056
---------------------------------
| rollout/           |          |
|    ep_len_mean     | 768      |
|    ep_rew_mean     | 3.49e+03 |
| time/              |          |
|    fps             | 103      |
|    iterations      | 168      |
|    time_elapsed    | 105953   |
|    total_timesteps | 11010048 |
---------------------------------
rollout mean regret: 0.08599285036325455
-----------------------------------------
| rollout/                |             |
|    ep_len_mean          | 802         |
|    ep_rew_mean          | 3.64e+03    |
| time/                   |             |
|    fps                  | 104         |
|    iterations           | 169         |
|    time_elapsed         | 106027      |
|    total_timesteps      | 11075584    |
| train/                  |             |
|    approx_kl            | 0.019621538 |
|    clip_fraction        | 0.342       |
|    clip_range           | 0.15        |
|    entropy_loss         | -34.8       |
|    explained_variance   | 0.961       |
|    learning_rate        | 0.0001      |
|    loss                 | -0.368      |
|    n_updates            | 2520        |
|    policy_gradient_loss | -0.02       |
|    std                  | 1.93        |
|    value_loss           | 0.00175     |
-----------------------------------------
rollout mean regret: 0.07773935794830322
-----------------------------------------
| rollout/                |             |
|    ep_len_mean          | 797         |
|    ep_rew_mean          | 3.62e+03    |
| time/                   |             |
|    fps                  | 105         |
|    iterations           | 170         |
|    time_elapsed         | 106101      |
|    total_timesteps      | 11141120    |
| train/                  |             |
|    approx_kl            | 0.022392944 |
|    clip_fraction        | 0.363       |
|    clip_range           | 0.15        |
|    entropy_loss         | -34.9       |
|    explained_variance   | 0.952       |
|    learning_rate        | 0.0001      |
|    loss                 | -0.378      |
|    n_updates            | 2535        |
|    policy_gradient_loss | -0.0207     |
|    std                  | 1.95        |
|    value_loss           | 0.00173     |
-----------------------------------------
rollout mean regret: 0.06337443739175797
-----------------------------------------
| rollout/                |             |
|    ep_len_mean          | 830         |
|    ep_rew_mean          | 3.76e+03    |
| time/                   |             |
|    fps                  | 105         |
|    iterations           | 171         |
|    time_elapsed         | 106179      |
|    total_timesteps      | 11206656    |
| train/                  |             |
|    approx_kl            | 0.021056833 |
|    clip_fraction        | 0.348       |
|    clip_range           | 0.15        |
|    entropy_loss         | -35.1       |
|    explained_variance   | 0.961       |
|    learning_rate        | 0.0001      |
|    loss                 | -0.387      |
|    n_updates            | 2550        |
|    policy_gradient_loss | -0.0209     |
|    std                  | 1.97        |
|    value_loss           | 0.00182     |
-----------------------------------------
rollout mean regret: 0.06592392176389694
-----------------------------------------
| rollout/                |             |
|    ep_len_mean          | 803         |
|    ep_rew_mean          | 3.65e+03    |
| time/                   |             |
|    fps                  | 106         |
|    iterations           | 172         |
|    time_elapsed         | 106253      |
|    total_timesteps      | 11272192    |
| train/                  |             |
|    approx_kl            | 0.019742385 |
|    clip_fraction        | 0.342       |
|    clip_range           | 0.15        |
|    entropy_loss         | -35.2       |
|    explained_variance   | 0.963       |
|    learning_rate        | 0.0001      |
|    loss                 | -0.365      |
|    n_updates            | 2565        |
|    policy_gradient_loss | -0.0194     |
|    std                  | 1.99        |
|    value_loss           | 0.00128     |
-----------------------------------------
rollout mean regret: 0.06823697686195374
-----------------------------------------
| rollout/                |             |
|    ep_len_mean          | 810         |
|    ep_rew_mean          | 3.67e+03    |
| time/                   |             |
|    fps                  | 106         |
|    iterations           | 173         |
|    time_elapsed         | 106327      |
|    total_timesteps      | 11337728    |
| train/                  |             |
|    approx_kl            | 0.020773897 |
|    clip_fraction        | 0.35        |
|    clip_range           | 0.15        |
|    entropy_loss         | -35.4       |
|    explained_variance   | 0.959       |
|    learning_rate        | 0.0001      |
|    loss                 | -0.383      |
|    n_updates            | 2580        |
|    policy_gradient_loss | -0.0196     |
|    std                  | 2.01        |
|    value_loss           | 0.00151     |
-----------------------------------------
rollout mean regret: 0.06865586340427399
-----------------------------------------
| rollout/                |             |
|    ep_len_mean          | 776         |
|    ep_rew_mean          | 3.52e+03    |
| time/                   |             |
|    fps                  | 107         |
|    iterations           | 174         |
|    time_elapsed         | 106401      |
|    total_timesteps      | 11403264    |
| train/                  |             |
|    approx_kl            | 0.021439474 |
|    clip_fraction        | 0.356       |
|    clip_range           | 0.15        |
|    entropy_loss         | -35.6       |
|    explained_variance   | 0.958       |
|    learning_rate        | 0.0001      |
|    loss                 | -0.376      |
|    n_updates            | 2595        |
|    policy_gradient_loss | -0.02       |
|    std                  | 2.03        |
|    value_loss           | 0.0015      |
-----------------------------------------
rollout mean regret: 0.07552509009838104
-----------------------------------------
| rollout/                |             |
|    ep_len_mean          | 786         |
|    ep_rew_mean          | 3.57e+03    |
| time/                   |             |
|    fps                  | 107         |
|    iterations           | 175         |
|    time_elapsed         | 106481      |
|    total_timesteps      | 11468800    |
| train/                  |             |
|    approx_kl            | 0.020040007 |
|    clip_fraction        | 0.349       |
|    clip_range           | 0.15        |
|    entropy_loss         | -35.7       |
|    explained_variance   | 0.955       |
|    learning_rate        | 0.0001      |
|    loss                 | -0.381      |
|    n_updates            | 2610        |
|    policy_gradient_loss | -0.0192     |
|    std                  | 2.05        |
|    value_loss           | 0.00177     |
-----------------------------------------
