==== CPU INFO ====
SLURM_CPUS_ON_NODE: 14
SLURM_CPUS_PER_TASK: 14
CPU affinity: [0, 1, 2, 3, 4, 5, 6, 8, 9, 10, 11, 12, 13, 14]
Usable cores: 14
os.cpu_count(): 16
===================
Using cpu device
Logging to runs/humanoid-v5_ppo_lr1e-04_seed0_20251215-092529/logs/PPO_1
rollout mean regret: -0.8385750651359558
---------------------------------
| rollout/           |          |
|    ep_len_mean     | 22       |
|    ep_rew_mean     | 98.7     |
| time/              |          |
|    fps             | 1376     |
|    iterations      | 1        |
|    time_elapsed    | 83       |
|    total_timesteps | 114688   |
---------------------------------
rollout mean regret: -0.41306519508361816
-----------------------------------------
| rollout/                |             |
|    ep_len_mean          | 22.8        |
|    ep_rew_mean          | 102         |
| time/                   |             |
|    fps                  | 1220        |
|    iterations           | 2           |
|    time_elapsed         | 187         |
|    total_timesteps      | 229376      |
| train/                  |             |
|    approx_kl            | 0.007673759 |
|    clip_fraction        | 0.162       |
|    clip_range           | 0.15        |
|    entropy_loss         | -24.2       |
|    explained_variance   | -1.23       |
|    learning_rate        | 0.0001      |
|    loss                 | -0.204      |
|    n_updates            | 15          |
|    policy_gradient_loss | -0.0122     |
|    std                  | 1           |
|    value_loss           | 0.114       |
-----------------------------------------
rollout mean regret: -0.2183670550584793
-----------------------------------------
| rollout/                |             |
|    ep_len_mean          | 25.4        |
|    ep_rew_mean          | 114         |
| time/                   |             |
|    fps                  | 1173        |
|    iterations           | 3           |
|    time_elapsed         | 293         |
|    total_timesteps      | 344064      |
| train/                  |             |
|    approx_kl            | 0.007874337 |
|    clip_fraction        | 0.178       |
|    clip_range           | 0.15        |
|    entropy_loss         | -24.2       |
|    explained_variance   | 0.614       |
|    learning_rate        | 0.0001      |
|    loss                 | -0.235      |
|    n_updates            | 30          |
|    policy_gradient_loss | -0.0166     |
|    std                  | 1.01        |
|    value_loss           | 0.0391      |
-----------------------------------------
rollout mean regret: -0.1490047723054886
-----------------------------------------
| rollout/                |             |
|    ep_len_mean          | 26.3        |
|    ep_rew_mean          | 119         |
| time/                   |             |
|    fps                  | 1143        |
|    iterations           | 4           |
|    time_elapsed         | 401         |
|    total_timesteps      | 458752      |
| train/                  |             |
|    approx_kl            | 0.010535291 |
|    clip_fraction        | 0.25        |
|    clip_range           | 0.15        |
|    entropy_loss         | -24.3       |
|    explained_variance   | 0.831       |
|    learning_rate        | 0.0001      |
|    loss                 | -0.201      |
|    n_updates            | 45          |
|    policy_gradient_loss | -0.0256     |
|    std                  | 1.01        |
|    value_loss           | 0.0709      |
-----------------------------------------
Eval num_timesteps=499996, episode_reward=389.14 +/- 57.27
Episode length: 76.40 +/- 11.07
-----------------------------------------
| eval/                   |             |
|    mean_ep_length       | 76.4        |
|    mean_reward          | 389         |
| time/                   |             |
|    total_timesteps      | 499996      |
| train/                  |             |
|    approx_kl            | 0.012119668 |
|    clip_fraction        | 0.281       |
|    clip_range           | 0.15        |
|    entropy_loss         | -24.3       |
|    explained_variance   | 0.846       |
|    learning_rate        | 0.0001      |
|    loss                 | -0.15       |
|    n_updates            | 60          |
|    policy_gradient_loss | -0.0292     |
|    std                  | 1.01        |
|    value_loss           | 0.107       |
-----------------------------------------
New best mean reward!
rollout mean regret: -0.12467877566814423
---------------------------------
| rollout/           |          |
|    ep_len_mean     | 32.6     |
|    ep_rew_mean     | 148      |
| time/              |          |
|    fps             | 1121     |
|    iterations      | 5        |
|    time_elapsed    | 511      |
|    total_timesteps | 573440   |
---------------------------------
rollout mean regret: -0.10653209686279297
-----------------------------------------
| rollout/                |             |
|    ep_len_mean          | 41.3        |
|    ep_rew_mean          | 190         |
| time/                   |             |
|    fps                  | 1105        |
|    iterations           | 6           |
|    time_elapsed         | 622         |
|    total_timesteps      | 688128      |
| train/                  |             |
|    approx_kl            | 0.012836653 |
|    clip_fraction        | 0.291       |
|    clip_range           | 0.15        |
|    entropy_loss         | -24.3       |
|    explained_variance   | 0.845       |
|    learning_rate        | 0.0001      |
|    loss                 | -0.152      |
|    n_updates            | 75          |
|    policy_gradient_loss | -0.0298     |
|    std                  | 1.01        |
|    value_loss           | 0.134       |
-----------------------------------------
rollout mean regret: -0.09704286605119705
-----------------------------------------
| rollout/                |             |
|    ep_len_mean          | 42.3        |
|    ep_rew_mean          | 195         |
| time/                   |             |
|    fps                  | 1093        |
|    iterations           | 7           |
|    time_elapsed         | 734         |
|    total_timesteps      | 802816      |
| train/                  |             |
|    approx_kl            | 0.012617436 |
|    clip_fraction        | 0.289       |
|    clip_range           | 0.15        |
|    entropy_loss         | -24.3       |
|    explained_variance   | 0.847       |
|    learning_rate        | 0.0001      |
|    loss                 | -0.153      |
|    n_updates            | 90          |
|    policy_gradient_loss | -0.0294     |
|    std                  | 1.01        |
|    value_loss           | 0.142       |
-----------------------------------------
rollout mean regret: -0.06087280064821243
-----------------------------------------
| rollout/                |             |
|    ep_len_mean          | 51.6        |
|    ep_rew_mean          | 240         |
| time/                   |             |
|    fps                  | 1080        |
|    iterations           | 8           |
|    time_elapsed         | 848         |
|    total_timesteps      | 917504      |
| train/                  |             |
|    approx_kl            | 0.012087344 |
|    clip_fraction        | 0.273       |
|    clip_range           | 0.15        |
|    entropy_loss         | -24.3       |
|    explained_variance   | 0.86        |
|    learning_rate        | 0.0001      |
|    loss                 | -0.168      |
|    n_updates            | 105         |
|    policy_gradient_loss | -0.0277     |
|    std                  | 1.01        |
|    value_loss           | 0.131       |
-----------------------------------------
Eval num_timesteps=999992, episode_reward=455.28 +/- 22.44
Episode length: 86.80 +/- 4.87
-----------------------------------------
| eval/                   |             |
|    mean_ep_length       | 86.8        |
|    mean_reward          | 455         |
| time/                   |             |
|    total_timesteps      | 999992      |
| train/                  |             |
|    approx_kl            | 0.011487775 |
|    clip_fraction        | 0.26        |
|    clip_range           | 0.15        |
|    entropy_loss         | -24.3       |
|    explained_variance   | 0.886       |
|    learning_rate        | 0.0001      |
|    loss                 | -0.15       |
|    n_updates            | 120         |
|    policy_gradient_loss | -0.0259     |
|    std                  | 1.01        |
|    value_loss           | 0.11        |
-----------------------------------------
New best mean reward!
rollout mean regret: -0.041878439486026764
---------------------------------
| rollout/           |          |
|    ep_len_mean     | 57.1     |
|    ep_rew_mean     | 270      |
| time/              |          |
|    fps             | 1069     |
|    iterations      | 9        |
|    time_elapsed    | 964      |
|    total_timesteps | 1032192  |
---------------------------------
rollout mean regret: -0.013723432086408138
-----------------------------------------
| rollout/                |             |
|    ep_len_mean          | 66.2        |
|    ep_rew_mean          | 314         |
| time/                   |             |
|    fps                  | 1063        |
|    iterations           | 10          |
|    time_elapsed         | 1078        |
|    total_timesteps      | 1146880     |
| train/                  |             |
|    approx_kl            | 0.010738207 |
|    clip_fraction        | 0.244       |
|    clip_range           | 0.15        |
|    entropy_loss         | -24.3       |
|    explained_variance   | 0.909       |
|    learning_rate        | 0.0001      |
|    loss                 | -0.208      |
|    n_updates            | 135         |
|    policy_gradient_loss | -0.0243     |
|    std                  | 1.01        |
|    value_loss           | 0.0866      |
-----------------------------------------
rollout mean regret: 0.0074269697070121765
-----------------------------------------
| rollout/                |             |
|    ep_len_mean          | 68.9        |
|    ep_rew_mean          | 327         |
| time/                   |             |
|    fps                  | 1057        |
|    iterations           | 11          |
|    time_elapsed         | 1193        |
|    total_timesteps      | 1261568     |
| train/                  |             |
|    approx_kl            | 0.010408476 |
|    clip_fraction        | 0.23        |
|    clip_range           | 0.15        |
|    entropy_loss         | -24.3       |
|    explained_variance   | 0.93        |
|    learning_rate        | 0.0001      |
|    loss                 | -0.201      |
|    n_updates            | 150         |
|    policy_gradient_loss | -0.0224     |
|    std                  | 1.01        |
|    value_loss           | 0.0673      |
-----------------------------------------
rollout mean regret: 0.023497840389609337
-----------------------------------------
| rollout/                |             |
|    ep_len_mean          | 71.3        |
|    ep_rew_mean          | 338         |
| time/                   |             |
|    fps                  | 1052        |
|    iterations           | 12          |
|    time_elapsed         | 1307        |
|    total_timesteps      | 1376256     |
| train/                  |             |
|    approx_kl            | 0.009772082 |
|    clip_fraction        | 0.218       |
|    clip_range           | 0.15        |
|    entropy_loss         | -24.3       |
|    explained_variance   | 0.944       |
|    learning_rate        | 0.0001      |
|    loss                 | -0.208      |
|    n_updates            | 165         |
|    policy_gradient_loss | -0.0204     |
|    std                  | 1.01        |
|    value_loss           | 0.0553      |
-----------------------------------------
rollout mean regret: 0.02904515340924263
-----------------------------------------
| rollout/                |             |
|    ep_len_mean          | 73.2        |
|    ep_rew_mean          | 351         |
| time/                   |             |
|    fps                  | 1046        |
|    iterations           | 13          |
|    time_elapsed         | 1425        |
|    total_timesteps      | 1490944     |
| train/                  |             |
|    approx_kl            | 0.009847247 |
|    clip_fraction        | 0.212       |
|    clip_range           | 0.15        |
|    entropy_loss         | -24.4       |
|    explained_variance   | 0.953       |
|    learning_rate        | 0.0001      |
|    loss                 | -0.221      |
|    n_updates            | 180         |
|    policy_gradient_loss | -0.0197     |
|    std                  | 1.02        |
|    value_loss           | 0.0461      |
-----------------------------------------
Eval num_timesteps=1499988, episode_reward=347.49 +/- 21.22
Episode length: 64.60 +/- 4.03
----------------------------------------
| eval/                   |            |
|    mean_ep_length       | 64.6       |
|    mean_reward          | 347        |
| time/                   |            |
|    total_timesteps      | 1499988    |
| train/                  |            |
|    approx_kl            | 0.00977259 |
|    clip_fraction        | 0.209      |
|    clip_range           | 0.15       |
|    entropy_loss         | -24.4      |
|    explained_variance   | 0.959      |
|    learning_rate        | 0.0001     |
|    loss                 | -0.226     |
|    n_updates            | 195        |
|    policy_gradient_loss | -0.019     |
|    std                  | 1.02       |
|    value_loss           | 0.0411     |
----------------------------------------
rollout mean regret: 0.036018021404743195
---------------------------------
| rollout/           |          |
|    ep_len_mean     | 74.5     |
|    ep_rew_mean     | 362      |
| time/              |          |
|    fps             | 1041     |
|    iterations      | 14       |
|    time_elapsed    | 1541     |
|    total_timesteps | 1605632  |
---------------------------------
rollout mean regret: 0.04105815663933754
-----------------------------------------
| rollout/                |             |
|    ep_len_mean          | 74.5        |
|    ep_rew_mean          | 362         |
| time/                   |             |
|    fps                  | 1038        |
|    iterations           | 15          |
|    time_elapsed         | 1656        |
|    total_timesteps      | 1720320     |
| train/                  |             |
|    approx_kl            | 0.009565197 |
|    clip_fraction        | 0.202       |
|    clip_range           | 0.15        |
|    entropy_loss         | -24.4       |
|    explained_variance   | 0.963       |
|    learning_rate        | 0.0001      |
|    loss                 | -0.228      |
|    n_updates            | 210         |
|    policy_gradient_loss | -0.0177     |
|    std                  | 1.02        |
|    value_loss           | 0.0369      |
-----------------------------------------
rollout mean regret: 0.04441673308610916
----------------------------------------
| rollout/                |            |
|    ep_len_mean          | 77.8       |
|    ep_rew_mean          | 373        |
| time/                   |            |
|    fps                  | 1034       |
|    iterations           | 16         |
|    time_elapsed         | 1773       |
|    total_timesteps      | 1835008    |
| train/                  |            |
|    approx_kl            | 0.00961912 |
|    clip_fraction        | 0.204      |
|    clip_range           | 0.15       |
|    entropy_loss         | -24.5      |
|    explained_variance   | 0.965      |
|    learning_rate        | 0.0001     |
|    loss                 | -0.235     |
|    n_updates            | 225        |
|    policy_gradient_loss | -0.0176    |
|    std                  | 1.02       |
|    value_loss           | 0.0345     |
----------------------------------------
rollout mean regret: 0.03231099247932434
-----------------------------------------
| rollout/                |             |
|    ep_len_mean          | 79.5        |
|    ep_rew_mean          | 385         |
| time/                   |             |
|    fps                  | 1031        |
|    iterations           | 17          |
|    time_elapsed         | 1889        |
|    total_timesteps      | 1949696     |
| train/                  |             |
|    approx_kl            | 0.009566857 |
|    clip_fraction        | 0.201       |
|    clip_range           | 0.15        |
|    entropy_loss         | -24.5       |
|    explained_variance   | 0.966       |
|    learning_rate        | 0.0001      |
|    loss                 | -0.24       |
|    n_updates            | 240         |
|    policy_gradient_loss | -0.0174     |
|    std                  | 1.02        |
|    value_loss           | 0.0333      |
-----------------------------------------
Eval num_timesteps=1999984, episode_reward=358.37 +/- 15.94
Episode length: 66.40 +/- 3.01
-----------------------------------------
| eval/                   |             |
|    mean_ep_length       | 66.4        |
|    mean_reward          | 358         |
| time/                   |             |
|    total_timesteps      | 1999984     |
| train/                  |             |
|    approx_kl            | 0.009863198 |
|    clip_fraction        | 0.207       |
|    clip_range           | 0.15        |
|    entropy_loss         | -24.6       |
|    explained_variance   | 0.968       |
|    learning_rate        | 0.0001      |
|    loss                 | -0.244      |
|    n_updates            | 255         |
|    policy_gradient_loss | -0.0171     |
|    std                  | 1.03        |
|    value_loss           | 0.0316      |
-----------------------------------------
rollout mean regret: 0.028616931289434433
---------------------------------
| rollout/           |          |
|    ep_len_mean     | 82.1     |
|    ep_rew_mean     | 402      |
| time/              |          |
|    fps             | 1028     |
|    iterations      | 18       |
|    time_elapsed    | 2006     |
|    total_timesteps | 2064384  |
---------------------------------
rollout mean regret: 0.02522118017077446
-----------------------------------------
| rollout/                |             |
|    ep_len_mean          | 81.6        |
|    ep_rew_mean          | 399         |
| time/                   |             |
|    fps                  | 1026        |
|    iterations           | 19          |
|    time_elapsed         | 2121        |
|    total_timesteps      | 2179072     |
| train/                  |             |
|    approx_kl            | 0.009989389 |
|    clip_fraction        | 0.211       |
|    clip_range           | 0.15        |
|    entropy_loss         | -24.6       |
|    explained_variance   | 0.969       |
|    learning_rate        | 0.0001      |
|    loss                 | -0.251      |
|    n_updates            | 270         |
|    policy_gradient_loss | -0.0173     |
|    std                  | 1.03        |
|    value_loss           | 0.0294      |
-----------------------------------------
rollout mean regret: 0.020445121452212334
-----------------------------------------
| rollout/                |             |
|    ep_len_mean          | 84.6        |
|    ep_rew_mean          | 413         |
| time/                   |             |
|    fps                  | 1024        |
|    iterations           | 20          |
|    time_elapsed         | 2238        |
|    total_timesteps      | 2293760     |
| train/                  |             |
|    approx_kl            | 0.010115792 |
|    clip_fraction        | 0.21        |
|    clip_range           | 0.15        |
|    entropy_loss         | -24.7       |
|    explained_variance   | 0.97        |
|    learning_rate        | 0.0001      |
|    loss                 | -0.239      |
|    n_updates            | 285         |
|    policy_gradient_loss | -0.017      |
|    std                  | 1.03        |
|    value_loss           | 0.028       |
-----------------------------------------
rollout mean regret: 0.017430109903216362
-----------------------------------------
| rollout/                |             |
|    ep_len_mean          | 86          |
|    ep_rew_mean          | 412         |
| time/                   |             |
|    fps                  | 1022        |
|    iterations           | 21          |
|    time_elapsed         | 2355        |
|    total_timesteps      | 2408448     |
| train/                  |             |
|    approx_kl            | 0.010373001 |
|    clip_fraction        | 0.216       |
|    clip_range           | 0.15        |
|    entropy_loss         | -24.7       |
|    explained_variance   | 0.97        |
|    learning_rate        | 0.0001      |
|    loss                 | -0.243      |
|    n_updates            | 300         |
|    policy_gradient_loss | -0.017      |
|    std                  | 1.04        |
|    value_loss           | 0.0275      |
-----------------------------------------
Eval num_timesteps=2499980, episode_reward=360.68 +/- 16.01
Episode length: 67.00 +/- 3.16
------------------------------------------
| eval/                   |              |
|    mean_ep_length       | 67           |
|    mean_reward          | 361          |
| time/                   |              |
|    total_timesteps      | 2499980      |
| train/                  |              |
|    approx_kl            | 0.0103218695 |
|    clip_fraction        | 0.214        |
|    clip_range           | 0.15         |
|    entropy_loss         | -24.8        |
|    explained_variance   | 0.97         |
|    learning_rate        | 0.0001       |
|    loss                 | -0.242       |
|    n_updates            | 315          |
|    policy_gradient_loss | -0.0171      |
|    std                  | 1.04         |
|    value_loss           | 0.027        |
------------------------------------------
rollout mean regret: 0.015918496996164322
---------------------------------
| rollout/           |          |
|    ep_len_mean     | 89.4     |
|    ep_rew_mean     | 437      |
| time/              |          |
|    fps             | 1020     |
|    iterations      | 22       |
|    time_elapsed    | 2472     |
|    total_timesteps | 2523136  |
---------------------------------
rollout mean regret: 0.010917218402028084
-----------------------------------------
| rollout/                |             |
|    ep_len_mean          | 92.4        |
|    ep_rew_mean          | 450         |
| time/                   |             |
|    fps                  | 1018        |
|    iterations           | 23          |
|    time_elapsed         | 2589        |
|    total_timesteps      | 2637824     |
| train/                  |             |
|    approx_kl            | 0.010500463 |
|    clip_fraction        | 0.216       |
|    clip_range           | 0.15        |
|    entropy_loss         | -24.8       |
|    explained_variance   | 0.971       |
|    learning_rate        | 0.0001      |
|    loss                 | -0.248      |
|    n_updates            | 330         |
|    policy_gradient_loss | -0.017      |
|    std                  | 1.04        |
|    value_loss           | 0.0253      |
-----------------------------------------
rollout mean regret: 0.00725578935816884
------------------------------------------
| rollout/                |              |
|    ep_len_mean          | 90.1         |
|    ep_rew_mean          | 444          |
| time/                   |              |
|    fps                  | 1016         |
|    iterations           | 24           |
|    time_elapsed         | 2706         |
|    total_timesteps      | 2752512      |
| train/                  |              |
|    approx_kl            | 0.0108030755 |
|    clip_fraction        | 0.222        |
|    clip_range           | 0.15         |
|    entropy_loss         | -24.8        |
|    explained_variance   | 0.972        |
|    learning_rate        | 0.0001       |
|    loss                 | -0.243       |
|    n_updates            | 345          |
|    policy_gradient_loss | -0.0175      |
|    std                  | 1.04         |
|    value_loss           | 0.025        |
------------------------------------------
rollout mean regret: 0.0035360846668481827
-----------------------------------------
| rollout/                |             |
|    ep_len_mean          | 91.5        |
|    ep_rew_mean          | 448         |
| time/                   |             |
|    fps                  | 1015        |
|    iterations           | 25          |
|    time_elapsed         | 2824        |
|    total_timesteps      | 2867200     |
| train/                  |             |
|    approx_kl            | 0.010805624 |
|    clip_fraction        | 0.222       |
|    clip_range           | 0.15        |
|    entropy_loss         | -24.9       |
|    explained_variance   | 0.973       |
|    learning_rate        | 0.0001      |
|    loss                 | -0.245      |
|    n_updates            | 360         |
|    policy_gradient_loss | -0.017      |
|    std                  | 1.05        |
|    value_loss           | 0.0239      |
-----------------------------------------
rollout mean regret: 0.004905929323285818
----------------------------------------
| rollout/                |            |
|    ep_len_mean          | 94.3       |
|    ep_rew_mean          | 463        |
| time/                   |            |
|    fps                  | 1013       |
|    iterations           | 26         |
|    time_elapsed         | 2941       |
|    total_timesteps      | 2981888    |
| train/                  |            |
|    approx_kl            | 0.01076067 |
|    clip_fraction        | 0.223      |
|    clip_range           | 0.15       |
|    entropy_loss         | -24.9      |
|    explained_variance   | 0.973      |
|    learning_rate        | 0.0001     |
|    loss                 | -0.251     |
|    n_updates            | 375        |
|    policy_gradient_loss | -0.0169    |
|    std                  | 1.05       |
|    value_loss           | 0.0235     |
----------------------------------------
Eval num_timesteps=2999976, episode_reward=424.92 +/- 40.31
Episode length: 76.60 +/- 6.47
-----------------------------------------
| eval/                   |             |
|    mean_ep_length       | 76.6        |
|    mean_reward          | 425         |
| time/                   |             |
|    total_timesteps      | 2999976     |
| train/                  |             |
|    approx_kl            | 0.011008935 |
|    clip_fraction        | 0.227       |
|    clip_range           | 0.15        |
|    entropy_loss         | -25         |
|    explained_variance   | 0.971       |
|    learning_rate        | 0.0001      |
|    loss                 | -0.252      |
|    n_updates            | 390         |
|    policy_gradient_loss | -0.0172     |
|    std                  | 1.05        |
|    value_loss           | 0.0244      |
-----------------------------------------
rollout mean regret: 0.005365611054003239
---------------------------------
| rollout/           |          |
|    ep_len_mean     | 98       |
|    ep_rew_mean     | 478      |
| time/              |          |
|    fps             | 1012     |
|    iterations      | 27       |
|    time_elapsed    | 3058     |
|    total_timesteps | 3096576  |
---------------------------------
rollout mean regret: 0.0035386441741138697
------------------------------------------
| rollout/                |              |
|    ep_len_mean          | 96.8         |
|    ep_rew_mean          | 477          |
| time/                   |              |
|    fps                  | 1011         |
|    iterations           | 28           |
|    time_elapsed         | 3175         |
|    total_timesteps      | 3211264      |
| train/                  |              |
|    approx_kl            | 0.0111592645 |
|    clip_fraction        | 0.228        |
|    clip_range           | 0.15         |
|    entropy_loss         | -25          |
|    explained_variance   | 0.972        |
|    learning_rate        | 0.0001       |
|    loss                 | -0.255       |
|    n_updates            | 405          |
|    policy_gradient_loss | -0.0168      |
|    std                  | 1.05         |
|    value_loss           | 0.0235       |
------------------------------------------
rollout mean regret: -0.00017629351350478828
-----------------------------------------
| rollout/                |             |
|    ep_len_mean          | 106         |
|    ep_rew_mean          | 523         |
| time/                   |             |
|    fps                  | 1010        |
|    iterations           | 29          |
|    time_elapsed         | 3292        |
|    total_timesteps      | 3325952     |
| train/                  |             |
|    approx_kl            | 0.011317631 |
|    clip_fraction        | 0.231       |
|    clip_range           | 0.15        |
|    entropy_loss         | -25         |
|    explained_variance   | 0.973       |
|    learning_rate        | 0.0001      |
|    loss                 | -0.245      |
|    n_updates            | 420         |
|    policy_gradient_loss | -0.0171     |
|    std                  | 1.06        |
|    value_loss           | 0.0227      |
-----------------------------------------
rollout mean regret: 0.0053533995524048805
-----------------------------------------
| rollout/                |             |
|    ep_len_mean          | 104         |
|    ep_rew_mean          | 511         |
| time/                   |             |
|    fps                  | 1009        |
|    iterations           | 30          |
|    time_elapsed         | 3409        |
|    total_timesteps      | 3440640     |
| train/                  |             |
|    approx_kl            | 0.011418944 |
|    clip_fraction        | 0.232       |
|    clip_range           | 0.15        |
|    entropy_loss         | -25.1       |
|    explained_variance   | 0.973       |
|    learning_rate        | 0.0001      |
|    loss                 | -0.255      |
|    n_updates            | 435         |
|    policy_gradient_loss | -0.0175     |
|    std                  | 1.06        |
|    value_loss           | 0.0228      |
-----------------------------------------
Eval num_timesteps=3499972, episode_reward=551.50 +/- 54.77
Episode length: 100.80 +/- 9.93
------------------------------------------
| eval/                   |              |
|    mean_ep_length       | 101          |
|    mean_reward          | 552          |
| time/                   |              |
|    total_timesteps      | 3499972      |
| train/                  |              |
|    approx_kl            | 0.0115104895 |
|    clip_fraction        | 0.235        |
|    clip_range           | 0.15         |
|    entropy_loss         | -25.1        |
|    explained_variance   | 0.974        |
|    learning_rate        | 0.0001       |
|    loss                 | -0.256       |
|    n_updates            | 450          |
|    policy_gradient_loss | -0.0171      |
|    std                  | 1.06         |
|    value_loss           | 0.0221       |
------------------------------------------
New best mean reward!
rollout mean regret: 0.0004993085749447346
---------------------------------
| rollout/           |          |
|    ep_len_mean     | 107      |
|    ep_rew_mean     | 526      |
| time/              |          |
|    fps             | 1007     |
|    iterations      | 31       |
|    time_elapsed    | 3529     |
|    total_timesteps | 3555328  |
---------------------------------
rollout mean regret: -0.0014154404634609818
-----------------------------------------
| rollout/                |             |
|    ep_len_mean          | 106         |
|    ep_rew_mean          | 526         |
| time/                   |             |
|    fps                  | 1006        |
|    iterations           | 32          |
|    time_elapsed         | 3647        |
|    total_timesteps      | 3670016     |
| train/                  |             |
|    approx_kl            | 0.011463757 |
|    clip_fraction        | 0.233       |
|    clip_range           | 0.15        |
|    entropy_loss         | -25.2       |
|    explained_variance   | 0.973       |
|    learning_rate        | 0.0001      |
|    loss                 | -0.252      |
|    n_updates            | 465         |
|    policy_gradient_loss | -0.017      |
|    std                  | 1.07        |
|    value_loss           | 0.0233      |
-----------------------------------------
rollout mean regret: -0.005463934503495693
------------------------------------------
| rollout/                |              |
|    ep_len_mean          | 110          |
|    ep_rew_mean          | 547          |
| time/                   |              |
|    fps                  | 1005         |
|    iterations           | 33           |
|    time_elapsed         | 3764         |
|    total_timesteps      | 3784704      |
| train/                  |              |
|    approx_kl            | 0.0116217565 |
|    clip_fraction        | 0.24         |
|    clip_range           | 0.15         |
|    entropy_loss         | -25.2        |
|    explained_variance   | 0.973        |
|    learning_rate        | 0.0001       |
|    loss                 | -0.256       |
|    n_updates            | 480          |
|    policy_gradient_loss | -0.0176      |
|    std                  | 1.07         |
|    value_loss           | 0.0226       |
------------------------------------------
rollout mean regret: -0.0019444593926891685
----------------------------------------
| rollout/                |            |
|    ep_len_mean          | 113        |
|    ep_rew_mean          | 561        |
| time/                   |            |
|    fps                  | 1004       |
|    iterations           | 34         |
|    time_elapsed         | 3882       |
|    total_timesteps      | 3899392    |
| train/                  |            |
|    approx_kl            | 0.01178339 |
|    clip_fraction        | 0.239      |
|    clip_range           | 0.15       |
|    entropy_loss         | -25.3      |
|    explained_variance   | 0.972      |
|    learning_rate        | 0.0001     |
|    loss                 | -0.244     |
|    n_updates            | 495        |
|    policy_gradient_loss | -0.0171    |
|    std                  | 1.07       |
|    value_loss           | 0.023      |
----------------------------------------
Eval num_timesteps=3999968, episode_reward=752.56 +/- 130.60
Episode length: 137.60 +/- 22.54
------------------------------------------
| eval/                   |              |
|    mean_ep_length       | 138          |
|    mean_reward          | 753          |
| time/                   |              |
|    total_timesteps      | 3999968      |
| train/                  |              |
|    approx_kl            | 0.0120270075 |
|    clip_fraction        | 0.243        |
|    clip_range           | 0.15         |
|    entropy_loss         | -25.3        |
|    explained_variance   | 0.973        |
|    learning_rate        | 0.0001       |
|    loss                 | -0.26        |
|    n_updates            | 510          |
|    policy_gradient_loss | -0.0177      |
|    std                  | 1.07         |
|    value_loss           | 0.0226       |
------------------------------------------
New best mean reward!
rollout mean regret: 0.001333962776698172
---------------------------------
| rollout/           |          |
|    ep_len_mean     | 111      |
|    ep_rew_mean     | 556      |
| time/              |          |
|    fps             | 1003     |
|    iterations      | 35       |
|    time_elapsed    | 3999     |
|    total_timesteps | 4014080  |
---------------------------------
rollout mean regret: -0.0005501860869117081
------------------------------------------
| rollout/                |              |
|    ep_len_mean          | 113          |
|    ep_rew_mean          | 567          |
| time/                   |              |
|    fps                  | 1003         |
|    iterations           | 36           |
|    time_elapsed         | 4115         |
|    total_timesteps      | 4128768      |
| train/                  |              |
|    approx_kl            | 0.0119691165 |
|    clip_fraction        | 0.241        |
|    clip_range           | 0.15         |
|    entropy_loss         | -25.3        |
|    explained_variance   | 0.973        |
|    learning_rate        | 0.0001       |
|    loss                 | -0.261       |
|    n_updates            | 525          |
|    policy_gradient_loss | -0.0172      |
|    std                  | 1.08         |
|    value_loss           | 0.0229       |
------------------------------------------
rollout mean regret: -0.003985410090535879
-----------------------------------------
| rollout/                |             |
|    ep_len_mean          | 116         |
|    ep_rew_mean          | 571         |
| time/                   |             |
|    fps                  | 1002        |
|    iterations           | 37          |
|    time_elapsed         | 4232        |
|    total_timesteps      | 4243456     |
| train/                  |             |
|    approx_kl            | 0.012083129 |
|    clip_fraction        | 0.244       |
|    clip_range           | 0.15        |
|    entropy_loss         | -25.4       |
|    explained_variance   | 0.974       |
|    learning_rate        | 0.0001      |
|    loss                 | -0.263      |
|    n_updates            | 540         |
|    policy_gradient_loss | -0.0169     |
|    std                  | 1.08        |
|    value_loss           | 0.0224      |
-----------------------------------------
rollout mean regret: -0.002906878711655736
-----------------------------------------
| rollout/                |             |
|    ep_len_mean          | 121         |
|    ep_rew_mean          | 606         |
| time/                   |             |
|    fps                  | 1001        |
|    iterations           | 38          |
|    time_elapsed         | 4350        |
|    total_timesteps      | 4358144     |
| train/                  |             |
|    approx_kl            | 0.012124826 |
|    clip_fraction        | 0.245       |
|    clip_range           | 0.15        |
|    entropy_loss         | -25.4       |
|    explained_variance   | 0.972       |
|    learning_rate        | 0.0001      |
|    loss                 | -0.244      |
|    n_updates            | 555         |
|    policy_gradient_loss | -0.0169     |
|    std                  | 1.08        |
|    value_loss           | 0.0231      |
-----------------------------------------
rollout mean regret: -0.002355539705604315
-----------------------------------------
| rollout/                |             |
|    ep_len_mean          | 124         |
|    ep_rew_mean          | 619         |
| time/                   |             |
|    fps                  | 1001        |
|    iterations           | 39          |
|    time_elapsed         | 4467        |
|    total_timesteps      | 4472832     |
| train/                  |             |
|    approx_kl            | 0.012201215 |
|    clip_fraction        | 0.248       |
|    clip_range           | 0.15        |
|    entropy_loss         | -25.5       |
|    explained_variance   | 0.973       |
|    learning_rate        | 0.0001      |
|    loss                 | -0.269      |
|    n_updates            | 570         |
|    policy_gradient_loss | -0.0177     |
|    std                  | 1.08        |
|    value_loss           | 0.0225      |
-----------------------------------------
Eval num_timesteps=4499964, episode_reward=727.50 +/- 57.36
Episode length: 132.00 +/- 9.19
-----------------------------------------
| eval/                   |             |
|    mean_ep_length       | 132         |
|    mean_reward          | 727         |
| time/                   |             |
|    total_timesteps      | 4499964     |
| train/                  |             |
|    approx_kl            | 0.012616175 |
|    clip_fraction        | 0.252       |
|    clip_range           | 0.15        |
|    entropy_loss         | -25.5       |
|    explained_variance   | 0.974       |
|    learning_rate        | 0.0001      |
|    loss                 | -0.265      |
|    n_updates            | 585         |
|    policy_gradient_loss | -0.0172     |
|    std                  | 1.09        |
|    value_loss           | 0.0218      |
-----------------------------------------
rollout mean regret: -0.0036078065168112516
---------------------------------
| rollout/           |          |
|    ep_len_mean     | 127      |
|    ep_rew_mean     | 647      |
| time/              |          |
|    fps             | 999      |
|    iterations      | 40       |
|    time_elapsed    | 4587     |
|    total_timesteps | 4587520  |
---------------------------------
rollout mean regret: -0.003494001692160964
-----------------------------------------
| rollout/                |             |
|    ep_len_mean          | 123         |
|    ep_rew_mean          | 621         |
| time/                   |             |
|    fps                  | 999         |
|    iterations           | 41          |
|    time_elapsed         | 4705        |
|    total_timesteps      | 4702208     |
| train/                  |             |
|    approx_kl            | 0.012623941 |
|    clip_fraction        | 0.252       |
|    clip_range           | 0.15        |
|    entropy_loss         | -25.6       |
|    explained_variance   | 0.973       |
|    learning_rate        | 0.0001      |
|    loss                 | -0.25       |
|    n_updates            | 600         |
|    policy_gradient_loss | -0.0174     |
|    std                  | 1.09        |
|    value_loss           | 0.0221      |
-----------------------------------------
rollout mean regret: -0.006597124971449375
-----------------------------------------
| rollout/                |             |
|    ep_len_mean          | 133         |
|    ep_rew_mean          | 675         |
| time/                   |             |
|    fps                  | 998         |
|    iterations           | 42          |
|    time_elapsed         | 4823        |
|    total_timesteps      | 4816896     |
| train/                  |             |
|    approx_kl            | 0.012569466 |
|    clip_fraction        | 0.252       |
|    clip_range           | 0.15        |
|    entropy_loss         | -25.6       |
|    explained_variance   | 0.974       |
|    learning_rate        | 0.0001      |
|    loss                 | -0.26       |
|    n_updates            | 615         |
|    policy_gradient_loss | -0.0174     |
|    std                  | 1.09        |
|    value_loss           | 0.0218      |
-----------------------------------------
rollout mean regret: -0.005074293352663517
-----------------------------------------
| rollout/                |             |
|    ep_len_mean          | 139         |
|    ep_rew_mean          | 704         |
| time/                   |             |
|    fps                  | 998         |
|    iterations           | 43          |
|    time_elapsed         | 4940        |
|    total_timesteps      | 4931584     |
| train/                  |             |
|    approx_kl            | 0.012788598 |
|    clip_fraction        | 0.256       |
|    clip_range           | 0.15        |
|    entropy_loss         | -25.6       |
|    explained_variance   | 0.973       |
|    learning_rate        | 0.0001      |
|    loss                 | -0.265      |
|    n_updates            | 630         |
|    policy_gradient_loss | -0.0176     |
|    std                  | 1.1         |
|    value_loss           | 0.0222      |
-----------------------------------------
Eval num_timesteps=4999960, episode_reward=821.24 +/- 39.93
Episode length: 146.60 +/- 5.28
----------------------------------------
| eval/                   |            |
|    mean_ep_length       | 147        |
|    mean_reward          | 821        |
| time/                   |            |
|    total_timesteps      | 4999960    |
| train/                  |            |
|    approx_kl            | 0.01276915 |
|    clip_fraction        | 0.255      |
|    clip_range           | 0.15       |
|    entropy_loss         | -25.7      |
|    explained_variance   | 0.973      |
|    learning_rate        | 0.0001     |
|    loss                 | -0.267     |
|    n_updates            | 645        |
|    policy_gradient_loss | -0.0175    |
|    std                  | 1.1        |
|    value_loss           | 0.0222     |
----------------------------------------
New best mean reward!
rollout mean regret: -0.0037015073467046022
---------------------------------
| rollout/           |          |
|    ep_len_mean     | 133      |
|    ep_rew_mean     | 681      |
| time/              |          |
|    fps             | 997      |
|    iterations      | 44       |
|    time_elapsed    | 5059     |
|    total_timesteps | 5046272  |
---------------------------------
rollout mean regret: -0.0035905656404793262
----------------------------------------
| rollout/                |            |
|    ep_len_mean          | 143        |
|    ep_rew_mean          | 734        |
| time/                   |            |
|    fps                  | 996        |
|    iterations           | 45         |
|    time_elapsed         | 5176       |
|    total_timesteps      | 5160960    |
| train/                  |            |
|    approx_kl            | 0.01290904 |
|    clip_fraction        | 0.257      |
|    clip_range           | 0.15       |
|    entropy_loss         | -25.7      |
|    explained_variance   | 0.973      |
|    learning_rate        | 0.0001     |
|    loss                 | -0.255     |
|    n_updates            | 660        |
|    policy_gradient_loss | -0.0175    |
|    std                  | 1.1        |
|    value_loss           | 0.0223     |
----------------------------------------
rollout mean regret: -0.0019201000686734915
-----------------------------------------
| rollout/                |             |
|    ep_len_mean          | 143         |
|    ep_rew_mean          | 742         |
| time/                   |             |
|    fps                  | 996         |
|    iterations           | 46          |
|    time_elapsed         | 5293        |
|    total_timesteps      | 5275648     |
| train/                  |             |
|    approx_kl            | 0.013102114 |
|    clip_fraction        | 0.26        |
|    clip_range           | 0.15        |
|    entropy_loss         | -25.7       |
|    explained_variance   | 0.973       |
|    learning_rate        | 0.0001      |
|    loss                 | -0.251      |
|    n_updates            | 675         |
|    policy_gradient_loss | -0.0177     |
|    std                  | 1.1         |
|    value_loss           | 0.0221      |
-----------------------------------------
rollout mean regret: 0.000977571471594274
-----------------------------------------
| rollout/                |             |
|    ep_len_mean          | 144         |
|    ep_rew_mean          | 742         |
| time/                   |             |
|    fps                  | 995         |
|    iterations           | 47          |
|    time_elapsed         | 5412        |
|    total_timesteps      | 5390336     |
| train/                  |             |
|    approx_kl            | 0.013242696 |
|    clip_fraction        | 0.263       |
|    clip_range           | 0.15        |
|    entropy_loss         | -25.8       |
|    explained_variance   | 0.972       |
|    learning_rate        | 0.0001      |
|    loss                 | -0.248      |
|    n_updates            | 690         |
|    policy_gradient_loss | -0.0178     |
|    std                  | 1.11        |
|    value_loss           | 0.023       |
-----------------------------------------
Eval num_timesteps=5499956, episode_reward=994.75 +/- 248.51
Episode length: 177.20 +/- 40.81
-----------------------------------------
| eval/                   |             |
|    mean_ep_length       | 177         |
|    mean_reward          | 995         |
| time/                   |             |
|    total_timesteps      | 5499956     |
| train/                  |             |
|    approx_kl            | 0.013593776 |
|    clip_fraction        | 0.268       |
|    clip_range           | 0.15        |
|    entropy_loss         | -25.8       |
|    explained_variance   | 0.972       |
|    learning_rate        | 0.0001      |
|    loss                 | -0.272      |
|    n_updates            | 705         |
|    policy_gradient_loss | -0.0176     |
|    std                  | 1.11        |
|    value_loss           | 0.0225      |
-----------------------------------------
New best mean reward!
rollout mean regret: -0.007324953097850084
---------------------------------
| rollout/           |          |
|    ep_len_mean     | 149      |
|    ep_rew_mean     | 774      |
| time/              |          |
|    fps             | 995      |
|    iterations      | 48       |
|    time_elapsed    | 5531     |
|    total_timesteps | 5505024  |
---------------------------------
rollout mean regret: -0.004701451864093542
-----------------------------------------
| rollout/                |             |
|    ep_len_mean          | 150         |
|    ep_rew_mean          | 784         |
| time/                   |             |
|    fps                  | 994         |
|    iterations           | 49          |
|    time_elapsed         | 5649        |
|    total_timesteps      | 5619712     |
| train/                  |             |
|    approx_kl            | 0.013279719 |
|    clip_fraction        | 0.26        |
|    clip_range           | 0.15        |
|    entropy_loss         | -25.9       |
|    explained_variance   | 0.973       |
|    learning_rate        | 0.0001      |
|    loss                 | -0.261      |
|    n_updates            | 720         |
|    policy_gradient_loss | -0.0173     |
|    std                  | 1.11        |
|    value_loss           | 0.0219      |
-----------------------------------------
rollout mean regret: -0.010424204170703888
-----------------------------------------
| rollout/                |             |
|    ep_len_mean          | 149         |
|    ep_rew_mean          | 784         |
| time/                   |             |
|    fps                  | 994         |
|    iterations           | 50          |
|    time_elapsed         | 5766        |
|    total_timesteps      | 5734400     |
| train/                  |             |
|    approx_kl            | 0.013727245 |
|    clip_fraction        | 0.268       |
|    clip_range           | 0.15        |
|    entropy_loss         | -25.9       |
|    explained_variance   | 0.972       |
|    learning_rate        | 0.0001      |
|    loss                 | -0.257      |
|    n_updates            | 735         |
|    policy_gradient_loss | -0.0178     |
|    std                  | 1.12        |
|    value_loss           | 0.0221      |
-----------------------------------------
rollout mean regret: -0.005948182661086321
-----------------------------------------
| rollout/                |             |
|    ep_len_mean          | 167         |
|    ep_rew_mean          | 875         |
| time/                   |             |
|    fps                  | 993         |
|    iterations           | 51          |
|    time_elapsed         | 5885        |
|    total_timesteps      | 5849088     |
| train/                  |             |
|    approx_kl            | 0.013314526 |
|    clip_fraction        | 0.265       |
|    clip_range           | 0.15        |
|    entropy_loss         | -25.9       |
|    explained_variance   | 0.971       |
|    learning_rate        | 0.0001      |
|    loss                 | -0.256      |
|    n_updates            | 750         |
|    policy_gradient_loss | -0.0176     |
|    std                  | 1.12        |
|    value_loss           | 0.0224      |
-----------------------------------------
rollout mean regret: -9.998512541642413e-05
-----------------------------------------
| rollout/                |             |
|    ep_len_mean          | 158         |
|    ep_rew_mean          | 829         |
| time/                   |             |
|    fps                  | 993         |
|    iterations           | 52          |
|    time_elapsed         | 6002        |
|    total_timesteps      | 5963776     |
| train/                  |             |
|    approx_kl            | 0.013813731 |
|    clip_fraction        | 0.271       |
|    clip_range           | 0.15        |
|    entropy_loss         | -26         |
|    explained_variance   | 0.971       |
|    learning_rate        | 0.0001      |
|    loss                 | -0.278      |
|    n_updates            | 765         |
|    policy_gradient_loss | -0.0182     |
|    std                  | 1.12        |
|    value_loss           | 0.023       |
-----------------------------------------
Eval num_timesteps=5999952, episode_reward=1482.26 +/- 386.65
Episode length: 258.80 +/- 65.69
------------------------------------------
| eval/                   |              |
|    mean_ep_length       | 259          |
|    mean_reward          | 1.48e+03     |
| time/                   |              |
|    total_timesteps      | 5999952      |
| train/                  |              |
|    approx_kl            | 0.0134497965 |
|    clip_fraction        | 0.265        |
|    clip_range           | 0.15         |
|    entropy_loss         | -26          |
|    explained_variance   | 0.97         |
|    learning_rate        | 0.0001       |
|    loss                 | -0.272       |
|    n_updates            | 780          |
|    policy_gradient_loss | -0.0174      |
|    std                  | 1.12         |
|    value_loss           | 0.0238       |
------------------------------------------
New best mean reward!
rollout mean regret: -0.0034947674721479416
---------------------------------
| rollout/           |          |
|    ep_len_mean     | 164      |
|    ep_rew_mean     | 858      |
| time/              |          |
|    fps             | 992      |
|    iterations      | 53       |
|    time_elapsed    | 6121     |
|    total_timesteps | 6078464  |
---------------------------------
rollout mean regret: -0.005446716211736202
------------------------------------------
| rollout/                |              |
|    ep_len_mean          | 174          |
|    ep_rew_mean          | 913          |
| time/                   |              |
|    fps                  | 992          |
|    iterations           | 54           |
|    time_elapsed         | 6239         |
|    total_timesteps      | 6193152      |
| train/                  |              |
|    approx_kl            | 0.0139833605 |
|    clip_fraction        | 0.271        |
|    clip_range           | 0.15         |
|    entropy_loss         | -26.1        |
|    explained_variance   | 0.971        |
|    learning_rate        | 0.0001       |
|    loss                 | -0.262       |
|    n_updates            | 795          |
|    policy_gradient_loss | -0.0179      |
|    std                  | 1.13         |
|    value_loss           | 0.0232       |
------------------------------------------
rollout mean regret: -0.005628535989671946
-----------------------------------------
| rollout/                |             |
|    ep_len_mean          | 181         |
|    ep_rew_mean          | 954         |
| time/                   |             |
|    fps                  | 992         |
|    iterations           | 55          |
|    time_elapsed         | 6355        |
|    total_timesteps      | 6307840     |
| train/                  |             |
|    approx_kl            | 0.014098729 |
|    clip_fraction        | 0.273       |
|    clip_range           | 0.15        |
|    entropy_loss         | -26.1       |
|    explained_variance   | 0.97        |
|    learning_rate        | 0.0001      |
|    loss                 | -0.25       |
|    n_updates            | 810         |
|    policy_gradient_loss | -0.0179     |
|    std                  | 1.13        |
|    value_loss           | 0.0233      |
-----------------------------------------
rollout mean regret: -0.006360992789268494
-----------------------------------------
| rollout/                |             |
|    ep_len_mean          | 180         |
|    ep_rew_mean          | 965         |
| time/                   |             |
|    fps                  | 992         |
|    iterations           | 56          |
|    time_elapsed         | 6473        |
|    total_timesteps      | 6422528     |
| train/                  |             |
|    approx_kl            | 0.014246821 |
|    clip_fraction        | 0.274       |
|    clip_range           | 0.15        |
|    entropy_loss         | -26.2       |
|    explained_variance   | 0.969       |
|    learning_rate        | 0.0001      |
|    loss                 | -0.254      |
|    n_updates            | 825         |
|    policy_gradient_loss | -0.0177     |
|    std                  | 1.13        |
|    value_loss           | 0.0229      |
-----------------------------------------
Eval num_timesteps=6499948, episode_reward=2197.41 +/- 842.99
Episode length: 377.40 +/- 139.13
-----------------------------------------
| eval/                   |             |
|    mean_ep_length       | 377         |
|    mean_reward          | 2.2e+03     |
| time/                   |             |
|    total_timesteps      | 6499948     |
| train/                  |             |
|    approx_kl            | 0.013987465 |
|    clip_fraction        | 0.27        |
|    clip_range           | 0.15        |
|    entropy_loss         | -26.2       |
|    explained_variance   | 0.97        |
|    learning_rate        | 0.0001      |
|    loss                 | -0.269      |
|    n_updates            | 840         |
|    policy_gradient_loss | -0.0174     |
|    std                  | 1.14        |
|    value_loss           | 0.0226      |
-----------------------------------------
New best mean reward!
rollout mean regret: -0.003506955225020647
---------------------------------
| rollout/           |          |
|    ep_len_mean     | 182      |
|    ep_rew_mean     | 958      |
| time/              |          |
|    fps             | 991      |
|    iterations      | 57       |
|    time_elapsed    | 6594     |
|    total_timesteps | 6537216  |
---------------------------------
rollout mean regret: -0.005974213592708111
-----------------------------------------
| rollout/                |             |
|    ep_len_mean          | 183         |
|    ep_rew_mean          | 972         |
| time/                   |             |
|    fps                  | 990         |
|    iterations           | 58          |
|    time_elapsed         | 6712        |
|    total_timesteps      | 6651904     |
| train/                  |             |
|    approx_kl            | 0.014083207 |
|    clip_fraction        | 0.273       |
|    clip_range           | 0.15        |
|    entropy_loss         | -26.3       |
|    explained_variance   | 0.971       |
|    learning_rate        | 0.0001      |
|    loss                 | -0.269      |
|    n_updates            | 855         |
|    policy_gradient_loss | -0.0178     |
|    std                  | 1.14        |
|    value_loss           | 0.022       |
-----------------------------------------
rollout mean regret: -0.0030792143661528826
-----------------------------------------
| rollout/                |             |
|    ep_len_mean          | 180         |
|    ep_rew_mean          | 955         |
| time/                   |             |
|    fps                  | 990         |
|    iterations           | 59          |
|    time_elapsed         | 6830        |
|    total_timesteps      | 6766592     |
| train/                  |             |
|    approx_kl            | 0.014108296 |
|    clip_fraction        | 0.275       |
|    clip_range           | 0.15        |
|    entropy_loss         | -26.3       |
|    explained_variance   | 0.969       |
|    learning_rate        | 0.0001      |
|    loss                 | -0.262      |
|    n_updates            | 870         |
|    policy_gradient_loss | -0.0177     |
|    std                  | 1.14        |
|    value_loss           | 0.0231      |
-----------------------------------------
rollout mean regret: -0.0007805147324688733
-----------------------------------------
| rollout/                |             |
|    ep_len_mean          | 197         |
|    ep_rew_mean          | 1.05e+03    |
| time/                   |             |
|    fps                  | 990         |
|    iterations           | 60          |
|    time_elapsed         | 6948        |
|    total_timesteps      | 6881280     |
| train/                  |             |
|    approx_kl            | 0.014450021 |
|    clip_fraction        | 0.278       |
|    clip_range           | 0.15        |
|    entropy_loss         | -26.3       |
|    explained_variance   | 0.969       |
|    learning_rate        | 0.0001      |
|    loss                 | -0.266      |
|    n_updates            | 885         |
|    policy_gradient_loss | -0.018      |
|    std                  | 1.14        |
|    value_loss           | 0.023       |
-----------------------------------------
rollout mean regret: -0.0009986812947317958
-----------------------------------------
| rollout/                |             |
|    ep_len_mean          | 210         |
|    ep_rew_mean          | 1.12e+03    |
| time/                   |             |
|    fps                  | 989         |
|    iterations           | 61          |
|    time_elapsed         | 7066        |
|    total_timesteps      | 6995968     |
| train/                  |             |
|    approx_kl            | 0.014406646 |
|    clip_fraction        | 0.277       |
|    clip_range           | 0.15        |
|    entropy_loss         | -26.4       |
|    explained_variance   | 0.969       |
|    learning_rate        | 0.0001      |
|    loss                 | -0.253      |
|    n_updates            | 900         |
|    policy_gradient_loss | -0.0177     |
|    std                  | 1.15        |
|    value_loss           | 0.0235      |
-----------------------------------------
Eval num_timesteps=6999944, episode_reward=4065.98 +/- 2167.97
Episode length: 692.00 +/- 355.95
-----------------------------------------
| eval/                   |             |
|    mean_ep_length       | 692         |
|    mean_reward          | 4.07e+03    |
| time/                   |             |
|    total_timesteps      | 6999944     |
| train/                  |             |
|    approx_kl            | 0.014648373 |
|    clip_fraction        | 0.279       |
|    clip_range           | 0.15        |
|    entropy_loss         | -26.4       |
|    explained_variance   | 0.968       |
|    learning_rate        | 0.0001      |
|    loss                 | -0.259      |
|    n_updates            | 915         |
|    policy_gradient_loss | -0.0173     |
|    std                  | 1.15        |
|    value_loss           | 0.0236      |
-----------------------------------------
New best mean reward!
rollout mean regret: -0.0020325840450823307
---------------------------------
| rollout/           |          |
|    ep_len_mean     | 206      |
|    ep_rew_mean     | 1.1e+03  |
| time/              |          |
|    fps             | 989      |
|    iterations      | 62       |
|    time_elapsed    | 7187     |
|    total_timesteps | 7110656  |
---------------------------------
rollout mean regret: -0.009249060414731503
-----------------------------------------
| rollout/                |             |
|    ep_len_mean          | 215         |
|    ep_rew_mean          | 1.16e+03    |
| time/                   |             |
|    fps                  | 989         |
|    iterations           | 63          |
|    time_elapsed         | 7305        |
|    total_timesteps      | 7225344     |
| train/                  |             |
|    approx_kl            | 0.014826512 |
|    clip_fraction        | 0.281       |
|    clip_range           | 0.15        |
|    entropy_loss         | -26.5       |
|    explained_variance   | 0.967       |
|    learning_rate        | 0.0001      |
|    loss                 | -0.271      |
|    n_updates            | 930         |
|    policy_gradient_loss | -0.0175     |
|    std                  | 1.15        |
|    value_loss           | 0.0237      |
-----------------------------------------
rollout mean regret: -0.002706758212298155
-----------------------------------------
| rollout/                |             |
|    ep_len_mean          | 210         |
|    ep_rew_mean          | 1.12e+03    |
| time/                   |             |
|    fps                  | 988         |
|    iterations           | 64          |
|    time_elapsed         | 7424        |
|    total_timesteps      | 7340032     |
| train/                  |             |
|    approx_kl            | 0.014726975 |
|    clip_fraction        | 0.281       |
|    clip_range           | 0.15        |
|    entropy_loss         | -26.5       |
|    explained_variance   | 0.967       |
|    learning_rate        | 0.0001      |
|    loss                 | -0.253      |
|    n_updates            | 945         |
|    policy_gradient_loss | -0.0177     |
|    std                  | 1.16        |
|    value_loss           | 0.0232      |
-----------------------------------------
rollout mean regret: -0.003989866469055414
-----------------------------------------
| rollout/                |             |
|    ep_len_mean          | 228         |
|    ep_rew_mean          | 1.22e+03    |
| time/                   |             |
|    fps                  | 988         |
|    iterations           | 65          |
|    time_elapsed         | 7541        |
|    total_timesteps      | 7454720     |
| train/                  |             |
|    approx_kl            | 0.014628887 |
|    clip_fraction        | 0.281       |
|    clip_range           | 0.15        |
|    entropy_loss         | -26.5       |
|    explained_variance   | 0.966       |
|    learning_rate        | 0.0001      |
|    loss                 | -0.268      |
|    n_updates            | 960         |
|    policy_gradient_loss | -0.0177     |
|    std                  | 1.16        |
|    value_loss           | 0.0242      |
-----------------------------------------
Eval num_timesteps=7499940, episode_reward=5986.92 +/- 979.29
Episode length: 1006.00 +/- 165.62
-----------------------------------------
| eval/                   |             |
|    mean_ep_length       | 1.01e+03    |
|    mean_reward          | 5.99e+03    |
| time/                   |             |
|    total_timesteps      | 7499940     |
| train/                  |             |
|    approx_kl            | 0.015011696 |
|    clip_fraction        | 0.286       |
|    clip_range           | 0.15        |
|    entropy_loss         | -26.6       |
|    explained_variance   | 0.965       |
|    learning_rate        | 0.0001      |
|    loss                 | -0.267      |
|    n_updates            | 975         |
|    policy_gradient_loss | -0.018      |
|    std                  | 1.16        |
|    value_loss           | 0.0243      |
-----------------------------------------
New best mean reward!
rollout mean regret: -0.0017307874513790011
---------------------------------
| rollout/           |          |
|    ep_len_mean     | 233      |
|    ep_rew_mean     | 1.25e+03 |
| time/              |          |
|    fps             | 987      |
|    iterations      | 66       |
|    time_elapsed    | 7665     |
|    total_timesteps | 7569408  |
---------------------------------
rollout mean regret: -0.002918219892308116
----------------------------------------
| rollout/                |            |
|    ep_len_mean          | 255        |
|    ep_rew_mean          | 1.39e+03   |
| time/                   |            |
|    fps                  | 987        |
|    iterations           | 67         |
|    time_elapsed         | 7783       |
|    total_timesteps      | 7684096    |
| train/                  |            |
|    approx_kl            | 0.01529214 |
|    clip_fraction        | 0.286      |
|    clip_range           | 0.15       |
|    entropy_loss         | -26.6      |
|    explained_variance   | 0.965      |
|    learning_rate        | 0.0001     |
|    loss                 | -0.27      |
|    n_updates            | 990        |
|    policy_gradient_loss | -0.0182    |
|    std                  | 1.17       |
|    value_loss           | 0.0233     |
----------------------------------------
rollout mean regret: 0.0015782045666128397
-----------------------------------------
| rollout/                |             |
|    ep_len_mean          | 247         |
|    ep_rew_mean          | 1.34e+03    |
| time/                   |             |
|    fps                  | 987         |
|    iterations           | 68          |
|    time_elapsed         | 7899        |
|    total_timesteps      | 7798784     |
| train/                  |             |
|    approx_kl            | 0.015047714 |
|    clip_fraction        | 0.287       |
|    clip_range           | 0.15        |
|    entropy_loss         | -26.7       |
|    explained_variance   | 0.966       |
|    learning_rate        | 0.0001      |
|    loss                 | -0.279      |
|    n_updates            | 1005        |
|    policy_gradient_loss | -0.0175     |
|    std                  | 1.17        |
|    value_loss           | 0.0227      |
-----------------------------------------
rollout mean regret: -0.0038359719328582287
----------------------------------------
| rollout/                |            |
|    ep_len_mean          | 277        |
|    ep_rew_mean          | 1.51e+03   |
| time/                   |            |
|    fps                  | 986        |
|    iterations           | 69         |
|    time_elapsed         | 8018       |
|    total_timesteps      | 7913472    |
| train/                  |            |
|    approx_kl            | 0.01502367 |
|    clip_fraction        | 0.288      |
|    clip_range           | 0.15       |
|    entropy_loss         | -26.7      |
|    explained_variance   | 0.966      |
|    learning_rate        | 0.0001     |
|    loss                 | -0.277     |
|    n_updates            | 1020       |
|    policy_gradient_loss | -0.0179    |
|    std                  | 1.17       |
|    value_loss           | 0.0227     |
----------------------------------------
Eval num_timesteps=7999936, episode_reward=5786.88 +/- 807.58
Episode length: 966.80 +/- 124.77
-----------------------------------------
| eval/                   |             |
|    mean_ep_length       | 967         |
|    mean_reward          | 5.79e+03    |
| time/                   |             |
|    total_timesteps      | 7999936     |
| train/                  |             |
|    approx_kl            | 0.015524296 |
|    clip_fraction        | 0.291       |
|    clip_range           | 0.15        |
|    entropy_loss         | -26.8       |
|    explained_variance   | 0.964       |
|    learning_rate        | 0.0001      |
|    loss                 | -0.265      |
|    n_updates            | 1035        |
|    policy_gradient_loss | -0.018      |
|    std                  | 1.18        |
|    value_loss           | 0.0225      |
-----------------------------------------
rollout mean regret: 0.0035766109358519316
---------------------------------
| rollout/           |          |
|    ep_len_mean     | 261      |
|    ep_rew_mean     | 1.43e+03 |
| time/              |          |
|    fps             | 985      |
|    iterations      | 70       |
|    time_elapsed    | 8143     |
|    total_timesteps | 8028160  |
---------------------------------
rollout mean regret: -0.0011647596256807446
----------------------------------------
| rollout/                |            |
|    ep_len_mean          | 266        |
|    ep_rew_mean          | 1.45e+03   |
| time/                   |            |
|    fps                  | 985        |
|    iterations           | 71         |
|    time_elapsed         | 8261       |
|    total_timesteps      | 8142848    |
| train/                  |            |
|    approx_kl            | 0.01565145 |
|    clip_fraction        | 0.296      |
|    clip_range           | 0.15       |
|    entropy_loss         | -26.8      |
|    explained_variance   | 0.965      |
|    learning_rate        | 0.0001     |
|    loss                 | -0.263     |
|    n_updates            | 1050       |
|    policy_gradient_loss | -0.0184    |
|    std                  | 1.18       |
|    value_loss           | 0.0223     |
----------------------------------------
rollout mean regret: -0.002447917591780424
-----------------------------------------
| rollout/                |             |
|    ep_len_mean          | 281         |
|    ep_rew_mean          | 1.53e+03    |
| time/                   |             |
|    fps                  | 985         |
|    iterations           | 72          |
|    time_elapsed         | 8378        |
|    total_timesteps      | 8257536     |
| train/                  |             |
|    approx_kl            | 0.015492993 |
|    clip_fraction        | 0.293       |
|    clip_range           | 0.15        |
|    entropy_loss         | -26.8       |
|    explained_variance   | 0.963       |
|    learning_rate        | 0.0001      |
|    loss                 | -0.268      |
|    n_updates            | 1065        |
|    policy_gradient_loss | -0.0173     |
|    std                  | 1.18        |
|    value_loss           | 0.0226      |
-----------------------------------------
rollout mean regret: 0.0010656473459675908
-----------------------------------------
| rollout/                |             |
|    ep_len_mean          | 279         |
|    ep_rew_mean          | 1.53e+03    |
| time/                   |             |
|    fps                  | 985         |
|    iterations           | 73          |
|    time_elapsed         | 8495        |
|    total_timesteps      | 8372224     |
| train/                  |             |
|    approx_kl            | 0.015368997 |
|    clip_fraction        | 0.295       |
|    clip_range           | 0.15        |
|    entropy_loss         | -26.9       |
|    explained_variance   | 0.963       |
|    learning_rate        | 0.0001      |
|    loss                 | -0.278      |
|    n_updates            | 1080        |
|    policy_gradient_loss | -0.0176     |
|    std                  | 1.19        |
|    value_loss           | 0.0224      |
-----------------------------------------
rollout mean regret: -0.0003073058614972979
----------------------------------------
| rollout/                |            |
|    ep_len_mean          | 292        |
|    ep_rew_mean          | 1.6e+03    |
| time/                   |            |
|    fps                  | 985        |
|    iterations           | 74         |
|    time_elapsed         | 8614       |
|    total_timesteps      | 8486912    |
| train/                  |            |
|    approx_kl            | 0.01592074 |
|    clip_fraction        | 0.297      |
|    clip_range           | 0.15       |
|    entropy_loss         | -26.9      |
|    explained_variance   | 0.962      |
|    learning_rate        | 0.0001     |
|    loss                 | -0.258     |
|    n_updates            | 1095       |
|    policy_gradient_loss | -0.0171    |
|    std                  | 1.19       |
|    value_loss           | 0.0228     |
----------------------------------------
Eval num_timesteps=8499932, episode_reward=6526.89 +/- 102.65
Episode length: 1092.00 +/- 22.41
-----------------------------------------
| eval/                   |             |
|    mean_ep_length       | 1.09e+03    |
|    mean_reward          | 6.53e+03    |
| time/                   |             |
|    total_timesteps      | 8499932     |
| train/                  |             |
|    approx_kl            | 0.015688568 |
|    clip_fraction        | 0.297       |
|    clip_range           | 0.15        |
|    entropy_loss         | -27         |
|    explained_variance   | 0.96        |
|    learning_rate        | 0.0001      |
|    loss                 | -0.277      |
|    n_updates            | 1110        |
|    policy_gradient_loss | -0.0174     |
|    std                  | 1.19        |
|    value_loss           | 0.023       |
-----------------------------------------
New best mean reward!
rollout mean regret: -0.003210780443623662
---------------------------------
| rollout/           |          |
|    ep_len_mean     | 302      |
|    ep_rew_mean     | 1.67e+03 |
| time/              |          |
|    fps             | 984      |
|    iterations      | 75       |
|    time_elapsed    | 8737     |
|    total_timesteps | 8601600  |
---------------------------------
rollout mean regret: 0.003057665890082717
-----------------------------------------
| rollout/                |             |
|    ep_len_mean          | 322         |
|    ep_rew_mean          | 1.79e+03    |
| time/                   |             |
|    fps                  | 984         |
|    iterations           | 76          |
|    time_elapsed         | 8856        |
|    total_timesteps      | 8716288     |
| train/                  |             |
|    approx_kl            | 0.016522456 |
|    clip_fraction        | 0.303       |
|    clip_range           | 0.15        |
|    entropy_loss         | -27         |
|    explained_variance   | 0.958       |
|    learning_rate        | 0.0001      |
|    loss                 | -0.27       |
|    n_updates            | 1125        |
|    policy_gradient_loss | -0.0179     |
|    std                  | 1.2         |
|    value_loss           | 0.0228      |
-----------------------------------------
rollout mean regret: 0.004736782517284155
-----------------------------------------
| rollout/                |             |
|    ep_len_mean          | 319         |
|    ep_rew_mean          | 1.77e+03    |
| time/                   |             |
|    fps                  | 984         |
|    iterations           | 77          |
|    time_elapsed         | 8973        |
|    total_timesteps      | 8830976     |
| train/                  |             |
|    approx_kl            | 0.016294898 |
|    clip_fraction        | 0.302       |
|    clip_range           | 0.15        |
|    entropy_loss         | -27.1       |
|    explained_variance   | 0.962       |
|    learning_rate        | 0.0001      |
|    loss                 | -0.27       |
|    n_updates            | 1140        |
|    policy_gradient_loss | -0.0173     |
|    std                  | 1.2         |
|    value_loss           | 0.0216      |
-----------------------------------------
rollout mean regret: -0.0011966393794864416
-----------------------------------------
| rollout/                |             |
|    ep_len_mean          | 382         |
|    ep_rew_mean          | 2.12e+03    |
| time/                   |             |
|    fps                  | 983         |
|    iterations           | 78          |
|    time_elapsed         | 9091        |
|    total_timesteps      | 8945664     |
| train/                  |             |
|    approx_kl            | 0.016318902 |
|    clip_fraction        | 0.304       |
|    clip_range           | 0.15        |
|    entropy_loss         | -27.2       |
|    explained_variance   | 0.96        |
|    learning_rate        | 0.0001      |
|    loss                 | -0.268      |
|    n_updates            | 1155        |
|    policy_gradient_loss | -0.0175     |
|    std                  | 1.21        |
|    value_loss           | 0.0219      |
-----------------------------------------
Eval num_timesteps=8999928, episode_reward=6410.73 +/- 203.51
Episode length: 1069.40 +/- 40.99
-----------------------------------------
| eval/                   |             |
|    mean_ep_length       | 1.07e+03    |
|    mean_reward          | 6.41e+03    |
| time/                   |             |
|    total_timesteps      | 8999928     |
| train/                  |             |
|    approx_kl            | 0.016569901 |
|    clip_fraction        | 0.306       |
|    clip_range           | 0.15        |
|    entropy_loss         | -27.2       |
|    explained_variance   | 0.958       |
|    learning_rate        | 0.0001      |
|    loss                 | -0.273      |
|    n_updates            | 1170        |
|    policy_gradient_loss | -0.0178     |
|    std                  | 1.21        |
|    value_loss           | 0.0212      |
-----------------------------------------
rollout mean regret: 0.003127121599391103
---------------------------------
| rollout/           |          |
|    ep_len_mean     | 376      |
|    ep_rew_mean     | 2.08e+03 |
| time/              |          |
|    fps             | 983      |
|    iterations      | 79       |
|    time_elapsed    | 9214     |
|    total_timesteps | 9060352  |
---------------------------------
rollout mean regret: 0.005520556587725878
-----------------------------------------
| rollout/                |             |
|    ep_len_mean          | 352         |
|    ep_rew_mean          | 1.96e+03    |
| time/                   |             |
|    fps                  | 983         |
|    iterations           | 80          |
|    time_elapsed         | 9332        |
|    total_timesteps      | 9175040     |
| train/                  |             |
|    approx_kl            | 0.016536728 |
|    clip_fraction        | 0.305       |
|    clip_range           | 0.15        |
|    entropy_loss         | -27.3       |
|    explained_variance   | 0.958       |
|    learning_rate        | 0.0001      |
|    loss                 | -0.271      |
|    n_updates            | 1185        |
|    policy_gradient_loss | -0.0175     |
|    std                  | 1.21        |
|    value_loss           | 0.021       |
-----------------------------------------
rollout mean regret: 0.0015824467409402132
-----------------------------------------
| rollout/                |             |
|    ep_len_mean          | 443         |
|    ep_rew_mean          | 2.48e+03    |
| time/                   |             |
|    fps                  | 982         |
|    iterations           | 81          |
|    time_elapsed         | 9451        |
|    total_timesteps      | 9289728     |
| train/                  |             |
|    approx_kl            | 0.016598893 |
|    clip_fraction        | 0.308       |
|    clip_range           | 0.15        |
|    entropy_loss         | -27.3       |
|    explained_variance   | 0.959       |
|    learning_rate        | 0.0001      |
|    loss                 | -0.278      |
|    n_updates            | 1200        |
|    policy_gradient_loss | -0.0172     |
|    std                  | 1.22        |
|    value_loss           | 0.0205      |
-----------------------------------------
rollout mean regret: 0.0018480103462934494
-----------------------------------------
| rollout/                |             |
|    ep_len_mean          | 425         |
|    ep_rew_mean          | 2.38e+03    |
| time/                   |             |
|    fps                  | 982         |
|    iterations           | 82          |
|    time_elapsed         | 9568        |
|    total_timesteps      | 9404416     |
| train/                  |             |
|    approx_kl            | 0.016888073 |
|    clip_fraction        | 0.311       |
|    clip_range           | 0.15        |
|    entropy_loss         | -27.4       |
|    explained_variance   | 0.956       |
|    learning_rate        | 0.0001      |
|    loss                 | -0.282      |
|    n_updates            | 1215        |
|    policy_gradient_loss | -0.018      |
|    std                  | 1.22        |
|    value_loss           | 0.0199      |
-----------------------------------------
Eval num_timesteps=9499924, episode_reward=6677.07 +/- 81.97
Episode length: 1122.00 +/- 15.86
-----------------------------------------
| eval/                   |             |
|    mean_ep_length       | 1.12e+03    |
|    mean_reward          | 6.68e+03    |
| time/                   |             |
|    total_timesteps      | 9499924     |
| train/                  |             |
|    approx_kl            | 0.016408311 |
|    clip_fraction        | 0.306       |
|    clip_range           | 0.15        |
|    entropy_loss         | -27.4       |
|    explained_variance   | 0.957       |
|    learning_rate        | 0.0001      |
|    loss                 | -0.272      |
|    n_updates            | 1230        |
|    policy_gradient_loss | -0.0172     |
|    std                  | 1.23        |
|    value_loss           | 0.0197      |
-----------------------------------------
New best mean reward!
rollout mean regret: 0.0050084772519767284
---------------------------------
| rollout/           |          |
|    ep_len_mean     | 443      |
|    ep_rew_mean     | 2.49e+03 |
| time/              |          |
|    fps             | 982      |
|    iterations      | 83       |
|    time_elapsed    | 9691     |
|    total_timesteps | 9519104  |
---------------------------------
rollout mean regret: 0.0004268367774784565
-----------------------------------------
| rollout/                |             |
|    ep_len_mean          | 451         |
|    ep_rew_mean          | 2.54e+03    |
| time/                   |             |
|    fps                  | 982         |
|    iterations           | 84          |
|    time_elapsed         | 9809        |
|    total_timesteps      | 9633792     |
| train/                  |             |
|    approx_kl            | 0.017088914 |
|    clip_fraction        | 0.313       |
|    clip_range           | 0.15        |
|    entropy_loss         | -27.5       |
|    explained_variance   | 0.959       |
|    learning_rate        | 0.0001      |
|    loss                 | -0.28       |
|    n_updates            | 1245        |
|    policy_gradient_loss | -0.0177     |
|    std                  | 1.23        |
|    value_loss           | 0.0189      |
-----------------------------------------
rollout mean regret: 0.005672004073858261
-----------------------------------------
| rollout/                |             |
|    ep_len_mean          | 460         |
|    ep_rew_mean          | 2.59e+03    |
| time/                   |             |
|    fps                  | 982         |
|    iterations           | 85          |
|    time_elapsed         | 9926        |
|    total_timesteps      | 9748480     |
| train/                  |             |
|    approx_kl            | 0.017080111 |
|    clip_fraction        | 0.314       |
|    clip_range           | 0.15        |
|    entropy_loss         | -27.5       |
|    explained_variance   | 0.952       |
|    learning_rate        | 0.0001      |
|    loss                 | -0.287      |
|    n_updates            | 1260        |
|    policy_gradient_loss | -0.0176     |
|    std                  | 1.23        |
|    value_loss           | 0.02        |
-----------------------------------------
rollout mean regret: 0.003986305091530085
-----------------------------------------
| rollout/                |             |
|    ep_len_mean          | 488         |
|    ep_rew_mean          | 2.76e+03    |
| time/                   |             |
|    fps                  | 981         |
|    iterations           | 86          |
|    time_elapsed         | 10044       |
|    total_timesteps      | 9863168     |
| train/                  |             |
|    approx_kl            | 0.017124902 |
|    clip_fraction        | 0.315       |
|    clip_range           | 0.15        |
|    entropy_loss         | -27.6       |
|    explained_variance   | 0.955       |
|    learning_rate        | 0.0001      |
|    loss                 | -0.287      |
|    n_updates            | 1275        |
|    policy_gradient_loss | -0.0176     |
|    std                  | 1.24        |
|    value_loss           | 0.0194      |
-----------------------------------------
rollout mean regret: 0.004438260570168495
----------------------------------------
| rollout/                |            |
|    ep_len_mean          | 527        |
|    ep_rew_mean          | 2.98e+03   |
| time/                   |            |
|    fps                  | 981        |
|    iterations           | 87         |
|    time_elapsed         | 10161      |
|    total_timesteps      | 9977856    |
| train/                  |            |
|    approx_kl            | 0.01770906 |
|    clip_fraction        | 0.317      |
|    clip_range           | 0.15       |
|    entropy_loss         | -27.7      |
|    explained_variance   | 0.954      |
|    learning_rate        | 0.0001     |
|    loss                 | -0.283     |
|    n_updates            | 1290       |
|    policy_gradient_loss | -0.0174    |
|    std                  | 1.24       |
|    value_loss           | 0.018      |
----------------------------------------
Eval num_timesteps=9999920, episode_reward=6706.29 +/- 85.45
Episode length: 1131.00 +/- 17.10
----------------------------------------
| eval/                   |            |
|    mean_ep_length       | 1.13e+03   |
|    mean_reward          | 6.71e+03   |
| time/                   |            |
|    total_timesteps      | 9999920    |
| train/                  |            |
|    approx_kl            | 0.01761171 |
|    clip_fraction        | 0.318      |
|    clip_range           | 0.15       |
|    entropy_loss         | -27.7      |
|    explained_variance   | 0.954      |
|    learning_rate        | 0.0001     |
|    loss                 | -0.288     |
|    n_updates            | 1305       |
|    policy_gradient_loss | -0.0172    |
|    std                  | 1.25       |
|    value_loss           | 0.0169     |
----------------------------------------
New best mean reward!
rollout mean regret: 0.0038593111094087362
---------------------------------
| rollout/           |          |
|    ep_len_mean     | 544      |
|    ep_rew_mean     | 3.09e+03 |
| time/              |          |
|    fps             | 981      |
|    iterations      | 88       |
|    time_elapsed    | 10284    |
|    total_timesteps | 10092544 |
---------------------------------
rollout mean regret: 0.008088590577244759
----------------------------------------
| rollout/                |            |
|    ep_len_mean          | 528        |
|    ep_rew_mean          | 3e+03      |
| time/                   |            |
|    fps                  | 981        |
|    iterations           | 89         |
|    time_elapsed         | 10403      |
|    total_timesteps      | 10207232   |
| train/                  |            |
|    approx_kl            | 0.01794984 |
|    clip_fraction        | 0.327      |
|    clip_range           | 0.15       |
|    entropy_loss         | -27.8      |
|    explained_variance   | 0.945      |
|    learning_rate        | 0.0001     |
|    loss                 | -0.283     |
|    n_updates            | 1320       |
|    policy_gradient_loss | -0.0175    |
|    std                  | 1.25       |
|    value_loss           | 0.0187     |
----------------------------------------
rollout mean regret: 0.007598597090691328
-----------------------------------------
| rollout/                |             |
|    ep_len_mean          | 536         |
|    ep_rew_mean          | 3.06e+03    |
| time/                   |             |
|    fps                  | 981         |
|    iterations           | 90          |
|    time_elapsed         | 10520       |
|    total_timesteps      | 10321920    |
| train/                  |             |
|    approx_kl            | 0.017563626 |
|    clip_fraction        | 0.323       |
|    clip_range           | 0.15        |
|    entropy_loss         | -27.8       |
|    explained_variance   | 0.951       |
|    learning_rate        | 0.0001      |
|    loss                 | -0.285      |
|    n_updates            | 1335        |
|    policy_gradient_loss | -0.0171     |
|    std                  | 1.26        |
|    value_loss           | 0.0181      |
-----------------------------------------
rollout mean regret: 0.009685027413070202
-----------------------------------------
| rollout/                |             |
|    ep_len_mean          | 515         |
|    ep_rew_mean          | 2.96e+03    |
| time/                   |             |
|    fps                  | 980         |
|    iterations           | 91          |
|    time_elapsed         | 10638       |
|    total_timesteps      | 10436608    |
| train/                  |             |
|    approx_kl            | 0.017667295 |
|    clip_fraction        | 0.323       |
|    clip_range           | 0.15        |
|    entropy_loss         | -27.9       |
|    explained_variance   | 0.952       |
|    learning_rate        | 0.0001      |
|    loss                 | -0.269      |
|    n_updates            | 1350        |
|    policy_gradient_loss | -0.0168     |
|    std                  | 1.26        |
|    value_loss           | 0.0179      |
-----------------------------------------
Eval num_timesteps=10499916, episode_reward=6741.62 +/- 70.49
Episode length: 1134.80 +/- 15.56
-----------------------------------------
| eval/                   |             |
|    mean_ep_length       | 1.13e+03    |
|    mean_reward          | 6.74e+03    |
| time/                   |             |
|    total_timesteps      | 10499916    |
| train/                  |             |
|    approx_kl            | 0.017978016 |
|    clip_fraction        | 0.326       |
|    clip_range           | 0.15        |
|    entropy_loss         | -28         |
|    explained_variance   | 0.948       |
|    learning_rate        | 0.0001      |
|    loss                 | -0.286      |
|    n_updates            | 1365        |
|    policy_gradient_loss | -0.0168     |
|    std                  | 1.27        |
|    value_loss           | 0.0196      |
-----------------------------------------
New best mean reward!
rollout mean regret: 0.008844739757478237
---------------------------------
| rollout/           |          |
|    ep_len_mean     | 556      |
|    ep_rew_mean     | 3.19e+03 |
| time/              |          |
|    fps             | 980      |
|    iterations      | 92       |
|    time_elapsed    | 10762    |
|    total_timesteps | 10551296 |
---------------------------------
rollout mean regret: 0.006184701807796955
-----------------------------------------
| rollout/                |             |
|    ep_len_mean          | 646         |
|    ep_rew_mean          | 3.73e+03    |
| time/                   |             |
|    fps                  | 980         |
|    iterations           | 93          |
|    time_elapsed         | 10882       |
|    total_timesteps      | 10665984    |
| train/                  |             |
|    approx_kl            | 0.017529247 |
|    clip_fraction        | 0.323       |
|    clip_range           | 0.15        |
|    entropy_loss         | -28         |
|    explained_variance   | 0.944       |
|    learning_rate        | 0.0001      |
|    loss                 | -0.274      |
|    n_updates            | 1380        |
|    policy_gradient_loss | -0.0168     |
|    std                  | 1.27        |
|    value_loss           | 0.019       |
-----------------------------------------
rollout mean regret: 0.007128486875444651
-----------------------------------------
| rollout/                |             |
|    ep_len_mean          | 632         |
|    ep_rew_mean          | 3.65e+03    |
| time/                   |             |
|    fps                  | 980         |
|    iterations           | 94          |
|    time_elapsed         | 11000       |
|    total_timesteps      | 10780672    |
| train/                  |             |
|    approx_kl            | 0.018173432 |
|    clip_fraction        | 0.33        |
|    clip_range           | 0.15        |
|    entropy_loss         | -28.1       |
|    explained_variance   | 0.931       |
|    learning_rate        | 0.0001      |
|    loss                 | -0.281      |
|    n_updates            | 1395        |
|    policy_gradient_loss | -0.0165     |
|    std                  | 1.28        |
|    value_loss           | 0.0205      |
-----------------------------------------
rollout mean regret: 0.01222410798072815
-----------------------------------------
| rollout/                |             |
|    ep_len_mean          | 578         |
|    ep_rew_mean          | 3.35e+03    |
| time/                   |             |
|    fps                  | 980         |
|    iterations           | 95          |
|    time_elapsed         | 11117       |
|    total_timesteps      | 10895360    |
| train/                  |             |
|    approx_kl            | 0.017918367 |
|    clip_fraction        | 0.326       |
|    clip_range           | 0.15        |
|    entropy_loss         | -28.2       |
|    explained_variance   | 0.932       |
|    learning_rate        | 0.0001      |
|    loss                 | -0.274      |
|    n_updates            | 1410        |
|    policy_gradient_loss | -0.0158     |
|    std                  | 1.28        |
|    value_loss           | 0.0194      |
-----------------------------------------
Eval num_timesteps=10999912, episode_reward=6110.10 +/- 903.35
Episode length: 1028.00 +/- 142.51
-----------------------------------------
| eval/                   |             |
|    mean_ep_length       | 1.03e+03    |
|    mean_reward          | 6.11e+03    |
| time/                   |             |
|    total_timesteps      | 10999912    |
| train/                  |             |
|    approx_kl            | 0.018337518 |
|    clip_fraction        | 0.332       |
|    clip_range           | 0.15        |
|    entropy_loss         | -28.3       |
|    explained_variance   | 0.939       |
|    learning_rate        | 0.0001      |
|    loss                 | -0.288      |
|    n_updates            | 1425        |
|    policy_gradient_loss | -0.0165     |
|    std                  | 1.29        |
|    value_loss           | 0.0192      |
-----------------------------------------
rollout mean regret: 0.007984158582985401
---------------------------------
| rollout/           |          |
|    ep_len_mean     | 617      |
|    ep_rew_mean     | 3.59e+03 |
| time/              |          |
|    fps             | 979      |
|    iterations      | 96       |
|    time_elapsed    | 11240    |
|    total_timesteps | 11010048 |
---------------------------------
rollout mean regret: 0.008219046518206596
-----------------------------------------
| rollout/                |             |
|    ep_len_mean          | 672         |
|    ep_rew_mean          | 3.92e+03    |
| time/                   |             |
|    fps                  | 979         |
|    iterations           | 97          |
|    time_elapsed         | 11358       |
|    total_timesteps      | 11124736    |
| train/                  |             |
|    approx_kl            | 0.018238252 |
|    clip_fraction        | 0.334       |
|    clip_range           | 0.15        |
|    entropy_loss         | -28.3       |
|    explained_variance   | 0.934       |
|    learning_rate        | 0.0001      |
|    loss                 | -0.273      |
|    n_updates            | 1440        |
|    policy_gradient_loss | -0.016      |
|    std                  | 1.3         |
|    value_loss           | 0.0193      |
-----------------------------------------
rollout mean regret: 0.010029373690485954
-----------------------------------------
| rollout/                |             |
|    ep_len_mean          | 663         |
|    ep_rew_mean          | 3.85e+03    |
| time/                   |             |
|    fps                  | 979         |
|    iterations           | 98          |
|    time_elapsed         | 11476       |
|    total_timesteps      | 11239424    |
| train/                  |             |
|    approx_kl            | 0.018303132 |
|    clip_fraction        | 0.336       |
|    clip_range           | 0.15        |
|    entropy_loss         | -28.4       |
|    explained_variance   | 0.927       |
|    learning_rate        | 0.0001      |
|    loss                 | -0.287      |
|    n_updates            | 1455        |
|    policy_gradient_loss | -0.0159     |
|    std                  | 1.3         |
|    value_loss           | 0.0207      |
-----------------------------------------
rollout mean regret: 0.013426012359559536
-----------------------------------------
| rollout/                |             |
|    ep_len_mean          | 658         |
|    ep_rew_mean          | 3.81e+03    |
| time/                   |             |
|    fps                  | 979         |
|    iterations           | 99          |
|    time_elapsed         | 11593       |
|    total_timesteps      | 11354112    |
| train/                  |             |
|    approx_kl            | 0.018177854 |
|    clip_fraction        | 0.334       |
|    clip_range           | 0.15        |
|    entropy_loss         | -28.5       |
|    explained_variance   | 0.929       |
|    learning_rate        | 0.0001      |
|    loss                 | -0.298      |
|    n_updates            | 1470        |
|    policy_gradient_loss | -0.0159     |
|    std                  | 1.31        |
|    value_loss           | 0.0186      |
-----------------------------------------
rollout mean regret: 0.010333346202969551
-----------------------------------------
| rollout/                |             |
|    ep_len_mean          | 743         |
|    ep_rew_mean          | 4.32e+03    |
| time/                   |             |
|    fps                  | 979         |
|    iterations           | 100         |
|    time_elapsed         | 11711       |
|    total_timesteps      | 11468800    |
| train/                  |             |
|    approx_kl            | 0.018636128 |
|    clip_fraction        | 0.342       |
|    clip_range           | 0.15        |
|    entropy_loss         | -28.6       |
|    explained_variance   | 0.929       |
|    learning_rate        | 0.0001      |
|    loss                 | -0.302      |
|    n_updates            | 1485        |
|    policy_gradient_loss | -0.016      |
|    std                  | 1.32        |
|    value_loss           | 0.0191      |
-----------------------------------------
Eval num_timesteps=11499908, episode_reward=6480.11 +/- 67.94
Episode length: 1078.60 +/- 16.26
-----------------------------------------
| eval/                   |             |
|    mean_ep_length       | 1.08e+03    |
|    mean_reward          | 6.48e+03    |
| time/                   |             |
|    total_timesteps      | 11499908    |
| train/                  |             |
|    approx_kl            | 0.018676205 |
|    clip_fraction        | 0.343       |
|    clip_range           | 0.15        |
|    entropy_loss         | -28.7       |
|    explained_variance   | 0.915       |
|    learning_rate        | 0.0001      |
|    loss                 | -0.29       |
|    n_updates            | 1500        |
|    policy_gradient_loss | -0.0152     |
|    std                  | 1.32        |
|    value_loss           | 0.0186      |
-----------------------------------------
rollout mean regret: 0.011109592393040657
---------------------------------
| rollout/           |          |
|    ep_len_mean     | 729      |
|    ep_rew_mean     | 4.25e+03 |
| time/              |          |
|    fps             | 978      |
|    iterations      | 101      |
|    time_elapsed    | 11834    |
|    total_timesteps | 11583488 |
---------------------------------
rollout mean regret: 0.011536985635757446
-----------------------------------------
| rollout/                |             |
|    ep_len_mean          | 733         |
|    ep_rew_mean          | 4.28e+03    |
| time/                   |             |
|    fps                  | 978         |
|    iterations           | 102         |
|    time_elapsed         | 11951       |
|    total_timesteps      | 11698176    |
| train/                  |             |
|    approx_kl            | 0.019780708 |
|    clip_fraction        | 0.35        |
|    clip_range           | 0.15        |
|    entropy_loss         | -28.8       |
|    explained_variance   | 0.912       |
|    learning_rate        | 0.0001      |
|    loss                 | -0.303      |
|    n_updates            | 1515        |
|    policy_gradient_loss | -0.016      |
|    std                  | 1.33        |
|    value_loss           | 0.0207      |
-----------------------------------------
rollout mean regret: 0.009689703583717346
----------------------------------------
| rollout/                |            |
|    ep_len_mean          | 803        |
|    ep_rew_mean          | 4.7e+03    |
| time/                   |            |
|    fps                  | 978        |
|    iterations           | 103        |
|    time_elapsed         | 12068      |
|    total_timesteps      | 11812864   |
| train/                  |            |
|    approx_kl            | 0.01894027 |
|    clip_fraction        | 0.344      |
|    clip_range           | 0.15       |
|    entropy_loss         | -28.9      |
|    explained_variance   | 0.915      |
|    learning_rate        | 0.0001     |
|    loss                 | -0.287     |
|    n_updates            | 1530       |
|    policy_gradient_loss | -0.0157    |
|    std                  | 1.34       |
|    value_loss           | 0.0193     |
----------------------------------------
rollout mean regret: 0.010834312997758389
----------------------------------------
| rollout/                |            |
|    ep_len_mean          | 763        |
|    ep_rew_mean          | 4.46e+03   |
| time/                   |            |
|    fps                  | 978        |
|    iterations           | 104        |
|    time_elapsed         | 12185      |
|    total_timesteps      | 11927552   |
| train/                  |            |
|    approx_kl            | 0.01923342 |
|    clip_fraction        | 0.347      |
|    clip_range           | 0.15       |
|    entropy_loss         | -29        |
|    explained_variance   | 0.903      |
|    learning_rate        | 0.0001     |
|    loss                 | -0.276     |
|    n_updates            | 1545       |
|    policy_gradient_loss | -0.0149    |
|    std                  | 1.35       |
|    value_loss           | 0.0213     |
----------------------------------------
Eval num_timesteps=11999904, episode_reward=6242.20 +/- 90.08
Episode length: 1030.20 +/- 18.26
-----------------------------------------
| eval/                   |             |
|    mean_ep_length       | 1.03e+03    |
|    mean_reward          | 6.24e+03    |
| time/                   |             |
|    total_timesteps      | 11999904    |
| train/                  |             |
|    approx_kl            | 0.019447917 |
|    clip_fraction        | 0.351       |
|    clip_range           | 0.15        |
|    entropy_loss         | -29.1       |
|    explained_variance   | 0.902       |
|    learning_rate        | 0.0001      |
|    loss                 | -0.301      |
|    n_updates            | 1560        |
|    policy_gradient_loss | -0.0154     |
|    std                  | 1.36        |
|    value_loss           | 0.0203      |
-----------------------------------------
rollout mean regret: 0.010147450491786003
---------------------------------
| rollout/           |          |
|    ep_len_mean     | 711      |
|    ep_rew_mean     | 4.19e+03 |
| time/              |          |
|    fps             | 978      |
|    iterations      | 105      |
|    time_elapsed    | 12308    |
|    total_timesteps | 12042240 |
---------------------------------
rollout mean regret: 0.010891280137002468
-----------------------------------------
| rollout/                |             |
|    ep_len_mean          | 725         |
|    ep_rew_mean          | 4.26e+03    |
| time/                   |             |
|    fps                  | 978         |
|    iterations           | 106         |
|    time_elapsed         | 12424       |
|    total_timesteps      | 12156928    |
| train/                  |             |
|    approx_kl            | 0.019298512 |
|    clip_fraction        | 0.345       |
|    clip_range           | 0.15        |
|    entropy_loss         | -29.2       |
|    explained_variance   | 0.906       |
|    learning_rate        | 0.0001      |
|    loss                 | -0.292      |
|    n_updates            | 1575        |
|    policy_gradient_loss | -0.0153     |
|    std                  | 1.36        |
|    value_loss           | 0.0201      |
-----------------------------------------
rollout mean regret: 0.010118215344846249
-----------------------------------------
| rollout/                |             |
|    ep_len_mean          | 787         |
|    ep_rew_mean          | 4.64e+03    |
| time/                   |             |
|    fps                  | 978         |
|    iterations           | 107         |
|    time_elapsed         | 12540       |
|    total_timesteps      | 12271616    |
| train/                  |             |
|    approx_kl            | 0.019797048 |
|    clip_fraction        | 0.354       |
|    clip_range           | 0.15        |
|    entropy_loss         | -29.3       |
|    explained_variance   | 0.894       |
|    learning_rate        | 0.0001      |
|    loss                 | -0.293      |
|    n_updates            | 1590        |
|    policy_gradient_loss | -0.0147     |
|    std                  | 1.37        |
|    value_loss           | 0.0221      |
-----------------------------------------
rollout mean regret: 0.010845892131328583
-----------------------------------------
| rollout/                |             |
|    ep_len_mean          | 686         |
|    ep_rew_mean          | 4.04e+03    |
| time/                   |             |
|    fps                  | 978         |
|    iterations           | 108         |
|    time_elapsed         | 12658       |
|    total_timesteps      | 12386304    |
| train/                  |             |
|    approx_kl            | 0.019891497 |
|    clip_fraction        | 0.362       |
|    clip_range           | 0.15        |
|    entropy_loss         | -29.4       |
|    explained_variance   | 0.891       |
|    learning_rate        | 0.0001      |
|    loss                 | -0.298      |
|    n_updates            | 1605        |
|    policy_gradient_loss | -0.0148     |
|    std                  | 1.38        |
|    value_loss           | 0.0209      |
-----------------------------------------
Eval num_timesteps=12499900, episode_reward=6366.63 +/- 58.75
Episode length: 1052.60 +/- 9.56
-----------------------------------------
| eval/                   |             |
|    mean_ep_length       | 1.05e+03    |
|    mean_reward          | 6.37e+03    |
| time/                   |             |
|    total_timesteps      | 12499900    |
| train/                  |             |
|    approx_kl            | 0.019731078 |
|    clip_fraction        | 0.351       |
|    clip_range           | 0.15        |
|    entropy_loss         | -29.5       |
|    explained_variance   | 0.912       |
|    learning_rate        | 0.0001      |
|    loss                 | -0.301      |
|    n_updates            | 1620        |
|    policy_gradient_loss | -0.0158     |
|    std                  | 1.39        |
|    value_loss           | 0.0186      |
-----------------------------------------
rollout mean regret: 0.011420950293540955
---------------------------------
| rollout/           |          |
|    ep_len_mean     | 714      |
|    ep_rew_mean     | 4.21e+03 |
| time/              |          |
|    fps             | 978      |
|    iterations      | 109      |
|    time_elapsed    | 12781    |
|    total_timesteps | 12500992 |
---------------------------------
rollout mean regret: 0.00868005771189928
-----------------------------------------
| rollout/                |             |
|    ep_len_mean          | 783         |
|    ep_rew_mean          | 4.62e+03    |
| time/                   |             |
|    fps                  | 977         |
|    iterations           | 110         |
|    time_elapsed         | 12899       |
|    total_timesteps      | 12615680    |
| train/                  |             |
|    approx_kl            | 0.019675935 |
|    clip_fraction        | 0.352       |
|    clip_range           | 0.15        |
|    entropy_loss         | -29.6       |
|    explained_variance   | 0.91        |
|    learning_rate        | 0.0001      |
|    loss                 | -0.304      |
|    n_updates            | 1635        |
|    policy_gradient_loss | -0.0153     |
|    std                  | 1.4         |
|    value_loss           | 0.0196      |
-----------------------------------------
rollout mean regret: 0.009381209500133991
-----------------------------------------
| rollout/                |             |
|    ep_len_mean          | 764         |
|    ep_rew_mean          | 4.51e+03    |
| time/                   |             |
|    fps                  | 978         |
|    iterations           | 111         |
|    time_elapsed         | 13016       |
|    total_timesteps      | 12730368    |
| train/                  |             |
|    approx_kl            | 0.019947467 |
|    clip_fraction        | 0.36        |
|    clip_range           | 0.15        |
|    entropy_loss         | -29.7       |
|    explained_variance   | 0.89        |
|    learning_rate        | 0.0001      |
|    loss                 | -0.299      |
|    n_updates            | 1650        |
|    policy_gradient_loss | -0.0148     |
|    std                  | 1.41        |
|    value_loss           | 0.0209      |
-----------------------------------------
rollout mean regret: 0.008056551218032837
-----------------------------------------
| rollout/                |             |
|    ep_len_mean          | 808         |
|    ep_rew_mean          | 4.79e+03    |
| time/                   |             |
|    fps                  | 977         |
|    iterations           | 112         |
|    time_elapsed         | 13134       |
|    total_timesteps      | 12845056    |
| train/                  |             |
|    approx_kl            | 0.020074245 |
|    clip_fraction        | 0.362       |
|    clip_range           | 0.15        |
|    entropy_loss         | -29.9       |
|    explained_variance   | 0.882       |
|    learning_rate        | 0.0001      |
|    loss                 | -0.304      |
|    n_updates            | 1665        |
|    policy_gradient_loss | -0.014      |
|    std                  | 1.42        |
|    value_loss           | 0.0231      |
-----------------------------------------
rollout mean regret: 0.00835411436855793
-----------------------------------------
| rollout/                |             |
|    ep_len_mean          | 757         |
|    ep_rew_mean          | 4.48e+03    |
| time/                   |             |
|    fps                  | 977         |
|    iterations           | 113         |
|    time_elapsed         | 13251       |
|    total_timesteps      | 12959744    |
| train/                  |             |
|    approx_kl            | 0.019758988 |
|    clip_fraction        | 0.358       |
|    clip_range           | 0.15        |
|    entropy_loss         | -30         |
|    explained_variance   | 0.877       |
|    learning_rate        | 0.0001      |
|    loss                 | -0.298      |
|    n_updates            | 1680        |
|    policy_gradient_loss | -0.0141     |
|    std                  | 1.43        |
|    value_loss           | 0.0215      |
-----------------------------------------
Eval num_timesteps=12999896, episode_reward=6166.64 +/- 77.91
Episode length: 1012.60 +/- 18.22
----------------------------------------
| eval/                   |            |
|    mean_ep_length       | 1.01e+03   |
|    mean_reward          | 6.17e+03   |
| time/                   |            |
|    total_timesteps      | 12999896   |
| train/                  |            |
|    approx_kl            | 0.01941207 |
|    clip_fraction        | 0.355      |
|    clip_range           | 0.15       |
|    entropy_loss         | -30.1      |
|    explained_variance   | 0.89       |
|    learning_rate        | 0.0001     |
|    loss                 | -0.3       |
|    n_updates            | 1695       |
|    policy_gradient_loss | -0.0145    |
|    std                  | 1.44       |
|    value_loss           | 0.0198     |
----------------------------------------
rollout mean regret: 0.008830645121634007
---------------------------------
| rollout/           |          |
|    ep_len_mean     | 693      |
|    ep_rew_mean     | 4.11e+03 |
| time/              |          |
|    fps             | 977      |
|    iterations      | 114      |
|    time_elapsed    | 13375    |
|    total_timesteps | 13074432 |
---------------------------------
rollout mean regret: 0.0051490543410182
----------------------------------------
| rollout/                |            |
|    ep_len_mean          | 782        |
|    ep_rew_mean          | 4.65e+03   |
| time/                   |            |
|    fps                  | 977        |
|    iterations           | 115        |
|    time_elapsed         | 13493      |
|    total_timesteps      | 13189120   |
| train/                  |            |
|    approx_kl            | 0.01989981 |
|    clip_fraction        | 0.357      |
|    clip_range           | 0.15       |
|    entropy_loss         | -30.2      |
|    explained_variance   | 0.901      |
|    learning_rate        | 0.0001     |
|    loss                 | -0.312     |
|    n_updates            | 1710       |
|    policy_gradient_loss | -0.0153    |
|    std                  | 1.45       |
|    value_loss           | 0.02       |
----------------------------------------
rollout mean regret: 0.007664921693503857
-----------------------------------------
| rollout/                |             |
|    ep_len_mean          | 757         |
|    ep_rew_mean          | 4.49e+03    |
| time/                   |             |
|    fps                  | 977         |
|    iterations           | 116         |
|    time_elapsed         | 13610       |
|    total_timesteps      | 13303808    |
| train/                  |             |
|    approx_kl            | 0.019439867 |
|    clip_fraction        | 0.355       |
|    clip_range           | 0.15        |
|    entropy_loss         | -30.4       |
|    explained_variance   | 0.898       |
|    learning_rate        | 0.0001      |
|    loss                 | -0.303      |
|    n_updates            | 1725        |
|    policy_gradient_loss | -0.0148     |
|    std                  | 1.46        |
|    value_loss           | 0.0188      |
-----------------------------------------
rollout mean regret: 0.009059043601155281
-----------------------------------------
| rollout/                |             |
|    ep_len_mean          | 740         |
|    ep_rew_mean          | 4.4e+03     |
| time/                   |             |
|    fps                  | 977         |
|    iterations           | 117         |
|    time_elapsed         | 13728       |
|    total_timesteps      | 13418496    |
| train/                  |             |
|    approx_kl            | 0.020619307 |
|    clip_fraction        | 0.361       |
|    clip_range           | 0.15        |
|    entropy_loss         | -30.5       |
|    explained_variance   | 0.891       |
|    learning_rate        | 0.0001      |
|    loss                 | -0.272      |
|    n_updates            | 1740        |
|    policy_gradient_loss | -0.0151     |
|    std                  | 1.48        |
|    value_loss           | 0.0217      |
-----------------------------------------
Eval num_timesteps=13499892, episode_reward=6160.19 +/- 129.75
Episode length: 1013.80 +/- 24.61
-----------------------------------------
| eval/                   |             |
|    mean_ep_length       | 1.01e+03    |
|    mean_reward          | 6.16e+03    |
| time/                   |             |
|    total_timesteps      | 13499892    |
| train/                  |             |
|    approx_kl            | 0.019755244 |
|    clip_fraction        | 0.354       |
|    clip_range           | 0.15        |
|    entropy_loss         | -30.6       |
|    explained_variance   | 0.892       |
|    learning_rate        | 0.0001      |
|    loss                 | -0.306      |
|    n_updates            | 1755        |
|    policy_gradient_loss | -0.0142     |
|    std                  | 1.49        |
|    value_loss           | 0.0201      |
-----------------------------------------
rollout mean regret: 0.007899179123342037
---------------------------------
| rollout/           |          |
|    ep_len_mean     | 786      |
|    ep_rew_mean     | 4.68e+03 |
| time/              |          |
|    fps             | 977      |
|    iterations      | 118      |
|    time_elapsed    | 13850    |
|    total_timesteps | 13533184 |
---------------------------------
rollout mean regret: 0.008589324541389942
-----------------------------------------
| rollout/                |             |
|    ep_len_mean          | 780         |
|    ep_rew_mean          | 4.64e+03    |
| time/                   |             |
|    fps                  | 977         |
|    iterations           | 119         |
|    time_elapsed         | 13968       |
|    total_timesteps      | 13647872    |
| train/                  |             |
|    approx_kl            | 0.019802306 |
|    clip_fraction        | 0.359       |
|    clip_range           | 0.15        |
|    entropy_loss         | -30.7       |
|    explained_variance   | 0.885       |
|    learning_rate        | 0.0001      |
|    loss                 | -0.308      |
|    n_updates            | 1770        |
|    policy_gradient_loss | -0.0144     |
|    std                  | 1.5         |
|    value_loss           | 0.0218      |
-----------------------------------------
rollout mean regret: 0.00722865853458643
-----------------------------------------
| rollout/                |             |
|    ep_len_mean          | 814         |
|    ep_rew_mean          | 4.85e+03    |
| time/                   |             |
|    fps                  | 977         |
|    iterations           | 120         |
|    time_elapsed         | 14086       |
|    total_timesteps      | 13762560    |
| train/                  |             |
|    approx_kl            | 0.020518113 |
|    clip_fraction        | 0.366       |
|    clip_range           | 0.15        |
|    entropy_loss         | -30.8       |
|    explained_variance   | 0.88        |
|    learning_rate        | 0.0001      |
|    loss                 | -0.297      |
|    n_updates            | 1785        |
|    policy_gradient_loss | -0.0146     |
|    std                  | 1.51        |
|    value_loss           | 0.0217      |
-----------------------------------------
rollout mean regret: 0.004997042007744312
-----------------------------------------
| rollout/                |             |
|    ep_len_mean          | 832         |
|    ep_rew_mean          | 4.98e+03    |
| time/                   |             |
|    fps                  | 976         |
|    iterations           | 121         |
|    time_elapsed         | 14204       |
|    total_timesteps      | 13877248    |
| train/                  |             |
|    approx_kl            | 0.020482438 |
|    clip_fraction        | 0.364       |
|    clip_range           | 0.15        |
|    entropy_loss         | -31         |
|    explained_variance   | 0.857       |
|    learning_rate        | 0.0001      |
|    loss                 | -0.31       |
|    n_updates            | 1800        |
|    policy_gradient_loss | -0.0142     |
|    std                  | 1.52        |
|    value_loss           | 0.0242      |
-----------------------------------------
rollout mean regret: 0.00510387122631073
----------------------------------------
| rollout/                |            |
|    ep_len_mean          | 744        |
|    ep_rew_mean          | 4.45e+03   |
| time/                   |            |
|    fps                  | 977        |
|    iterations           | 122        |
|    time_elapsed         | 14320      |
|    total_timesteps      | 13991936   |
| train/                  |            |
|    approx_kl            | 0.02043554 |
|    clip_fraction        | 0.359      |
|    clip_range           | 0.15       |
|    entropy_loss         | -31.1      |
|    explained_variance   | 0.854      |
|    learning_rate        | 0.0001     |
|    loss                 | -0.316     |
|    n_updates            | 1815       |
|    policy_gradient_loss | -0.0143    |
|    std                  | 1.53       |
|    value_loss           | 0.0216     |
----------------------------------------
Eval num_timesteps=13999888, episode_reward=6130.28 +/- 22.12
Episode length: 1005.40 +/- 5.24
-----------------------------------------
| eval/                   |             |
|    mean_ep_length       | 1.01e+03    |
|    mean_reward          | 6.13e+03    |
| time/                   |             |
|    total_timesteps      | 13999888    |
| train/                  |             |
|    approx_kl            | 0.019870456 |
|    clip_fraction        | 0.356       |
|    clip_range           | 0.15        |
|    entropy_loss         | -31.2       |
|    explained_variance   | 0.885       |
|    learning_rate        | 0.0001      |
|    loss                 | -0.323      |
|    n_updates            | 1830        |
|    policy_gradient_loss | -0.0149     |
|    std                  | 1.54        |
|    value_loss           | 0.0209      |
-----------------------------------------
rollout mean regret: 0.006078724283725023
---------------------------------
| rollout/           |          |
|    ep_len_mean     | 770      |
|    ep_rew_mean     | 4.61e+03 |
| time/              |          |
|    fps             | 976      |
|    iterations      | 123      |
|    time_elapsed    | 14444    |
|    total_timesteps | 14106624 |
---------------------------------
rollout mean regret: 0.005148354452103376
-----------------------------------------
| rollout/                |             |
|    ep_len_mean          | 764         |
|    ep_rew_mean          | 4.6e+03     |
| time/                   |             |
|    fps                  | 976         |
|    iterations           | 124         |
|    time_elapsed         | 14562       |
|    total_timesteps      | 14221312    |
| train/                  |             |
|    approx_kl            | 0.019985858 |
|    clip_fraction        | 0.36        |
|    clip_range           | 0.15        |
|    entropy_loss         | -31.3       |
|    explained_variance   | 0.866       |
|    learning_rate        | 0.0001      |
|    loss                 | -0.297      |
|    n_updates            | 1845        |
|    policy_gradient_loss | -0.0136     |
|    std                  | 1.56        |
|    value_loss           | 0.022       |
-----------------------------------------
rollout mean regret: 0.005399541463702917
-----------------------------------------
| rollout/                |             |
|    ep_len_mean          | 728         |
|    ep_rew_mean          | 4.37e+03    |
| time/                   |             |
|    fps                  | 976         |
|    iterations           | 125         |
|    time_elapsed         | 14680       |
|    total_timesteps      | 14336000    |
| train/                  |             |
|    approx_kl            | 0.020328349 |
|    clip_fraction        | 0.36        |
|    clip_range           | 0.15        |
|    entropy_loss         | -31.5       |
|    explained_variance   | 0.871       |
|    learning_rate        | 0.0001      |
|    loss                 | -0.323      |
|    n_updates            | 1860        |
|    policy_gradient_loss | -0.0148     |
|    std                  | 1.57        |
|    value_loss           | 0.0214      |
-----------------------------------------
rollout mean regret: 0.003588680876418948
---------------------------------------
| rollout/                |           |
|    ep_len_mean          | 783       |
|    ep_rew_mean          | 4.71e+03  |
| time/                   |           |
|    fps                  | 976       |
|    iterations           | 126       |
|    time_elapsed         | 14798     |
|    total_timesteps      | 14450688  |
| train/                  |           |
|    approx_kl            | 0.0198552 |
|    clip_fraction        | 0.356     |
|    clip_range           | 0.15      |
|    entropy_loss         | -31.6     |
|    explained_variance   | 0.877     |
|    learning_rate        | 0.0001    |
|    loss                 | -0.289    |
|    n_updates            | 1875      |
|    policy_gradient_loss | -0.0145   |
|    std                  | 1.58      |
|    value_loss           | 0.022     |
---------------------------------------
Eval num_timesteps=14499884, episode_reward=5977.04 +/- 70.19
Episode length: 973.40 +/- 14.18
----------------------------------------
| eval/                   |            |
|    mean_ep_length       | 973        |
|    mean_reward          | 5.98e+03   |
| time/                   |            |
|    total_timesteps      | 14499884   |
| train/                  |            |
|    approx_kl            | 0.01993275 |
|    clip_fraction        | 0.358      |
|    clip_range           | 0.15       |
|    entropy_loss         | -31.7      |
|    explained_variance   | 0.866      |
|    learning_rate        | 0.0001     |
|    loss                 | -0.305     |
|    n_updates            | 1890       |
|    policy_gradient_loss | -0.0145    |
|    std                  | 1.59       |
|    value_loss           | 0.0212     |
----------------------------------------
rollout mean regret: 0.0026592575013637543
---------------------------------
| rollout/           |          |
|    ep_len_mean     | 768      |
|    ep_rew_mean     | 4.62e+03 |
| time/              |          |
|    fps             | 976      |
|    iterations      | 127      |
|    time_elapsed    | 14921    |
|    total_timesteps | 14565376 |
---------------------------------
rollout mean regret: 0.002965782303363085
-----------------------------------------
| rollout/                |             |
|    ep_len_mean          | 736         |
|    ep_rew_mean          | 4.43e+03    |
| time/                   |             |
|    fps                  | 976         |
|    iterations           | 128         |
|    time_elapsed         | 15039       |
|    total_timesteps      | 14680064    |
| train/                  |             |
|    approx_kl            | 0.020765295 |
|    clip_fraction        | 0.364       |
|    clip_range           | 0.15        |
|    entropy_loss         | -31.9       |
|    explained_variance   | 0.865       |
|    learning_rate        | 0.0001      |
|    loss                 | -0.323      |
|    n_updates            | 1905        |
|    policy_gradient_loss | -0.015      |
|    std                  | 1.6         |
|    value_loss           | 0.0223      |
-----------------------------------------
rollout mean regret: 0.004173778463155031
-----------------------------------------
| rollout/                |             |
|    ep_len_mean          | 741         |
|    ep_rew_mean          | 4.46e+03    |
| time/                   |             |
|    fps                  | 976         |
|    iterations           | 129         |
|    time_elapsed         | 15155       |
|    total_timesteps      | 14794752    |
| train/                  |             |
|    approx_kl            | 0.019632932 |
|    clip_fraction        | 0.351       |
|    clip_range           | 0.15        |
|    entropy_loss         | -32         |
|    explained_variance   | 0.887       |
|    learning_rate        | 0.0001      |
|    loss                 | -0.318      |
|    n_updates            | 1920        |
|    policy_gradient_loss | -0.0154     |
|    std                  | 1.62        |
|    value_loss           | 0.0196      |
-----------------------------------------
rollout mean regret: 0.003629710990935564
----------------------------------------
| rollout/                |            |
|    ep_len_mean          | 743        |
|    ep_rew_mean          | 4.49e+03   |
| time/                   |            |
|    fps                  | 976        |
|    iterations           | 130        |
|    time_elapsed         | 15271      |
|    total_timesteps      | 14909440   |
| train/                  |            |
|    approx_kl            | 0.01977325 |
|    clip_fraction        | 0.353      |
|    clip_range           | 0.15       |
|    entropy_loss         | -32.1      |
|    explained_variance   | 0.88       |
|    learning_rate        | 0.0001     |
|    loss                 | -0.305     |
|    n_updates            | 1935       |
|    policy_gradient_loss | -0.0144    |
|    std                  | 1.63       |
|    value_loss           | 0.0206     |
----------------------------------------
Eval num_timesteps=14999880, episode_reward=5941.16 +/- 92.20
Episode length: 962.20 +/- 16.27
-----------------------------------------
| eval/                   |             |
|    mean_ep_length       | 962         |
|    mean_reward          | 5.94e+03    |
| time/                   |             |
|    total_timesteps      | 14999880    |
| train/                  |             |
|    approx_kl            | 0.019639786 |
|    clip_fraction        | 0.356       |
|    clip_range           | 0.15        |
|    entropy_loss         | -32.2       |
|    explained_variance   | 0.882       |
|    learning_rate        | 0.0001      |
|    loss                 | -0.348      |
|    n_updates            | 1950        |
|    policy_gradient_loss | -0.0142     |
|    std                  | 1.64        |
|    value_loss           | 0.0203      |
-----------------------------------------
rollout mean regret: 0.0030950892250984907
---------------------------------
| rollout/           |          |
|    ep_len_mean     | 733      |
|    ep_rew_mean     | 4.44e+03 |
| time/              |          |
|    fps             | 976      |
|    iterations      | 131      |
|    time_elapsed    | 15393    |
|    total_timesteps | 15024128 |
---------------------------------
rollout mean regret: 0.004059078637510538
-----------------------------------------
| rollout/                |             |
|    ep_len_mean          | 705         |
|    ep_rew_mean          | 4.25e+03    |
| time/                   |             |
|    fps                  | 976         |
|    iterations           | 132         |
|    time_elapsed         | 15507       |
|    total_timesteps      | 15138816    |
| train/                  |             |
|    approx_kl            | 0.019806325 |
|    clip_fraction        | 0.352       |
|    clip_range           | 0.15        |
|    entropy_loss         | -32.4       |
|    explained_variance   | 0.879       |
|    learning_rate        | 0.0001      |
|    loss                 | -0.309      |
|    n_updates            | 1965        |
|    policy_gradient_loss | -0.0146     |
|    std                  | 1.65        |
|    value_loss           | 0.0212      |
-----------------------------------------
rollout mean regret: 0.003631964325904846
-----------------------------------------
| rollout/                |             |
|    ep_len_mean          | 709         |
|    ep_rew_mean          | 4.28e+03    |
| time/                   |             |
|    fps                  | 976         |
|    iterations           | 133         |
|    time_elapsed         | 15622       |
|    total_timesteps      | 15253504    |
| train/                  |             |
|    approx_kl            | 0.019915242 |
|    clip_fraction        | 0.356       |
|    clip_range           | 0.15        |
|    entropy_loss         | -32.5       |
|    explained_variance   | 0.885       |
|    learning_rate        | 0.0001      |
|    loss                 | -0.336      |
|    n_updates            | 1980        |
|    policy_gradient_loss | -0.0152     |
|    std                  | 1.66        |
|    value_loss           | 0.0212      |
-----------------------------------------
rollout mean regret: 0.00471669714897871
--------------------------------------
| rollout/                |          |
|    ep_len_mean          | 731      |
|    ep_rew_mean          | 4.42e+03 |
| time/                   |          |
|    fps                  | 976      |
|    iterations           | 134      |
|    time_elapsed         | 15737    |
|    total_timesteps      | 15368192 |
| train/                  |          |
|    approx_kl            | 0.020182 |
|    clip_fraction        | 0.36     |
|    clip_range           | 0.15     |
|    entropy_loss         | -32.6    |
|    explained_variance   | 0.883    |
|    learning_rate        | 0.0001   |
|    loss                 | -0.334   |
|    n_updates            | 1995     |
|    policy_gradient_loss | -0.0147  |
|    std                  | 1.68     |
|    value_loss           | 0.0203   |
--------------------------------------
rollout mean regret: 0.004703056067228317
-----------------------------------------
| rollout/                |             |
|    ep_len_mean          | 743         |
|    ep_rew_mean          | 4.5e+03     |
| time/                   |             |
|    fps                  | 976         |
|    iterations           | 135         |
|    time_elapsed         | 15853       |
|    total_timesteps      | 15482880    |
| train/                  |             |
|    approx_kl            | 0.019726988 |
|    clip_fraction        | 0.355       |
|    clip_range           | 0.15        |
|    entropy_loss         | -32.7       |
|    explained_variance   | 0.882       |
|    learning_rate        | 0.0001      |
|    loss                 | -0.328      |
|    n_updates            | 2010        |
|    policy_gradient_loss | -0.0145     |
|    std                  | 1.69        |
|    value_loss           | 0.0201      |
-----------------------------------------
Eval num_timesteps=15499876, episode_reward=5916.79 +/- 67.45
Episode length: 959.80 +/- 18.37
-----------------------------------------
| eval/                   |             |
|    mean_ep_length       | 960         |
|    mean_reward          | 5.92e+03    |
| time/                   |             |
|    total_timesteps      | 15499876    |
| train/                  |             |
|    approx_kl            | 0.020154579 |
|    clip_fraction        | 0.358       |
|    clip_range           | 0.15        |
|    entropy_loss         | -32.9       |
|    explained_variance   | 0.864       |
|    learning_rate        | 0.0001      |
|    loss                 | -0.323      |
|    n_updates            | 2025        |
|    policy_gradient_loss | -0.0144     |
|    std                  | 1.7         |
|    value_loss           | 0.0238      |
-----------------------------------------
rollout mean regret: 0.004378486890345812
---------------------------------
| rollout/           |          |
|    ep_len_mean     | 805      |
|    ep_rew_mean     | 4.88e+03 |
| time/              |          |
|    fps             | 976      |
|    iterations      | 136      |
|    time_elapsed    | 15972    |
|    total_timesteps | 15597568 |
---------------------------------
rollout mean regret: 0.004533305764198303
-----------------------------------------
| rollout/                |             |
|    ep_len_mean          | 736         |
|    ep_rew_mean          | 4.46e+03    |
| time/                   |             |
|    fps                  | 976         |
|    iterations           | 137         |
|    time_elapsed         | 16088       |
|    total_timesteps      | 15712256    |
| train/                  |             |
|    approx_kl            | 0.019837042 |
|    clip_fraction        | 0.356       |
|    clip_range           | 0.15        |
|    entropy_loss         | -33         |
|    explained_variance   | 0.855       |
|    learning_rate        | 0.0001      |
|    loss                 | -0.342      |
|    n_updates            | 2040        |
|    policy_gradient_loss | -0.0141     |
|    std                  | 1.72        |
|    value_loss           | 0.0221      |
-----------------------------------------
rollout mean regret: 0.0039308518171310425
----------------------------------------
| rollout/                |            |
|    ep_len_mean          | 748        |
|    ep_rew_mean          | 4.55e+03   |
| time/                   |            |
|    fps                  | 976        |
|    iterations           | 138        |
|    time_elapsed         | 16202      |
|    total_timesteps      | 15826944   |
| train/                  |            |
|    approx_kl            | 0.02034604 |
|    clip_fraction        | 0.355      |
|    clip_range           | 0.15       |
|    entropy_loss         | -33.1      |
|    explained_variance   | 0.867      |
|    learning_rate        | 0.0001     |
|    loss                 | -0.334     |
|    n_updates            | 2055       |
|    policy_gradient_loss | -0.0148    |
|    std                  | 1.73       |
|    value_loss           | 0.0203     |
----------------------------------------
rollout mean regret: 0.005779447499662638
-----------------------------------------
| rollout/                |             |
|    ep_len_mean          | 756         |
|    ep_rew_mean          | 4.57e+03    |
| time/                   |             |
|    fps                  | 976         |
|    iterations           | 139         |
|    time_elapsed         | 16317       |
|    total_timesteps      | 15941632    |
| train/                  |             |
|    approx_kl            | 0.020501453 |
|    clip_fraction        | 0.362       |
|    clip_range           | 0.15        |
|    entropy_loss         | -33.3       |
|    explained_variance   | 0.86        |
|    learning_rate        | 0.0001      |
|    loss                 | -0.337      |
|    n_updates            | 2070        |
|    policy_gradient_loss | -0.0148     |
|    std                  | 1.75        |
|    value_loss           | 0.0234      |
-----------------------------------------
Eval num_timesteps=15999872, episode_reward=5829.61 +/- 72.54
Episode length: 941.00 +/- 15.58
-----------------------------------------
| eval/                   |             |
|    mean_ep_length       | 941         |
|    mean_reward          | 5.83e+03    |
| time/                   |             |
|    total_timesteps      | 15999872    |
| train/                  |             |
|    approx_kl            | 0.020025512 |
|    clip_fraction        | 0.357       |
|    clip_range           | 0.15        |
|    entropy_loss         | -33.4       |
|    explained_variance   | 0.862       |
|    learning_rate        | 0.0001      |
|    loss                 | -0.349      |
|    n_updates            | 2085        |
|    policy_gradient_loss | -0.0153     |
|    std                  | 1.76        |
|    value_loss           | 0.0219      |
-----------------------------------------
rollout mean regret: 0.0035597060341387987
---------------------------------
| rollout/           |          |
|    ep_len_mean     | 741      |
|    ep_rew_mean     | 4.49e+03 |
| time/              |          |
|    fps             | 976      |
|    iterations      | 140      |
|    time_elapsed    | 16437    |
|    total_timesteps | 16056320 |
---------------------------------
rollout mean regret: 0.003735969075933099
-----------------------------------------
| rollout/                |             |
|    ep_len_mean          | 733         |
|    ep_rew_mean          | 4.46e+03    |
| time/                   |             |
|    fps                  | 977         |
|    iterations           | 141         |
|    time_elapsed         | 16550       |
|    total_timesteps      | 16171008    |
| train/                  |             |
|    approx_kl            | 0.019631343 |
|    clip_fraction        | 0.352       |
|    clip_range           | 0.15        |
|    entropy_loss         | -33.6       |
|    explained_variance   | 0.868       |
|    learning_rate        | 0.0001      |
|    loss                 | -0.336      |
|    n_updates            | 2100        |
|    policy_gradient_loss | -0.0151     |
|    std                  | 1.78        |
|    value_loss           | 0.0208      |
-----------------------------------------
rollout mean regret: 0.00291628809645772
----------------------------------------
| rollout/                |            |
|    ep_len_mean          | 744        |
|    ep_rew_mean          | 4.54e+03   |
| time/                   |            |
|    fps                  | 977        |
|    iterations           | 142        |
|    time_elapsed         | 16665      |
|    total_timesteps      | 16285696   |
| train/                  |            |
|    approx_kl            | 0.01967909 |
|    clip_fraction        | 0.353      |
|    clip_range           | 0.15       |
|    entropy_loss         | -33.7      |
|    explained_variance   | 0.866      |
|    learning_rate        | 0.0001     |
|    loss                 | -0.338     |
|    n_updates            | 2115       |
|    policy_gradient_loss | -0.0147    |
|    std                  | 1.79       |
|    value_loss           | 0.0219     |
----------------------------------------
rollout mean regret: 0.0024944995529949665
-----------------------------------------
| rollout/                |             |
|    ep_len_mean          | 713         |
|    ep_rew_mean          | 4.34e+03    |
| time/                   |             |
|    fps                  | 977         |
|    iterations           | 143         |
|    time_elapsed         | 16780       |
|    total_timesteps      | 16400384    |
| train/                  |             |
|    approx_kl            | 0.019285588 |
|    clip_fraction        | 0.346       |
|    clip_range           | 0.15        |
|    entropy_loss         | -33.8       |
|    explained_variance   | 0.862       |
|    learning_rate        | 0.0001      |
|    loss                 | -0.342      |
|    n_updates            | 2130        |
|    policy_gradient_loss | -0.0149     |
|    std                  | 1.8         |
|    value_loss           | 0.0224      |
-----------------------------------------
Eval num_timesteps=16499868, episode_reward=5832.97 +/- 52.56
Episode length: 940.20 +/- 12.77
-----------------------------------------
| eval/                   |             |
|    mean_ep_length       | 940         |
|    mean_reward          | 5.83e+03    |
| time/                   |             |
|    total_timesteps      | 16499868    |
| train/                  |             |
|    approx_kl            | 0.020069787 |
|    clip_fraction        | 0.357       |
|    clip_range           | 0.15        |
|    entropy_loss         | -33.9       |
|    explained_variance   | 0.867       |
|    learning_rate        | 0.0001      |
|    loss                 | -0.358      |
|    n_updates            | 2145        |
|    policy_gradient_loss | -0.015      |
|    std                  | 1.82        |
|    value_loss           | 0.0218      |
-----------------------------------------
rollout mean regret: 0.0015750115271657705
---------------------------------
| rollout/           |          |
|    ep_len_mean     | 740      |
|    ep_rew_mean     | 4.51e+03 |
| time/              |          |
|    fps             | 977      |
|    iterations      | 144      |
|    time_elapsed    | 16898    |
|    total_timesteps | 16515072 |
---------------------------------
rollout mean regret: 0.001780576421879232
-----------------------------------------
| rollout/                |             |
|    ep_len_mean          | 747         |
|    ep_rew_mean          | 4.55e+03    |
| time/                   |             |
|    fps                  | 977         |
|    iterations           | 145         |
|    time_elapsed         | 17012       |
|    total_timesteps      | 16629760    |
| train/                  |             |
|    approx_kl            | 0.019245433 |
|    clip_fraction        | 0.347       |
|    clip_range           | 0.15        |
|    entropy_loss         | -34.1       |
|    explained_variance   | 0.86        |
|    learning_rate        | 0.0001      |
|    loss                 | -0.344      |
|    n_updates            | 2160        |
|    policy_gradient_loss | -0.0144     |
|    std                  | 1.83        |
|    value_loss           | 0.022       |
-----------------------------------------
rollout mean regret: 0.002245212672278285
-----------------------------------------
| rollout/                |             |
|    ep_len_mean          | 679         |
|    ep_rew_mean          | 4.13e+03    |
| time/                   |             |
|    fps                  | 977         |
|    iterations           | 146         |
|    time_elapsed         | 17127       |
|    total_timesteps      | 16744448    |
| train/                  |             |
|    approx_kl            | 0.020244384 |
|    clip_fraction        | 0.357       |
|    clip_range           | 0.15        |
|    entropy_loss         | -34.2       |
|    explained_variance   | 0.861       |
|    learning_rate        | 0.0001      |
|    loss                 | -0.339      |
|    n_updates            | 2175        |
|    policy_gradient_loss | -0.0155     |
|    std                  | 1.85        |
|    value_loss           | 0.023       |
-----------------------------------------
rollout mean regret: 0.0009094161214306951
-----------------------------------------
| rollout/                |             |
|    ep_len_mean          | 759         |
|    ep_rew_mean          | 4.64e+03    |
| time/                   |             |
|    fps                  | 977         |
|    iterations           | 147         |
|    time_elapsed         | 17243       |
|    total_timesteps      | 16859136    |
| train/                  |             |
|    approx_kl            | 0.019761443 |
|    clip_fraction        | 0.349       |
|    clip_range           | 0.15        |
|    entropy_loss         | -34.3       |
|    explained_variance   | 0.866       |
|    learning_rate        | 0.0001      |
|    loss                 | -0.35       |
|    n_updates            | 2190        |
|    policy_gradient_loss | -0.015      |
|    std                  | 1.86        |
|    value_loss           | 0.0231      |
-----------------------------------------
rollout mean regret: 0.0017286652000620961
-----------------------------------------
| rollout/                |             |
|    ep_len_mean          | 774         |
|    ep_rew_mean          | 4.73e+03    |
| time/                   |             |
|    fps                  | 977         |
|    iterations           | 148         |
|    time_elapsed         | 17358       |
|    total_timesteps      | 16973824    |
| train/                  |             |
|    approx_kl            | 0.019733658 |
|    clip_fraction        | 0.35        |
|    clip_range           | 0.15        |
|    entropy_loss         | -34.4       |
|    explained_variance   | 0.847       |
|    learning_rate        | 0.0001      |
|    loss                 | -0.35       |
|    n_updates            | 2205        |
|    policy_gradient_loss | -0.0142     |
|    std                  | 1.87        |
|    value_loss           | 0.0236      |
-----------------------------------------
Eval num_timesteps=16999864, episode_reward=5751.79 +/- 55.14
Episode length: 923.20 +/- 12.87
-----------------------------------------
| eval/                   |             |
|    mean_ep_length       | 923         |
|    mean_reward          | 5.75e+03    |
| time/                   |             |
|    total_timesteps      | 16999864    |
| train/                  |             |
|    approx_kl            | 0.019175941 |
|    clip_fraction        | 0.35        |
|    clip_range           | 0.15        |
|    entropy_loss         | -34.6       |
|    explained_variance   | 0.845       |
|    learning_rate        | 0.0001      |
|    loss                 | -0.342      |
|    n_updates            | 2220        |
|    policy_gradient_loss | -0.0144     |
|    std                  | 1.89        |
|    value_loss           | 0.0221      |
-----------------------------------------
rollout mean regret: 0.002054877346381545
---------------------------------
| rollout/           |          |
|    ep_len_mean     | 733      |
|    ep_rew_mean     | 4.47e+03 |
| time/              |          |
|    fps             | 977      |
|    iterations      | 149      |
|    time_elapsed    | 17477    |
|    total_timesteps | 17088512 |
---------------------------------
rollout mean regret: 0.0020118302199989557
----------------------------------------
| rollout/                |            |
|    ep_len_mean          | 702        |
|    ep_rew_mean          | 4.29e+03   |
| time/                   |            |
|    fps                  | 977        |
|    iterations           | 150        |
|    time_elapsed         | 17593      |
|    total_timesteps      | 17203200   |
| train/                  |            |
|    approx_kl            | 0.01971249 |
|    clip_fraction        | 0.353      |
|    clip_range           | 0.15       |
|    entropy_loss         | -34.7      |
|    explained_variance   | 0.857      |
|    learning_rate        | 0.0001     |
|    loss                 | -0.351     |
|    n_updates            | 2235       |
|    policy_gradient_loss | -0.0148    |
|    std                  | 1.91       |
|    value_loss           | 0.0216     |
----------------------------------------
rollout mean regret: 0.000221735579543747
-----------------------------------------
| rollout/                |             |
|    ep_len_mean          | 760         |
|    ep_rew_mean          | 4.64e+03    |
| time/                   |             |
|    fps                  | 977         |
|    iterations           | 151         |
|    time_elapsed         | 17707       |
|    total_timesteps      | 17317888    |
| train/                  |             |
|    approx_kl            | 0.019602945 |
|    clip_fraction        | 0.351       |
|    clip_range           | 0.15        |
|    entropy_loss         | -34.8       |
|    explained_variance   | 0.854       |
|    learning_rate        | 0.0001      |
|    loss                 | -0.367      |
|    n_updates            | 2250        |
|    policy_gradient_loss | -0.0144     |
|    std                  | 1.92        |
|    value_loss           | 0.0247      |
-----------------------------------------
rollout mean regret: 0.002666760701686144
-----------------------------------------
| rollout/                |             |
|    ep_len_mean          | 722         |
|    ep_rew_mean          | 4.42e+03    |
| time/                   |             |
|    fps                  | 978         |
|    iterations           | 152         |
|    time_elapsed         | 17824       |
|    total_timesteps      | 17432576    |
| train/                  |             |
|    approx_kl            | 0.019443315 |
|    clip_fraction        | 0.35        |
|    clip_range           | 0.15        |
|    entropy_loss         | -35         |
|    explained_variance   | 0.838       |
|    learning_rate        | 0.0001      |
|    loss                 | -0.358      |
|    n_updates            | 2265        |
|    policy_gradient_loss | -0.014      |
|    std                  | 1.93        |
|    value_loss           | 0.023       |
-----------------------------------------
Eval num_timesteps=17499860, episode_reward=5711.13 +/- 74.35
Episode length: 912.80 +/- 14.89
-----------------------------------------
| eval/                   |             |
|    mean_ep_length       | 913         |
|    mean_reward          | 5.71e+03    |
| time/                   |             |
|    total_timesteps      | 17499860    |
| train/                  |             |
|    approx_kl            | 0.019191252 |
|    clip_fraction        | 0.346       |
|    clip_range           | 0.15        |
|    entropy_loss         | -35.1       |
|    explained_variance   | 0.851       |
|    learning_rate        | 0.0001      |
|    loss                 | -0.335      |
|    n_updates            | 2280        |
|    policy_gradient_loss | -0.0145     |
|    std                  | 1.95        |
|    value_loss           | 0.0231      |
-----------------------------------------
rollout mean regret: 0.00031373585807159543
---------------------------------
| rollout/           |          |
|    ep_len_mean     | 744      |
|    ep_rew_mean     | 4.55e+03 |
| time/              |          |
|    fps             | 977      |
|    iterations      | 153      |
|    time_elapsed    | 17943    |
|    total_timesteps | 17547264 |
---------------------------------
rollout mean regret: 0.0017887590220198035
-----------------------------------------
| rollout/                |             |
|    ep_len_mean          | 749         |
|    ep_rew_mean          | 4.59e+03    |
| time/                   |             |
|    fps                  | 978         |
|    iterations           | 154         |
|    time_elapsed         | 18059       |
|    total_timesteps      | 17661952    |
| train/                  |             |
|    approx_kl            | 0.019437399 |
|    clip_fraction        | 0.346       |
|    clip_range           | 0.15        |
|    entropy_loss         | -35.2       |
|    explained_variance   | 0.856       |
|    learning_rate        | 0.0001      |
|    loss                 | -0.363      |
|    n_updates            | 2295        |
|    policy_gradient_loss | -0.0151     |
|    std                  | 1.97        |
|    value_loss           | 0.0229      |
-----------------------------------------
rollout mean regret: 0.0025531069841235876
-----------------------------------------
| rollout/                |             |
|    ep_len_mean          | 716         |
|    ep_rew_mean          | 4.39e+03    |
| time/                   |             |
|    fps                  | 978         |
|    iterations           | 155         |
|    time_elapsed         | 18174       |
|    total_timesteps      | 17776640    |
| train/                  |             |
|    approx_kl            | 0.019561764 |
|    clip_fraction        | 0.349       |
|    clip_range           | 0.15        |
|    entropy_loss         | -35.4       |
|    explained_variance   | 0.854       |
|    learning_rate        | 0.0001      |
|    loss                 | -0.331      |
|    n_updates            | 2310        |
|    policy_gradient_loss | -0.0148     |
|    std                  | 1.98        |
|    value_loss           | 0.0225      |
-----------------------------------------
rollout mean regret: 0.0007298648124560714
-----------------------------------------
| rollout/                |             |
|    ep_len_mean          | 751         |
|    ep_rew_mean          | 4.6e+03     |
| time/                   |             |
|    fps                  | 978         |
|    iterations           | 156         |
|    time_elapsed         | 18289       |
|    total_timesteps      | 17891328    |
| train/                  |             |
|    approx_kl            | 0.019626081 |
|    clip_fraction        | 0.349       |
|    clip_range           | 0.15        |
|    entropy_loss         | -35.5       |
|    explained_variance   | 0.865       |
|    learning_rate        | 0.0001      |
|    loss                 | -0.333      |
|    n_updates            | 2325        |
|    policy_gradient_loss | -0.0154     |
|    std                  | 2           |
|    value_loss           | 0.0227      |
-----------------------------------------
Eval num_timesteps=17999856, episode_reward=5779.75 +/- 49.85
Episode length: 930.00 +/- 10.14
-----------------------------------------
| eval/                   |             |
|    mean_ep_length       | 930         |
|    mean_reward          | 5.78e+03    |
| time/                   |             |
|    total_timesteps      | 17999856    |
| train/                  |             |
|    approx_kl            | 0.019993467 |
|    clip_fraction        | 0.35        |
|    clip_range           | 0.15        |
|    entropy_loss         | -35.6       |
|    explained_variance   | 0.842       |
|    learning_rate        | 0.0001      |
|    loss                 | -0.363      |
|    n_updates            | 2340        |
|    policy_gradient_loss | -0.015      |
|    std                  | 2.01        |
|    value_loss           | 0.0227      |
-----------------------------------------
rollout mean regret: 0.001976753817871213
---------------------------------
| rollout/           |          |
|    ep_len_mean     | 754      |
|    ep_rew_mean     | 4.62e+03 |
| time/              |          |
|    fps             | 978      |
|    iterations      | 157      |
|    time_elapsed    | 18408    |
|    total_timesteps | 18006016 |
---------------------------------
rollout mean regret: 0.002545759780332446
-----------------------------------------
| rollout/                |             |
|    ep_len_mean          | 760         |
|    ep_rew_mean          | 4.64e+03    |
| time/                   |             |
|    fps                  | 978         |
|    iterations           | 158         |
|    time_elapsed         | 18523       |
|    total_timesteps      | 18120704    |
| train/                  |             |
|    approx_kl            | 0.019465668 |
|    clip_fraction        | 0.347       |
|    clip_range           | 0.15        |
|    entropy_loss         | -35.7       |
|    explained_variance   | 0.844       |
|    learning_rate        | 0.0001      |
|    loss                 | -0.345      |
|    n_updates            | 2355        |
|    policy_gradient_loss | -0.0148     |
|    std                  | 2.03        |
|    value_loss           | 0.0233      |
-----------------------------------------
rollout mean regret: 0.002000724198296666
-----------------------------------------
| rollout/                |             |
|    ep_len_mean          | 704         |
|    ep_rew_mean          | 4.31e+03    |
| time/                   |             |
|    fps                  | 978         |
|    iterations           | 159         |
|    time_elapsed         | 18638       |
|    total_timesteps      | 18235392    |
| train/                  |             |
|    approx_kl            | 0.019316796 |
|    clip_fraction        | 0.35        |
|    clip_range           | 0.15        |
|    entropy_loss         | -35.9       |
|    explained_variance   | 0.842       |
|    learning_rate        | 0.0001      |
|    loss                 | -0.352      |
|    n_updates            | 2370        |
|    policy_gradient_loss | -0.0137     |
|    std                  | 2.05        |
|    value_loss           | 0.0235      |
-----------------------------------------
rollout mean regret: 0.0030199638567864895
-----------------------------------------
| rollout/                |             |
|    ep_len_mean          | 751         |
|    ep_rew_mean          | 4.61e+03    |
| time/                   |             |
|    fps                  | 978         |
|    iterations           | 160         |
|    time_elapsed         | 18753       |
|    total_timesteps      | 18350080    |
| train/                  |             |
|    approx_kl            | 0.018856784 |
|    clip_fraction        | 0.342       |
|    clip_range           | 0.15        |
|    entropy_loss         | -36         |
|    explained_variance   | 0.861       |
|    learning_rate        | 0.0001      |
|    loss                 | -0.333      |
|    n_updates            | 2385        |
|    policy_gradient_loss | -0.0147     |
|    std                  | 2.06        |
|    value_loss           | 0.0223      |
-----------------------------------------
rollout mean regret: 0.0013865038054063916
-----------------------------------------
| rollout/                |             |
|    ep_len_mean          | 725         |
|    ep_rew_mean          | 4.47e+03    |
| time/                   |             |
|    fps                  | 978         |
|    iterations           | 161         |
|    time_elapsed         | 18870       |
|    total_timesteps      | 18464768    |
| train/                  |             |
|    approx_kl            | 0.019649668 |
|    clip_fraction        | 0.351       |
|    clip_range           | 0.15        |
|    entropy_loss         | -36.1       |
|    explained_variance   | 0.849       |
|    learning_rate        | 0.0001      |
|    loss                 | -0.373      |
|    n_updates            | 2400        |
|    policy_gradient_loss | -0.0143     |
|    std                  | 2.08        |
|    value_loss           | 0.0237      |
-----------------------------------------
Eval num_timesteps=18499852, episode_reward=5703.95 +/- 51.42
Episode length: 915.40 +/- 11.64
-----------------------------------------
| eval/                   |             |
|    mean_ep_length       | 915         |
|    mean_reward          | 5.7e+03     |
| time/                   |             |
|    total_timesteps      | 18499852    |
| train/                  |             |
|    approx_kl            | 0.019255849 |
|    clip_fraction        | 0.35        |
|    clip_range           | 0.15        |
|    entropy_loss         | -36.3       |
|    explained_variance   | 0.846       |
|    learning_rate        | 0.0001      |
|    loss                 | -0.343      |
|    n_updates            | 2415        |
|    policy_gradient_loss | -0.0142     |
|    std                  | 2.1         |
|    value_loss           | 0.0237      |
-----------------------------------------
rollout mean regret: 0.001899680239148438
---------------------------------
| rollout/           |          |
|    ep_len_mean     | 727      |
|    ep_rew_mean     | 4.47e+03 |
| time/              |          |
|    fps             | 978      |
|    iterations      | 162      |
|    time_elapsed    | 18988    |
|    total_timesteps | 18579456 |
---------------------------------
rollout mean regret: 0.00013989499711897224
-----------------------------------------
| rollout/                |             |
|    ep_len_mean          | 759         |
|    ep_rew_mean          | 4.67e+03    |
| time/                   |             |
|    fps                  | 978         |
|    iterations           | 163         |
|    time_elapsed         | 19103       |
|    total_timesteps      | 18694144    |
| train/                  |             |
|    approx_kl            | 0.019093892 |
|    clip_fraction        | 0.345       |
|    clip_range           | 0.15        |
|    entropy_loss         | -36.4       |
|    explained_variance   | 0.847       |
|    learning_rate        | 0.0001      |
|    loss                 | -0.353      |
|    n_updates            | 2430        |
|    policy_gradient_loss | -0.0151     |
|    std                  | 2.11        |
|    value_loss           | 0.0228      |
-----------------------------------------
rollout mean regret: 0.0011711945990100503
-----------------------------------------
| rollout/                |             |
|    ep_len_mean          | 703         |
|    ep_rew_mean          | 4.32e+03    |
| time/                   |             |
|    fps                  | 978         |
|    iterations           | 164         |
|    time_elapsed         | 19217       |
|    total_timesteps      | 18808832    |
| train/                  |             |
|    approx_kl            | 0.019170495 |
|    clip_fraction        | 0.345       |
|    clip_range           | 0.15        |
|    entropy_loss         | -36.6       |
|    explained_variance   | 0.844       |
|    learning_rate        | 0.0001      |
|    loss                 | -0.369      |
|    n_updates            | 2445        |
|    policy_gradient_loss | -0.0148     |
|    std                  | 2.13        |
|    value_loss           | 0.0227      |
-----------------------------------------
rollout mean regret: 0.0003193073789589107
-----------------------------------------
| rollout/                |             |
|    ep_len_mean          | 712         |
|    ep_rew_mean          | 4.37e+03    |
| time/                   |             |
|    fps                  | 978         |
|    iterations           | 165         |
|    time_elapsed         | 19330       |
|    total_timesteps      | 18923520    |
| train/                  |             |
|    approx_kl            | 0.018983755 |
|    clip_fraction        | 0.339       |
|    clip_range           | 0.15        |
|    entropy_loss         | -36.7       |
|    explained_variance   | 0.852       |
|    learning_rate        | 0.0001      |
|    loss                 | -0.381      |
|    n_updates            | 2460        |
|    policy_gradient_loss | -0.0147     |
|    std                  | 2.15        |
|    value_loss           | 0.0221      |
-----------------------------------------
Eval num_timesteps=18999848, episode_reward=5731.32 +/- 83.21
Episode length: 921.00 +/- 18.89
-----------------------------------------
| eval/                   |             |
|    mean_ep_length       | 921         |
|    mean_reward          | 5.73e+03    |
| time/                   |             |
|    total_timesteps      | 18999848    |
| train/                  |             |
|    approx_kl            | 0.019182032 |
|    clip_fraction        | 0.34        |
|    clip_range           | 0.15        |
|    entropy_loss         | -36.8       |
|    explained_variance   | 0.865       |
|    learning_rate        | 0.0001      |
|    loss                 | -0.363      |
|    n_updates            | 2475        |
|    policy_gradient_loss | -0.0151     |
|    std                  | 2.16        |
|    value_loss           | 0.0228      |
-----------------------------------------
rollout mean regret: 0.00023678237630520016
---------------------------------
| rollout/           |          |
|    ep_len_mean     | 677      |
|    ep_rew_mean     | 4.16e+03 |
| time/              |          |
|    fps             | 978      |
|    iterations      | 166      |
|    time_elapsed    | 19449    |
|    total_timesteps | 19038208 |
---------------------------------
rollout mean regret: 0.0015374012291431427
----------------------------------------
| rollout/                |            |
|    ep_len_mean          | 709        |
|    ep_rew_mean          | 4.37e+03   |
| time/                   |            |
|    fps                  | 979        |
|    iterations           | 167        |
|    time_elapsed         | 19563      |
|    total_timesteps      | 19152896   |
| train/                  |            |
|    approx_kl            | 0.01916406 |
|    clip_fraction        | 0.34       |
|    clip_range           | 0.15       |
|    entropy_loss         | -36.9      |
|    explained_variance   | 0.871      |
|    learning_rate        | 0.0001     |
|    loss                 | -0.382     |
|    n_updates            | 2490       |
|    policy_gradient_loss | -0.0152    |
|    std                  | 2.18       |
|    value_loss           | 0.0211     |
----------------------------------------
rollout mean regret: 2.8893367925775237e-05
-----------------------------------------
| rollout/                |             |
|    ep_len_mean          | 744         |
|    ep_rew_mean          | 4.56e+03    |
| time/                   |             |
|    fps                  | 979         |
|    iterations           | 168         |
|    time_elapsed         | 19678       |
|    total_timesteps      | 19267584    |
| train/                  |             |
|    approx_kl            | 0.019383144 |
|    clip_fraction        | 0.348       |
|    clip_range           | 0.15        |
|    entropy_loss         | -37.1       |
|    explained_variance   | 0.849       |
|    learning_rate        | 0.0001      |
|    loss                 | -0.369      |
|    n_updates            | 2505        |
|    policy_gradient_loss | -0.015      |
|    std                  | 2.2         |
|    value_loss           | 0.0236      |
-----------------------------------------
rollout mean regret: 0.0007203752757050097
-----------------------------------------
| rollout/                |             |
|    ep_len_mean          | 729         |
|    ep_rew_mean          | 4.49e+03    |
| time/                   |             |
|    fps                  | 979         |
|    iterations           | 169         |
|    time_elapsed         | 19793       |
|    total_timesteps      | 19382272    |
| train/                  |             |
|    approx_kl            | 0.019024057 |
|    clip_fraction        | 0.342       |
|    clip_range           | 0.15        |
|    entropy_loss         | -37.2       |
|    explained_variance   | 0.856       |
|    learning_rate        | 0.0001      |
|    loss                 | -0.368      |
|    n_updates            | 2520        |
|    policy_gradient_loss | -0.0151     |
|    std                  | 2.21        |
|    value_loss           | 0.0219      |
-----------------------------------------
rollout mean regret: 0.0007320871809497476
-----------------------------------------
| rollout/                |             |
|    ep_len_mean          | 777         |
|    ep_rew_mean          | 4.79e+03    |
| time/                   |             |
|    fps                  | 979         |
|    iterations           | 170         |
|    time_elapsed         | 19908       |
|    total_timesteps      | 19496960    |
| train/                  |             |
|    approx_kl            | 0.019084563 |
|    clip_fraction        | 0.345       |
|    clip_range           | 0.15        |
|    entropy_loss         | -37.3       |
|    explained_variance   | 0.855       |
|    learning_rate        | 0.0001      |
|    loss                 | -0.372      |
|    n_updates            | 2535        |
|    policy_gradient_loss | -0.0145     |
|    std                  | 2.23        |
|    value_loss           | 0.0237      |
-----------------------------------------
Eval num_timesteps=19499844, episode_reward=5722.58 +/- 84.26
Episode length: 918.40 +/- 17.47
----------------------------------------
| eval/                   |            |
|    mean_ep_length       | 918        |
|    mean_reward          | 5.72e+03   |
| time/                   |            |
|    total_timesteps      | 19499844   |
| train/                  |            |
|    approx_kl            | 0.01951692 |
|    clip_fraction        | 0.342      |
|    clip_range           | 0.15       |
|    entropy_loss         | -37.5      |
|    explained_variance   | 0.835      |
|    learning_rate        | 0.0001     |
|    loss                 | -0.362     |
|    n_updates            | 2550       |
|    policy_gradient_loss | -0.0144    |
|    std                  | 2.25       |
|    value_loss           | 0.0247     |
----------------------------------------
rollout mean regret: 0.0008449360029771924
---------------------------------
| rollout/           |          |
|    ep_len_mean     | 740      |
|    ep_rew_mean     | 4.57e+03 |
| time/              |          |
|    fps             | 979      |
|    iterations      | 171      |
|    time_elapsed    | 20028    |
|    total_timesteps | 19611648 |
---------------------------------
rollout mean regret: 0.0013626584550365806
-----------------------------------------
| rollout/                |             |
|    ep_len_mean          | 725         |
|    ep_rew_mean          | 4.48e+03    |
| time/                   |             |
|    fps                  | 979         |
|    iterations           | 172         |
|    time_elapsed         | 20142       |
|    total_timesteps      | 19726336    |
| train/                  |             |
|    approx_kl            | 0.019591594 |
|    clip_fraction        | 0.352       |
|    clip_range           | 0.15        |
|    entropy_loss         | -37.6       |
|    explained_variance   | 0.839       |
|    learning_rate        | 0.0001      |
|    loss                 | -0.377      |
|    n_updates            | 2565        |
|    policy_gradient_loss | -0.0147     |
|    std                  | 2.27        |
|    value_loss           | 0.0256      |
-----------------------------------------
rollout mean regret: 0.0023129598703235388
-----------------------------------------
| rollout/                |             |
|    ep_len_mean          | 698         |
|    ep_rew_mean          | 4.32e+03    |
| time/                   |             |
|    fps                  | 979         |
|    iterations           | 173         |
|    time_elapsed         | 20257       |
|    total_timesteps      | 19841024    |
| train/                  |             |
|    approx_kl            | 0.019836804 |
|    clip_fraction        | 0.352       |
|    clip_range           | 0.15        |
|    entropy_loss         | -37.8       |
|    explained_variance   | 0.835       |
|    learning_rate        | 0.0001      |
|    loss                 | -0.354      |
|    n_updates            | 2580        |
|    policy_gradient_loss | -0.0139     |
|    std                  | 2.29        |
|    value_loss           | 0.0245      |
-----------------------------------------
rollout mean regret: 0.003005996812134981
-----------------------------------------
| rollout/                |             |
|    ep_len_mean          | 730         |
|    ep_rew_mean          | 4.52e+03    |
| time/                   |             |
|    fps                  | 979         |
|    iterations           | 174         |
|    time_elapsed         | 20371       |
|    total_timesteps      | 19955712    |
| train/                  |             |
|    approx_kl            | 0.018821865 |
|    clip_fraction        | 0.342       |
|    clip_range           | 0.15        |
|    entropy_loss         | -37.9       |
|    explained_variance   | 0.861       |
|    learning_rate        | 0.0001      |
|    loss                 | -0.399      |
|    n_updates            | 2595        |
|    policy_gradient_loss | -0.015      |
|    std                  | 2.31        |
|    value_loss           | 0.0228      |
-----------------------------------------
Eval num_timesteps=19999840, episode_reward=5582.41 +/- 62.64
Episode length: 889.00 +/- 14.20
-----------------------------------------
| eval/                   |             |
|    mean_ep_length       | 889         |
|    mean_reward          | 5.58e+03    |
| time/                   |             |
|    total_timesteps      | 19999840    |
| train/                  |             |
|    approx_kl            | 0.019406205 |
|    clip_fraction        | 0.348       |
|    clip_range           | 0.15        |
|    entropy_loss         | -38         |
|    explained_variance   | 0.841       |
|    learning_rate        | 0.0001      |
|    loss                 | -0.397      |
|    n_updates            | 2610        |
|    policy_gradient_loss | -0.0143     |
|    std                  | 2.33        |
|    value_loss           | 0.0254      |
-----------------------------------------
rollout mean regret: 0.002792429644614458
---------------------------------
| rollout/           |          |
|    ep_len_mean     | 673      |
|    ep_rew_mean     | 4.16e+03 |
| time/              |          |
|    fps             | 979      |
|    iterations      | 175      |
|    time_elapsed    | 20492    |
|    total_timesteps | 20070400 |
---------------------------------
rollout mean regret: 0.00203154725022614
-----------------------------------------
| rollout/                |             |
|    ep_len_mean          | 691         |
|    ep_rew_mean          | 4.28e+03    |
| time/                   |             |
|    fps                  | 979         |
|    iterations           | 176         |
|    time_elapsed         | 20607       |
|    total_timesteps      | 20185088    |
| train/                  |             |
|    approx_kl            | 0.018598272 |
|    clip_fraction        | 0.334       |
|    clip_range           | 0.15        |
|    entropy_loss         | -38.2       |
|    explained_variance   | 0.86        |
|    learning_rate        | 0.0001      |
|    loss                 | -0.332      |
|    n_updates            | 2625        |
|    policy_gradient_loss | -0.0153     |
|    std                  | 2.35        |
|    value_loss           | 0.0226      |
-----------------------------------------
rollout mean regret: 0.000490677310153842
-----------------------------------------
| rollout/                |             |
|    ep_len_mean          | 744         |
|    ep_rew_mean          | 4.61e+03    |
| time/                   |             |
|    fps                  | 979         |
|    iterations           | 177         |
|    time_elapsed         | 20720       |
|    total_timesteps      | 20299776    |
| train/                  |             |
|    approx_kl            | 0.019042486 |
|    clip_fraction        | 0.342       |
|    clip_range           | 0.15        |
|    entropy_loss         | -38.3       |
|    explained_variance   | 0.844       |
|    learning_rate        | 0.0001      |
|    loss                 | -0.329      |
|    n_updates            | 2640        |
|    policy_gradient_loss | -0.0145     |
|    std                  | 2.37        |
|    value_loss           | 0.0245      |
-----------------------------------------
rollout mean regret: -0.00033092775265686214
-----------------------------------------
| rollout/                |             |
|    ep_len_mean          | 727         |
|    ep_rew_mean          | 4.52e+03    |
| time/                   |             |
|    fps                  | 979         |
|    iterations           | 178         |
|    time_elapsed         | 20837       |
|    total_timesteps      | 20414464    |
| train/                  |             |
|    approx_kl            | 0.019325253 |
|    clip_fraction        | 0.344       |
|    clip_range           | 0.15        |
|    entropy_loss         | -38.4       |
|    explained_variance   | 0.832       |
|    learning_rate        | 0.0001      |
|    loss                 | -0.395      |
|    n_updates            | 2655        |
|    policy_gradient_loss | -0.0145     |
|    std                  | 2.39        |
|    value_loss           | 0.0252      |
-----------------------------------------
Eval num_timesteps=20499836, episode_reward=5646.51 +/- 32.54
Episode length: 904.60 +/- 6.02
-----------------------------------------
| eval/                   |             |
|    mean_ep_length       | 905         |
|    mean_reward          | 5.65e+03    |
| time/                   |             |
|    total_timesteps      | 20499836    |
| train/                  |             |
|    approx_kl            | 0.018642645 |
|    clip_fraction        | 0.339       |
|    clip_range           | 0.15        |
|    entropy_loss         | -38.6       |
|    explained_variance   | 0.836       |
|    learning_rate        | 0.0001      |
|    loss                 | -0.391      |
|    n_updates            | 2670        |
|    policy_gradient_loss | -0.0148     |
|    std                  | 2.41        |
|    value_loss           | 0.0242      |
-----------------------------------------
rollout mean regret: 0.0025607922580093145
---------------------------------
| rollout/           |          |
|    ep_len_mean     | 720      |
|    ep_rew_mean     | 4.46e+03 |
| time/              |          |
|    fps             | 979      |
|    iterations      | 179      |
|    time_elapsed    | 20956    |
|    total_timesteps | 20529152 |
---------------------------------
rollout mean regret: 0.0014564243610948324
-----------------------------------------
| rollout/                |             |
|    ep_len_mean          | 680         |
|    ep_rew_mean          | 4.22e+03    |
| time/                   |             |
|    fps                  | 979         |
|    iterations           | 180         |
|    time_elapsed         | 21072       |
|    total_timesteps      | 20643840    |
| train/                  |             |
|    approx_kl            | 0.018837031 |
|    clip_fraction        | 0.34        |
|    clip_range           | 0.15        |
|    entropy_loss         | -38.7       |
|    explained_variance   | 0.839       |
|    learning_rate        | 0.0001      |
|    loss                 | -0.397      |
|    n_updates            | 2685        |
|    policy_gradient_loss | -0.0146     |
|    std                  | 2.43        |
|    value_loss           | 0.0247      |
-----------------------------------------
rollout mean regret: 0.0014761991333216429
-----------------------------------------
| rollout/                |             |
|    ep_len_mean          | 662         |
|    ep_rew_mean          | 4.08e+03    |
| time/                   |             |
|    fps                  | 979         |
|    iterations           | 181         |
|    time_elapsed         | 21188       |
|    total_timesteps      | 20758528    |
| train/                  |             |
|    approx_kl            | 0.018898714 |
|    clip_fraction        | 0.338       |
|    clip_range           | 0.15        |
|    entropy_loss         | -38.9       |
|    explained_variance   | 0.838       |
|    learning_rate        | 0.0001      |
|    loss                 | -0.387      |
|    n_updates            | 2700        |
|    policy_gradient_loss | -0.0149     |
|    std                  | 2.45        |
|    value_loss           | 0.0251      |
-----------------------------------------
rollout mean regret: -0.0011053010821342468
-----------------------------------------
| rollout/                |             |
|    ep_len_mean          | 705         |
|    ep_rew_mean          | 4.39e+03    |
| time/                   |             |
|    fps                  | 979         |
|    iterations           | 182         |
|    time_elapsed         | 21302       |
|    total_timesteps      | 20873216    |
| train/                  |             |
|    approx_kl            | 0.019020677 |
|    clip_fraction        | 0.339       |
|    clip_range           | 0.15        |
|    entropy_loss         | -39         |
|    explained_variance   | 0.848       |
|    learning_rate        | 0.0001      |
|    loss                 | -0.398      |
|    n_updates            | 2715        |
|    policy_gradient_loss | -0.0155     |
|    std                  | 2.47        |
|    value_loss           | 0.025       |
-----------------------------------------
rollout mean regret: -0.001237297197803855
----------------------------------------
| rollout/                |            |
|    ep_len_mean          | 718        |
|    ep_rew_mean          | 4.47e+03   |
| time/                   |            |
|    fps                  | 979        |
|    iterations           | 183        |
|    time_elapsed         | 21417      |
|    total_timesteps      | 20987904   |
| train/                  |            |
|    approx_kl            | 0.01884612 |
|    clip_fraction        | 0.341      |
|    clip_range           | 0.15       |
|    entropy_loss         | -39.1      |
|    explained_variance   | 0.834      |
|    learning_rate        | 0.0001     |
|    loss                 | -0.395     |
|    n_updates            | 2730       |
|    policy_gradient_loss | -0.0151    |
|    std                  | 2.49       |
|    value_loss           | 0.0243     |
----------------------------------------
Eval num_timesteps=20999832, episode_reward=5588.15 +/- 78.43
Episode length: 893.00 +/- 18.41
-----------------------------------------
| eval/                   |             |
|    mean_ep_length       | 893         |
|    mean_reward          | 5.59e+03    |
| time/                   |             |
|    total_timesteps      | 20999832    |
| train/                  |             |
|    approx_kl            | 0.018849904 |
|    clip_fraction        | 0.34        |
|    clip_range           | 0.15        |
|    entropy_loss         | -39.3       |
|    explained_variance   | 0.831       |
|    learning_rate        | 0.0001      |
|    loss                 | -0.403      |
|    n_updates            | 2745        |
|    policy_gradient_loss | -0.0152     |
|    std                  | 2.51        |
|    value_loss           | 0.0248      |
-----------------------------------------
rollout mean regret: -0.002237774897366762
---------------------------------
| rollout/           |          |
|    ep_len_mean     | 672      |
|    ep_rew_mean     | 4.18e+03 |
| time/              |          |
|    fps             | 979      |
|    iterations      | 184      |
|    time_elapsed    | 21537    |
|    total_timesteps | 21102592 |
---------------------------------
rollout mean regret: -0.0020518172532320023
-----------------------------------------
| rollout/                |             |
|    ep_len_mean          | 684         |
|    ep_rew_mean          | 4.26e+03    |
| time/                   |             |
|    fps                  | 979         |
|    iterations           | 185         |
|    time_elapsed         | 21652       |
|    total_timesteps      | 21217280    |
| train/                  |             |
|    approx_kl            | 0.019047912 |
|    clip_fraction        | 0.341       |
|    clip_range           | 0.15        |
|    entropy_loss         | -39.4       |
|    explained_variance   | 0.84        |
|    learning_rate        | 0.0001      |
|    loss                 | -0.399      |
|    n_updates            | 2760        |
|    policy_gradient_loss | -0.0148     |
|    std                  | 2.53        |
|    value_loss           | 0.0247      |
-----------------------------------------
rollout mean regret: -0.002646540990099311
----------------------------------------
| rollout/                |            |
|    ep_len_mean          | 693        |
|    ep_rew_mean          | 4.32e+03   |
| time/                   |            |
|    fps                  | 979        |
|    iterations           | 186        |
|    time_elapsed         | 21767      |
|    total_timesteps      | 21331968   |
| train/                  |            |
|    approx_kl            | 0.01893707 |
|    clip_fraction        | 0.341      |
|    clip_range           | 0.15       |
|    entropy_loss         | -39.5      |
|    explained_variance   | 0.837      |
|    learning_rate        | 0.0001     |
|    loss                 | -0.412     |
|    n_updates            | 2775       |
|    policy_gradient_loss | -0.0151    |
|    std                  | 2.55       |
|    value_loss           | 0.0253     |
----------------------------------------
rollout mean regret: -0.0017229762161150575
-----------------------------------------
| rollout/                |             |
|    ep_len_mean          | 688         |
|    ep_rew_mean          | 4.29e+03    |
| time/                   |             |
|    fps                  | 980         |
|    iterations           | 187         |
|    time_elapsed         | 21882       |
|    total_timesteps      | 21446656    |
| train/                  |             |
|    approx_kl            | 0.019181192 |
|    clip_fraction        | 0.341       |
|    clip_range           | 0.15        |
|    entropy_loss         | -39.7       |
|    explained_variance   | 0.832       |
|    learning_rate        | 0.0001      |
|    loss                 | -0.401      |
|    n_updates            | 2790        |
|    policy_gradient_loss | -0.015      |
|    std                  | 2.57        |
|    value_loss           | 0.0253      |
-----------------------------------------
Eval num_timesteps=21499828, episode_reward=5517.75 +/- 66.19
Episode length: 873.80 +/- 12.66
-----------------------------------------
| eval/                   |             |
|    mean_ep_length       | 874         |
|    mean_reward          | 5.52e+03    |
| time/                   |             |
|    total_timesteps      | 21499828    |
| train/                  |             |
|    approx_kl            | 0.019115744 |
|    clip_fraction        | 0.344       |
|    clip_range           | 0.15        |
|    entropy_loss         | -39.8       |
|    explained_variance   | 0.83        |
|    learning_rate        | 0.0001      |
|    loss                 | -0.408      |
|    n_updates            | 2805        |
|    policy_gradient_loss | -0.0145     |
|    std                  | 2.6         |
|    value_loss           | 0.026       |
-----------------------------------------
rollout mean regret: -0.0008518219692632556
---------------------------------
| rollout/           |          |
|    ep_len_mean     | 693      |
|    ep_rew_mean     | 4.32e+03 |
| time/              |          |
|    fps             | 979      |
|    iterations      | 188      |
|    time_elapsed    | 22002    |
|    total_timesteps | 21561344 |
---------------------------------
rollout mean regret: 0.0005499690887518227
-----------------------------------------
| rollout/                |             |
|    ep_len_mean          | 656         |
|    ep_rew_mean          | 4.09e+03    |
| time/                   |             |
|    fps                  | 980         |
|    iterations           | 189         |
|    time_elapsed         | 22118       |
|    total_timesteps      | 21676032    |
| train/                  |             |
|    approx_kl            | 0.018952038 |
|    clip_fraction        | 0.343       |
|    clip_range           | 0.15        |
|    entropy_loss         | -40         |
|    explained_variance   | 0.834       |
|    learning_rate        | 0.0001      |
|    loss                 | -0.405      |
|    n_updates            | 2820        |
|    policy_gradient_loss | -0.0148     |
|    std                  | 2.62        |
|    value_loss           | 0.0258      |
-----------------------------------------
rollout mean regret: -0.0004107152053620666
----------------------------------------
| rollout/                |            |
|    ep_len_mean          | 686        |
|    ep_rew_mean          | 4.29e+03   |
| time/                   |            |
|    fps                  | 980        |
|    iterations           | 190        |
|    time_elapsed         | 22233      |
|    total_timesteps      | 21790720   |
| train/                  |            |
|    approx_kl            | 0.01883554 |
|    clip_fraction        | 0.333      |
|    clip_range           | 0.15       |
|    entropy_loss         | -40.1      |
|    explained_variance   | 0.846      |
|    learning_rate        | 0.0001     |
|    loss                 | -0.388     |
|    n_updates            | 2835       |
|    policy_gradient_loss | -0.0157    |
|    std                  | 2.64       |
|    value_loss           | 0.0251     |
----------------------------------------
rollout mean regret: 0.0012644317466765642
-----------------------------------------
| rollout/                |             |
|    ep_len_mean          | 688         |
|    ep_rew_mean          | 4.3e+03     |
| time/                   |             |
|    fps                  | 980         |
|    iterations           | 191         |
|    time_elapsed         | 22347       |
|    total_timesteps      | 21905408    |
| train/                  |             |
|    approx_kl            | 0.018669214 |
|    clip_fraction        | 0.332       |
|    clip_range           | 0.15        |
|    entropy_loss         | -40.2       |
|    explained_variance   | 0.85        |
|    learning_rate        | 0.0001      |
|    loss                 | -0.411      |
|    n_updates            | 2850        |
|    policy_gradient_loss | -0.0148     |
|    std                  | 2.66        |
|    value_loss           | 0.0234      |
-----------------------------------------
Eval num_timesteps=21999824, episode_reward=5346.42 +/- 91.61
Episode length: 837.80 +/- 20.19
-----------------------------------------
| eval/                   |             |
|    mean_ep_length       | 838         |
|    mean_reward          | 5.35e+03    |
| time/                   |             |
|    total_timesteps      | 21999824    |
| train/                  |             |
|    approx_kl            | 0.018431157 |
|    clip_fraction        | 0.331       |
|    clip_range           | 0.15        |
|    entropy_loss         | -40.4       |
|    explained_variance   | 0.851       |
|    learning_rate        | 0.0001      |
|    loss                 | -0.401      |
|    n_updates            | 2865        |
|    policy_gradient_loss | -0.0149     |
|    std                  | 2.69        |
|    value_loss           | 0.0243      |
-----------------------------------------
rollout mean regret: -0.0013018707977607846
---------------------------------
| rollout/           |          |
|    ep_len_mean     | 720      |
|    ep_rew_mean     | 4.5e+03  |
| time/              |          |
|    fps             | 980      |
|    iterations      | 192      |
|    time_elapsed    | 22466    |
|    total_timesteps | 22020096 |
---------------------------------
rollout mean regret: 0.00033875720691867173
-----------------------------------------
| rollout/                |             |
|    ep_len_mean          | 684         |
|    ep_rew_mean          | 4.28e+03    |
| time/                   |             |
|    fps                  | 980         |
|    iterations           | 193         |
|    time_elapsed         | 22580       |
|    total_timesteps      | 22134784    |
| train/                  |             |
|    approx_kl            | 0.018769415 |
|    clip_fraction        | 0.337       |
|    clip_range           | 0.15        |
|    entropy_loss         | -40.5       |
|    explained_variance   | 0.83        |
|    learning_rate        | 0.0001      |
|    loss                 | -0.405      |
|    n_updates            | 2880        |
|    policy_gradient_loss | -0.0155     |
|    std                  | 2.71        |
|    value_loss           | 0.0252      |
-----------------------------------------
rollout mean regret: 0.0008626308990642428
-----------------------------------------
| rollout/                |             |
|    ep_len_mean          | 656         |
|    ep_rew_mean          | 4.11e+03    |
| time/                   |             |
|    fps                  | 980         |
|    iterations           | 194         |
|    time_elapsed         | 22694       |
|    total_timesteps      | 22249472    |
| train/                  |             |
|    approx_kl            | 0.018789202 |
|    clip_fraction        | 0.335       |
|    clip_range           | 0.15        |
|    entropy_loss         | -40.7       |
|    explained_variance   | 0.833       |
|    learning_rate        | 0.0001      |
|    loss                 | -0.385      |
|    n_updates            | 2895        |
|    policy_gradient_loss | -0.0152     |
|    std                  | 2.73        |
|    value_loss           | 0.026       |
-----------------------------------------
rollout mean regret: 0.0015909237554296851
----------------------------------------
| rollout/                |            |
|    ep_len_mean          | 644        |
|    ep_rew_mean          | 4.04e+03   |
| time/                   |            |
|    fps                  | 980        |
|    iterations           | 195        |
|    time_elapsed         | 22809      |
|    total_timesteps      | 22364160   |
| train/                  |            |
|    approx_kl            | 0.01861426 |
|    clip_fraction        | 0.333      |
|    clip_range           | 0.15       |
|    entropy_loss         | -40.8      |
|    explained_variance   | 0.842      |
|    learning_rate        | 0.0001     |
|    loss                 | -0.397     |
|    n_updates            | 2910       |
|    policy_gradient_loss | -0.0149    |
|    std                  | 2.76       |
|    value_loss           | 0.026      |
----------------------------------------
rollout mean regret: 0.0002540192799642682
---------------------------------------
| rollout/                |           |
|    ep_len_mean          | 682       |
|    ep_rew_mean          | 4.28e+03  |
| time/                   |           |
|    fps                  | 980       |
|    iterations           | 196       |
|    time_elapsed         | 22923     |
|    total_timesteps      | 22478848  |
| train/                  |           |
|    approx_kl            | 0.0184186 |
|    clip_fraction        | 0.334     |
|    clip_range           | 0.15      |
|    entropy_loss         | -41       |
|    explained_variance   | 0.835     |
|    learning_rate        | 0.0001    |
|    loss                 | -0.38     |
|    n_updates            | 2925      |
|    policy_gradient_loss | -0.0151   |
|    std                  | 2.78      |
|    value_loss           | 0.0259    |
---------------------------------------
Eval num_timesteps=22499820, episode_reward=5367.89 +/- 95.20
Episode length: 846.80 +/- 20.43
-----------------------------------------
| eval/                   |             |
|    mean_ep_length       | 847         |
|    mean_reward          | 5.37e+03    |
| time/                   |             |
|    total_timesteps      | 22499820    |
| train/                  |             |
|    approx_kl            | 0.018447807 |
|    clip_fraction        | 0.336       |
|    clip_range           | 0.15        |
|    entropy_loss         | -41.1       |
|    explained_variance   | 0.829       |
|    learning_rate        | 0.0001      |
|    loss                 | -0.417      |
|    n_updates            | 2940        |
|    policy_gradient_loss | -0.0151     |
|    std                  | 2.8         |
|    value_loss           | 0.0254      |
-----------------------------------------
rollout mean regret: 0.0005860663950443268
---------------------------------
| rollout/           |          |
|    ep_len_mean     | 668      |
|    ep_rew_mean     | 4.18e+03 |
| time/              |          |
|    fps             | 980      |
|    iterations      | 197      |
|    time_elapsed    | 23041    |
|    total_timesteps | 22593536 |
---------------------------------
rollout mean regret: 0.00040370566421188414
----------------------------------------
| rollout/                |            |
|    ep_len_mean          | 679        |
|    ep_rew_mean          | 4.27e+03   |
| time/                   |            |
|    fps                  | 980        |
|    iterations           | 198        |
|    time_elapsed         | 23157      |
|    total_timesteps      | 22708224   |
| train/                  |            |
|    approx_kl            | 0.01877242 |
|    clip_fraction        | 0.334      |
|    clip_range           | 0.15       |
|    entropy_loss         | -41.2      |
|    explained_variance   | 0.841      |
|    learning_rate        | 0.0001     |
|    loss                 | -0.415     |
|    n_updates            | 2955       |
|    policy_gradient_loss | -0.0158    |
|    std                  | 2.82       |
|    value_loss           | 0.0263     |
----------------------------------------
rollout mean regret: -0.0017608973430469632
-----------------------------------------
| rollout/                |             |
|    ep_len_mean          | 701         |
|    ep_rew_mean          | 4.41e+03    |
| time/                   |             |
|    fps                  | 980         |
|    iterations           | 199         |
|    time_elapsed         | 23274       |
|    total_timesteps      | 22822912    |
| train/                  |             |
|    approx_kl            | 0.018711686 |
|    clip_fraction        | 0.336       |
|    clip_range           | 0.15        |
|    entropy_loss         | -41.3       |
|    explained_variance   | 0.833       |
|    learning_rate        | 0.0001      |
|    loss                 | -0.426      |
|    n_updates            | 2970        |
|    policy_gradient_loss | -0.0149     |
|    std                  | 2.85        |
|    value_loss           | 0.0275      |
-----------------------------------------
rollout mean regret: -0.0013468413380905986
-----------------------------------------
| rollout/                |             |
|    ep_len_mean          | 663         |
|    ep_rew_mean          | 4.16e+03    |
| time/                   |             |
|    fps                  | 980         |
|    iterations           | 200         |
|    time_elapsed         | 23390       |
|    total_timesteps      | 22937600    |
| train/                  |             |
|    approx_kl            | 0.018722216 |
|    clip_fraction        | 0.336       |
|    clip_range           | 0.15        |
|    entropy_loss         | -41.5       |
|    explained_variance   | 0.821       |
|    learning_rate        | 0.0001      |
|    loss                 | -0.41       |
|    n_updates            | 2985        |
|    policy_gradient_loss | -0.0149     |
|    std                  | 2.87        |
|    value_loss           | 0.0276      |
-----------------------------------------
Eval num_timesteps=22999816, episode_reward=5348.25 +/- 26.05
Episode length: 841.20 +/- 6.55
-----------------------------------------
| eval/                   |             |
|    mean_ep_length       | 841         |
|    mean_reward          | 5.35e+03    |
| time/                   |             |
|    total_timesteps      | 22999816    |
| train/                  |             |
|    approx_kl            | 0.018386077 |
|    clip_fraction        | 0.329       |
|    clip_range           | 0.15        |
|    entropy_loss         | -41.6       |
|    explained_variance   | 0.837       |
|    learning_rate        | 0.0001      |
|    loss                 | -0.411      |
|    n_updates            | 3000        |
|    policy_gradient_loss | -0.0154     |
|    std                  | 2.9         |
|    value_loss           | 0.0244      |
-----------------------------------------
rollout mean regret: 0.000975743227172643
---------------------------------
| rollout/           |          |
|    ep_len_mean     | 653      |
|    ep_rew_mean     | 4.09e+03 |
| time/              |          |
|    fps             | 980      |
|    iterations      | 201      |
|    time_elapsed    | 23510    |
|    total_timesteps | 23052288 |
---------------------------------
rollout mean regret: 0.002084186067804694
-----------------------------------------
| rollout/                |             |
|    ep_len_mean          | 702         |
|    ep_rew_mean          | 4.4e+03     |
| time/                   |             |
|    fps                  | 980         |
|    iterations           | 202         |
|    time_elapsed         | 23625       |
|    total_timesteps      | 23166976    |
| train/                  |             |
|    approx_kl            | 0.018258426 |
|    clip_fraction        | 0.331       |
|    clip_range           | 0.15        |
|    entropy_loss         | -41.8       |
|    explained_variance   | 0.836       |
|    learning_rate        | 0.0001      |
|    loss                 | -0.398      |
|    n_updates            | 3015        |
|    policy_gradient_loss | -0.0151     |
|    std                  | 2.93        |
|    value_loss           | 0.0265      |
-----------------------------------------
rollout mean regret: -0.0010050531709566712
-----------------------------------------
| rollout/                |             |
|    ep_len_mean          | 658         |
|    ep_rew_mean          | 4.13e+03    |
| time/                   |             |
|    fps                  | 980         |
|    iterations           | 203         |
|    time_elapsed         | 23741       |
|    total_timesteps      | 23281664    |
| train/                  |             |
|    approx_kl            | 0.018520148 |
|    clip_fraction        | 0.332       |
|    clip_range           | 0.15        |
|    entropy_loss         | -41.9       |
|    explained_variance   | 0.841       |
|    learning_rate        | 0.0001      |
|    loss                 | -0.406      |
|    n_updates            | 3030        |
|    policy_gradient_loss | -0.015      |
|    std                  | 2.95        |
|    value_loss           | 0.0261      |
-----------------------------------------
rollout mean regret: -0.0009375735535286367
-----------------------------------------
| rollout/                |             |
|    ep_len_mean          | 652         |
|    ep_rew_mean          | 4.1e+03     |
| time/                   |             |
|    fps                  | 980         |
|    iterations           | 204         |
|    time_elapsed         | 23855       |
|    total_timesteps      | 23396352    |
| train/                  |             |
|    approx_kl            | 0.018240342 |
|    clip_fraction        | 0.33        |
|    clip_range           | 0.15        |
|    entropy_loss         | -42.1       |
|    explained_variance   | 0.829       |
|    learning_rate        | 0.0001      |
|    loss                 | -0.416      |
|    n_updates            | 3045        |
|    policy_gradient_loss | -0.015      |
|    std                  | 2.98        |
|    value_loss           | 0.027       |
-----------------------------------------
Eval num_timesteps=23499812, episode_reward=5355.42 +/- 39.02
Episode length: 841.80 +/- 9.70
-----------------------------------------
| eval/                   |             |
|    mean_ep_length       | 842         |
|    mean_reward          | 5.36e+03    |
| time/                   |             |
|    total_timesteps      | 23499812    |
| train/                  |             |
|    approx_kl            | 0.018134002 |
|    clip_fraction        | 0.325       |
|    clip_range           | 0.15        |
|    entropy_loss         | -42.2       |
|    explained_variance   | 0.827       |
|    learning_rate        | 0.0001      |
|    loss                 | -0.399      |
|    n_updates            | 3060        |
|    policy_gradient_loss | -0.015      |
|    std                  | 3           |
|    value_loss           | 0.0272      |
-----------------------------------------
rollout mean regret: 0.0013906930107623339
---------------------------------
| rollout/           |          |
|    ep_len_mean     | 626      |
|    ep_rew_mean     | 3.93e+03 |
| time/              |          |
|    fps             | 980      |
|    iterations      | 205      |
|    time_elapsed    | 23974    |
|    total_timesteps | 23511040 |
---------------------------------
rollout mean regret: 0.0016366725321859121
----------------------------------------
| rollout/                |            |
|    ep_len_mean          | 648        |
|    ep_rew_mean          | 4.08e+03   |
| time/                   |            |
|    fps                  | 980        |
|    iterations           | 206        |
|    time_elapsed         | 24088      |
|    total_timesteps      | 23625728   |
| train/                  |            |
|    approx_kl            | 0.01851505 |
|    clip_fraction        | 0.33       |
|    clip_range           | 0.15       |
|    entropy_loss         | -42.3      |
|    explained_variance   | 0.848      |
|    learning_rate        | 0.0001     |
|    loss                 | -0.413     |
|    n_updates            | 3075       |
|    policy_gradient_loss | -0.0154    |
|    std                  | 3.02       |
|    value_loss           | 0.0268     |
----------------------------------------
rollout mean regret: 0.0002899300307035446
-----------------------------------------
| rollout/                |             |
|    ep_len_mean          | 668         |
|    ep_rew_mean          | 4.22e+03    |
| time/                   |             |
|    fps                  | 980         |
|    iterations           | 207         |
|    time_elapsed         | 24202       |
|    total_timesteps      | 23740416    |
| train/                  |             |
|    approx_kl            | 0.018602567 |
|    clip_fraction        | 0.33        |
|    clip_range           | 0.15        |
|    entropy_loss         | -42.5       |
|    explained_variance   | 0.844       |
|    learning_rate        | 0.0001      |
|    loss                 | -0.399      |
|    n_updates            | 3090        |
|    policy_gradient_loss | -0.0162     |
|    std                  | 3.05        |
|    value_loss           | 0.0257      |
-----------------------------------------
rollout mean regret: -0.0004963519750162959
-----------------------------------------
| rollout/                |             |
|    ep_len_mean          | 650         |
|    ep_rew_mean          | 4.11e+03    |
| time/                   |             |
|    fps                  | 980         |
|    iterations           | 208         |
|    time_elapsed         | 24318       |
|    total_timesteps      | 23855104    |
| train/                  |             |
|    approx_kl            | 0.018516244 |
|    clip_fraction        | 0.328       |
|    clip_range           | 0.15        |
|    entropy_loss         | -42.6       |
|    explained_variance   | 0.822       |
|    learning_rate        | 0.0001      |
|    loss                 | -0.435      |
|    n_updates            | 3105        |
|    policy_gradient_loss | -0.0158     |
|    std                  | 3.07        |
|    value_loss           | 0.0287      |
-----------------------------------------
rollout mean regret: -3.356496381456964e-05
-----------------------------------------
| rollout/                |             |
|    ep_len_mean          | 661         |
|    ep_rew_mean          | 4.19e+03    |
| time/                   |             |
|    fps                  | 981         |
|    iterations           | 209         |
|    time_elapsed         | 24431       |
|    total_timesteps      | 23969792    |
| train/                  |             |
|    approx_kl            | 0.018282136 |
|    clip_fraction        | 0.327       |
|    clip_range           | 0.15        |
|    entropy_loss         | -42.7       |
|    explained_variance   | 0.836       |
|    learning_rate        | 0.0001      |
|    loss                 | -0.394      |
|    n_updates            | 3120        |
|    policy_gradient_loss | -0.0157     |
|    std                  | 3.09        |
|    value_loss           | 0.0269      |
-----------------------------------------
Eval num_timesteps=23999808, episode_reward=5335.91 +/- 94.44
Episode length: 838.00 +/- 19.54
-----------------------------------------
| eval/                   |             |
|    mean_ep_length       | 838         |
|    mean_reward          | 5.34e+03    |
| time/                   |             |
|    total_timesteps      | 23999808    |
| train/                  |             |
|    approx_kl            | 0.018181732 |
|    clip_fraction        | 0.329       |
|    clip_range           | 0.15        |
|    entropy_loss         | -42.8       |
|    explained_variance   | 0.825       |
|    learning_rate        | 0.0001      |
|    loss                 | -0.432      |
|    n_updates            | 3135        |
|    policy_gradient_loss | -0.0155     |
|    std                  | 3.12        |
|    value_loss           | 0.027       |
-----------------------------------------
rollout mean regret: -0.001814471441321075
---------------------------------
| rollout/           |          |
|    ep_len_mean     | 636      |
|    ep_rew_mean     | 4.03e+03 |
| time/              |          |
|    fps             | 981      |
|    iterations      | 210      |
|    time_elapsed    | 24550    |
|    total_timesteps | 24084480 |
---------------------------------
rollout mean regret: -0.0016640943940728903
----------------------------------------
| rollout/                |            |
|    ep_len_mean          | 658        |
|    ep_rew_mean          | 4.17e+03   |
| time/                   |            |
|    fps                  | 981        |
|    iterations           | 211        |
|    time_elapsed         | 24665      |
|    total_timesteps      | 24199168   |
| train/                  |            |
|    approx_kl            | 0.01826413 |
|    clip_fraction        | 0.327      |
|    clip_range           | 0.15       |
|    entropy_loss         | -43        |
|    explained_variance   | 0.834      |
|    learning_rate        | 0.0001     |
|    loss                 | -0.408     |
|    n_updates            | 3150       |
|    policy_gradient_loss | -0.0156    |
|    std                  | 3.15       |
|    value_loss           | 0.0268     |
----------------------------------------
rollout mean regret: 0.0009034675313159823
-----------------------------------------
| rollout/                |             |
|    ep_len_mean          | 656         |
|    ep_rew_mean          | 4.15e+03    |
| time/                   |             |
|    fps                  | 981         |
|    iterations           | 212         |
|    time_elapsed         | 24778       |
|    total_timesteps      | 24313856    |
| train/                  |             |
|    approx_kl            | 0.018378343 |
|    clip_fraction        | 0.331       |
|    clip_range           | 0.15        |
|    entropy_loss         | -43.1       |
|    explained_variance   | 0.826       |
|    learning_rate        | 0.0001      |
|    loss                 | -0.394      |
|    n_updates            | 3165        |
|    policy_gradient_loss | -0.0155     |
|    std                  | 3.17        |
|    value_loss           | 0.0276      |
-----------------------------------------
rollout mean regret: 0.00027865575975738466
----------------------------------------
| rollout/                |            |
|    ep_len_mean          | 606        |
|    ep_rew_mean          | 3.82e+03   |
| time/                   |            |
|    fps                  | 981        |
|    iterations           | 213        |
|    time_elapsed         | 24893      |
|    total_timesteps      | 24428544   |
| train/                  |            |
|    approx_kl            | 0.01782498 |
|    clip_fraction        | 0.32       |
|    clip_range           | 0.15       |
|    entropy_loss         | -43.2      |
|    explained_variance   | 0.831      |
|    learning_rate        | 0.0001     |
|    loss                 | -0.437     |
|    n_updates            | 3180       |
|    policy_gradient_loss | -0.0154    |
|    std                  | 3.2        |
|    value_loss           | 0.0269     |
----------------------------------------
Eval num_timesteps=24499804, episode_reward=5323.27 +/- 112.50
Episode length: 836.40 +/- 24.28
-----------------------------------------
| eval/                   |             |
|    mean_ep_length       | 836         |
|    mean_reward          | 5.32e+03    |
| time/                   |             |
|    total_timesteps      | 24499804    |
| train/                  |             |
|    approx_kl            | 0.018495603 |
|    clip_fraction        | 0.327       |
|    clip_range           | 0.15        |
|    entropy_loss         | -43.4       |
|    explained_variance   | 0.84        |
|    learning_rate        | 0.0001      |
|    loss                 | -0.419      |
|    n_updates            | 3195        |
|    policy_gradient_loss | -0.0161     |
|    std                  | 3.22        |
|    value_loss           | 0.0273      |
-----------------------------------------
rollout mean regret: -0.00020291200780775398
---------------------------------
| rollout/           |          |
|    ep_len_mean     | 676      |
|    ep_rew_mean     | 4.29e+03 |
| time/              |          |
|    fps             | 981      |
|    iterations      | 214      |
|    time_elapsed    | 25011    |
|    total_timesteps | 24543232 |
---------------------------------
rollout mean regret: 0.00027010816847905517
-----------------------------------------
| rollout/                |             |
|    ep_len_mean          | 634         |
|    ep_rew_mean          | 4.02e+03    |
| time/                   |             |
|    fps                  | 981         |
|    iterations           | 215         |
|    time_elapsed         | 25126       |
|    total_timesteps      | 24657920    |
| train/                  |             |
|    approx_kl            | 0.018057147 |
|    clip_fraction        | 0.328       |
|    clip_range           | 0.15        |
|    entropy_loss         | -43.5       |
|    explained_variance   | 0.815       |
|    learning_rate        | 0.0001      |
|    loss                 | -0.446      |
|    n_updates            | 3210        |
|    policy_gradient_loss | -0.0149     |
|    std                  | 3.25        |
|    value_loss           | 0.0284      |
-----------------------------------------
rollout mean regret: 0.00030570063972845674
-----------------------------------------
| rollout/                |             |
|    ep_len_mean          | 670         |
|    ep_rew_mean          | 4.24e+03    |
| time/                   |             |
|    fps                  | 981         |
|    iterations           | 216         |
|    time_elapsed         | 25242       |
|    total_timesteps      | 24772608    |
| train/                  |             |
|    approx_kl            | 0.018150615 |
|    clip_fraction        | 0.327       |
|    clip_range           | 0.15        |
|    entropy_loss         | -43.6       |
|    explained_variance   | 0.831       |
|    learning_rate        | 0.0001      |
|    loss                 | -0.444      |
|    n_updates            | 3225        |
|    policy_gradient_loss | -0.0154     |
|    std                  | 3.27        |
|    value_loss           | 0.0289      |
-----------------------------------------
rollout mean regret: 0.00027182724443264306
-----------------------------------------
| rollout/                |             |
|    ep_len_mean          | 628         |
|    ep_rew_mean          | 3.98e+03    |
| time/                   |             |
|    fps                  | 981         |
|    iterations           | 217         |
|    time_elapsed         | 25356       |
|    total_timesteps      | 24887296    |
| train/                  |             |
|    approx_kl            | 0.018221378 |
|    clip_fraction        | 0.324       |
|    clip_range           | 0.15        |
|    entropy_loss         | -43.7       |
|    explained_variance   | 0.822       |
|    learning_rate        | 0.0001      |
|    loss                 | -0.448      |
|    n_updates            | 3240        |
|    policy_gradient_loss | -0.0151     |
|    std                  | 3.29        |
|    value_loss           | 0.0304      |
-----------------------------------------
Eval num_timesteps=24999800, episode_reward=5220.01 +/- 34.20
Episode length: 814.40 +/- 6.95
-----------------------------------------
| eval/                   |             |
|    mean_ep_length       | 814         |
|    mean_reward          | 5.22e+03    |
| time/                   |             |
|    total_timesteps      | 24999800    |
| train/                  |             |
|    approx_kl            | 0.017893821 |
|    clip_fraction        | 0.322       |
|    clip_range           | 0.15        |
|    entropy_loss         | -43.9       |
|    explained_variance   | 0.829       |
|    learning_rate        | 0.0001      |
|    loss                 | -0.426      |
|    n_updates            | 3255        |
|    policy_gradient_loss | -0.0154     |
|    std                  | 3.32        |
|    value_loss           | 0.0283      |
-----------------------------------------
rollout mean regret: -0.00042033163481391966
---------------------------------
| rollout/           |          |
|    ep_len_mean     | 666      |
|    ep_rew_mean     | 4.24e+03 |
| time/              |          |
|    fps             | 981      |
|    iterations      | 218      |
|    time_elapsed    | 25474    |
|    total_timesteps | 25001984 |
---------------------------------
