==== CPU INFO ====
SLURM_CPUS_ON_NODE: 14
SLURM_CPUS_PER_TASK: 14
CPU affinity: [0, 1, 2, 3, 4, 5, 6, 8, 9, 10, 11, 12, 13, 14]
Usable cores: 14
os.cpu_count(): 16
===================
Logging to runs/humanoid-v5_ppo_lr1e-04_seed0_20251210-174555/logs/PPO_1
---------------------------------
| rollout/           |          |
|    ep_len_mean     | 582      |
|    ep_rew_mean     | 3.78e+03 |
| time/              |          |
|    fps             | 1054     |
|    iterations      | 1        |
|    time_elapsed    | 108      |
|    total_timesteps | 114688   |
---------------------------------
-----------------------------------------
| rollout/                |             |
|    ep_len_mean          | 557         |
|    ep_rew_mean          | 3.65e+03    |
| time/                   |             |
|    fps                  | 955         |
|    iterations           | 2           |
|    time_elapsed         | 240         |
|    total_timesteps      | 229376      |
| train/                  |             |
|    approx_kl            | 0.020265669 |
|    clip_fraction        | 0.349       |
|    clip_range           | 0.15        |
|    entropy_loss         | -37         |
|    explained_variance   | 0.831       |
|    learning_rate        | 0.0001      |
|    loss                 | -0.338      |
|    n_updates            | 2640        |
|    policy_gradient_loss | -0.0157     |
|    std                  | 2.19        |
|    value_loss           | 0.03        |
-----------------------------------------
-----------------------------------------
| rollout/                |             |
|    ep_len_mean          | 552         |
|    ep_rew_mean          | 3.61e+03    |
| time/                   |             |
|    fps                  | 926         |
|    iterations           | 3           |
|    time_elapsed         | 371         |
|    total_timesteps      | 344064      |
| train/                  |             |
|    approx_kl            | 0.020023193 |
|    clip_fraction        | 0.345       |
|    clip_range           | 0.15        |
|    entropy_loss         | -37.1       |
|    explained_variance   | 0.846       |
|    learning_rate        | 0.0001      |
|    loss                 | -0.32       |
|    n_updates            | 2655        |
|    policy_gradient_loss | -0.0166     |
|    std                  | 2.21        |
|    value_loss           | 0.0298      |
-----------------------------------------
-----------------------------------------
| rollout/                |             |
|    ep_len_mean          | 576         |
|    ep_rew_mean          | 3.76e+03    |
| time/                   |             |
|    fps                  | 913         |
|    iterations           | 4           |
|    time_elapsed         | 502         |
|    total_timesteps      | 458752      |
| train/                  |             |
|    approx_kl            | 0.020170245 |
|    clip_fraction        | 0.353       |
|    clip_range           | 0.15        |
|    entropy_loss         | -37.2       |
|    explained_variance   | 0.814       |
|    learning_rate        | 0.0001      |
|    loss                 | -0.383      |
|    n_updates            | 2670        |
|    policy_gradient_loss | -0.016      |
|    std                  | 2.22        |
|    value_loss           | 0.0328      |
-----------------------------------------
Eval num_timesteps=499996, episode_reward=4326.32 +/- 763.04
Episode length: 642.40 +/- 108.44
-----------------------------------------
| eval/                   |             |
|    mean_ep_length       | 642         |
|    mean_reward          | 4.33e+03    |
| time/                   |             |
|    total_timesteps      | 499996      |
| train/                  |             |
|    approx_kl            | 0.020371672 |
|    clip_fraction        | 0.352       |
|    clip_range           | 0.15        |
|    entropy_loss         | -37.4       |
|    explained_variance   | 0.83        |
|    learning_rate        | 0.0001      |
|    loss                 | -0.375      |
|    n_updates            | 2685        |
|    policy_gradient_loss | -0.0158     |
|    std                  | 2.24        |
|    value_loss           | 0.0315      |
-----------------------------------------
New best mean reward!
---------------------------------
| rollout/           |          |
|    ep_len_mean     | 553      |
|    ep_rew_mean     | 3.62e+03 |
| time/              |          |
|    fps             | 898      |
|    iterations      | 5        |
|    time_elapsed    | 638      |
|    total_timesteps | 573440   |
---------------------------------
-----------------------------------------
| rollout/                |             |
|    ep_len_mean          | 562         |
|    ep_rew_mean          | 3.69e+03    |
| time/                   |             |
|    fps                  | 895         |
|    iterations           | 6           |
|    time_elapsed         | 768         |
|    total_timesteps      | 688128      |
| train/                  |             |
|    approx_kl            | 0.020109912 |
|    clip_fraction        | 0.349       |
|    clip_range           | 0.15        |
|    entropy_loss         | -37.5       |
|    explained_variance   | 0.837       |
|    learning_rate        | 0.0001      |
|    loss                 | -0.382      |
|    n_updates            | 2700        |
|    policy_gradient_loss | -0.0158     |
|    std                  | 2.26        |
|    value_loss           | 0.0318      |
-----------------------------------------
-----------------------------------------
| rollout/                |             |
|    ep_len_mean          | 571         |
|    ep_rew_mean          | 3.75e+03    |
| time/                   |             |
|    fps                  | 893         |
|    iterations           | 7           |
|    time_elapsed         | 898         |
|    total_timesteps      | 802816      |
| train/                  |             |
|    approx_kl            | 0.020518824 |
|    clip_fraction        | 0.353       |
|    clip_range           | 0.15        |
|    entropy_loss         | -37.6       |
|    explained_variance   | 0.827       |
|    learning_rate        | 0.0001      |
|    loss                 | -0.382      |
|    n_updates            | 2715        |
|    policy_gradient_loss | -0.0159     |
|    std                  | 2.28        |
|    value_loss           | 0.0306      |
-----------------------------------------
-----------------------------------------
| rollout/                |             |
|    ep_len_mean          | 586         |
|    ep_rew_mean          | 3.83e+03    |
| time/                   |             |
|    fps                  | 892         |
|    iterations           | 8           |
|    time_elapsed         | 1027        |
|    total_timesteps      | 917504      |
| train/                  |             |
|    approx_kl            | 0.019689005 |
|    clip_fraction        | 0.347       |
|    clip_range           | 0.15        |
|    entropy_loss         | -37.8       |
|    explained_variance   | 0.843       |
|    learning_rate        | 0.0001      |
|    loss                 | -0.363      |
|    n_updates            | 2730        |
|    policy_gradient_loss | -0.016      |
|    std                  | 2.29        |
|    value_loss           | 0.0292      |
-----------------------------------------
Eval num_timesteps=999992, episode_reward=4748.84 +/- 62.51
Episode length: 706.40 +/- 13.41
-----------------------------------------
| eval/                   |             |
|    mean_ep_length       | 706         |
|    mean_reward          | 4.75e+03    |
| time/                   |             |
|    total_timesteps      | 999992      |
| train/                  |             |
|    approx_kl            | 0.019604579 |
|    clip_fraction        | 0.347       |
|    clip_range           | 0.15        |
|    entropy_loss         | -37.9       |
|    explained_variance   | 0.823       |
|    learning_rate        | 0.0001      |
|    loss                 | -0.367      |
|    n_updates            | 2745        |
|    policy_gradient_loss | -0.0155     |
|    std                  | 2.31        |
|    value_loss           | 0.0315      |
-----------------------------------------
New best mean reward!
---------------------------------
| rollout/           |          |
|    ep_len_mean     | 574      |
|    ep_rew_mean     | 3.75e+03 |
| time/              |          |
|    fps             | 886      |
|    iterations      | 9        |
|    time_elapsed    | 1163     |
|    total_timesteps | 1032192  |
---------------------------------
----------------------------------------
| rollout/                |            |
|    ep_len_mean          | 536        |
|    ep_rew_mean          | 3.51e+03   |
| time/                   |            |
|    fps                  | 885        |
|    iterations           | 10         |
|    time_elapsed         | 1294       |
|    total_timesteps      | 1146880    |
| train/                  |            |
|    approx_kl            | 0.01951832 |
|    clip_fraction        | 0.345      |
|    clip_range           | 0.15       |
|    entropy_loss         | -38        |
|    explained_variance   | 0.825      |
|    learning_rate        | 0.0001     |
|    loss                 | -0.385     |
|    n_updates            | 2760       |
|    policy_gradient_loss | -0.0158    |
|    std                  | 2.33       |
|    value_loss           | 0.0296     |
----------------------------------------
-----------------------------------------
| rollout/                |             |
|    ep_len_mean          | 613         |
|    ep_rew_mean          | 4.04e+03    |
| time/                   |             |
|    fps                  | 884         |
|    iterations           | 11          |
|    time_elapsed         | 1426        |
|    total_timesteps      | 1261568     |
| train/                  |             |
|    approx_kl            | 0.020120075 |
|    clip_fraction        | 0.349       |
|    clip_range           | 0.15        |
|    entropy_loss         | -38.1       |
|    explained_variance   | 0.843       |
|    learning_rate        | 0.0001      |
|    loss                 | -0.366      |
|    n_updates            | 2775        |
|    policy_gradient_loss | -0.0161     |
|    std                  | 2.35        |
|    value_loss           | 0.0318      |
-----------------------------------------
-----------------------------------------
| rollout/                |             |
|    ep_len_mean          | 595         |
|    ep_rew_mean          | 3.92e+03    |
| time/                   |             |
|    fps                  | 884         |
|    iterations           | 12          |
|    time_elapsed         | 1556        |
|    total_timesteps      | 1376256     |
| train/                  |             |
|    approx_kl            | 0.019651512 |
|    clip_fraction        | 0.343       |
|    clip_range           | 0.15        |
|    entropy_loss         | -38.3       |
|    explained_variance   | 0.815       |
|    learning_rate        | 0.0001      |
|    loss                 | -0.402      |
|    n_updates            | 2790        |
|    policy_gradient_loss | -0.0155     |
|    std                  | 2.37        |
|    value_loss           | 0.0332      |
-----------------------------------------
-----------------------------------------
| rollout/                |             |
|    ep_len_mean          | 596         |
|    ep_rew_mean          | 3.92e+03    |
| time/                   |             |
|    fps                  | 883         |
|    iterations           | 13          |
|    time_elapsed         | 1688        |
|    total_timesteps      | 1490944     |
| train/                  |             |
|    approx_kl            | 0.020078007 |
|    clip_fraction        | 0.345       |
|    clip_range           | 0.15        |
|    entropy_loss         | -38.4       |
|    explained_variance   | 0.818       |
|    learning_rate        | 0.0001      |
|    loss                 | -0.369      |
|    n_updates            | 2805        |
|    policy_gradient_loss | -0.0164     |
|    std                  | 2.38        |
|    value_loss           | 0.033       |
-----------------------------------------
Eval num_timesteps=1499988, episode_reward=4791.15 +/- 59.44
Episode length: 714.60 +/- 11.27
-----------------------------------------
| eval/                   |             |
|    mean_ep_length       | 715         |
|    mean_reward          | 4.79e+03    |
| time/                   |             |
|    total_timesteps      | 1499988     |
| train/                  |             |
|    approx_kl            | 0.019746002 |
|    clip_fraction        | 0.344       |
|    clip_range           | 0.15        |
|    entropy_loss         | -38.5       |
|    explained_variance   | 0.808       |
|    learning_rate        | 0.0001      |
|    loss                 | -0.38       |
|    n_updates            | 2820        |
|    policy_gradient_loss | -0.0158     |
|    std                  | 2.4         |
|    value_loss           | 0.0332      |
-----------------------------------------
New best mean reward!
---------------------------------
| rollout/           |          |
|    ep_len_mean     | 566      |
|    ep_rew_mean     | 3.73e+03 |
| time/              |          |
|    fps             | 880      |
|    iterations      | 14       |
|    time_elapsed    | 1823     |
|    total_timesteps | 1605632  |
---------------------------------
-----------------------------------------
| rollout/                |             |
|    ep_len_mean          | 577         |
|    ep_rew_mean          | 3.8e+03     |
| time/                   |             |
|    fps                  | 880         |
|    iterations           | 15          |
|    time_elapsed         | 1953        |
|    total_timesteps      | 1720320     |
| train/                  |             |
|    approx_kl            | 0.019471973 |
|    clip_fraction        | 0.343       |
|    clip_range           | 0.15        |
|    entropy_loss         | -38.6       |
|    explained_variance   | 0.824       |
|    learning_rate        | 0.0001      |
|    loss                 | -0.389      |
|    n_updates            | 2835        |
|    policy_gradient_loss | -0.016      |
|    std                  | 2.41        |
|    value_loss           | 0.0317      |
-----------------------------------------
-----------------------------------------
| rollout/                |             |
|    ep_len_mean          | 579         |
|    ep_rew_mean          | 3.82e+03    |
| time/                   |             |
|    fps                  | 880         |
|    iterations           | 16          |
|    time_elapsed         | 2083        |
|    total_timesteps      | 1835008     |
| train/                  |             |
|    approx_kl            | 0.019638518 |
|    clip_fraction        | 0.348       |
|    clip_range           | 0.15        |
|    entropy_loss         | -38.7       |
|    explained_variance   | 0.825       |
|    learning_rate        | 0.0001      |
|    loss                 | -0.337      |
|    n_updates            | 2850        |
|    policy_gradient_loss | -0.0162     |
|    std                  | 2.43        |
|    value_loss           | 0.0318      |
-----------------------------------------
-----------------------------------------
| rollout/                |             |
|    ep_len_mean          | 577         |
|    ep_rew_mean          | 3.83e+03    |
| time/                   |             |
|    fps                  | 880         |
|    iterations           | 17          |
|    time_elapsed         | 2214        |
|    total_timesteps      | 1949696     |
| train/                  |             |
|    approx_kl            | 0.019649979 |
|    clip_fraction        | 0.345       |
|    clip_range           | 0.15        |
|    entropy_loss         | -38.8       |
|    explained_variance   | 0.83        |
|    learning_rate        | 0.0001      |
|    loss                 | -0.389      |
|    n_updates            | 2865        |
|    policy_gradient_loss | -0.0164     |
|    std                  | 2.45        |
|    value_loss           | 0.0316      |
-----------------------------------------
Eval num_timesteps=1999984, episode_reward=4721.13 +/- 57.28
Episode length: 701.00 +/- 11.64
-----------------------------------------
| eval/                   |             |
|    mean_ep_length       | 701         |
|    mean_reward          | 4.72e+03    |
| time/                   |             |
|    total_timesteps      | 1999984     |
| train/                  |             |
|    approx_kl            | 0.019554038 |
|    clip_fraction        | 0.343       |
|    clip_range           | 0.15        |
|    entropy_loss         | -39         |
|    explained_variance   | 0.821       |
|    learning_rate        | 0.0001      |
|    loss                 | -0.364      |
|    n_updates            | 2880        |
|    policy_gradient_loss | -0.016      |
|    std                  | 2.47        |
|    value_loss           | 0.0331      |
-----------------------------------------
---------------------------------
| rollout/           |          |
|    ep_len_mean     | 586      |
|    ep_rew_mean     | 3.89e+03 |
| time/              |          |
|    fps             | 878      |
|    iterations      | 18       |
|    time_elapsed    | 2350     |
|    total_timesteps | 2064384  |
---------------------------------
-----------------------------------------
| rollout/                |             |
|    ep_len_mean          | 572         |
|    ep_rew_mean          | 3.8e+03     |
| time/                   |             |
|    fps                  | 878         |
|    iterations           | 19          |
|    time_elapsed         | 2480        |
|    total_timesteps      | 2179072     |
| train/                  |             |
|    approx_kl            | 0.019569406 |
|    clip_fraction        | 0.345       |
|    clip_range           | 0.15        |
|    entropy_loss         | -39.1       |
|    explained_variance   | 0.816       |
|    learning_rate        | 0.0001      |
|    loss                 | -0.377      |
|    n_updates            | 2895        |
|    policy_gradient_loss | -0.0151     |
|    std                  | 2.49        |
|    value_loss           | 0.0316      |
-----------------------------------------
-----------------------------------------
| rollout/                |             |
|    ep_len_mean          | 579         |
|    ep_rew_mean          | 3.84e+03    |
| time/                   |             |
|    fps                  | 878         |
|    iterations           | 20          |
|    time_elapsed         | 2611        |
|    total_timesteps      | 2293760     |
| train/                  |             |
|    approx_kl            | 0.020419687 |
|    clip_fraction        | 0.35        |
|    clip_range           | 0.15        |
|    entropy_loss         | -39.2       |
|    explained_variance   | 0.818       |
|    learning_rate        | 0.0001      |
|    loss                 | -0.359      |
|    n_updates            | 2910        |
|    policy_gradient_loss | -0.0158     |
|    std                  | 2.51        |
|    value_loss           | 0.032       |
-----------------------------------------
----------------------------------------
| rollout/                |            |
|    ep_len_mean          | 564        |
|    ep_rew_mean          | 3.74e+03   |
| time/                   |            |
|    fps                  | 878        |
|    iterations           | 21         |
|    time_elapsed         | 2740       |
|    total_timesteps      | 2408448    |
| train/                  |            |
|    approx_kl            | 0.01912063 |
|    clip_fraction        | 0.342      |
|    clip_range           | 0.15       |
|    entropy_loss         | -39.4      |
|    explained_variance   | 0.818      |
|    learning_rate        | 0.0001     |
|    loss                 | -0.379     |
|    n_updates            | 2925       |
|    policy_gradient_loss | -0.0157    |
|    std                  | 2.53       |
|    value_loss           | 0.0303     |
----------------------------------------
Eval num_timesteps=2499980, episode_reward=4670.81 +/- 74.78
Episode length: 690.20 +/- 13.88
-----------------------------------------
| eval/                   |             |
|    mean_ep_length       | 690         |
|    mean_reward          | 4.67e+03    |
| time/                   |             |
|    total_timesteps      | 2499980     |
| train/                  |             |
|    approx_kl            | 0.019890402 |
|    clip_fraction        | 0.345       |
|    clip_range           | 0.15        |
|    entropy_loss         | -39.5       |
|    explained_variance   | 0.818       |
|    learning_rate        | 0.0001      |
|    loss                 | -0.383      |
|    n_updates            | 2940        |
|    policy_gradient_loss | -0.0158     |
|    std                  | 2.55        |
|    value_loss           | 0.0329      |
-----------------------------------------
---------------------------------
| rollout/           |          |
|    ep_len_mean     | 552      |
|    ep_rew_mean     | 3.66e+03 |
| time/              |          |
|    fps             | 876      |
|    iterations      | 22       |
|    time_elapsed    | 2877     |
|    total_timesteps | 2523136  |
---------------------------------
-----------------------------------------
| rollout/                |             |
|    ep_len_mean          | 514         |
|    ep_rew_mean          | 3.41e+03    |
| time/                   |             |
|    fps                  | 877         |
|    iterations           | 23          |
|    time_elapsed         | 3006        |
|    total_timesteps      | 2637824     |
| train/                  |             |
|    approx_kl            | 0.019857066 |
|    clip_fraction        | 0.343       |
|    clip_range           | 0.15        |
|    entropy_loss         | -39.6       |
|    explained_variance   | 0.816       |
|    learning_rate        | 0.0001      |
|    loss                 | -0.386      |
|    n_updates            | 2955        |
|    policy_gradient_loss | -0.0159     |
|    std                  | 2.57        |
|    value_loss           | 0.0331      |
-----------------------------------------
-----------------------------------------
| rollout/                |             |
|    ep_len_mean          | 572         |
|    ep_rew_mean          | 3.82e+03    |
| time/                   |             |
|    fps                  | 877         |
|    iterations           | 24          |
|    time_elapsed         | 3138        |
|    total_timesteps      | 2752512     |
| train/                  |             |
|    approx_kl            | 0.019582173 |
|    clip_fraction        | 0.339       |
|    clip_range           | 0.15        |
|    entropy_loss         | -39.7       |
|    explained_variance   | 0.834       |
|    learning_rate        | 0.0001      |
|    loss                 | -0.385      |
|    n_updates            | 2970        |
|    policy_gradient_loss | -0.016      |
|    std                  | 2.59        |
|    value_loss           | 0.0322      |
-----------------------------------------
-----------------------------------------
| rollout/                |             |
|    ep_len_mean          | 524         |
|    ep_rew_mean          | 3.48e+03    |
| time/                   |             |
|    fps                  | 877         |
|    iterations           | 25          |
|    time_elapsed         | 3268        |
|    total_timesteps      | 2867200     |
| train/                  |             |
|    approx_kl            | 0.019275201 |
|    clip_fraction        | 0.339       |
|    clip_range           | 0.15        |
|    entropy_loss         | -39.9       |
|    explained_variance   | 0.83        |
|    learning_rate        | 0.0001      |
|    loss                 | -0.391      |
|    n_updates            | 2985        |
|    policy_gradient_loss | -0.0158     |
|    std                  | 2.61        |
|    value_loss           | 0.0328      |
-----------------------------------------
-----------------------------------------
| rollout/                |             |
|    ep_len_mean          | 542         |
|    ep_rew_mean          | 3.59e+03    |
| time/                   |             |
|    fps                  | 877         |
|    iterations           | 26          |
|    time_elapsed         | 3397        |
|    total_timesteps      | 2981888     |
| train/                  |             |
|    approx_kl            | 0.019530917 |
|    clip_fraction        | 0.337       |
|    clip_range           | 0.15        |
|    entropy_loss         | -40         |
|    explained_variance   | 0.828       |
|    learning_rate        | 0.0001      |
|    loss                 | -0.39       |
|    n_updates            | 3000        |
|    policy_gradient_loss | -0.0163     |
|    std                  | 2.63        |
|    value_loss           | 0.034       |
-----------------------------------------
Eval num_timesteps=2999976, episode_reward=4692.87 +/- 33.80
Episode length: 693.40 +/- 9.31
-----------------------------------------
| eval/                   |             |
|    mean_ep_length       | 693         |
|    mean_reward          | 4.69e+03    |
| time/                   |             |
|    total_timesteps      | 2999976     |
| train/                  |             |
|    approx_kl            | 0.019246731 |
|    clip_fraction        | 0.336       |
|    clip_range           | 0.15        |
|    entropy_loss         | -40.1       |
|    explained_variance   | 0.82        |
|    learning_rate        | 0.0001      |
|    loss                 | -0.374      |
|    n_updates            | 3015        |
|    policy_gradient_loss | -0.0159     |
|    std                  | 2.64        |
|    value_loss           | 0.0337      |
-----------------------------------------
---------------------------------
| rollout/           |          |
|    ep_len_mean     | 586      |
|    ep_rew_mean     | 3.91e+03 |
| time/              |          |
|    fps             | 876      |
|    iterations      | 27       |
|    time_elapsed    | 3533     |
|    total_timesteps | 3096576  |
---------------------------------
-----------------------------------------
| rollout/                |             |
|    ep_len_mean          | 584         |
|    ep_rew_mean          | 3.89e+03    |
| time/                   |             |
|    fps                  | 876         |
|    iterations           | 28          |
|    time_elapsed         | 3664        |
|    total_timesteps      | 3211264     |
| train/                  |             |
|    approx_kl            | 0.018955782 |
|    clip_fraction        | 0.337       |
|    clip_range           | 0.15        |
|    entropy_loss         | -40.2       |
|    explained_variance   | 0.819       |
|    learning_rate        | 0.0001      |
|    loss                 | -0.389      |
|    n_updates            | 3030        |
|    policy_gradient_loss | -0.0156     |
|    std                  | 2.67        |
|    value_loss           | 0.0307      |
-----------------------------------------
-----------------------------------------
| rollout/                |             |
|    ep_len_mean          | 538         |
|    ep_rew_mean          | 3.57e+03    |
| time/                   |             |
|    fps                  | 876         |
|    iterations           | 29          |
|    time_elapsed         | 3794        |
|    total_timesteps      | 3325952     |
| train/                  |             |
|    approx_kl            | 0.019798262 |
|    clip_fraction        | 0.341       |
|    clip_range           | 0.15        |
|    entropy_loss         | -40.4       |
|    explained_variance   | 0.818       |
|    learning_rate        | 0.0001      |
|    loss                 | -0.392      |
|    n_updates            | 3045        |
|    policy_gradient_loss | -0.016      |
|    std                  | 2.69        |
|    value_loss           | 0.0326      |
-----------------------------------------
-----------------------------------------
| rollout/                |             |
|    ep_len_mean          | 517         |
|    ep_rew_mean          | 3.43e+03    |
| time/                   |             |
|    fps                  | 876         |
|    iterations           | 30          |
|    time_elapsed         | 3924        |
|    total_timesteps      | 3440640     |
| train/                  |             |
|    approx_kl            | 0.019476458 |
|    clip_fraction        | 0.335       |
|    clip_range           | 0.15        |
|    entropy_loss         | -40.5       |
|    explained_variance   | 0.827       |
|    learning_rate        | 0.0001      |
|    loss                 | -0.409      |
|    n_updates            | 3060        |
|    policy_gradient_loss | -0.0163     |
|    std                  | 2.71        |
|    value_loss           | 0.0328      |
-----------------------------------------
Eval num_timesteps=3499972, episode_reward=4620.99 +/- 32.89
Episode length: 680.20 +/- 6.71
-----------------------------------------
| eval/                   |             |
|    mean_ep_length       | 680         |
|    mean_reward          | 4.62e+03    |
| time/                   |             |
|    total_timesteps      | 3499972     |
| train/                  |             |
|    approx_kl            | 0.019979054 |
|    clip_fraction        | 0.342       |
|    clip_range           | 0.15        |
|    entropy_loss         | -40.6       |
|    explained_variance   | 0.821       |
|    learning_rate        | 0.0001      |
|    loss                 | -0.374      |
|    n_updates            | 3075        |
|    policy_gradient_loss | -0.0161     |
|    std                  | 2.73        |
|    value_loss           | 0.0336      |
-----------------------------------------
---------------------------------
| rollout/           |          |
|    ep_len_mean     | 545      |
|    ep_rew_mean     | 3.62e+03 |
| time/              |          |
|    fps             | 875      |
|    iterations      | 31       |
|    time_elapsed    | 4060     |
|    total_timesteps | 3555328  |
---------------------------------
-----------------------------------------
| rollout/                |             |
|    ep_len_mean          | 577         |
|    ep_rew_mean          | 3.84e+03    |
| time/                   |             |
|    fps                  | 875         |
|    iterations           | 32          |
|    time_elapsed         | 4192        |
|    total_timesteps      | 3670016     |
| train/                  |             |
|    approx_kl            | 0.019101713 |
|    clip_fraction        | 0.335       |
|    clip_range           | 0.15        |
|    entropy_loss         | -40.7       |
|    explained_variance   | 0.834       |
|    learning_rate        | 0.0001      |
|    loss                 | -0.41       |
|    n_updates            | 3090        |
|    policy_gradient_loss | -0.0161     |
|    std                  | 2.75        |
|    value_loss           | 0.0313      |
-----------------------------------------
-----------------------------------------
| rollout/                |             |
|    ep_len_mean          | 571         |
|    ep_rew_mean          | 3.81e+03    |
| time/                   |             |
|    fps                  | 875         |
|    iterations           | 33          |
|    time_elapsed         | 4323        |
|    total_timesteps      | 3784704     |
| train/                  |             |
|    approx_kl            | 0.019059554 |
|    clip_fraction        | 0.334       |
|    clip_range           | 0.15        |
|    entropy_loss         | -40.9       |
|    explained_variance   | 0.816       |
|    learning_rate        | 0.0001      |
|    loss                 | -0.397      |
|    n_updates            | 3105        |
|    policy_gradient_loss | -0.0157     |
|    std                  | 2.77        |
|    value_loss           | 0.0331      |
-----------------------------------------
-----------------------------------------
| rollout/                |             |
|    ep_len_mean          | 538         |
|    ep_rew_mean          | 3.58e+03    |
| time/                   |             |
|    fps                  | 875         |
|    iterations           | 34          |
|    time_elapsed         | 4455        |
|    total_timesteps      | 3899392     |
| train/                  |             |
|    approx_kl            | 0.019274013 |
|    clip_fraction        | 0.339       |
|    clip_range           | 0.15        |
|    entropy_loss         | -41         |
|    explained_variance   | 0.804       |
|    learning_rate        | 0.0001      |
|    loss                 | -0.39       |
|    n_updates            | 3120        |
|    policy_gradient_loss | -0.0155     |
|    std                  | 2.79        |
|    value_loss           | 0.0346      |
-----------------------------------------
Eval num_timesteps=3999968, episode_reward=4613.63 +/- 71.14
Episode length: 678.00 +/- 13.89
-----------------------------------------
| eval/                   |             |
|    mean_ep_length       | 678         |
|    mean_reward          | 4.61e+03    |
| time/                   |             |
|    total_timesteps      | 3999968     |
| train/                  |             |
|    approx_kl            | 0.019147208 |
|    clip_fraction        | 0.338       |
|    clip_range           | 0.15        |
|    entropy_loss         | -41.1       |
|    explained_variance   | 0.826       |
|    learning_rate        | 0.0001      |
|    loss                 | -0.399      |
|    n_updates            | 3135        |
|    policy_gradient_loss | -0.0164     |
|    std                  | 2.81        |
|    value_loss           | 0.0319      |
-----------------------------------------
---------------------------------
| rollout/           |          |
|    ep_len_mean     | 549      |
|    ep_rew_mean     | 3.66e+03 |
| time/              |          |
|    fps             | 874      |
|    iterations      | 35       |
|    time_elapsed    | 4591     |
|    total_timesteps | 4014080  |
---------------------------------
-----------------------------------------
| rollout/                |             |
|    ep_len_mean          | 556         |
|    ep_rew_mean          | 3.75e+03    |
| time/                   |             |
|    fps                  | 874         |
|    iterations           | 36          |
|    time_elapsed         | 4722        |
|    total_timesteps      | 4128768     |
| train/                  |             |
|    approx_kl            | 0.019092342 |
|    clip_fraction        | 0.337       |
|    clip_range           | 0.15        |
|    entropy_loss         | -41.2       |
|    explained_variance   | 0.81        |
|    learning_rate        | 0.0001      |
|    loss                 | -0.388      |
|    n_updates            | 3150        |
|    policy_gradient_loss | -0.0159     |
|    std                  | 2.83        |
|    value_loss           | 0.0335      |
-----------------------------------------
-----------------------------------------
| rollout/                |             |
|    ep_len_mean          | 501         |
|    ep_rew_mean          | 3.36e+03    |
| time/                   |             |
|    fps                  | 874         |
|    iterations           | 37          |
|    time_elapsed         | 4852        |
|    total_timesteps      | 4243456     |
| train/                  |             |
|    approx_kl            | 0.019125596 |
|    clip_fraction        | 0.33        |
|    clip_range           | 0.15        |
|    entropy_loss         | -41.4       |
|    explained_variance   | 0.825       |
|    learning_rate        | 0.0001      |
|    loss                 | -0.398      |
|    n_updates            | 3165        |
|    policy_gradient_loss | -0.016      |
|    std                  | 2.85        |
|    value_loss           | 0.0332      |
-----------------------------------------
-----------------------------------------
| rollout/                |             |
|    ep_len_mean          | 536         |
|    ep_rew_mean          | 3.59e+03    |
| time/                   |             |
|    fps                  | 874         |
|    iterations           | 38          |
|    time_elapsed         | 4982        |
|    total_timesteps      | 4358144     |
| train/                  |             |
|    approx_kl            | 0.019193487 |
|    clip_fraction        | 0.335       |
|    clip_range           | 0.15        |
|    entropy_loss         | -41.5       |
|    explained_variance   | 0.83        |
|    learning_rate        | 0.0001      |
|    loss                 | -0.415      |
|    n_updates            | 3180        |
|    policy_gradient_loss | -0.0158     |
|    std                  | 2.88        |
|    value_loss           | 0.0341      |
-----------------------------------------
-----------------------------------------
| rollout/                |             |
|    ep_len_mean          | 520         |
|    ep_rew_mean          | 3.48e+03    |
| time/                   |             |
|    fps                  | 874         |
|    iterations           | 39          |
|    time_elapsed         | 5113        |
|    total_timesteps      | 4472832     |
| train/                  |             |
|    approx_kl            | 0.018836766 |
|    clip_fraction        | 0.331       |
|    clip_range           | 0.15        |
|    entropy_loss         | -41.6       |
|    explained_variance   | 0.82        |
|    learning_rate        | 0.0001      |
|    loss                 | -0.421      |
|    n_updates            | 3195        |
|    policy_gradient_loss | -0.0163     |
|    std                  | 2.89        |
|    value_loss           | 0.034       |
-----------------------------------------
Eval num_timesteps=4499964, episode_reward=4592.84 +/- 24.43
Episode length: 672.80 +/- 2.79
-----------------------------------------
| eval/                   |             |
|    mean_ep_length       | 673         |
|    mean_reward          | 4.59e+03    |
| time/                   |             |
|    total_timesteps      | 4499964     |
| train/                  |             |
|    approx_kl            | 0.019183451 |
|    clip_fraction        | 0.331       |
|    clip_range           | 0.15        |
|    entropy_loss         | -41.7       |
|    explained_variance   | 0.837       |
|    learning_rate        | 0.0001      |
|    loss                 | -0.418      |
|    n_updates            | 3210        |
|    policy_gradient_loss | -0.0163     |
|    std                  | 2.91        |
|    value_loss           | 0.0335      |
-----------------------------------------
---------------------------------
| rollout/           |          |
|    ep_len_mean     | 555      |
|    ep_rew_mean     | 3.72e+03 |
| time/              |          |
|    fps             | 873      |
|    iterations      | 40       |
|    time_elapsed    | 5248     |
|    total_timesteps | 4587520  |
---------------------------------
-----------------------------------------
| rollout/                |             |
|    ep_len_mean          | 557         |
|    ep_rew_mean          | 3.73e+03    |
| time/                   |             |
|    fps                  | 873         |
|    iterations           | 41          |
|    time_elapsed         | 5380        |
|    total_timesteps      | 4702208     |
| train/                  |             |
|    approx_kl            | 0.018897206 |
|    clip_fraction        | 0.332       |
|    clip_range           | 0.15        |
|    entropy_loss         | -41.8       |
|    explained_variance   | 0.816       |
|    learning_rate        | 0.0001      |
|    loss                 | -0.421      |
|    n_updates            | 3225        |
|    policy_gradient_loss | -0.0165     |
|    std                  | 2.93        |
|    value_loss           | 0.0334      |
-----------------------------------------
-----------------------------------------
| rollout/                |             |
|    ep_len_mean          | 522         |
|    ep_rew_mean          | 3.5e+03     |
| time/                   |             |
|    fps                  | 873         |
|    iterations           | 42          |
|    time_elapsed         | 5511        |
|    total_timesteps      | 4816896     |
| train/                  |             |
|    approx_kl            | 0.019327763 |
|    clip_fraction        | 0.336       |
|    clip_range           | 0.15        |
|    entropy_loss         | -41.9       |
|    explained_variance   | 0.81        |
|    learning_rate        | 0.0001      |
|    loss                 | -0.398      |
|    n_updates            | 3240        |
|    policy_gradient_loss | -0.0161     |
|    std                  | 2.96        |
|    value_loss           | 0.0355      |
-----------------------------------------
---------------------------------------
| rollout/                |           |
|    ep_len_mean          | 536       |
|    ep_rew_mean          | 3.61e+03  |
| time/                   |           |
|    fps                  | 873       |
|    iterations           | 43        |
|    time_elapsed         | 5642      |
|    total_timesteps      | 4931584   |
| train/                  |           |
|    approx_kl            | 0.0188069 |
|    clip_fraction        | 0.331     |
|    clip_range           | 0.15      |
|    entropy_loss         | -42.1     |
|    explained_variance   | 0.827     |
|    learning_rate        | 0.0001    |
|    loss                 | -0.431    |
|    n_updates            | 3255      |
|    policy_gradient_loss | -0.016    |
|    std                  | 2.98      |
|    value_loss           | 0.0338    |
---------------------------------------
Eval num_timesteps=4999960, episode_reward=4518.96 +/- 33.49
Episode length: 657.40 +/- 7.12
----------------------------------------
| eval/                   |            |
|    mean_ep_length       | 657        |
|    mean_reward          | 4.52e+03   |
| time/                   |            |
|    total_timesteps      | 4999960    |
| train/                  |            |
|    approx_kl            | 0.01907854 |
|    clip_fraction        | 0.331      |
|    clip_range           | 0.15       |
|    entropy_loss         | -42.2      |
|    explained_variance   | 0.818      |
|    learning_rate        | 0.0001     |
|    loss                 | -0.438     |
|    n_updates            | 3270       |
|    policy_gradient_loss | -0.016     |
|    std                  | 3          |
|    value_loss           | 0.0346     |
----------------------------------------
---------------------------------
| rollout/           |          |
|    ep_len_mean     | 557      |
|    ep_rew_mean     | 3.77e+03 |
| time/              |          |
|    fps             | 873      |
|    iterations      | 44       |
|    time_elapsed    | 5778     |
|    total_timesteps | 5046272  |
---------------------------------
-----------------------------------------
| rollout/                |             |
|    ep_len_mean          | 557         |
|    ep_rew_mean          | 3.75e+03    |
| time/                   |             |
|    fps                  | 873         |
|    iterations           | 45          |
|    time_elapsed         | 5910        |
|    total_timesteps      | 5160960     |
| train/                  |             |
|    approx_kl            | 0.018964631 |
|    clip_fraction        | 0.333       |
|    clip_range           | 0.15        |
|    entropy_loss         | -42.3       |
|    explained_variance   | 0.806       |
|    learning_rate        | 0.0001      |
|    loss                 | -0.4        |
|    n_updates            | 3285        |
|    policy_gradient_loss | -0.0163     |
|    std                  | 3.02        |
|    value_loss           | 0.0357      |
-----------------------------------------
----------------------------------------
| rollout/                |            |
|    ep_len_mean          | 558        |
|    ep_rew_mean          | 3.76e+03   |
| time/                   |            |
|    fps                  | 873        |
|    iterations           | 46         |
|    time_elapsed         | 6040       |
|    total_timesteps      | 5275648    |
| train/                  |            |
|    approx_kl            | 0.01879458 |
|    clip_fraction        | 0.33       |
|    clip_range           | 0.15       |
|    entropy_loss         | -42.4      |
|    explained_variance   | 0.823      |
|    learning_rate        | 0.0001     |
|    loss                 | -0.414     |
|    n_updates            | 3300       |
|    policy_gradient_loss | -0.0165    |
|    std                  | 3.04       |
|    value_loss           | 0.0338     |
----------------------------------------
----------------------------------------
| rollout/                |            |
|    ep_len_mean          | 520        |
|    ep_rew_mean          | 3.51e+03   |
| time/                   |            |
|    fps                  | 873        |
|    iterations           | 47         |
|    time_elapsed         | 6171       |
|    total_timesteps      | 5390336    |
| train/                  |            |
|    approx_kl            | 0.01887331 |
|    clip_fraction        | 0.334      |
|    clip_range           | 0.15       |
|    entropy_loss         | -42.5      |
|    explained_variance   | 0.788      |
|    learning_rate        | 0.0001     |
|    loss                 | -0.419     |
|    n_updates            | 3315       |
|    policy_gradient_loss | -0.0158    |
|    std                  | 3.06       |
|    value_loss           | 0.0361     |
----------------------------------------
Eval num_timesteps=5499956, episode_reward=4516.72 +/- 51.23
Episode length: 659.40 +/- 9.89
----------------------------------------
| eval/                   |            |
|    mean_ep_length       | 659        |
|    mean_reward          | 4.52e+03   |
| time/                   |            |
|    total_timesteps      | 5499956    |
| train/                  |            |
|    approx_kl            | 0.01903319 |
|    clip_fraction        | 0.333      |
|    clip_range           | 0.15       |
|    entropy_loss         | -42.6      |
|    explained_variance   | 0.804      |
|    learning_rate        | 0.0001     |
|    loss                 | -0.423     |
|    n_updates            | 3330       |
|    policy_gradient_loss | -0.0161    |
|    std                  | 3.08       |
|    value_loss           | 0.0355     |
----------------------------------------
---------------------------------
| rollout/           |          |
|    ep_len_mean     | 540      |
|    ep_rew_mean     | 3.64e+03 |
| time/              |          |
|    fps             | 872      |
|    iterations      | 48       |
|    time_elapsed    | 6306     |
|    total_timesteps | 5505024  |
---------------------------------
-----------------------------------------
| rollout/                |             |
|    ep_len_mean          | 544         |
|    ep_rew_mean          | 3.66e+03    |
| time/                   |             |
|    fps                  | 872         |
|    iterations           | 49          |
|    time_elapsed         | 6437        |
|    total_timesteps      | 5619712     |
| train/                  |             |
|    approx_kl            | 0.019122748 |
|    clip_fraction        | 0.333       |
|    clip_range           | 0.15        |
|    entropy_loss         | -42.7       |
|    explained_variance   | 0.811       |
|    learning_rate        | 0.0001      |
|    loss                 | -0.421      |
|    n_updates            | 3345        |
|    policy_gradient_loss | -0.0162     |
|    std                  | 3.1         |
|    value_loss           | 0.0352      |
-----------------------------------------
----------------------------------------
| rollout/                |            |
|    ep_len_mean          | 550        |
|    ep_rew_mean          | 3.72e+03   |
| time/                   |            |
|    fps                  | 873        |
|    iterations           | 50         |
|    time_elapsed         | 6567       |
|    total_timesteps      | 5734400    |
| train/                  |            |
|    approx_kl            | 0.01952864 |
|    clip_fraction        | 0.335      |
|    clip_range           | 0.15       |
|    entropy_loss         | -42.8      |
|    explained_variance   | 0.811      |
|    learning_rate        | 0.0001     |
|    loss                 | -0.414     |
|    n_updates            | 3360       |
|    policy_gradient_loss | -0.0158    |
|    std                  | 3.13       |
|    value_loss           | 0.0348     |
----------------------------------------
-----------------------------------------
| rollout/                |             |
|    ep_len_mean          | 519         |
|    ep_rew_mean          | 3.5e+03     |
| time/                   |             |
|    fps                  | 873         |
|    iterations           | 51          |
|    time_elapsed         | 6698        |
|    total_timesteps      | 5849088     |
| train/                  |             |
|    approx_kl            | 0.018644836 |
|    clip_fraction        | 0.33        |
|    clip_range           | 0.15        |
|    entropy_loss         | -43         |
|    explained_variance   | 0.81        |
|    learning_rate        | 0.0001      |
|    loss                 | -0.421      |
|    n_updates            | 3375        |
|    policy_gradient_loss | -0.0161     |
|    std                  | 3.15        |
|    value_loss           | 0.0361      |
-----------------------------------------
-----------------------------------------
| rollout/                |             |
|    ep_len_mean          | 526         |
|    ep_rew_mean          | 3.56e+03    |
| time/                   |             |
|    fps                  | 873         |
|    iterations           | 52          |
|    time_elapsed         | 6830        |
|    total_timesteps      | 5963776     |
| train/                  |             |
|    approx_kl            | 0.018914055 |
|    clip_fraction        | 0.33        |
|    clip_range           | 0.15        |
|    entropy_loss         | -43.1       |
|    explained_variance   | 0.817       |
|    learning_rate        | 0.0001      |
|    loss                 | -0.43       |
|    n_updates            | 3390        |
|    policy_gradient_loss | -0.0161     |
|    std                  | 3.17        |
|    value_loss           | 0.0346      |
-----------------------------------------
Eval num_timesteps=5999952, episode_reward=4521.23 +/- 38.92
Episode length: 658.60 +/- 10.50
-----------------------------------------
| eval/                   |             |
|    mean_ep_length       | 659         |
|    mean_reward          | 4.52e+03    |
| time/                   |             |
|    total_timesteps      | 5999952     |
| train/                  |             |
|    approx_kl            | 0.018935649 |
|    clip_fraction        | 0.331       |
|    clip_range           | 0.15        |
|    entropy_loss         | -43.2       |
|    explained_variance   | 0.805       |
|    learning_rate        | 0.0001      |
|    loss                 | -0.436      |
|    n_updates            | 3405        |
|    policy_gradient_loss | -0.0162     |
|    std                  | 3.2         |
|    value_loss           | 0.0341      |
-----------------------------------------
---------------------------------
| rollout/           |          |
|    ep_len_mean     | 532      |
|    ep_rew_mean     | 3.58e+03 |
| time/              |          |
|    fps             | 872      |
|    iterations      | 53       |
|    time_elapsed    | 6966     |
|    total_timesteps | 6078464  |
---------------------------------
-----------------------------------------
| rollout/                |             |
|    ep_len_mean          | 553         |
|    ep_rew_mean          | 3.75e+03    |
| time/                   |             |
|    fps                  | 872         |
|    iterations           | 54          |
|    time_elapsed         | 7097        |
|    total_timesteps      | 6193152     |
| train/                  |             |
|    approx_kl            | 0.018684981 |
|    clip_fraction        | 0.326       |
|    clip_range           | 0.15        |
|    entropy_loss         | -43.3       |
|    explained_variance   | 0.824       |
|    learning_rate        | 0.0001      |
|    loss                 | -0.427      |
|    n_updates            | 3420        |
|    policy_gradient_loss | -0.016      |
|    std                  | 3.22        |
|    value_loss           | 0.033       |
-----------------------------------------
-----------------------------------------
| rollout/                |             |
|    ep_len_mean          | 539         |
|    ep_rew_mean          | 3.65e+03    |
| time/                   |             |
|    fps                  | 872         |
|    iterations           | 55          |
|    time_elapsed         | 7228        |
|    total_timesteps      | 6307840     |
| train/                  |             |
|    approx_kl            | 0.018761257 |
|    clip_fraction        | 0.329       |
|    clip_range           | 0.15        |
|    entropy_loss         | -43.4       |
|    explained_variance   | 0.81        |
|    learning_rate        | 0.0001      |
|    loss                 | -0.426      |
|    n_updates            | 3435        |
|    policy_gradient_loss | -0.0159     |
|    std                  | 3.24        |
|    value_loss           | 0.0361      |
-----------------------------------------
----------------------------------------
| rollout/                |            |
|    ep_len_mean          | 538        |
|    ep_rew_mean          | 3.66e+03   |
| time/                   |            |
|    fps                  | 872        |
|    iterations           | 56         |
|    time_elapsed         | 7357       |
|    total_timesteps      | 6422528    |
| train/                  |            |
|    approx_kl            | 0.01920433 |
|    clip_fraction        | 0.334      |
|    clip_range           | 0.15       |
|    entropy_loss         | -43.6      |
|    explained_variance   | 0.811      |
|    learning_rate        | 0.0001     |
|    loss                 | -0.429     |
|    n_updates            | 3450       |
|    policy_gradient_loss | -0.016     |
|    std                  | 3.27       |
|    value_loss           | 0.036      |
----------------------------------------
Eval num_timesteps=6499948, episode_reward=4531.75 +/- 34.72
Episode length: 660.60 +/- 7.06
----------------------------------------
| eval/                   |            |
|    mean_ep_length       | 661        |
|    mean_reward          | 4.53e+03   |
| time/                   |            |
|    total_timesteps      | 6499948    |
| train/                  |            |
|    approx_kl            | 0.01897992 |
|    clip_fraction        | 0.333      |
|    clip_range           | 0.15       |
|    entropy_loss         | -43.7      |
|    explained_variance   | 0.8        |
|    learning_rate        | 0.0001     |
|    loss                 | -0.428     |
|    n_updates            | 3465       |
|    policy_gradient_loss | -0.0157    |
|    std                  | 3.29       |
|    value_loss           | 0.0366     |
----------------------------------------
---------------------------------
| rollout/           |          |
|    ep_len_mean     | 544      |
|    ep_rew_mean     | 3.69e+03 |
| time/              |          |
|    fps             | 872      |
|    iterations      | 57       |
|    time_elapsed    | 7493     |
|    total_timesteps | 6537216  |
---------------------------------
-----------------------------------------
| rollout/                |             |
|    ep_len_mean          | 552         |
|    ep_rew_mean          | 3.76e+03    |
| time/                   |             |
|    fps                  | 872         |
|    iterations           | 58          |
|    time_elapsed         | 7624        |
|    total_timesteps      | 6651904     |
| train/                  |             |
|    approx_kl            | 0.019267568 |
|    clip_fraction        | 0.334       |
|    clip_range           | 0.15        |
|    entropy_loss         | -43.8       |
|    explained_variance   | 0.798       |
|    learning_rate        | 0.0001      |
|    loss                 | -0.436      |
|    n_updates            | 3480        |
|    policy_gradient_loss | -0.0159     |
|    std                  | 3.32        |
|    value_loss           | 0.0355      |
-----------------------------------------
-----------------------------------------
| rollout/                |             |
|    ep_len_mean          | 534         |
|    ep_rew_mean          | 3.62e+03    |
| time/                   |             |
|    fps                  | 872         |
|    iterations           | 59          |
|    time_elapsed         | 7757        |
|    total_timesteps      | 6766592     |
| train/                  |             |
|    approx_kl            | 0.018967409 |
|    clip_fraction        | 0.331       |
|    clip_range           | 0.15        |
|    entropy_loss         | -43.9       |
|    explained_variance   | 0.79        |
|    learning_rate        | 0.0001      |
|    loss                 | -0.401      |
|    n_updates            | 3495        |
|    policy_gradient_loss | -0.016      |
|    std                  | 3.34        |
|    value_loss           | 0.0369      |
-----------------------------------------
-----------------------------------------
| rollout/                |             |
|    ep_len_mean          | 523         |
|    ep_rew_mean          | 3.55e+03    |
| time/                   |             |
|    fps                  | 872         |
|    iterations           | 60          |
|    time_elapsed         | 7890        |
|    total_timesteps      | 6881280     |
| train/                  |             |
|    approx_kl            | 0.018614128 |
|    clip_fraction        | 0.329       |
|    clip_range           | 0.15        |
|    entropy_loss         | -44         |
|    explained_variance   | 0.803       |
|    learning_rate        | 0.0001      |
|    loss                 | -0.44       |
|    n_updates            | 3510        |
|    policy_gradient_loss | -0.0165     |
|    std                  | 3.37        |
|    value_loss           | 0.0354      |
-----------------------------------------
-----------------------------------------
| rollout/                |             |
|    ep_len_mean          | 576         |
|    ep_rew_mean          | 3.91e+03    |
| time/                   |             |
|    fps                  | 872         |
|    iterations           | 61          |
|    time_elapsed         | 8021        |
|    total_timesteps      | 6995968     |
| train/                  |             |
|    approx_kl            | 0.018875953 |
|    clip_fraction        | 0.33        |
|    clip_range           | 0.15        |
|    entropy_loss         | -44.2       |
|    explained_variance   | 0.811       |
|    learning_rate        | 0.0001      |
|    loss                 | -0.451      |
|    n_updates            | 3525        |
|    policy_gradient_loss | -0.0161     |
|    std                  | 3.39        |
|    value_loss           | 0.0354      |
-----------------------------------------
Eval num_timesteps=6999944, episode_reward=4548.54 +/- 33.14
Episode length: 665.00 +/- 5.83
---------------------------------------
| eval/                   |           |
|    mean_ep_length       | 665       |
|    mean_reward          | 4.55e+03  |
| time/                   |           |
|    total_timesteps      | 6999944   |
| train/                  |           |
|    approx_kl            | 0.0192787 |
|    clip_fraction        | 0.337     |
|    clip_range           | 0.15      |
|    entropy_loss         | -44.3     |
|    explained_variance   | 0.781     |
|    learning_rate        | 0.0001    |
|    loss                 | -0.435    |
|    n_updates            | 3540      |
|    policy_gradient_loss | -0.0157   |
|    std                  | 3.42      |
|    value_loss           | 0.0367    |
---------------------------------------
---------------------------------
| rollout/           |          |
|    ep_len_mean     | 526      |
|    ep_rew_mean     | 3.55e+03 |
| time/              |          |
|    fps             | 871      |
|    iterations      | 62       |
|    time_elapsed    | 8157     |
|    total_timesteps | 7110656  |
---------------------------------
-----------------------------------------
| rollout/                |             |
|    ep_len_mean          | 561         |
|    ep_rew_mean          | 3.83e+03    |
| time/                   |             |
|    fps                  | 871         |
|    iterations           | 63          |
|    time_elapsed         | 8288        |
|    total_timesteps      | 7225344     |
| train/                  |             |
|    approx_kl            | 0.018890603 |
|    clip_fraction        | 0.332       |
|    clip_range           | 0.15        |
|    entropy_loss         | -44.4       |
|    explained_variance   | 0.795       |
|    learning_rate        | 0.0001      |
|    loss                 | -0.397      |
|    n_updates            | 3555        |
|    policy_gradient_loss | -0.0162     |
|    std                  | 3.44        |
|    value_loss           | 0.0369      |
-----------------------------------------
-----------------------------------------
| rollout/                |             |
|    ep_len_mean          | 543         |
|    ep_rew_mean          | 3.68e+03    |
| time/                   |             |
|    fps                  | 871         |
|    iterations           | 64          |
|    time_elapsed         | 8419        |
|    total_timesteps      | 7340032     |
| train/                  |             |
|    approx_kl            | 0.018643945 |
|    clip_fraction        | 0.331       |
|    clip_range           | 0.15        |
|    entropy_loss         | -44.5       |
|    explained_variance   | 0.791       |
|    learning_rate        | 0.0001      |
|    loss                 | -0.433      |
|    n_updates            | 3570        |
|    policy_gradient_loss | -0.0156     |
|    std                  | 3.47        |
|    value_loss           | 0.0368      |
-----------------------------------------
-----------------------------------------
| rollout/                |             |
|    ep_len_mean          | 539         |
|    ep_rew_mean          | 3.66e+03    |
| time/                   |             |
|    fps                  | 871         |
|    iterations           | 65          |
|    time_elapsed         | 8550        |
|    total_timesteps      | 7454720     |
| train/                  |             |
|    approx_kl            | 0.019266486 |
|    clip_fraction        | 0.334       |
|    clip_range           | 0.15        |
|    entropy_loss         | -44.7       |
|    explained_variance   | 0.782       |
|    learning_rate        | 0.0001      |
|    loss                 | -0.449      |
|    n_updates            | 3585        |
|    policy_gradient_loss | -0.0165     |
|    std                  | 3.49        |
|    value_loss           | 0.0374      |
-----------------------------------------
Eval num_timesteps=7499940, episode_reward=4509.07 +/- 30.97
Episode length: 655.40 +/- 6.12
-----------------------------------------
| eval/                   |             |
|    mean_ep_length       | 655         |
|    mean_reward          | 4.51e+03    |
| time/                   |             |
|    total_timesteps      | 7499940     |
| train/                  |             |
|    approx_kl            | 0.018766358 |
|    clip_fraction        | 0.328       |
|    clip_range           | 0.15        |
|    entropy_loss         | -44.8       |
|    explained_variance   | 0.807       |
|    learning_rate        | 0.0001      |
|    loss                 | -0.439      |
|    n_updates            | 3600        |
|    policy_gradient_loss | -0.016      |
|    std                  | 3.52        |
|    value_loss           | 0.0359      |
-----------------------------------------
---------------------------------
| rollout/           |          |
|    ep_len_mean     | 528      |
|    ep_rew_mean     | 3.59e+03 |
| time/              |          |
|    fps             | 871      |
|    iterations      | 66       |
|    time_elapsed    | 8686     |
|    total_timesteps | 7569408  |
---------------------------------
-----------------------------------------
| rollout/                |             |
|    ep_len_mean          | 567         |
|    ep_rew_mean          | 3.83e+03    |
| time/                   |             |
|    fps                  | 871         |
|    iterations           | 67          |
|    time_elapsed         | 8817        |
|    total_timesteps      | 7684096     |
| train/                  |             |
|    approx_kl            | 0.018463548 |
|    clip_fraction        | 0.325       |
|    clip_range           | 0.15        |
|    entropy_loss         | -44.9       |
|    explained_variance   | 0.806       |
|    learning_rate        | 0.0001      |
|    loss                 | -0.441      |
|    n_updates            | 3615        |
|    policy_gradient_loss | -0.0164     |
|    std                  | 3.55        |
|    value_loss           | 0.0366      |
-----------------------------------------
-----------------------------------------
| rollout/                |             |
|    ep_len_mean          | 561         |
|    ep_rew_mean          | 3.82e+03    |
| time/                   |             |
|    fps                  | 871         |
|    iterations           | 68          |
|    time_elapsed         | 8949        |
|    total_timesteps      | 7798784     |
| train/                  |             |
|    approx_kl            | 0.018786728 |
|    clip_fraction        | 0.327       |
|    clip_range           | 0.15        |
|    entropy_loss         | -45         |
|    explained_variance   | 0.768       |
|    learning_rate        | 0.0001      |
|    loss                 | -0.454      |
|    n_updates            | 3630        |
|    policy_gradient_loss | -0.0155     |
|    std                  | 3.58        |
|    value_loss           | 0.0368      |
-----------------------------------------
-----------------------------------------
| rollout/                |             |
|    ep_len_mean          | 512         |
|    ep_rew_mean          | 3.47e+03    |
| time/                   |             |
|    fps                  | 871         |
|    iterations           | 69          |
|    time_elapsed         | 9081        |
|    total_timesteps      | 7913472     |
| train/                  |             |
|    approx_kl            | 0.018828975 |
|    clip_fraction        | 0.329       |
|    clip_range           | 0.15        |
|    entropy_loss         | -45.2       |
|    explained_variance   | 0.794       |
|    learning_rate        | 0.0001      |
|    loss                 | -0.427      |
|    n_updates            | 3645        |
|    policy_gradient_loss | -0.0159     |
|    std                  | 3.61        |
|    value_loss           | 0.0356      |
-----------------------------------------
Eval num_timesteps=7999936, episode_reward=4470.97 +/- 41.89
Episode length: 649.00 +/- 7.01
-----------------------------------------
| eval/                   |             |
|    mean_ep_length       | 649         |
|    mean_reward          | 4.47e+03    |
| time/                   |             |
|    total_timesteps      | 7999936     |
| train/                  |             |
|    approx_kl            | 0.018812925 |
|    clip_fraction        | 0.326       |
|    clip_range           | 0.15        |
|    entropy_loss         | -45.3       |
|    explained_variance   | 0.798       |
|    learning_rate        | 0.0001      |
|    loss                 | -0.445      |
|    n_updates            | 3660        |
|    policy_gradient_loss | -0.0158     |
|    std                  | 3.64        |
|    value_loss           | 0.0365      |
-----------------------------------------
---------------------------------
| rollout/           |          |
|    ep_len_mean     | 526      |
|    ep_rew_mean     | 3.59e+03 |
| time/              |          |
|    fps             | 871      |
|    iterations      | 70       |
|    time_elapsed    | 9216     |
|    total_timesteps | 8028160  |
---------------------------------
-----------------------------------------
| rollout/                |             |
|    ep_len_mean          | 537         |
|    ep_rew_mean          | 3.66e+03    |
| time/                   |             |
|    fps                  | 871         |
|    iterations           | 71          |
|    time_elapsed         | 9348        |
|    total_timesteps      | 8142848     |
| train/                  |             |
|    approx_kl            | 0.018794892 |
|    clip_fraction        | 0.331       |
|    clip_range           | 0.15        |
|    entropy_loss         | -45.5       |
|    explained_variance   | 0.795       |
|    learning_rate        | 0.0001      |
|    loss                 | -0.454      |
|    n_updates            | 3675        |
|    policy_gradient_loss | -0.0163     |
|    std                  | 3.66        |
|    value_loss           | 0.0345      |
-----------------------------------------
----------------------------------------
| rollout/                |            |
|    ep_len_mean          | 538        |
|    ep_rew_mean          | 3.66e+03   |
| time/                   |            |
|    fps                  | 871        |
|    iterations           | 72         |
|    time_elapsed         | 9479       |
|    total_timesteps      | 8257536    |
| train/                  |            |
|    approx_kl            | 0.01866491 |
|    clip_fraction        | 0.332      |
|    clip_range           | 0.15       |
|    entropy_loss         | -45.6      |
|    explained_variance   | 0.798      |
|    learning_rate        | 0.0001     |
|    loss                 | -0.446     |
|    n_updates            | 3690       |
|    policy_gradient_loss | -0.0165    |
|    std                  | 3.7        |
|    value_loss           | 0.0361     |
----------------------------------------
-----------------------------------------
| rollout/                |             |
|    ep_len_mean          | 516         |
|    ep_rew_mean          | 3.52e+03    |
| time/                   |             |
|    fps                  | 871         |
|    iterations           | 73          |
|    time_elapsed         | 9610        |
|    total_timesteps      | 8372224     |
| train/                  |             |
|    approx_kl            | 0.018858785 |
|    clip_fraction        | 0.328       |
|    clip_range           | 0.15        |
|    entropy_loss         | -45.7       |
|    explained_variance   | 0.783       |
|    learning_rate        | 0.0001      |
|    loss                 | -0.457      |
|    n_updates            | 3705        |
|    policy_gradient_loss | -0.0166     |
|    std                  | 3.72        |
|    value_loss           | 0.038       |
-----------------------------------------
-----------------------------------------
| rollout/                |             |
|    ep_len_mean          | 502         |
|    ep_rew_mean          | 3.4e+03     |
| time/                   |             |
|    fps                  | 871         |
|    iterations           | 74          |
|    time_elapsed         | 9743        |
|    total_timesteps      | 8486912     |
| train/                  |             |
|    approx_kl            | 0.018623164 |
|    clip_fraction        | 0.329       |
|    clip_range           | 0.15        |
|    entropy_loss         | -45.8       |
|    explained_variance   | 0.793       |
|    learning_rate        | 0.0001      |
|    loss                 | -0.465      |
|    n_updates            | 3720        |
|    policy_gradient_loss | -0.0167     |
|    std                  | 3.75        |
|    value_loss           | 0.0357      |
-----------------------------------------
Eval num_timesteps=8499932, episode_reward=4456.37 +/- 32.45
Episode length: 644.80 +/- 6.40
-----------------------------------------
| eval/                   |             |
|    mean_ep_length       | 645         |
|    mean_reward          | 4.46e+03    |
| time/                   |             |
|    total_timesteps      | 8499932     |
| train/                  |             |
|    approx_kl            | 0.018574012 |
|    clip_fraction        | 0.322       |
|    clip_range           | 0.15        |
|    entropy_loss         | -45.9       |
|    explained_variance   | 0.803       |
|    learning_rate        | 0.0001      |
|    loss                 | -0.439      |
|    n_updates            | 3735        |
|    policy_gradient_loss | -0.0162     |
|    std                  | 3.78        |
|    value_loss           | 0.0359      |
-----------------------------------------
---------------------------------
| rollout/           |          |
|    ep_len_mean     | 515      |
|    ep_rew_mean     | 3.5e+03  |
| time/              |          |
|    fps             | 870      |
|    iterations      | 75       |
|    time_elapsed    | 9880     |
|    total_timesteps | 8601600  |
---------------------------------
-----------------------------------------
| rollout/                |             |
|    ep_len_mean          | 534         |
|    ep_rew_mean          | 3.64e+03    |
| time/                   |             |
|    fps                  | 870         |
|    iterations           | 76          |
|    time_elapsed         | 10010       |
|    total_timesteps      | 8716288     |
| train/                  |             |
|    approx_kl            | 0.018697454 |
|    clip_fraction        | 0.329       |
|    clip_range           | 0.15        |
|    entropy_loss         | -46.1       |
|    explained_variance   | 0.788       |
|    learning_rate        | 0.0001      |
|    loss                 | -0.463      |
|    n_updates            | 3750        |
|    policy_gradient_loss | -0.0166     |
|    std                  | 3.81        |
|    value_loss           | 0.0371      |
-----------------------------------------
-----------------------------------------
| rollout/                |             |
|    ep_len_mean          | 539         |
|    ep_rew_mean          | 3.67e+03    |
| time/                   |             |
|    fps                  | 870         |
|    iterations           | 77          |
|    time_elapsed         | 10141       |
|    total_timesteps      | 8830976     |
| train/                  |             |
|    approx_kl            | 0.018826958 |
|    clip_fraction        | 0.326       |
|    clip_range           | 0.15        |
|    entropy_loss         | -46.2       |
|    explained_variance   | 0.79        |
|    learning_rate        | 0.0001      |
|    loss                 | -0.469      |
|    n_updates            | 3765        |
|    policy_gradient_loss | -0.0165     |
|    std                  | 3.83        |
|    value_loss           | 0.0371      |
-----------------------------------------
-----------------------------------------
| rollout/                |             |
|    ep_len_mean          | 524         |
|    ep_rew_mean          | 3.57e+03    |
| time/                   |             |
|    fps                  | 870         |
|    iterations           | 78          |
|    time_elapsed         | 10272       |
|    total_timesteps      | 8945664     |
| train/                  |             |
|    approx_kl            | 0.018634444 |
|    clip_fraction        | 0.322       |
|    clip_range           | 0.15        |
|    entropy_loss         | -46.3       |
|    explained_variance   | 0.809       |
|    learning_rate        | 0.0001      |
|    loss                 | -0.459      |
|    n_updates            | 3780        |
|    policy_gradient_loss | -0.0162     |
|    std                  | 3.86        |
|    value_loss           | 0.0364      |
-----------------------------------------
Eval num_timesteps=8999928, episode_reward=4406.23 +/- 32.35
Episode length: 635.00 +/- 7.13
-----------------------------------------
| eval/                   |             |
|    mean_ep_length       | 635         |
|    mean_reward          | 4.41e+03    |
| time/                   |             |
|    total_timesteps      | 8999928     |
| train/                  |             |
|    approx_kl            | 0.019249752 |
|    clip_fraction        | 0.332       |
|    clip_range           | 0.15        |
|    entropy_loss         | -46.4       |
|    explained_variance   | 0.801       |
|    learning_rate        | 0.0001      |
|    loss                 | -0.449      |
|    n_updates            | 3795        |
|    policy_gradient_loss | -0.0167     |
|    std                  | 3.89        |
|    value_loss           | 0.039       |
-----------------------------------------
---------------------------------
| rollout/           |          |
|    ep_len_mean     | 504      |
|    ep_rew_mean     | 3.44e+03 |
| time/              |          |
|    fps             | 870      |
|    iterations      | 79       |
|    time_elapsed    | 10409    |
|    total_timesteps | 9060352  |
---------------------------------
-----------------------------------------
| rollout/                |             |
|    ep_len_mean          | 471         |
|    ep_rew_mean          | 3.21e+03    |
| time/                   |             |
|    fps                  | 870         |
|    iterations           | 80          |
|    time_elapsed         | 10541       |
|    total_timesteps      | 9175040     |
| train/                  |             |
|    approx_kl            | 0.018898824 |
|    clip_fraction        | 0.325       |
|    clip_range           | 0.15        |
|    entropy_loss         | -46.5       |
|    explained_variance   | 0.797       |
|    learning_rate        | 0.0001      |
|    loss                 | -0.439      |
|    n_updates            | 3810        |
|    policy_gradient_loss | -0.0167     |
|    std                  | 3.91        |
|    value_loss           | 0.0373      |
-----------------------------------------
-----------------------------------------
| rollout/                |             |
|    ep_len_mean          | 534         |
|    ep_rew_mean          | 3.66e+03    |
| time/                   |             |
|    fps                  | 870         |
|    iterations           | 81          |
|    time_elapsed         | 10673       |
|    total_timesteps      | 9289728     |
| train/                  |             |
|    approx_kl            | 0.018698126 |
|    clip_fraction        | 0.325       |
|    clip_range           | 0.15        |
|    entropy_loss         | -46.6       |
|    explained_variance   | 0.799       |
|    learning_rate        | 0.0001      |
|    loss                 | -0.466      |
|    n_updates            | 3825        |
|    policy_gradient_loss | -0.0162     |
|    std                  | 3.94        |
|    value_loss           | 0.0386      |
-----------------------------------------
-----------------------------------------
| rollout/                |             |
|    ep_len_mean          | 493         |
|    ep_rew_mean          | 3.36e+03    |
| time/                   |             |
|    fps                  | 870         |
|    iterations           | 82          |
|    time_elapsed         | 10804       |
|    total_timesteps      | 9404416     |
| train/                  |             |
|    approx_kl            | 0.019173255 |
|    clip_fraction        | 0.329       |
|    clip_range           | 0.15        |
|    entropy_loss         | -46.8       |
|    explained_variance   | 0.78        |
|    learning_rate        | 0.0001      |
|    loss                 | -0.459      |
|    n_updates            | 3840        |
|    policy_gradient_loss | -0.0165     |
|    std                  | 3.97        |
|    value_loss           | 0.0377      |
-----------------------------------------
Eval num_timesteps=9499924, episode_reward=4346.40 +/- 66.36
Episode length: 623.20 +/- 11.14
-----------------------------------------
| eval/                   |             |
|    mean_ep_length       | 623         |
|    mean_reward          | 4.35e+03    |
| time/                   |             |
|    total_timesteps      | 9499924     |
| train/                  |             |
|    approx_kl            | 0.018208236 |
|    clip_fraction        | 0.319       |
|    clip_range           | 0.15        |
|    entropy_loss         | -46.9       |
|    explained_variance   | 0.8         |
|    learning_rate        | 0.0001      |
|    loss                 | -0.464      |
|    n_updates            | 3855        |
|    policy_gradient_loss | -0.0164     |
|    std                  | 4           |
|    value_loss           | 0.0378      |
-----------------------------------------
---------------------------------
| rollout/           |          |
|    ep_len_mean     | 501      |
|    ep_rew_mean     | 3.42e+03 |
| time/              |          |
|    fps             | 869      |
|    iterations      | 83       |
|    time_elapsed    | 10941    |
|    total_timesteps | 9519104  |
---------------------------------
-----------------------------------------
| rollout/                |             |
|    ep_len_mean          | 523         |
|    ep_rew_mean          | 3.57e+03    |
| time/                   |             |
|    fps                  | 870         |
|    iterations           | 84          |
|    time_elapsed         | 11072       |
|    total_timesteps      | 9633792     |
| train/                  |             |
|    approx_kl            | 0.017900841 |
|    clip_fraction        | 0.319       |
|    clip_range           | 0.15        |
|    entropy_loss         | -47         |
|    explained_variance   | 0.812       |
|    learning_rate        | 0.0001      |
|    loss                 | -0.465      |
|    n_updates            | 3870        |
|    policy_gradient_loss | -0.0166     |
|    std                  | 4.03        |
|    value_loss           | 0.0358      |
-----------------------------------------
-----------------------------------------
| rollout/                |             |
|    ep_len_mean          | 506         |
|    ep_rew_mean          | 3.46e+03    |
| time/                   |             |
|    fps                  | 870         |
|    iterations           | 85          |
|    time_elapsed         | 11204       |
|    total_timesteps      | 9748480     |
| train/                  |             |
|    approx_kl            | 0.018085735 |
|    clip_fraction        | 0.315       |
|    clip_range           | 0.15        |
|    entropy_loss         | -47.1       |
|    explained_variance   | 0.785       |
|    learning_rate        | 0.0001      |
|    loss                 | -0.461      |
|    n_updates            | 3885        |
|    policy_gradient_loss | -0.0159     |
|    std                  | 4.06        |
|    value_loss           | 0.0371      |
-----------------------------------------
-----------------------------------------
| rollout/                |             |
|    ep_len_mean          | 534         |
|    ep_rew_mean          | 3.63e+03    |
| time/                   |             |
|    fps                  | 870         |
|    iterations           | 86          |
|    time_elapsed         | 11335       |
|    total_timesteps      | 9863168     |
| train/                  |             |
|    approx_kl            | 0.018577013 |
|    clip_fraction        | 0.322       |
|    clip_range           | 0.15        |
|    entropy_loss         | -47.2       |
|    explained_variance   | 0.804       |
|    learning_rate        | 0.0001      |
|    loss                 | -0.484      |
|    n_updates            | 3900        |
|    policy_gradient_loss | -0.016      |
|    std                  | 4.09        |
|    value_loss           | 0.0389      |
-----------------------------------------
-----------------------------------------
| rollout/                |             |
|    ep_len_mean          | 513         |
|    ep_rew_mean          | 3.5e+03     |
| time/                   |             |
|    fps                  | 870         |
|    iterations           | 87          |
|    time_elapsed         | 11465       |
|    total_timesteps      | 9977856     |
| train/                  |             |
|    approx_kl            | 0.018283382 |
|    clip_fraction        | 0.318       |
|    clip_range           | 0.15        |
|    entropy_loss         | -47.4       |
|    explained_variance   | 0.792       |
|    learning_rate        | 0.0001      |
|    loss                 | -0.462      |
|    n_updates            | 3915        |
|    policy_gradient_loss | -0.0162     |
|    std                  | 4.12        |
|    value_loss           | 0.0362      |
-----------------------------------------
Eval num_timesteps=9999920, episode_reward=4415.51 +/- 70.94
Episode length: 636.20 +/- 13.61
-----------------------------------------
| eval/                   |             |
|    mean_ep_length       | 636         |
|    mean_reward          | 4.42e+03    |
| time/                   |             |
|    total_timesteps      | 9999920     |
| train/                  |             |
|    approx_kl            | 0.018133461 |
|    clip_fraction        | 0.319       |
|    clip_range           | 0.15        |
|    entropy_loss         | -47.5       |
|    explained_variance   | 0.809       |
|    learning_rate        | 0.0001      |
|    loss                 | -0.448      |
|    n_updates            | 3930        |
|    policy_gradient_loss | -0.0164     |
|    std                  | 4.15        |
|    value_loss           | 0.0351      |
-----------------------------------------
---------------------------------
| rollout/           |          |
|    ep_len_mean     | 527      |
|    ep_rew_mean     | 3.6e+03  |
| time/              |          |
|    fps             | 869      |
|    iterations      | 88       |
|    time_elapsed    | 11601    |
|    total_timesteps | 10092544 |
---------------------------------
-----------------------------------------
| rollout/                |             |
|    ep_len_mean          | 529         |
|    ep_rew_mean          | 3.62e+03    |
| time/                   |             |
|    fps                  | 870         |
|    iterations           | 89          |
|    time_elapsed         | 11732       |
|    total_timesteps      | 10207232    |
| train/                  |             |
|    approx_kl            | 0.018600846 |
|    clip_fraction        | 0.327       |
|    clip_range           | 0.15        |
|    entropy_loss         | -47.6       |
|    explained_variance   | 0.787       |
|    learning_rate        | 0.0001      |
|    loss                 | -0.425      |
|    n_updates            | 3945        |
|    policy_gradient_loss | -0.0159     |
|    std                  | 4.18        |
|    value_loss           | 0.0383      |
-----------------------------------------
-----------------------------------------
| rollout/                |             |
|    ep_len_mean          | 534         |
|    ep_rew_mean          | 3.64e+03    |
| time/                   |             |
|    fps                  | 870         |
|    iterations           | 90          |
|    time_elapsed         | 11863       |
|    total_timesteps      | 10321920    |
| train/                  |             |
|    approx_kl            | 0.018390315 |
|    clip_fraction        | 0.323       |
|    clip_range           | 0.15        |
|    entropy_loss         | -47.7       |
|    explained_variance   | 0.794       |
|    learning_rate        | 0.0001      |
|    loss                 | -0.469      |
|    n_updates            | 3960        |
|    policy_gradient_loss | -0.0165     |
|    std                  | 4.22        |
|    value_loss           | 0.0368      |
-----------------------------------------
-----------------------------------------
| rollout/                |             |
|    ep_len_mean          | 536         |
|    ep_rew_mean          | 3.68e+03    |
| time/                   |             |
|    fps                  | 870         |
|    iterations           | 91          |
|    time_elapsed         | 11995       |
|    total_timesteps      | 10436608    |
| train/                  |             |
|    approx_kl            | 0.018631795 |
|    clip_fraction        | 0.323       |
|    clip_range           | 0.15        |
|    entropy_loss         | -47.9       |
|    explained_variance   | 0.801       |
|    learning_rate        | 0.0001      |
|    loss                 | -0.455      |
|    n_updates            | 3975        |
|    policy_gradient_loss | -0.0165     |
|    std                  | 4.25        |
|    value_loss           | 0.0388      |
-----------------------------------------
Eval num_timesteps=10499916, episode_reward=4380.09 +/- 43.71
Episode length: 627.20 +/- 7.86
-----------------------------------------
| eval/                   |             |
|    mean_ep_length       | 627         |
|    mean_reward          | 4.38e+03    |
| time/                   |             |
|    total_timesteps      | 10499916    |
| train/                  |             |
|    approx_kl            | 0.018803747 |
|    clip_fraction        | 0.325       |
|    clip_range           | 0.15        |
|    entropy_loss         | -48         |
|    explained_variance   | 0.799       |
|    learning_rate        | 0.0001      |
|    loss                 | -0.446      |
|    n_updates            | 3990        |
|    policy_gradient_loss | -0.0163     |
|    std                  | 4.29        |
|    value_loss           | 0.0387      |
-----------------------------------------
---------------------------------
| rollout/           |          |
|    ep_len_mean     | 514      |
|    ep_rew_mean     | 3.52e+03 |
| time/              |          |
|    fps             | 869      |
|    iterations      | 92       |
|    time_elapsed    | 12129    |
|    total_timesteps | 10551296 |
---------------------------------
----------------------------------------
| rollout/                |            |
|    ep_len_mean          | 482        |
|    ep_rew_mean          | 3.29e+03   |
| time/                   |            |
|    fps                  | 869        |
|    iterations           | 93         |
|    time_elapsed         | 12260      |
|    total_timesteps      | 10665984   |
| train/                  |            |
|    approx_kl            | 0.01839999 |
|    clip_fraction        | 0.323      |
|    clip_range           | 0.15       |
|    entropy_loss         | -48.1      |
|    explained_variance   | 0.779      |
|    learning_rate        | 0.0001     |
|    loss                 | -0.479     |
|    n_updates            | 4005       |
|    policy_gradient_loss | -0.0164    |
|    std                  | 4.31       |
|    value_loss           | 0.0395     |
----------------------------------------
-----------------------------------------
| rollout/                |             |
|    ep_len_mean          | 531         |
|    ep_rew_mean          | 3.63e+03    |
| time/                   |             |
|    fps                  | 870         |
|    iterations           | 94          |
|    time_elapsed         | 12390       |
|    total_timesteps      | 10780672    |
| train/                  |             |
|    approx_kl            | 0.018375818 |
|    clip_fraction        | 0.318       |
|    clip_range           | 0.15        |
|    entropy_loss         | -48.2       |
|    explained_variance   | 0.81        |
|    learning_rate        | 0.0001      |
|    loss                 | -0.474      |
|    n_updates            | 4020        |
|    policy_gradient_loss | -0.0166     |
|    std                  | 4.35        |
|    value_loss           | 0.0372      |
-----------------------------------------
-----------------------------------------
| rollout/                |             |
|    ep_len_mean          | 554         |
|    ep_rew_mean          | 3.81e+03    |
| time/                   |             |
|    fps                  | 870         |
|    iterations           | 95          |
|    time_elapsed         | 12523       |
|    total_timesteps      | 10895360    |
| train/                  |             |
|    approx_kl            | 0.018288702 |
|    clip_fraction        | 0.318       |
|    clip_range           | 0.15        |
|    entropy_loss         | -48.3       |
|    explained_variance   | 0.787       |
|    learning_rate        | 0.0001      |
|    loss                 | -0.488      |
|    n_updates            | 4035        |
|    policy_gradient_loss | -0.0165     |
|    std                  | 4.38        |
|    value_loss           | 0.0379      |
-----------------------------------------
Eval num_timesteps=10999912, episode_reward=4391.37 +/- 66.99
Episode length: 630.60 +/- 14.97
----------------------------------------
| eval/                   |            |
|    mean_ep_length       | 631        |
|    mean_reward          | 4.39e+03   |
| time/                   |            |
|    total_timesteps      | 10999912   |
| train/                  |            |
|    approx_kl            | 0.01843314 |
|    clip_fraction        | 0.321      |
|    clip_range           | 0.15       |
|    entropy_loss         | -48.5      |
|    explained_variance   | 0.777      |
|    learning_rate        | 0.0001     |
|    loss                 | -0.46      |
|    n_updates            | 4050       |
|    policy_gradient_loss | -0.0164    |
|    std                  | 4.42       |
|    value_loss           | 0.0372     |
----------------------------------------
---------------------------------
| rollout/           |          |
|    ep_len_mean     | 535      |
|    ep_rew_mean     | 3.68e+03 |
| time/              |          |
|    fps             | 869      |
|    iterations      | 96       |
|    time_elapsed    | 12660    |
|    total_timesteps | 11010048 |
---------------------------------
-----------------------------------------
| rollout/                |             |
|    ep_len_mean          | 508         |
|    ep_rew_mean          | 3.48e+03    |
| time/                   |             |
|    fps                  | 869         |
|    iterations           | 97          |
|    time_elapsed         | 12791       |
|    total_timesteps      | 11124736    |
| train/                  |             |
|    approx_kl            | 0.017605312 |
|    clip_fraction        | 0.311       |
|    clip_range           | 0.15        |
|    entropy_loss         | -48.6       |
|    explained_variance   | 0.8         |
|    learning_rate        | 0.0001      |
|    loss                 | -0.482      |
|    n_updates            | 4065        |
|    policy_gradient_loss | -0.0158     |
|    std                  | 4.45        |
|    value_loss           | 0.037       |
-----------------------------------------
-----------------------------------------
| rollout/                |             |
|    ep_len_mean          | 498         |
|    ep_rew_mean          | 3.41e+03    |
| time/                   |             |
|    fps                  | 869         |
|    iterations           | 98          |
|    time_elapsed         | 12922       |
|    total_timesteps      | 11239424    |
| train/                  |             |
|    approx_kl            | 0.018362684 |
|    clip_fraction        | 0.317       |
|    clip_range           | 0.15        |
|    entropy_loss         | -48.7       |
|    explained_variance   | 0.788       |
|    learning_rate        | 0.0001      |
|    loss                 | -0.462      |
|    n_updates            | 4080        |
|    policy_gradient_loss | -0.0165     |
|    std                  | 4.48        |
|    value_loss           | 0.0411      |
-----------------------------------------
-----------------------------------------
| rollout/                |             |
|    ep_len_mean          | 529         |
|    ep_rew_mean          | 3.65e+03    |
| time/                   |             |
|    fps                  | 869         |
|    iterations           | 99          |
|    time_elapsed         | 13054       |
|    total_timesteps      | 11354112    |
| train/                  |             |
|    approx_kl            | 0.018171983 |
|    clip_fraction        | 0.318       |
|    clip_range           | 0.15        |
|    entropy_loss         | -48.8       |
|    explained_variance   | 0.792       |
|    learning_rate        | 0.0001      |
|    loss                 | -0.494      |
|    n_updates            | 4095        |
|    policy_gradient_loss | -0.0166     |
|    std                  | 4.52        |
|    value_loss           | 0.0381      |
-----------------------------------------
-----------------------------------------
| rollout/                |             |
|    ep_len_mean          | 509         |
|    ep_rew_mean          | 3.49e+03    |
| time/                   |             |
|    fps                  | 869         |
|    iterations           | 100         |
|    time_elapsed         | 13185       |
|    total_timesteps      | 11468800    |
| train/                  |             |
|    approx_kl            | 0.017899258 |
|    clip_fraction        | 0.316       |
|    clip_range           | 0.15        |
|    entropy_loss         | -49         |
|    explained_variance   | 0.791       |
|    learning_rate        | 0.0001      |
|    loss                 | -0.492      |
|    n_updates            | 4110        |
|    policy_gradient_loss | -0.0162     |
|    std                  | 4.55        |
|    value_loss           | 0.0383      |
-----------------------------------------
Eval num_timesteps=11499908, episode_reward=4322.90 +/- 55.38
Episode length: 616.20 +/- 9.15
-----------------------------------------
| eval/                   |             |
|    mean_ep_length       | 616         |
|    mean_reward          | 4.32e+03    |
| time/                   |             |
|    total_timesteps      | 11499908    |
| train/                  |             |
|    approx_kl            | 0.018499175 |
|    clip_fraction        | 0.317       |
|    clip_range           | 0.15        |
|    entropy_loss         | -49.1       |
|    explained_variance   | 0.802       |
|    learning_rate        | 0.0001      |
|    loss                 | -0.474      |
|    n_updates            | 4125        |
|    policy_gradient_loss | -0.0162     |
|    std                  | 4.58        |
|    value_loss           | 0.0378      |
-----------------------------------------
---------------------------------
| rollout/           |          |
|    ep_len_mean     | 538      |
|    ep_rew_mean     | 3.73e+03 |
| time/              |          |
|    fps             | 869      |
|    iterations      | 101      |
|    time_elapsed    | 13321    |
|    total_timesteps | 11583488 |
---------------------------------
-----------------------------------------
| rollout/                |             |
|    ep_len_mean          | 503         |
|    ep_rew_mean          | 3.46e+03    |
| time/                   |             |
|    fps                  | 869         |
|    iterations           | 102         |
|    time_elapsed         | 13452       |
|    total_timesteps      | 11698176    |
| train/                  |             |
|    approx_kl            | 0.017977038 |
|    clip_fraction        | 0.315       |
|    clip_range           | 0.15        |
|    entropy_loss         | -49.2       |
|    explained_variance   | 0.782       |
|    learning_rate        | 0.0001      |
|    loss                 | -0.481      |
|    n_updates            | 4140        |
|    policy_gradient_loss | -0.0165     |
|    std                  | 4.62        |
|    value_loss           | 0.0372      |
-----------------------------------------
----------------------------------------
| rollout/                |            |
|    ep_len_mean          | 540        |
|    ep_rew_mean          | 3.72e+03   |
| time/                   |            |
|    fps                  | 869        |
|    iterations           | 103        |
|    time_elapsed         | 13583      |
|    total_timesteps      | 11812864   |
| train/                  |            |
|    approx_kl            | 0.01836097 |
|    clip_fraction        | 0.321      |
|    clip_range           | 0.15       |
|    entropy_loss         | -49.3      |
|    explained_variance   | 0.783      |
|    learning_rate        | 0.0001     |
|    loss                 | -0.481     |
|    n_updates            | 4155       |
|    policy_gradient_loss | -0.0157    |
|    std                  | 4.66       |
|    value_loss           | 0.0382     |
----------------------------------------
-----------------------------------------
| rollout/                |             |
|    ep_len_mean          | 529         |
|    ep_rew_mean          | 3.65e+03    |
| time/                   |             |
|    fps                  | 869         |
|    iterations           | 104         |
|    time_elapsed         | 13714       |
|    total_timesteps      | 11927552    |
| train/                  |             |
|    approx_kl            | 0.017840367 |
|    clip_fraction        | 0.315       |
|    clip_range           | 0.15        |
|    entropy_loss         | -49.4       |
|    explained_variance   | 0.771       |
|    learning_rate        | 0.0001      |
|    loss                 | -0.473      |
|    n_updates            | 4170        |
|    policy_gradient_loss | -0.0162     |
|    std                  | 4.69        |
|    value_loss           | 0.0392      |
-----------------------------------------
Eval num_timesteps=11999904, episode_reward=4315.32 +/- 54.52
Episode length: 613.60 +/- 11.72
-----------------------------------------
| eval/                   |             |
|    mean_ep_length       | 614         |
|    mean_reward          | 4.32e+03    |
| time/                   |             |
|    total_timesteps      | 11999904    |
| train/                  |             |
|    approx_kl            | 0.018679468 |
|    clip_fraction        | 0.323       |
|    clip_range           | 0.15        |
|    entropy_loss         | -49.6       |
|    explained_variance   | 0.764       |
|    learning_rate        | 0.0001      |
|    loss                 | -0.488      |
|    n_updates            | 4185        |
|    policy_gradient_loss | -0.0162     |
|    std                  | 4.73        |
|    value_loss           | 0.0417      |
-----------------------------------------
---------------------------------
| rollout/           |          |
|    ep_len_mean     | 516      |
|    ep_rew_mean     | 3.57e+03 |
| time/              |          |
|    fps             | 869      |
|    iterations      | 105      |
|    time_elapsed    | 13850    |
|    total_timesteps | 12042240 |
---------------------------------
-----------------------------------------
| rollout/                |             |
|    ep_len_mean          | 506         |
|    ep_rew_mean          | 3.49e+03    |
| time/                   |             |
|    fps                  | 869         |
|    iterations           | 106         |
|    time_elapsed         | 13983       |
|    total_timesteps      | 12156928    |
| train/                  |             |
|    approx_kl            | 0.018044932 |
|    clip_fraction        | 0.313       |
|    clip_range           | 0.15        |
|    entropy_loss         | -49.7       |
|    explained_variance   | 0.771       |
|    learning_rate        | 0.0001      |
|    loss                 | -0.497      |
|    n_updates            | 4200        |
|    policy_gradient_loss | -0.0163     |
|    std                  | 4.76        |
|    value_loss           | 0.0383      |
-----------------------------------------
-----------------------------------------
| rollout/                |             |
|    ep_len_mean          | 493         |
|    ep_rew_mean          | 3.41e+03    |
| time/                   |             |
|    fps                  | 869         |
|    iterations           | 107         |
|    time_elapsed         | 14116       |
|    total_timesteps      | 12271616    |
| train/                  |             |
|    approx_kl            | 0.018012105 |
|    clip_fraction        | 0.314       |
|    clip_range           | 0.15        |
|    entropy_loss         | -49.8       |
|    explained_variance   | 0.787       |
|    learning_rate        | 0.0001      |
|    loss                 | -0.488      |
|    n_updates            | 4215        |
|    policy_gradient_loss | -0.0161     |
|    std                  | 4.79        |
|    value_loss           | 0.0395      |
-----------------------------------------
-----------------------------------------
| rollout/                |             |
|    ep_len_mean          | 474         |
|    ep_rew_mean          | 3.27e+03    |
| time/                   |             |
|    fps                  | 869         |
|    iterations           | 108         |
|    time_elapsed         | 14247       |
|    total_timesteps      | 12386304    |
| train/                  |             |
|    approx_kl            | 0.017702509 |
|    clip_fraction        | 0.313       |
|    clip_range           | 0.15        |
|    entropy_loss         | -49.9       |
|    explained_variance   | 0.8         |
|    learning_rate        | 0.0001      |
|    loss                 | -0.481      |
|    n_updates            | 4230        |
|    policy_gradient_loss | -0.0165     |
|    std                  | 4.83        |
|    value_loss           | 0.0386      |
-----------------------------------------
Eval num_timesteps=12499900, episode_reward=4333.95 +/- 38.79
Episode length: 617.20 +/- 7.70
-----------------------------------------
| eval/                   |             |
|    mean_ep_length       | 617         |
|    mean_reward          | 4.33e+03    |
| time/                   |             |
|    total_timesteps      | 12499900    |
| train/                  |             |
|    approx_kl            | 0.017856536 |
|    clip_fraction        | 0.311       |
|    clip_range           | 0.15        |
|    entropy_loss         | -50         |
|    explained_variance   | 0.783       |
|    learning_rate        | 0.0001      |
|    loss                 | -0.47       |
|    n_updates            | 4245        |
|    policy_gradient_loss | -0.0165     |
|    std                  | 4.86        |
|    value_loss           | 0.0422      |
-----------------------------------------
---------------------------------
| rollout/           |          |
|    ep_len_mean     | 502      |
|    ep_rew_mean     | 3.45e+03 |
| time/              |          |
|    fps             | 869      |
|    iterations      | 109      |
|    time_elapsed    | 14383    |
|    total_timesteps | 12500992 |
---------------------------------
-----------------------------------------
| rollout/                |             |
|    ep_len_mean          | 496         |
|    ep_rew_mean          | 3.42e+03    |
| time/                   |             |
|    fps                  | 869         |
|    iterations           | 110         |
|    time_elapsed         | 14513       |
|    total_timesteps      | 12615680    |
| train/                  |             |
|    approx_kl            | 0.017662162 |
|    clip_fraction        | 0.313       |
|    clip_range           | 0.15        |
|    entropy_loss         | -50.1       |
|    explained_variance   | 0.787       |
|    learning_rate        | 0.0001      |
|    loss                 | -0.477      |
|    n_updates            | 4260        |
|    policy_gradient_loss | -0.0164     |
|    std                  | 4.89        |
|    value_loss           | 0.0397      |
-----------------------------------------
-----------------------------------------
| rollout/                |             |
|    ep_len_mean          | 526         |
|    ep_rew_mean          | 3.63e+03    |
| time/                   |             |
|    fps                  | 869         |
|    iterations           | 111         |
|    time_elapsed         | 14646       |
|    total_timesteps      | 12730368    |
| train/                  |             |
|    approx_kl            | 0.018405315 |
|    clip_fraction        | 0.322       |
|    clip_range           | 0.15        |
|    entropy_loss         | -50.2       |
|    explained_variance   | 0.776       |
|    learning_rate        | 0.0001      |
|    loss                 | -0.488      |
|    n_updates            | 4275        |
|    policy_gradient_loss | -0.0166     |
|    std                  | 4.93        |
|    value_loss           | 0.0419      |
-----------------------------------------
-----------------------------------------
| rollout/                |             |
|    ep_len_mean          | 523         |
|    ep_rew_mean          | 3.6e+03     |
| time/                   |             |
|    fps                  | 869         |
|    iterations           | 112         |
|    time_elapsed         | 14777       |
|    total_timesteps      | 12845056    |
| train/                  |             |
|    approx_kl            | 0.017977266 |
|    clip_fraction        | 0.318       |
|    clip_range           | 0.15        |
|    entropy_loss         | -50.4       |
|    explained_variance   | 0.772       |
|    learning_rate        | 0.0001      |
|    loss                 | -0.498      |
|    n_updates            | 4290        |
|    policy_gradient_loss | -0.0163     |
|    std                  | 4.97        |
|    value_loss           | 0.0399      |
-----------------------------------------
-----------------------------------------
| rollout/                |             |
|    ep_len_mean          | 493         |
|    ep_rew_mean          | 3.41e+03    |
| time/                   |             |
|    fps                  | 869         |
|    iterations           | 113         |
|    time_elapsed         | 14908       |
|    total_timesteps      | 12959744    |
| train/                  |             |
|    approx_kl            | 0.017919471 |
|    clip_fraction        | 0.314       |
|    clip_range           | 0.15        |
|    entropy_loss         | -50.5       |
|    explained_variance   | 0.795       |
|    learning_rate        | 0.0001      |
|    loss                 | -0.487      |
|    n_updates            | 4305        |
|    policy_gradient_loss | -0.0163     |
|    std                  | 5           |
|    value_loss           | 0.0396      |
-----------------------------------------
Eval num_timesteps=12999896, episode_reward=4301.99 +/- 43.47
Episode length: 610.40 +/- 7.55
-----------------------------------------
| eval/                   |             |
|    mean_ep_length       | 610         |
|    mean_reward          | 4.3e+03     |
| time/                   |             |
|    total_timesteps      | 12999896    |
| train/                  |             |
|    approx_kl            | 0.018537197 |
|    clip_fraction        | 0.322       |
|    clip_range           | 0.15        |
|    entropy_loss         | -50.6       |
|    explained_variance   | 0.792       |
|    learning_rate        | 0.0001      |
|    loss                 | -0.498      |
|    n_updates            | 4320        |
|    policy_gradient_loss | -0.0167     |
|    std                  | 5.04        |
|    value_loss           | 0.0423      |
-----------------------------------------
---------------------------------
| rollout/           |          |
|    ep_len_mean     | 497      |
|    ep_rew_mean     | 3.43e+03 |
| time/              |          |
|    fps             | 868      |
|    iterations      | 114      |
|    time_elapsed    | 15047    |
|    total_timesteps | 13074432 |
---------------------------------
-----------------------------------------
| rollout/                |             |
|    ep_len_mean          | 528         |
|    ep_rew_mean          | 3.65e+03    |
| time/                   |             |
|    fps                  | 868         |
|    iterations           | 115         |
|    time_elapsed         | 15178       |
|    total_timesteps      | 13189120    |
| train/                  |             |
|    approx_kl            | 0.017566165 |
|    clip_fraction        | 0.312       |
|    clip_range           | 0.15        |
|    entropy_loss         | -50.7       |
|    explained_variance   | 0.792       |
|    learning_rate        | 0.0001      |
|    loss                 | -0.482      |
|    n_updates            | 4335        |
|    policy_gradient_loss | -0.0164     |
|    std                  | 5.07        |
|    value_loss           | 0.0398      |
-----------------------------------------
-----------------------------------------
| rollout/                |             |
|    ep_len_mean          | 519         |
|    ep_rew_mean          | 3.59e+03    |
| time/                   |             |
|    fps                  | 869         |
|    iterations           | 116         |
|    time_elapsed         | 15308       |
|    total_timesteps      | 13303808    |
| train/                  |             |
|    approx_kl            | 0.018186295 |
|    clip_fraction        | 0.317       |
|    clip_range           | 0.15        |
|    entropy_loss         | -50.8       |
|    explained_variance   | 0.793       |
|    learning_rate        | 0.0001      |
|    loss                 | -0.501      |
|    n_updates            | 4350        |
|    policy_gradient_loss | -0.0163     |
|    std                  | 5.11        |
|    value_loss           | 0.0386      |
-----------------------------------------
-----------------------------------------
| rollout/                |             |
|    ep_len_mean          | 538         |
|    ep_rew_mean          | 3.72e+03    |
| time/                   |             |
|    fps                  | 869         |
|    iterations           | 117         |
|    time_elapsed         | 15439       |
|    total_timesteps      | 13418496    |
| train/                  |             |
|    approx_kl            | 0.018183379 |
|    clip_fraction        | 0.316       |
|    clip_range           | 0.15        |
|    entropy_loss         | -50.9       |
|    explained_variance   | 0.788       |
|    learning_rate        | 0.0001      |
|    loss                 | -0.505      |
|    n_updates            | 4365        |
|    policy_gradient_loss | -0.0166     |
|    std                  | 5.15        |
|    value_loss           | 0.0408      |
-----------------------------------------
Eval num_timesteps=13499892, episode_reward=4280.17 +/- 44.64
Episode length: 608.00 +/- 7.48
-----------------------------------------
| eval/                   |             |
|    mean_ep_length       | 608         |
|    mean_reward          | 4.28e+03    |
| time/                   |             |
|    total_timesteps      | 13499892    |
| train/                  |             |
|    approx_kl            | 0.017980503 |
|    clip_fraction        | 0.311       |
|    clip_range           | 0.15        |
|    entropy_loss         | -51         |
|    explained_variance   | 0.775       |
|    learning_rate        | 0.0001      |
|    loss                 | -0.512      |
|    n_updates            | 4380        |
|    policy_gradient_loss | -0.0164     |
|    std                  | 5.18        |
|    value_loss           | 0.0396      |
-----------------------------------------
---------------------------------
| rollout/           |          |
|    ep_len_mean     | 501      |
|    ep_rew_mean     | 3.47e+03 |
| time/              |          |
|    fps             | 868      |
|    iterations      | 118      |
|    time_elapsed    | 15575    |
|    total_timesteps | 13533184 |
---------------------------------
----------------------------------------
| rollout/                |            |
|    ep_len_mean          | 520        |
|    ep_rew_mean          | 3.6e+03    |
| time/                   |            |
|    fps                  | 868        |
|    iterations           | 119        |
|    time_elapsed         | 15706      |
|    total_timesteps      | 13647872   |
| train/                  |            |
|    approx_kl            | 0.01798376 |
|    clip_fraction        | 0.317      |
|    clip_range           | 0.15       |
|    entropy_loss         | -51.2      |
|    explained_variance   | 0.791      |
|    learning_rate        | 0.0001     |
|    loss                 | -0.507     |
|    n_updates            | 4395       |
|    policy_gradient_loss | -0.0157    |
|    std                  | 5.23       |
|    value_loss           | 0.0391     |
----------------------------------------
-----------------------------------------
| rollout/                |             |
|    ep_len_mean          | 495         |
|    ep_rew_mean          | 3.44e+03    |
| time/                   |             |
|    fps                  | 868         |
|    iterations           | 120         |
|    time_elapsed         | 15838       |
|    total_timesteps      | 13762560    |
| train/                  |             |
|    approx_kl            | 0.017956423 |
|    clip_fraction        | 0.313       |
|    clip_range           | 0.15        |
|    entropy_loss         | -51.3       |
|    explained_variance   | 0.784       |
|    learning_rate        | 0.0001      |
|    loss                 | -0.519      |
|    n_updates            | 4410        |
|    policy_gradient_loss | -0.0166     |
|    std                  | 5.26        |
|    value_loss           | 0.0392      |
-----------------------------------------
-----------------------------------------
| rollout/                |             |
|    ep_len_mean          | 511         |
|    ep_rew_mean          | 3.54e+03    |
| time/                   |             |
|    fps                  | 868         |
|    iterations           | 121         |
|    time_elapsed         | 15969       |
|    total_timesteps      | 13877248    |
| train/                  |             |
|    approx_kl            | 0.017753066 |
|    clip_fraction        | 0.314       |
|    clip_range           | 0.15        |
|    entropy_loss         | -51.4       |
|    explained_variance   | 0.765       |
|    learning_rate        | 0.0001      |
|    loss                 | -0.519      |
|    n_updates            | 4425        |
|    policy_gradient_loss | -0.0162     |
|    std                  | 5.3         |
|    value_loss           | 0.0422      |
-----------------------------------------
-----------------------------------------
| rollout/                |             |
|    ep_len_mean          | 487         |
|    ep_rew_mean          | 3.36e+03    |
| time/                   |             |
|    fps                  | 869         |
|    iterations           | 122         |
|    time_elapsed         | 16100       |
|    total_timesteps      | 13991936    |
| train/                  |             |
|    approx_kl            | 0.017697772 |
|    clip_fraction        | 0.311       |
|    clip_range           | 0.15        |
|    entropy_loss         | -51.5       |
|    explained_variance   | 0.784       |
|    learning_rate        | 0.0001      |
|    loss                 | -0.491      |
|    n_updates            | 4440        |
|    policy_gradient_loss | -0.0164     |
|    std                  | 5.34        |
|    value_loss           | 0.0403      |
-----------------------------------------
Eval num_timesteps=13999888, episode_reward=4336.63 +/- 27.95
Episode length: 617.60 +/- 6.92
-----------------------------------------
| eval/                   |             |
|    mean_ep_length       | 618         |
|    mean_reward          | 4.34e+03    |
| time/                   |             |
|    total_timesteps      | 13999888    |
| train/                  |             |
|    approx_kl            | 0.017901395 |
|    clip_fraction        | 0.311       |
|    clip_range           | 0.15        |
|    entropy_loss         | -51.6       |
|    explained_variance   | 0.781       |
|    learning_rate        | 0.0001      |
|    loss                 | -0.502      |
|    n_updates            | 4455        |
|    policy_gradient_loss | -0.0165     |
|    std                  | 5.38        |
|    value_loss           | 0.041       |
-----------------------------------------
---------------------------------
| rollout/           |          |
|    ep_len_mean     | 537      |
|    ep_rew_mean     | 3.73e+03 |
| time/              |          |
|    fps             | 868      |
|    iterations      | 123      |
|    time_elapsed    | 16239    |
|    total_timesteps | 14106624 |
---------------------------------
----------------------------------------
| rollout/                |            |
|    ep_len_mean          | 549        |
|    ep_rew_mean          | 3.82e+03   |
| time/                   |            |
|    fps                  | 868        |
|    iterations           | 124        |
|    time_elapsed         | 16370      |
|    total_timesteps      | 14221312   |
| train/                  |            |
|    approx_kl            | 0.01764487 |
|    clip_fraction        | 0.314      |
|    clip_range           | 0.15       |
|    entropy_loss         | -51.8      |
|    explained_variance   | 0.769      |
|    learning_rate        | 0.0001     |
|    loss                 | -0.5       |
|    n_updates            | 4470       |
|    policy_gradient_loss | -0.0156    |
|    std                  | 5.42       |
|    value_loss           | 0.0409     |
----------------------------------------
-----------------------------------------
| rollout/                |             |
|    ep_len_mean          | 510         |
|    ep_rew_mean          | 3.54e+03    |
| time/                   |             |
|    fps                  | 868         |
|    iterations           | 125         |
|    time_elapsed         | 16501       |
|    total_timesteps      | 14336000    |
| train/                  |             |
|    approx_kl            | 0.017821278 |
|    clip_fraction        | 0.31        |
|    clip_range           | 0.15        |
|    entropy_loss         | -51.9       |
|    explained_variance   | 0.771       |
|    learning_rate        | 0.0001      |
|    loss                 | -0.525      |
|    n_updates            | 4485        |
|    policy_gradient_loss | -0.0162     |
|    std                  | 5.46        |
|    value_loss           | 0.0396      |
-----------------------------------------
-----------------------------------------
| rollout/                |             |
|    ep_len_mean          | 520         |
|    ep_rew_mean          | 3.6e+03     |
| time/                   |             |
|    fps                  | 868         |
|    iterations           | 126         |
|    time_elapsed         | 16633       |
|    total_timesteps      | 14450688    |
| train/                  |             |
|    approx_kl            | 0.017503802 |
|    clip_fraction        | 0.304       |
|    clip_range           | 0.15        |
|    entropy_loss         | -52         |
|    explained_variance   | 0.786       |
|    learning_rate        | 0.0001      |
|    loss                 | -0.501      |
|    n_updates            | 4500        |
|    policy_gradient_loss | -0.016      |
|    std                  | 5.5         |
|    value_loss           | 0.0408      |
-----------------------------------------
Eval num_timesteps=14499884, episode_reward=4324.74 +/- 52.87
Episode length: 616.40 +/- 9.67
-----------------------------------------
| eval/                   |             |
|    mean_ep_length       | 616         |
|    mean_reward          | 4.32e+03    |
| time/                   |             |
|    total_timesteps      | 14499884    |
| train/                  |             |
|    approx_kl            | 0.017578693 |
|    clip_fraction        | 0.309       |
|    clip_range           | 0.15        |
|    entropy_loss         | -52.1       |
|    explained_variance   | 0.779       |
|    learning_rate        | 0.0001      |
|    loss                 | -0.497      |
|    n_updates            | 4515        |
|    policy_gradient_loss | -0.016      |
|    std                  | 5.54        |
|    value_loss           | 0.0401      |
-----------------------------------------
---------------------------------
| rollout/           |          |
|    ep_len_mean     | 512      |
|    ep_rew_mean     | 3.54e+03 |
| time/              |          |
|    fps             | 868      |
|    iterations      | 127      |
|    time_elapsed    | 16768    |
|    total_timesteps | 14565376 |
---------------------------------
-----------------------------------------
| rollout/                |             |
|    ep_len_mean          | 553         |
|    ep_rew_mean          | 3.82e+03    |
| time/                   |             |
|    fps                  | 868         |
|    iterations           | 128         |
|    time_elapsed         | 16899       |
|    total_timesteps      | 14680064    |
| train/                  |             |
|    approx_kl            | 0.017680014 |
|    clip_fraction        | 0.306       |
|    clip_range           | 0.15        |
|    entropy_loss         | -52.2       |
|    explained_variance   | 0.797       |
|    learning_rate        | 0.0001      |
|    loss                 | -0.51       |
|    n_updates            | 4530        |
|    policy_gradient_loss | -0.0163     |
|    std                  | 5.57        |
|    value_loss           | 0.0399      |
-----------------------------------------
----------------------------------------
| rollout/                |            |
|    ep_len_mean          | 524        |
|    ep_rew_mean          | 3.62e+03   |
| time/                   |            |
|    fps                  | 868        |
|    iterations           | 129        |
|    time_elapsed         | 17032      |
|    total_timesteps      | 14794752   |
| train/                  |            |
|    approx_kl            | 0.01765937 |
|    clip_fraction        | 0.311      |
|    clip_range           | 0.15       |
|    entropy_loss         | -52.3      |
|    explained_variance   | 0.761      |
|    learning_rate        | 0.0001     |
|    loss                 | -0.525     |
|    n_updates            | 4545       |
|    policy_gradient_loss | -0.0158    |
|    std                  | 5.62       |
|    value_loss           | 0.041      |
----------------------------------------
-----------------------------------------
| rollout/                |             |
|    ep_len_mean          | 504         |
|    ep_rew_mean          | 3.48e+03    |
| time/                   |             |
|    fps                  | 868         |
|    iterations           | 130         |
|    time_elapsed         | 17166       |
|    total_timesteps      | 14909440    |
| train/                  |             |
|    approx_kl            | 0.017856974 |
|    clip_fraction        | 0.314       |
|    clip_range           | 0.15        |
|    entropy_loss         | -52.5       |
|    explained_variance   | 0.784       |
|    learning_rate        | 0.0001      |
|    loss                 | -0.517      |
|    n_updates            | 4560        |
|    policy_gradient_loss | -0.0159     |
|    std                  | 5.66        |
|    value_loss           | 0.0398      |
-----------------------------------------
Eval num_timesteps=14999880, episode_reward=4335.54 +/- 51.90
Episode length: 617.80 +/- 10.28
-----------------------------------------
| eval/                   |             |
|    mean_ep_length       | 618         |
|    mean_reward          | 4.34e+03    |
| time/                   |             |
|    total_timesteps      | 14999880    |
| train/                  |             |
|    approx_kl            | 0.018255008 |
|    clip_fraction        | 0.313       |
|    clip_range           | 0.15        |
|    entropy_loss         | -52.6       |
|    explained_variance   | 0.789       |
|    learning_rate        | 0.0001      |
|    loss                 | -0.521      |
|    n_updates            | 4575        |
|    policy_gradient_loss | -0.0159     |
|    std                  | 5.71        |
|    value_loss           | 0.04        |
-----------------------------------------
---------------------------------
| rollout/           |          |
|    ep_len_mean     | 519      |
|    ep_rew_mean     | 3.59e+03 |
| time/              |          |
|    fps             | 868      |
|    iterations      | 131      |
|    time_elapsed    | 17306    |
|    total_timesteps | 15024128 |
---------------------------------
-----------------------------------------
| rollout/                |             |
|    ep_len_mean          | 513         |
|    ep_rew_mean          | 3.54e+03    |
| time/                   |             |
|    fps                  | 868         |
|    iterations           | 132         |
|    time_elapsed         | 17438       |
|    total_timesteps      | 15138816    |
| train/                  |             |
|    approx_kl            | 0.017202621 |
|    clip_fraction        | 0.308       |
|    clip_range           | 0.15        |
|    entropy_loss         | -52.7       |
|    explained_variance   | 0.777       |
|    learning_rate        | 0.0001      |
|    loss                 | -0.508      |
|    n_updates            | 4590        |
|    policy_gradient_loss | -0.016      |
|    std                  | 5.75        |
|    value_loss           | 0.0407      |
-----------------------------------------
-----------------------------------------
| rollout/                |             |
|    ep_len_mean          | 534         |
|    ep_rew_mean          | 3.7e+03     |
| time/                   |             |
|    fps                  | 868         |
|    iterations           | 133         |
|    time_elapsed         | 17569       |
|    total_timesteps      | 15253504    |
| train/                  |             |
|    approx_kl            | 0.018150529 |
|    clip_fraction        | 0.314       |
|    clip_range           | 0.15        |
|    entropy_loss         | -52.8       |
|    explained_variance   | 0.765       |
|    learning_rate        | 0.0001      |
|    loss                 | -0.499      |
|    n_updates            | 4605        |
|    policy_gradient_loss | -0.0162     |
|    std                  | 5.79        |
|    value_loss           | 0.0408      |
-----------------------------------------
-----------------------------------------
| rollout/                |             |
|    ep_len_mean          | 544         |
|    ep_rew_mean          | 3.77e+03    |
| time/                   |             |
|    fps                  | 868         |
|    iterations           | 134         |
|    time_elapsed         | 17701       |
|    total_timesteps      | 15368192    |
| train/                  |             |
|    approx_kl            | 0.018363658 |
|    clip_fraction        | 0.319       |
|    clip_range           | 0.15        |
|    entropy_loss         | -53         |
|    explained_variance   | 0.756       |
|    learning_rate        | 0.0001      |
|    loss                 | -0.472      |
|    n_updates            | 4620        |
|    policy_gradient_loss | -0.0162     |
|    std                  | 5.84        |
|    value_loss           | 0.0418      |
-----------------------------------------
-----------------------------------------
| rollout/                |             |
|    ep_len_mean          | 529         |
|    ep_rew_mean          | 3.68e+03    |
| time/                   |             |
|    fps                  | 868         |
|    iterations           | 135         |
|    time_elapsed         | 17832       |
|    total_timesteps      | 15482880    |
| train/                  |             |
|    approx_kl            | 0.018096115 |
|    clip_fraction        | 0.316       |
|    clip_range           | 0.15        |
|    entropy_loss         | -53.1       |
|    explained_variance   | 0.748       |
|    learning_rate        | 0.0001      |
|    loss                 | -0.516      |
|    n_updates            | 4635        |
|    policy_gradient_loss | -0.0159     |
|    std                  | 5.89        |
|    value_loss           | 0.0419      |
-----------------------------------------
Eval num_timesteps=15499876, episode_reward=4320.78 +/- 46.29
Episode length: 617.20 +/- 11.20
-----------------------------------------
| eval/                   |             |
|    mean_ep_length       | 617         |
|    mean_reward          | 4.32e+03    |
| time/                   |             |
|    total_timesteps      | 15499876    |
| train/                  |             |
|    approx_kl            | 0.017582005 |
|    clip_fraction        | 0.309       |
|    clip_range           | 0.15        |
|    entropy_loss         | -53.2       |
|    explained_variance   | 0.76        |
|    learning_rate        | 0.0001      |
|    loss                 | -0.54       |
|    n_updates            | 4650        |
|    policy_gradient_loss | -0.0159     |
|    std                  | 5.93        |
|    value_loss           | 0.0397      |
-----------------------------------------
---------------------------------
| rollout/           |          |
|    ep_len_mean     | 529      |
|    ep_rew_mean     | 3.65e+03 |
| time/              |          |
|    fps             | 868      |
|    iterations      | 136      |
|    time_elapsed    | 17968    |
|    total_timesteps | 15597568 |
---------------------------------
---------------------------------------
| rollout/                |           |
|    ep_len_mean          | 523       |
|    ep_rew_mean          | 3.62e+03  |
| time/                   |           |
|    fps                  | 868       |
|    iterations           | 137       |
|    time_elapsed         | 18100     |
|    total_timesteps      | 15712256  |
| train/                  |           |
|    approx_kl            | 0.0174764 |
|    clip_fraction        | 0.308     |
|    clip_range           | 0.15      |
|    entropy_loss         | -53.4     |
|    explained_variance   | 0.771     |
|    learning_rate        | 0.0001    |
|    loss                 | -0.503    |
|    n_updates            | 4665      |
|    policy_gradient_loss | -0.016    |
|    std                  | 5.98      |
|    value_loss           | 0.0404    |
---------------------------------------
-----------------------------------------
| rollout/                |             |
|    ep_len_mean          | 513         |
|    ep_rew_mean          | 3.54e+03    |
| time/                   |             |
|    fps                  | 868         |
|    iterations           | 138         |
|    time_elapsed         | 18231       |
|    total_timesteps      | 15826944    |
| train/                  |             |
|    approx_kl            | 0.017894035 |
|    clip_fraction        | 0.314       |
|    clip_range           | 0.15        |
|    entropy_loss         | -53.5       |
|    explained_variance   | 0.76        |
|    learning_rate        | 0.0001      |
|    loss                 | -0.542      |
|    n_updates            | 4680        |
|    policy_gradient_loss | -0.016      |
|    std                  | 6.03        |
|    value_loss           | 0.0414      |
-----------------------------------------
-----------------------------------------
| rollout/                |             |
|    ep_len_mean          | 528         |
|    ep_rew_mean          | 3.64e+03    |
| time/                   |             |
|    fps                  | 868         |
|    iterations           | 139         |
|    time_elapsed         | 18362       |
|    total_timesteps      | 15941632    |
| train/                  |             |
|    approx_kl            | 0.017665992 |
|    clip_fraction        | 0.311       |
|    clip_range           | 0.15        |
|    entropy_loss         | -53.6       |
|    explained_variance   | 0.78        |
|    learning_rate        | 0.0001      |
|    loss                 | -0.529      |
|    n_updates            | 4695        |
|    policy_gradient_loss | -0.0162     |
|    std                  | 6.08        |
|    value_loss           | 0.0403      |
-----------------------------------------
Eval num_timesteps=15999872, episode_reward=4370.10 +/- 51.13
Episode length: 627.40 +/- 10.59
----------------------------------------
| eval/                   |            |
|    mean_ep_length       | 627        |
|    mean_reward          | 4.37e+03   |
| time/                   |            |
|    total_timesteps      | 15999872   |
| train/                  |            |
|    approx_kl            | 0.01801606 |
|    clip_fraction        | 0.317      |
|    clip_range           | 0.15       |
|    entropy_loss         | -53.8      |
|    explained_variance   | 0.765      |
|    learning_rate        | 0.0001     |
|    loss                 | -0.513     |
|    n_updates            | 4710       |
|    policy_gradient_loss | -0.016     |
|    std                  | 6.13       |
|    value_loss           | 0.039      |
----------------------------------------
---------------------------------
| rollout/           |          |
|    ep_len_mean     | 535      |
|    ep_rew_mean     | 3.71e+03 |
| time/              |          |
|    fps             | 867      |
|    iterations      | 140      |
|    time_elapsed    | 18499    |
|    total_timesteps | 16056320 |
---------------------------------
-----------------------------------------
| rollout/                |             |
|    ep_len_mean          | 541         |
|    ep_rew_mean          | 3.74e+03    |
| time/                   |             |
|    fps                  | 867         |
|    iterations           | 141         |
|    time_elapsed         | 18630       |
|    total_timesteps      | 16171008    |
| train/                  |             |
|    approx_kl            | 0.017743122 |
|    clip_fraction        | 0.311       |
|    clip_range           | 0.15        |
|    entropy_loss         | -53.9       |
|    explained_variance   | 0.768       |
|    learning_rate        | 0.0001      |
|    loss                 | -0.53       |
|    n_updates            | 4725        |
|    policy_gradient_loss | -0.0159     |
|    std                  | 6.18        |
|    value_loss           | 0.0409      |
-----------------------------------------
-----------------------------------------
| rollout/                |             |
|    ep_len_mean          | 484         |
|    ep_rew_mean          | 3.33e+03    |
| time/                   |             |
|    fps                  | 867         |
|    iterations           | 142         |
|    time_elapsed         | 18764       |
|    total_timesteps      | 16285696    |
| train/                  |             |
|    approx_kl            | 0.017927181 |
|    clip_fraction        | 0.31        |
|    clip_range           | 0.15        |
|    entropy_loss         | -54         |
|    explained_variance   | 0.768       |
|    learning_rate        | 0.0001      |
|    loss                 | -0.533      |
|    n_updates            | 4740        |
|    policy_gradient_loss | -0.0157     |
|    std                  | 6.23        |
|    value_loss           | 0.0383      |
-----------------------------------------
-----------------------------------------
| rollout/                |             |
|    ep_len_mean          | 516         |
|    ep_rew_mean          | 3.57e+03    |
| time/                   |             |
|    fps                  | 867         |
|    iterations           | 143         |
|    time_elapsed         | 18896       |
|    total_timesteps      | 16400384    |
| train/                  |             |
|    approx_kl            | 0.017397648 |
|    clip_fraction        | 0.304       |
|    clip_range           | 0.15        |
|    entropy_loss         | -54.2       |
|    explained_variance   | 0.787       |
|    learning_rate        | 0.0001      |
|    loss                 | -0.522      |
|    n_updates            | 4755        |
|    policy_gradient_loss | -0.0165     |
|    std                  | 6.28        |
|    value_loss           | 0.0403      |
-----------------------------------------
Eval num_timesteps=16499868, episode_reward=4378.68 +/- 58.50
Episode length: 631.00 +/- 11.26
----------------------------------------
| eval/                   |            |
|    mean_ep_length       | 631        |
|    mean_reward          | 4.38e+03   |
| time/                   |            |
|    total_timesteps      | 16499868   |
| train/                  |            |
|    approx_kl            | 0.01734667 |
|    clip_fraction        | 0.304      |
|    clip_range           | 0.15       |
|    entropy_loss         | -54.3      |
|    explained_variance   | 0.783      |
|    learning_rate        | 0.0001     |
|    loss                 | -0.506     |
|    n_updates            | 4770       |
|    policy_gradient_loss | -0.0165    |
|    std                  | 6.32       |
|    value_loss           | 0.0397     |
----------------------------------------
---------------------------------
| rollout/           |          |
|    ep_len_mean     | 503      |
|    ep_rew_mean     | 3.47e+03 |
| time/              |          |
|    fps             | 867      |
|    iterations      | 144      |
|    time_elapsed    | 19031    |
|    total_timesteps | 16515072 |
---------------------------------
-----------------------------------------
| rollout/                |             |
|    ep_len_mean          | 494         |
|    ep_rew_mean          | 3.4e+03     |
| time/                   |             |
|    fps                  | 867         |
|    iterations           | 145         |
|    time_elapsed         | 19163       |
|    total_timesteps      | 16629760    |
| train/                  |             |
|    approx_kl            | 0.017693607 |
|    clip_fraction        | 0.309       |
|    clip_range           | 0.15        |
|    entropy_loss         | -54.4       |
|    explained_variance   | 0.764       |
|    learning_rate        | 0.0001      |
|    loss                 | -0.539      |
|    n_updates            | 4785        |
|    policy_gradient_loss | -0.0162     |
|    std                  | 6.38        |
|    value_loss           | 0.0411      |
-----------------------------------------
----------------------------------------
| rollout/                |            |
|    ep_len_mean          | 514        |
|    ep_rew_mean          | 3.55e+03   |
| time/                   |            |
|    fps                  | 867        |
|    iterations           | 146        |
|    time_elapsed         | 19294      |
|    total_timesteps      | 16744448   |
| train/                  |            |
|    approx_kl            | 0.01776938 |
|    clip_fraction        | 0.306      |
|    clip_range           | 0.15       |
|    entropy_loss         | -54.5      |
|    explained_variance   | 0.805      |
|    learning_rate        | 0.0001     |
|    loss                 | -0.543     |
|    n_updates            | 4800       |
|    policy_gradient_loss | -0.0169    |
|    std                  | 6.42       |
|    value_loss           | 0.0388     |
----------------------------------------
-----------------------------------------
| rollout/                |             |
|    ep_len_mean          | 532         |
|    ep_rew_mean          | 3.69e+03    |
| time/                   |             |
|    fps                  | 867         |
|    iterations           | 147         |
|    time_elapsed         | 19427       |
|    total_timesteps      | 16859136    |
| train/                  |             |
|    approx_kl            | 0.017660772 |
|    clip_fraction        | 0.307       |
|    clip_range           | 0.15        |
|    entropy_loss         | -54.6       |
|    explained_variance   | 0.775       |
|    learning_rate        | 0.0001      |
|    loss                 | -0.535      |
|    n_updates            | 4815        |
|    policy_gradient_loss | -0.0163     |
|    std                  | 6.47        |
|    value_loss           | 0.0407      |
-----------------------------------------
-----------------------------------------
| rollout/                |             |
|    ep_len_mean          | 510         |
|    ep_rew_mean          | 3.53e+03    |
| time/                   |             |
|    fps                  | 867         |
|    iterations           | 148         |
|    time_elapsed         | 19557       |
|    total_timesteps      | 16973824    |
| train/                  |             |
|    approx_kl            | 0.017700683 |
|    clip_fraction        | 0.304       |
|    clip_range           | 0.15        |
|    entropy_loss         | -54.8       |
|    explained_variance   | 0.765       |
|    learning_rate        | 0.0001      |
|    loss                 | -0.503      |
|    n_updates            | 4830        |
|    policy_gradient_loss | -0.0161     |
|    std                  | 6.52        |
|    value_loss           | 0.0403      |
-----------------------------------------
Eval num_timesteps=16999864, episode_reward=4382.74 +/- 51.22
Episode length: 631.80 +/- 9.97
----------------------------------------
| eval/                   |            |
|    mean_ep_length       | 632        |
|    mean_reward          | 4.38e+03   |
| time/                   |            |
|    total_timesteps      | 16999864   |
| train/                  |            |
|    approx_kl            | 0.01779291 |
|    clip_fraction        | 0.305      |
|    clip_range           | 0.15       |
|    entropy_loss         | -54.9      |
|    explained_variance   | 0.786      |
|    learning_rate        | 0.0001     |
|    loss                 | -0.566     |
|    n_updates            | 4845       |
|    policy_gradient_loss | -0.0163    |
|    std                  | 6.56       |
|    value_loss           | 0.0418     |
----------------------------------------
---------------------------------
| rollout/           |          |
|    ep_len_mean     | 503      |
|    ep_rew_mean     | 3.48e+03 |
| time/              |          |
|    fps             | 867      |
|    iterations      | 149      |
|    time_elapsed    | 19695    |
|    total_timesteps | 17088512 |
---------------------------------
-----------------------------------------
| rollout/                |             |
|    ep_len_mean          | 489         |
|    ep_rew_mean          | 3.37e+03    |
| time/                   |             |
|    fps                  | 867         |
|    iterations           | 150         |
|    time_elapsed         | 19826       |
|    total_timesteps      | 17203200    |
| train/                  |             |
|    approx_kl            | 0.017534217 |
|    clip_fraction        | 0.304       |
|    clip_range           | 0.15        |
|    entropy_loss         | -55         |
|    explained_variance   | 0.776       |
|    learning_rate        | 0.0001      |
|    loss                 | -0.518      |
|    n_updates            | 4860        |
|    policy_gradient_loss | -0.0163     |
|    std                  | 6.61        |
|    value_loss           | 0.0403      |
-----------------------------------------
----------------------------------------
| rollout/                |            |
|    ep_len_mean          | 528        |
|    ep_rew_mean          | 3.68e+03   |
| time/                   |            |
|    fps                  | 867        |
|    iterations           | 151        |
|    time_elapsed         | 19959      |
|    total_timesteps      | 17317888   |
| train/                  |            |
|    approx_kl            | 0.01730712 |
|    clip_fraction        | 0.302      |
|    clip_range           | 0.15       |
|    entropy_loss         | -55.1      |
|    explained_variance   | 0.798      |
|    learning_rate        | 0.0001     |
|    loss                 | -0.55      |
|    n_updates            | 4875       |
|    policy_gradient_loss | -0.0167    |
|    std                  | 6.65       |
|    value_loss           | 0.0409     |
----------------------------------------
-----------------------------------------
| rollout/                |             |
|    ep_len_mean          | 493         |
|    ep_rew_mean          | 3.42e+03    |
| time/                   |             |
|    fps                  | 867         |
|    iterations           | 152         |
|    time_elapsed         | 20092       |
|    total_timesteps      | 17432576    |
| train/                  |             |
|    approx_kl            | 0.016868008 |
|    clip_fraction        | 0.3         |
|    clip_range           | 0.15        |
|    entropy_loss         | -55.2       |
|    explained_variance   | 0.766       |
|    learning_rate        | 0.0001      |
|    loss                 | -0.556      |
|    n_updates            | 4890        |
|    policy_gradient_loss | -0.0157     |
|    std                  | 6.7         |
|    value_loss           | 0.0413      |
-----------------------------------------
Eval num_timesteps=17499860, episode_reward=4388.73 +/- 69.96
Episode length: 628.20 +/- 15.59
-----------------------------------------
| eval/                   |             |
|    mean_ep_length       | 628         |
|    mean_reward          | 4.39e+03    |
| time/                   |             |
|    total_timesteps      | 17499860    |
| train/                  |             |
|    approx_kl            | 0.017646661 |
|    clip_fraction        | 0.303       |
|    clip_range           | 0.15        |
|    entropy_loss         | -55.3       |
|    explained_variance   | 0.782       |
|    learning_rate        | 0.0001      |
|    loss                 | -0.533      |
|    n_updates            | 4905        |
|    policy_gradient_loss | -0.0162     |
|    std                  | 6.75        |
|    value_loss           | 0.0411      |
-----------------------------------------
---------------------------------
| rollout/           |          |
|    ep_len_mean     | 498      |
|    ep_rew_mean     | 3.46e+03 |
| time/              |          |
|    fps             | 867      |
|    iterations      | 153      |
|    time_elapsed    | 20229    |
|    total_timesteps | 17547264 |
---------------------------------
-----------------------------------------
| rollout/                |             |
|    ep_len_mean          | 498         |
|    ep_rew_mean          | 3.46e+03    |
| time/                   |             |
|    fps                  | 867         |
|    iterations           | 154         |
|    time_elapsed         | 20363       |
|    total_timesteps      | 17661952    |
| train/                  |             |
|    approx_kl            | 0.017927272 |
|    clip_fraction        | 0.308       |
|    clip_range           | 0.15        |
|    entropy_loss         | -55.5       |
|    explained_variance   | 0.779       |
|    learning_rate        | 0.0001      |
|    loss                 | -0.558      |
|    n_updates            | 4920        |
|    policy_gradient_loss | -0.0165     |
|    std                  | 6.81        |
|    value_loss           | 0.0392      |
-----------------------------------------
-----------------------------------------
| rollout/                |             |
|    ep_len_mean          | 513         |
|    ep_rew_mean          | 3.58e+03    |
| time/                   |             |
|    fps                  | 867         |
|    iterations           | 155         |
|    time_elapsed         | 20495       |
|    total_timesteps      | 17776640    |
| train/                  |             |
|    approx_kl            | 0.017434254 |
|    clip_fraction        | 0.303       |
|    clip_range           | 0.15        |
|    entropy_loss         | -55.6       |
|    explained_variance   | 0.77        |
|    learning_rate        | 0.0001      |
|    loss                 | -0.543      |
|    n_updates            | 4935        |
|    policy_gradient_loss | -0.0167     |
|    std                  | 6.86        |
|    value_loss           | 0.0422      |
-----------------------------------------
-----------------------------------------
| rollout/                |             |
|    ep_len_mean          | 490         |
|    ep_rew_mean          | 3.41e+03    |
| time/                   |             |
|    fps                  | 867         |
|    iterations           | 156         |
|    time_elapsed         | 20628       |
|    total_timesteps      | 17891328    |
| train/                  |             |
|    approx_kl            | 0.017683284 |
|    clip_fraction        | 0.306       |
|    clip_range           | 0.15        |
|    entropy_loss         | -55.7       |
|    explained_variance   | 0.776       |
|    learning_rate        | 0.0001      |
|    loss                 | -0.567      |
|    n_updates            | 4950        |
|    policy_gradient_loss | -0.0163     |
|    std                  | 6.91        |
|    value_loss           | 0.0402      |
-----------------------------------------
Eval num_timesteps=17999856, episode_reward=4390.93 +/- 73.72
Episode length: 630.00 +/- 14.97
-----------------------------------------
| eval/                   |             |
|    mean_ep_length       | 630         |
|    mean_reward          | 4.39e+03    |
| time/                   |             |
|    total_timesteps      | 17999856    |
| train/                  |             |
|    approx_kl            | 0.017091852 |
|    clip_fraction        | 0.3         |
|    clip_range           | 0.15        |
|    entropy_loss         | -55.8       |
|    explained_variance   | 0.792       |
|    learning_rate        | 0.0001      |
|    loss                 | -0.568      |
|    n_updates            | 4965        |
|    policy_gradient_loss | -0.0165     |
|    std                  | 6.96        |
|    value_loss           | 0.0396      |
-----------------------------------------
---------------------------------
| rollout/           |          |
|    ep_len_mean     | 497      |
|    ep_rew_mean     | 3.45e+03 |
| time/              |          |
|    fps             | 867      |
|    iterations      | 157      |
|    time_elapsed    | 20764    |
|    total_timesteps | 18006016 |
---------------------------------
----------------------------------------
| rollout/                |            |
|    ep_len_mean          | 496        |
|    ep_rew_mean          | 3.45e+03   |
| time/                   |            |
|    fps                  | 867        |
|    iterations           | 158        |
|    time_elapsed         | 20897      |
|    total_timesteps      | 18120704   |
| train/                  |            |
|    approx_kl            | 0.01753183 |
|    clip_fraction        | 0.305      |
|    clip_range           | 0.15       |
|    entropy_loss         | -55.9      |
|    explained_variance   | 0.778      |
|    learning_rate        | 0.0001     |
|    loss                 | -0.53      |
|    n_updates            | 4980       |
|    policy_gradient_loss | -0.0165    |
|    std                  | 7.02       |
|    value_loss           | 0.0414     |
----------------------------------------
-----------------------------------------
| rollout/                |             |
|    ep_len_mean          | 500         |
|    ep_rew_mean          | 3.49e+03    |
| time/                   |             |
|    fps                  | 867         |
|    iterations           | 159         |
|    time_elapsed         | 21030       |
|    total_timesteps      | 18235392    |
| train/                  |             |
|    approx_kl            | 0.017338144 |
|    clip_fraction        | 0.299       |
|    clip_range           | 0.15        |
|    entropy_loss         | -56.1       |
|    explained_variance   | 0.781       |
|    learning_rate        | 0.0001      |
|    loss                 | -0.538      |
|    n_updates            | 4995        |
|    policy_gradient_loss | -0.0164     |
|    std                  | 7.07        |
|    value_loss           | 0.0407      |
-----------------------------------------
-----------------------------------------
| rollout/                |             |
|    ep_len_mean          | 511         |
|    ep_rew_mean          | 3.55e+03    |
| time/                   |             |
|    fps                  | 867         |
|    iterations           | 160         |
|    time_elapsed         | 21162       |
|    total_timesteps      | 18350080    |
| train/                  |             |
|    approx_kl            | 0.017488338 |
|    clip_fraction        | 0.301       |
|    clip_range           | 0.15        |
|    entropy_loss         | -56.2       |
|    explained_variance   | 0.772       |
|    learning_rate        | 0.0001      |
|    loss                 | -0.57       |
|    n_updates            | 5010        |
|    policy_gradient_loss | -0.0161     |
|    std                  | 7.12        |
|    value_loss           | 0.0398      |
-----------------------------------------
---------------------------------------
| rollout/                |           |
|    ep_len_mean          | 499       |
|    ep_rew_mean          | 3.47e+03  |
| time/                   |           |
|    fps                  | 867       |
|    iterations           | 161       |
|    time_elapsed         | 21294     |
|    total_timesteps      | 18464768  |
| train/                  |           |
|    approx_kl            | 0.0175824 |
|    clip_fraction        | 0.306     |
|    clip_range           | 0.15      |
|    entropy_loss         | -56.3     |
|    explained_variance   | 0.784     |
|    learning_rate        | 0.0001    |
|    loss                 | -0.571    |
|    n_updates            | 5025      |
|    policy_gradient_loss | -0.0168   |
|    std                  | 7.17      |
|    value_loss           | 0.0389    |
---------------------------------------
Eval num_timesteps=18499852, episode_reward=4349.21 +/- 44.41
Episode length: 619.80 +/- 5.56
-----------------------------------------
| eval/                   |             |
|    mean_ep_length       | 620         |
|    mean_reward          | 4.35e+03    |
| time/                   |             |
|    total_timesteps      | 18499852    |
| train/                  |             |
|    approx_kl            | 0.017515216 |
|    clip_fraction        | 0.302       |
|    clip_range           | 0.15        |
|    entropy_loss         | -56.4       |
|    explained_variance   | 0.76        |
|    learning_rate        | 0.0001      |
|    loss                 | -0.568      |
|    n_updates            | 5040        |
|    policy_gradient_loss | -0.0163     |
|    std                  | 7.22        |
|    value_loss           | 0.0433      |
-----------------------------------------
---------------------------------
| rollout/           |          |
|    ep_len_mean     | 486      |
|    ep_rew_mean     | 3.38e+03 |
| time/              |          |
|    fps             | 866      |
|    iterations      | 162      |
|    time_elapsed    | 21431    |
|    total_timesteps | 18579456 |
---------------------------------
----------------------------------------
| rollout/                |            |
|    ep_len_mean          | 490        |
|    ep_rew_mean          | 3.41e+03   |
| time/                   |            |
|    fps                  | 866        |
|    iterations           | 163        |
|    time_elapsed         | 21562      |
|    total_timesteps      | 18694144   |
| train/                  |            |
|    approx_kl            | 0.01761412 |
|    clip_fraction        | 0.302      |
|    clip_range           | 0.15       |
|    entropy_loss         | -56.5      |
|    explained_variance   | 0.777      |
|    learning_rate        | 0.0001     |
|    loss                 | -0.545     |
|    n_updates            | 5055       |
|    policy_gradient_loss | -0.0163    |
|    std                  | 7.28       |
|    value_loss           | 0.0415     |
----------------------------------------
-----------------------------------------
| rollout/                |             |
|    ep_len_mean          | 500         |
|    ep_rew_mean          | 3.49e+03    |
| time/                   |             |
|    fps                  | 866         |
|    iterations           | 164         |
|    time_elapsed         | 21695       |
|    total_timesteps      | 18808832    |
| train/                  |             |
|    approx_kl            | 0.017137375 |
|    clip_fraction        | 0.299       |
|    clip_range           | 0.15        |
|    entropy_loss         | -56.6       |
|    explained_variance   | 0.777       |
|    learning_rate        | 0.0001      |
|    loss                 | -0.551      |
|    n_updates            | 5070        |
|    policy_gradient_loss | -0.0163     |
|    std                  | 7.33        |
|    value_loss           | 0.0415      |
-----------------------------------------
-----------------------------------------
| rollout/                |             |
|    ep_len_mean          | 496         |
|    ep_rew_mean          | 3.46e+03    |
| time/                   |             |
|    fps                  | 866         |
|    iterations           | 165         |
|    time_elapsed         | 21828       |
|    total_timesteps      | 18923520    |
| train/                  |             |
|    approx_kl            | 0.017379165 |
|    clip_fraction        | 0.303       |
|    clip_range           | 0.15        |
|    entropy_loss         | -56.8       |
|    explained_variance   | 0.779       |
|    learning_rate        | 0.0001      |
|    loss                 | -0.566      |
|    n_updates            | 5085        |
|    policy_gradient_loss | -0.0164     |
|    std                  | 7.39        |
|    value_loss           | 0.0434      |
-----------------------------------------
Eval num_timesteps=18999848, episode_reward=4391.92 +/- 69.73
Episode length: 630.40 +/- 11.60
-----------------------------------------
| eval/                   |             |
|    mean_ep_length       | 630         |
|    mean_reward          | 4.39e+03    |
| time/                   |             |
|    total_timesteps      | 18999848    |
| train/                  |             |
|    approx_kl            | 0.017099688 |
|    clip_fraction        | 0.296       |
|    clip_range           | 0.15        |
|    entropy_loss         | -56.9       |
|    explained_variance   | 0.763       |
|    learning_rate        | 0.0001      |
|    loss                 | -0.542      |
|    n_updates            | 5100        |
|    policy_gradient_loss | -0.0165     |
|    std                  | 7.44        |
|    value_loss           | 0.0403      |
-----------------------------------------
---------------------------------
| rollout/           |          |
|    ep_len_mean     | 515      |
|    ep_rew_mean     | 3.59e+03 |
| time/              |          |
|    fps             | 866      |
|    iterations      | 166      |
|    time_elapsed    | 21965    |
|    total_timesteps | 19038208 |
---------------------------------
-----------------------------------------
| rollout/                |             |
|    ep_len_mean          | 521         |
|    ep_rew_mean          | 3.63e+03    |
| time/                   |             |
|    fps                  | 866         |
|    iterations           | 167         |
|    time_elapsed         | 22096       |
|    total_timesteps      | 19152896    |
| train/                  |             |
|    approx_kl            | 0.017074974 |
|    clip_fraction        | 0.299       |
|    clip_range           | 0.15        |
|    entropy_loss         | -57         |
|    explained_variance   | 0.768       |
|    learning_rate        | 0.0001      |
|    loss                 | -0.587      |
|    n_updates            | 5115        |
|    policy_gradient_loss | -0.0167     |
|    std                  | 7.49        |
|    value_loss           | 0.0428      |
-----------------------------------------
-----------------------------------------
| rollout/                |             |
|    ep_len_mean          | 455         |
|    ep_rew_mean          | 3.15e+03    |
| time/                   |             |
|    fps                  | 866         |
|    iterations           | 168         |
|    time_elapsed         | 22229       |
|    total_timesteps      | 19267584    |
| train/                  |             |
|    approx_kl            | 0.017293526 |
|    clip_fraction        | 0.298       |
|    clip_range           | 0.15        |
|    entropy_loss         | -57.1       |
|    explained_variance   | 0.772       |
|    learning_rate        | 0.0001      |
|    loss                 | -0.552      |
|    n_updates            | 5130        |
|    policy_gradient_loss | -0.0163     |
|    std                  | 7.54        |
|    value_loss           | 0.0419      |
-----------------------------------------
-----------------------------------------
| rollout/                |             |
|    ep_len_mean          | 483         |
|    ep_rew_mean          | 3.35e+03    |
| time/                   |             |
|    fps                  | 866         |
|    iterations           | 169         |
|    time_elapsed         | 22361       |
|    total_timesteps      | 19382272    |
| train/                  |             |
|    approx_kl            | 0.017264409 |
|    clip_fraction        | 0.3         |
|    clip_range           | 0.15        |
|    entropy_loss         | -57.2       |
|    explained_variance   | 0.775       |
|    learning_rate        | 0.0001      |
|    loss                 | -0.567      |
|    n_updates            | 5145        |
|    policy_gradient_loss | -0.0165     |
|    std                  | 7.6         |
|    value_loss           | 0.04        |
-----------------------------------------
-----------------------------------------
| rollout/                |             |
|    ep_len_mean          | 504         |
|    ep_rew_mean          | 3.51e+03    |
| time/                   |             |
|    fps                  | 866         |
|    iterations           | 170         |
|    time_elapsed         | 22494       |
|    total_timesteps      | 19496960    |
| train/                  |             |
|    approx_kl            | 0.017219502 |
|    clip_fraction        | 0.3         |
|    clip_range           | 0.15        |
|    entropy_loss         | -57.4       |
|    explained_variance   | 0.768       |
|    learning_rate        | 0.0001      |
|    loss                 | -0.59       |
|    n_updates            | 5160        |
|    policy_gradient_loss | -0.0169     |
|    std                  | 7.66        |
|    value_loss           | 0.0411      |
-----------------------------------------
Eval num_timesteps=19499844, episode_reward=4300.31 +/- 39.01
Episode length: 610.20 +/- 7.55
-----------------------------------------
| eval/                   |             |
|    mean_ep_length       | 610         |
|    mean_reward          | 4.3e+03     |
| time/                   |             |
|    total_timesteps      | 19499844    |
| train/                  |             |
|    approx_kl            | 0.017602349 |
|    clip_fraction        | 0.3         |
|    clip_range           | 0.15        |
|    entropy_loss         | -57.5       |
|    explained_variance   | 0.769       |
|    learning_rate        | 0.0001      |
|    loss                 | -0.568      |
|    n_updates            | 5175        |
|    policy_gradient_loss | -0.0166     |
|    std                  | 7.71        |
|    value_loss           | 0.0425      |
-----------------------------------------
---------------------------------
| rollout/           |          |
|    ep_len_mean     | 495      |
|    ep_rew_mean     | 3.46e+03 |
| time/              |          |
|    fps             | 866      |
|    iterations      | 171      |
|    time_elapsed    | 22630    |
|    total_timesteps | 19611648 |
---------------------------------
-----------------------------------------
| rollout/                |             |
|    ep_len_mean          | 497         |
|    ep_rew_mean          | 3.45e+03    |
| time/                   |             |
|    fps                  | 866         |
|    iterations           | 172         |
|    time_elapsed         | 22763       |
|    total_timesteps      | 19726336    |
| train/                  |             |
|    approx_kl            | 0.017361987 |
|    clip_fraction        | 0.296       |
|    clip_range           | 0.15        |
|    entropy_loss         | -57.6       |
|    explained_variance   | 0.774       |
|    learning_rate        | 0.0001      |
|    loss                 | -0.549      |
|    n_updates            | 5190        |
|    policy_gradient_loss | -0.0163     |
|    std                  | 7.76        |
|    value_loss           | 0.043       |
-----------------------------------------
-----------------------------------------
| rollout/                |             |
|    ep_len_mean          | 490         |
|    ep_rew_mean          | 3.4e+03     |
| time/                   |             |
|    fps                  | 866         |
|    iterations           | 173         |
|    time_elapsed         | 22896       |
|    total_timesteps      | 19841024    |
| train/                  |             |
|    approx_kl            | 0.017769886 |
|    clip_fraction        | 0.307       |
|    clip_range           | 0.15        |
|    entropy_loss         | -57.7       |
|    explained_variance   | 0.766       |
|    learning_rate        | 0.0001      |
|    loss                 | -0.562      |
|    n_updates            | 5205        |
|    policy_gradient_loss | -0.0165     |
|    std                  | 7.82        |
|    value_loss           | 0.0426      |
-----------------------------------------
-----------------------------------------
| rollout/                |             |
|    ep_len_mean          | 545         |
|    ep_rew_mean          | 3.78e+03    |
| time/                   |             |
|    fps                  | 866         |
|    iterations           | 174         |
|    time_elapsed         | 23028       |
|    total_timesteps      | 19955712    |
| train/                  |             |
|    approx_kl            | 0.017001659 |
|    clip_fraction        | 0.302       |
|    clip_range           | 0.15        |
|    entropy_loss         | -57.8       |
|    explained_variance   | 0.769       |
|    learning_rate        | 0.0001      |
|    loss                 | -0.571      |
|    n_updates            | 5220        |
|    policy_gradient_loss | -0.0161     |
|    std                  | 7.88        |
|    value_loss           | 0.0426      |
-----------------------------------------
Eval num_timesteps=19999840, episode_reward=4407.96 +/- 49.92
Episode length: 633.60 +/- 9.83
-----------------------------------------
| eval/                   |             |
|    mean_ep_length       | 634         |
|    mean_reward          | 4.41e+03    |
| time/                   |             |
|    total_timesteps      | 19999840    |
| train/                  |             |
|    approx_kl            | 0.017438395 |
|    clip_fraction        | 0.304       |
|    clip_range           | 0.15        |
|    entropy_loss         | -57.9       |
|    explained_variance   | 0.738       |
|    learning_rate        | 0.0001      |
|    loss                 | -0.585      |
|    n_updates            | 5235        |
|    policy_gradient_loss | -0.0157     |
|    std                  | 7.94        |
|    value_loss           | 0.0434      |
-----------------------------------------
---------------------------------
| rollout/           |          |
|    ep_len_mean     | 539      |
|    ep_rew_mean     | 3.73e+03 |
| time/              |          |
|    fps             | 866      |
|    iterations      | 175      |
|    time_elapsed    | 23164    |
|    total_timesteps | 20070400 |
---------------------------------
