==== CPU INFO ====
SLURM_CPUS_ON_NODE: 14
SLURM_CPUS_PER_TASK: 12
CPU affinity: [0, 1, 2, 3, 4, 5, 6, 8, 9, 10, 11, 12, 13, 14]
Usable cores: 14
os.cpu_count(): 16
===================
Using cpu device
Logging to runs/humanoid-v5_ppo_lr1e-04_seed0_20251203-181824/logs/PPO_1
---------------------------------
| rollout/           |          |
|    ep_len_mean     | 22.5     |
|    ep_rew_mean     | 100      |
| time/              |          |
|    fps             | 1385     |
|    iterations      | 1        |
|    time_elapsed    | 70       |
|    total_timesteps | 98304    |
---------------------------------
------------------------------------------
| rollout/                |              |
|    ep_len_mean          | 21.7         |
|    ep_rew_mean          | 96.9         |
| time/                   |              |
|    fps                  | 1227         |
|    iterations           | 2            |
|    time_elapsed         | 160          |
|    total_timesteps      | 196608       |
| train/                  |              |
|    approx_kl            | 0.0070572454 |
|    clip_fraction        | 0.143        |
|    clip_range           | 0.15         |
|    entropy_loss         | -24.2        |
|    explained_variance   | -1.09        |
|    learning_rate        | 0.0001       |
|    loss                 | -0.234       |
|    n_updates            | 15           |
|    policy_gradient_loss | -0.0112      |
|    std                  | 1            |
|    value_loss           | 0.0966       |
------------------------------------------
-----------------------------------------
| rollout/                |             |
|    ep_len_mean          | 23.7        |
|    ep_rew_mean          | 106         |
| time/                   |             |
|    fps                  | 1177        |
|    iterations           | 3           |
|    time_elapsed         | 250         |
|    total_timesteps      | 294912      |
| train/                  |             |
|    approx_kl            | 0.008040726 |
|    clip_fraction        | 0.18        |
|    clip_range           | 0.15        |
|    entropy_loss         | -24.2       |
|    explained_variance   | 0.691       |
|    learning_rate        | 0.0001      |
|    loss                 | -0.236      |
|    n_updates            | 30          |
|    policy_gradient_loss | -0.0179     |
|    std                  | 1.01        |
|    value_loss           | 0.0344      |
-----------------------------------------
-----------------------------------------
| rollout/                |             |
|    ep_len_mean          | 26.9        |
|    ep_rew_mean          | 120         |
| time/                   |             |
|    fps                  | 1148        |
|    iterations           | 4           |
|    time_elapsed         | 342         |
|    total_timesteps      | 393216      |
| train/                  |             |
|    approx_kl            | 0.010833949 |
|    clip_fraction        | 0.253       |
|    clip_range           | 0.15        |
|    entropy_loss         | -24.3       |
|    explained_variance   | 0.834       |
|    learning_rate        | 0.0001      |
|    loss                 | -0.204      |
|    n_updates            | 45          |
|    policy_gradient_loss | -0.0268     |
|    std                  | 1.01        |
|    value_loss           | 0.0714      |
-----------------------------------------
-----------------------------------------
| rollout/                |             |
|    ep_len_mean          | 30.9        |
|    ep_rew_mean          | 138         |
| time/                   |             |
|    fps                  | 1127        |
|    iterations           | 5           |
|    time_elapsed         | 436         |
|    total_timesteps      | 491520      |
| train/                  |             |
|    approx_kl            | 0.012746745 |
|    clip_fraction        | 0.291       |
|    clip_range           | 0.15        |
|    entropy_loss         | -24.3       |
|    explained_variance   | 0.845       |
|    learning_rate        | 0.0001      |
|    loss                 | -0.157      |
|    n_updates            | 60          |
|    policy_gradient_loss | -0.0305     |
|    std                  | 1.01        |
|    value_loss           | 0.108       |
-----------------------------------------
Eval num_timesteps=499992, episode_reward=478.56 +/- 79.59
Episode length: 101.00 +/- 11.71
-----------------------------------------
| eval/                   |             |
|    mean_ep_length       | 101         |
|    mean_reward          | 479         |
| time/                   |             |
|    total_timesteps      | 499992      |
| train/                  |             |
|    approx_kl            | 0.012921019 |
|    clip_fraction        | 0.291       |
|    clip_range           | 0.15        |
|    entropy_loss         | -24.3       |
|    explained_variance   | 0.844       |
|    learning_rate        | 0.0001      |
|    loss                 | -0.14       |
|    n_updates            | 75          |
|    policy_gradient_loss | -0.0301     |
|    std                  | 1.01        |
|    value_loss           | 0.135       |
-----------------------------------------
New best mean reward!
---------------------------------
| rollout/           |          |
|    ep_len_mean     | 37.9     |
|    ep_rew_mean     | 172      |
| time/              |          |
|    fps             | 1107     |
|    iterations      | 6        |
|    time_elapsed    | 532      |
|    total_timesteps | 589824   |
---------------------------------
-----------------------------------------
| rollout/                |             |
|    ep_len_mean          | 44.8        |
|    ep_rew_mean          | 204         |
| time/                   |             |
|    fps                  | 1093        |
|    iterations           | 7           |
|    time_elapsed         | 629         |
|    total_timesteps      | 688128      |
| train/                  |             |
|    approx_kl            | 0.012803383 |
|    clip_fraction        | 0.288       |
|    clip_range           | 0.15        |
|    entropy_loss         | -24.3       |
|    explained_variance   | 0.846       |
|    learning_rate        | 0.0001      |
|    loss                 | -0.146      |
|    n_updates            | 90          |
|    policy_gradient_loss | -0.0302     |
|    std                  | 1.01        |
|    value_loss           | 0.142       |
-----------------------------------------
-----------------------------------------
| rollout/                |             |
|    ep_len_mean          | 53.5        |
|    ep_rew_mean          | 248         |
| time/                   |             |
|    fps                  | 1082        |
|    iterations           | 8           |
|    time_elapsed         | 726         |
|    total_timesteps      | 786432      |
| train/                  |             |
|    approx_kl            | 0.012222092 |
|    clip_fraction        | 0.273       |
|    clip_range           | 0.15        |
|    entropy_loss         | -24.3       |
|    explained_variance   | 0.858       |
|    learning_rate        | 0.0001      |
|    loss                 | -0.131      |
|    n_updates            | 105         |
|    policy_gradient_loss | -0.0287     |
|    std                  | 1.01        |
|    value_loss           | 0.134       |
-----------------------------------------
-----------------------------------------
| rollout/                |             |
|    ep_len_mean          | 59          |
|    ep_rew_mean          | 274         |
| time/                   |             |
|    fps                  | 1075        |
|    iterations           | 9           |
|    time_elapsed         | 822         |
|    total_timesteps      | 884736      |
| train/                  |             |
|    approx_kl            | 0.011385943 |
|    clip_fraction        | 0.254       |
|    clip_range           | 0.15        |
|    entropy_loss         | -24.3       |
|    explained_variance   | 0.884       |
|    learning_rate        | 0.0001      |
|    loss                 | -0.168      |
|    n_updates            | 120         |
|    policy_gradient_loss | -0.0263     |
|    std                  | 1.01        |
|    value_loss           | 0.11        |
-----------------------------------------
-----------------------------------------
| rollout/                |             |
|    ep_len_mean          | 64.7        |
|    ep_rew_mean          | 300         |
| time/                   |             |
|    fps                  | 1068        |
|    iterations           | 10          |
|    time_elapsed         | 920         |
|    total_timesteps      | 983040      |
| train/                  |             |
|    approx_kl            | 0.010651961 |
|    clip_fraction        | 0.239       |
|    clip_range           | 0.15        |
|    entropy_loss         | -24.3       |
|    explained_variance   | 0.908       |
|    learning_rate        | 0.0001      |
|    loss                 | -0.206      |
|    n_updates            | 135         |
|    policy_gradient_loss | -0.0247     |
|    std                  | 1.01        |
|    value_loss           | 0.0845      |
-----------------------------------------
Eval num_timesteps=999984, episode_reward=400.10 +/- 36.08
Episode length: 76.20 +/- 6.11
-----------------------------------------
| eval/                   |             |
|    mean_ep_length       | 76.2        |
|    mean_reward          | 400         |
| time/                   |             |
|    total_timesteps      | 999984      |
| train/                  |             |
|    approx_kl            | 0.010464035 |
|    clip_fraction        | 0.23        |
|    clip_range           | 0.15        |
|    entropy_loss         | -24.3       |
|    explained_variance   | 0.927       |
|    learning_rate        | 0.0001      |
|    loss                 | -0.205      |
|    n_updates            | 150         |
|    policy_gradient_loss | -0.0233     |
|    std                  | 1.01        |
|    value_loss           | 0.069       |
-----------------------------------------
---------------------------------
| rollout/           |          |
|    ep_len_mean     | 67.4     |
|    ep_rew_mean     | 313      |
| time/              |          |
|    fps             | 1061     |
|    iterations      | 11       |
|    time_elapsed    | 1018     |
|    total_timesteps | 1081344  |
---------------------------------
-----------------------------------------
| rollout/                |             |
|    ep_len_mean          | 68.9        |
|    ep_rew_mean          | 321         |
| time/                   |             |
|    fps                  | 1055        |
|    iterations           | 12          |
|    time_elapsed         | 1117        |
|    total_timesteps      | 1179648     |
| train/                  |             |
|    approx_kl            | 0.010059462 |
|    clip_fraction        | 0.221       |
|    clip_range           | 0.15        |
|    entropy_loss         | -24.3       |
|    explained_variance   | 0.94        |
|    learning_rate        | 0.0001      |
|    loss                 | -0.204      |
|    n_updates            | 165         |
|    policy_gradient_loss | -0.0218     |
|    std                  | 1.01        |
|    value_loss           | 0.0585      |
-----------------------------------------
-----------------------------------------
| rollout/                |             |
|    ep_len_mean          | 73          |
|    ep_rew_mean          | 344         |
| time/                   |             |
|    fps                  | 1050        |
|    iterations           | 13          |
|    time_elapsed         | 1216        |
|    total_timesteps      | 1277952     |
| train/                  |             |
|    approx_kl            | 0.010233757 |
|    clip_fraction        | 0.217       |
|    clip_range           | 0.15        |
|    entropy_loss         | -24.4       |
|    explained_variance   | 0.95        |
|    learning_rate        | 0.0001      |
|    loss                 | -0.227      |
|    n_updates            | 180         |
|    policy_gradient_loss | -0.021      |
|    std                  | 1.02        |
|    value_loss           | 0.0491      |
-----------------------------------------
-----------------------------------------
| rollout/                |             |
|    ep_len_mean          | 75.5        |
|    ep_rew_mean          | 355         |
| time/                   |             |
|    fps                  | 1046        |
|    iterations           | 14          |
|    time_elapsed         | 1315        |
|    total_timesteps      | 1376256     |
| train/                  |             |
|    approx_kl            | 0.009934504 |
|    clip_fraction        | 0.21        |
|    clip_range           | 0.15        |
|    entropy_loss         | -24.4       |
|    explained_variance   | 0.956       |
|    learning_rate        | 0.0001      |
|    loss                 | -0.226      |
|    n_updates            | 195         |
|    policy_gradient_loss | -0.02       |
|    std                  | 1.02        |
|    value_loss           | 0.0422      |
-----------------------------------------
-----------------------------------------
| rollout/                |             |
|    ep_len_mean          | 77.1        |
|    ep_rew_mean          | 366         |
| time/                   |             |
|    fps                  | 1043        |
|    iterations           | 15          |
|    time_elapsed         | 1412        |
|    total_timesteps      | 1474560     |
| train/                  |             |
|    approx_kl            | 0.010109258 |
|    clip_fraction        | 0.212       |
|    clip_range           | 0.15        |
|    entropy_loss         | -24.4       |
|    explained_variance   | 0.959       |
|    learning_rate        | 0.0001      |
|    loss                 | -0.224      |
|    n_updates            | 210         |
|    policy_gradient_loss | -0.0198     |
|    std                  | 1.02        |
|    value_loss           | 0.0403      |
-----------------------------------------
Eval num_timesteps=1499976, episode_reward=348.65 +/- 24.30
Episode length: 64.60 +/- 4.63
-----------------------------------------
| eval/                   |             |
|    mean_ep_length       | 64.6        |
|    mean_reward          | 349         |
| time/                   |             |
|    total_timesteps      | 1499976     |
| train/                  |             |
|    approx_kl            | 0.009837524 |
|    clip_fraction        | 0.206       |
|    clip_range           | 0.15        |
|    entropy_loss         | -24.5       |
|    explained_variance   | 0.961       |
|    learning_rate        | 0.0001      |
|    loss                 | -0.242      |
|    n_updates            | 225         |
|    policy_gradient_loss | -0.0189     |
|    std                  | 1.02        |
|    value_loss           | 0.0389      |
-----------------------------------------
---------------------------------
| rollout/           |          |
|    ep_len_mean     | 79.2     |
|    ep_rew_mean     | 377      |
| time/              |          |
|    fps             | 1038     |
|    iterations      | 16       |
|    time_elapsed    | 1514     |
|    total_timesteps | 1572864  |
---------------------------------
-----------------------------------------
| rollout/                |             |
|    ep_len_mean          | 77.9        |
|    ep_rew_mean          | 371         |
| time/                   |             |
|    fps                  | 1035        |
|    iterations           | 17          |
|    time_elapsed         | 1613        |
|    total_timesteps      | 1671168     |
| train/                  |             |
|    approx_kl            | 0.009850082 |
|    clip_fraction        | 0.205       |
|    clip_range           | 0.15        |
|    entropy_loss         | -24.5       |
|    explained_variance   | 0.964       |
|    learning_rate        | 0.0001      |
|    loss                 | -0.237      |
|    n_updates            | 240         |
|    policy_gradient_loss | -0.0187     |
|    std                  | 1.02        |
|    value_loss           | 0.035       |
-----------------------------------------
-----------------------------------------
| rollout/                |             |
|    ep_len_mean          | 82.7        |
|    ep_rew_mean          | 399         |
| time/                   |             |
|    fps                  | 1033        |
|    iterations           | 18          |
|    time_elapsed         | 1712        |
|    total_timesteps      | 1769472     |
| train/                  |             |
|    approx_kl            | 0.010318172 |
|    clip_fraction        | 0.21        |
|    clip_range           | 0.15        |
|    entropy_loss         | -24.5       |
|    explained_variance   | 0.965       |
|    learning_rate        | 0.0001      |
|    loss                 | -0.241      |
|    n_updates            | 255         |
|    policy_gradient_loss | -0.0188     |
|    std                  | 1.03        |
|    value_loss           | 0.033       |
-----------------------------------------
-----------------------------------------
| rollout/                |             |
|    ep_len_mean          | 80.5        |
|    ep_rew_mean          | 385         |
| time/                   |             |
|    fps                  | 1031        |
|    iterations           | 19          |
|    time_elapsed         | 1810        |
|    total_timesteps      | 1867776     |
| train/                  |             |
|    approx_kl            | 0.010282422 |
|    clip_fraction        | 0.209       |
|    clip_range           | 0.15        |
|    entropy_loss         | -24.6       |
|    explained_variance   | 0.967       |
|    learning_rate        | 0.0001      |
|    loss                 | -0.253      |
|    n_updates            | 270         |
|    policy_gradient_loss | -0.0183     |
|    std                  | 1.03        |
|    value_loss           | 0.0315      |
-----------------------------------------
-----------------------------------------
| rollout/                |             |
|    ep_len_mean          | 84.7        |
|    ep_rew_mean          | 406         |
| time/                   |             |
|    fps                  | 1028        |
|    iterations           | 20          |
|    time_elapsed         | 1911        |
|    total_timesteps      | 1966080     |
| train/                  |             |
|    approx_kl            | 0.010088205 |
|    clip_fraction        | 0.208       |
|    clip_range           | 0.15        |
|    entropy_loss         | -24.6       |
|    explained_variance   | 0.968       |
|    learning_rate        | 0.0001      |
|    loss                 | -0.248      |
|    n_updates            | 285         |
|    policy_gradient_loss | -0.0181     |
|    std                  | 1.03        |
|    value_loss           | 0.0295      |
-----------------------------------------
Eval num_timesteps=1999968, episode_reward=329.54 +/- 9.10
Episode length: 61.00 +/- 2.00
---------------------------------------
| eval/                   |           |
|    mean_ep_length       | 61        |
|    mean_reward          | 330       |
| time/                   |           |
|    total_timesteps      | 1999968   |
| train/                  |           |
|    approx_kl            | 0.0105013 |
|    clip_fraction        | 0.216     |
|    clip_range           | 0.15      |
|    entropy_loss         | -24.7     |
|    explained_variance   | 0.967     |
|    learning_rate        | 0.0001    |
|    loss                 | -0.246    |
|    n_updates            | 300       |
|    policy_gradient_loss | -0.0184   |
|    std                  | 1.03      |
|    value_loss           | 0.0294    |
---------------------------------------
---------------------------------
| rollout/           |          |
|    ep_len_mean     | 83.5     |
|    ep_rew_mean     | 402      |
| time/              |          |
|    fps             | 1027     |
|    iterations      | 21       |
|    time_elapsed    | 2010     |
|    total_timesteps | 2064384  |
---------------------------------
-----------------------------------------
| rollout/                |             |
|    ep_len_mean          | 85.8        |
|    ep_rew_mean          | 415         |
| time/                   |             |
|    fps                  | 1025        |
|    iterations           | 22          |
|    time_elapsed         | 2109        |
|    total_timesteps      | 2162688     |
| train/                  |             |
|    approx_kl            | 0.010587297 |
|    clip_fraction        | 0.219       |
|    clip_range           | 0.15        |
|    entropy_loss         | -24.7       |
|    explained_variance   | 0.967       |
|    learning_rate        | 0.0001      |
|    loss                 | -0.234      |
|    n_updates            | 315         |
|    policy_gradient_loss | -0.0184     |
|    std                  | 1.04        |
|    value_loss           | 0.0288      |
-----------------------------------------
-----------------------------------------
| rollout/                |             |
|    ep_len_mean          | 91.1        |
|    ep_rew_mean          | 441         |
| time/                   |             |
|    fps                  | 1022        |
|    iterations           | 23          |
|    time_elapsed         | 2210        |
|    total_timesteps      | 2260992     |
| train/                  |             |
|    approx_kl            | 0.010677914 |
|    clip_fraction        | 0.219       |
|    clip_range           | 0.15        |
|    entropy_loss         | -24.8       |
|    explained_variance   | 0.969       |
|    learning_rate        | 0.0001      |
|    loss                 | -0.251      |
|    n_updates            | 330         |
|    policy_gradient_loss | -0.0181     |
|    std                  | 1.04        |
|    value_loss           | 0.0268      |
-----------------------------------------
-----------------------------------------
| rollout/                |             |
|    ep_len_mean          | 81.2        |
|    ep_rew_mean          | 397         |
| time/                   |             |
|    fps                  | 1020        |
|    iterations           | 24          |
|    time_elapsed         | 2312        |
|    total_timesteps      | 2359296     |
| train/                  |             |
|    approx_kl            | 0.011108753 |
|    clip_fraction        | 0.226       |
|    clip_range           | 0.15        |
|    entropy_loss         | -24.8       |
|    explained_variance   | 0.969       |
|    learning_rate        | 0.0001      |
|    loss                 | -0.236      |
|    n_updates            | 345         |
|    policy_gradient_loss | -0.0189     |
|    std                  | 1.04        |
|    value_loss           | 0.0259      |
-----------------------------------------
----------------------------------------
| rollout/                |            |
|    ep_len_mean          | 92.5       |
|    ep_rew_mean          | 442        |
| time/                   |            |
|    fps                  | 1018       |
|    iterations           | 25         |
|    time_elapsed         | 2412       |
|    total_timesteps      | 2457600    |
| train/                  |            |
|    approx_kl            | 0.01093699 |
|    clip_fraction        | 0.224      |
|    clip_range           | 0.15       |
|    entropy_loss         | -24.8      |
|    explained_variance   | 0.97       |
|    learning_rate        | 0.0001     |
|    loss                 | -0.257     |
|    n_updates            | 360        |
|    policy_gradient_loss | -0.0187    |
|    std                  | 1.05       |
|    value_loss           | 0.0248     |
----------------------------------------
Eval num_timesteps=2499960, episode_reward=337.67 +/- 15.10
Episode length: 62.20 +/- 2.64
----------------------------------------
| eval/                   |            |
|    mean_ep_length       | 62.2       |
|    mean_reward          | 338        |
| time/                   |            |
|    total_timesteps      | 2499960    |
| train/                  |            |
|    approx_kl            | 0.01096966 |
|    clip_fraction        | 0.223      |
|    clip_range           | 0.15       |
|    entropy_loss         | -24.9      |
|    explained_variance   | 0.971      |
|    learning_rate        | 0.0001     |
|    loss                 | -0.241     |
|    n_updates            | 375        |
|    policy_gradient_loss | -0.0183    |
|    std                  | 1.05       |
|    value_loss           | 0.0243     |
----------------------------------------
---------------------------------
| rollout/           |          |
|    ep_len_mean     | 88       |
|    ep_rew_mean     | 425      |
| time/              |          |
|    fps             | 1017     |
|    iterations      | 26       |
|    time_elapsed    | 2512     |
|    total_timesteps | 2555904  |
---------------------------------
-----------------------------------------
| rollout/                |             |
|    ep_len_mean          | 92.2        |
|    ep_rew_mean          | 450         |
| time/                   |             |
|    fps                  | 1015        |
|    iterations           | 27          |
|    time_elapsed         | 2613        |
|    total_timesteps      | 2654208     |
| train/                  |             |
|    approx_kl            | 0.011258832 |
|    clip_fraction        | 0.232       |
|    clip_range           | 0.15        |
|    entropy_loss         | -24.9       |
|    explained_variance   | 0.97        |
|    learning_rate        | 0.0001      |
|    loss                 | -0.248      |
|    n_updates            | 390         |
|    policy_gradient_loss | -0.0188     |
|    std                  | 1.05        |
|    value_loss           | 0.0241      |
-----------------------------------------
----------------------------------------
| rollout/                |            |
|    ep_len_mean          | 95.3       |
|    ep_rew_mean          | 469        |
| time/                   |            |
|    fps                  | 1014       |
|    iterations           | 28         |
|    time_elapsed         | 2713       |
|    total_timesteps      | 2752512    |
| train/                  |            |
|    approx_kl            | 0.01129461 |
|    clip_fraction        | 0.227      |
|    clip_range           | 0.15       |
|    entropy_loss         | -25        |
|    explained_variance   | 0.971      |
|    learning_rate        | 0.0001     |
|    loss                 | -0.245     |
|    n_updates            | 405        |
|    policy_gradient_loss | -0.0185    |
|    std                  | 1.05       |
|    value_loss           | 0.0235     |
----------------------------------------
-----------------------------------------
| rollout/                |             |
|    ep_len_mean          | 96.5        |
|    ep_rew_mean          | 483         |
| time/                   |             |
|    fps                  | 1013        |
|    iterations           | 29          |
|    time_elapsed         | 2814        |
|    total_timesteps      | 2850816     |
| train/                  |             |
|    approx_kl            | 0.011550325 |
|    clip_fraction        | 0.234       |
|    clip_range           | 0.15        |
|    entropy_loss         | -25         |
|    explained_variance   | 0.972       |
|    learning_rate        | 0.0001      |
|    loss                 | -0.255      |
|    n_updates            | 420         |
|    policy_gradient_loss | -0.0186     |
|    std                  | 1.06        |
|    value_loss           | 0.023       |
-----------------------------------------
-----------------------------------------
| rollout/                |             |
|    ep_len_mean          | 95.3        |
|    ep_rew_mean          | 466         |
| time/                   |             |
|    fps                  | 1011        |
|    iterations           | 30          |
|    time_elapsed         | 2914        |
|    total_timesteps      | 2949120     |
| train/                  |             |
|    approx_kl            | 0.011629696 |
|    clip_fraction        | 0.237       |
|    clip_range           | 0.15        |
|    entropy_loss         | -25         |
|    explained_variance   | 0.971       |
|    learning_rate        | 0.0001      |
|    loss                 | -0.257      |
|    n_updates            | 435         |
|    policy_gradient_loss | -0.0186     |
|    std                  | 1.06        |
|    value_loss           | 0.0233      |
-----------------------------------------
Eval num_timesteps=2999952, episode_reward=563.70 +/- 96.94
Episode length: 99.40 +/- 14.93
-----------------------------------------
| eval/                   |             |
|    mean_ep_length       | 99.4        |
|    mean_reward          | 564         |
| time/                   |             |
|    total_timesteps      | 2999952     |
| train/                  |             |
|    approx_kl            | 0.011576938 |
|    clip_fraction        | 0.231       |
|    clip_range           | 0.15        |
|    entropy_loss         | -25.1       |
|    explained_variance   | 0.971       |
|    learning_rate        | 0.0001      |
|    loss                 | -0.259      |
|    n_updates            | 450         |
|    policy_gradient_loss | -0.0183     |
|    std                  | 1.06        |
|    value_loss           | 0.0221      |
-----------------------------------------
New best mean reward!
---------------------------------
| rollout/           |          |
|    ep_len_mean     | 98.7     |
|    ep_rew_mean     | 478      |
| time/              |          |
|    fps             | 1010     |
|    iterations      | 31       |
|    time_elapsed    | 3014     |
|    total_timesteps | 3047424  |
---------------------------------
-----------------------------------------
| rollout/                |             |
|    ep_len_mean          | 98.9        |
|    ep_rew_mean          | 484         |
| time/                   |             |
|    fps                  | 1009        |
|    iterations           | 32          |
|    time_elapsed         | 3116        |
|    total_timesteps      | 3145728     |
| train/                  |             |
|    approx_kl            | 0.011800957 |
|    clip_fraction        | 0.239       |
|    clip_range           | 0.15        |
|    entropy_loss         | -25.1       |
|    explained_variance   | 0.972       |
|    learning_rate        | 0.0001      |
|    loss                 | -0.265      |
|    n_updates            | 465         |
|    policy_gradient_loss | -0.0189     |
|    std                  | 1.06        |
|    value_loss           | 0.0222      |
-----------------------------------------
-----------------------------------------
| rollout/                |             |
|    ep_len_mean          | 105         |
|    ep_rew_mean          | 520         |
| time/                   |             |
|    fps                  | 1008        |
|    iterations           | 33          |
|    time_elapsed         | 3216        |
|    total_timesteps      | 3244032     |
| train/                  |             |
|    approx_kl            | 0.011732931 |
|    clip_fraction        | 0.238       |
|    clip_range           | 0.15        |
|    entropy_loss         | -25.2       |
|    explained_variance   | 0.973       |
|    learning_rate        | 0.0001      |
|    loss                 | -0.26       |
|    n_updates            | 480         |
|    policy_gradient_loss | -0.0186     |
|    std                  | 1.07        |
|    value_loss           | 0.0215      |
-----------------------------------------
-----------------------------------------
| rollout/                |             |
|    ep_len_mean          | 107         |
|    ep_rew_mean          | 533         |
| time/                   |             |
|    fps                  | 1007        |
|    iterations           | 34          |
|    time_elapsed         | 3316        |
|    total_timesteps      | 3342336     |
| train/                  |             |
|    approx_kl            | 0.011932202 |
|    clip_fraction        | 0.241       |
|    clip_range           | 0.15        |
|    entropy_loss         | -25.2       |
|    explained_variance   | 0.972       |
|    learning_rate        | 0.0001      |
|    loss                 | -0.261      |
|    n_updates            | 495         |
|    policy_gradient_loss | -0.0188     |
|    std                  | 1.07        |
|    value_loss           | 0.0215      |
-----------------------------------------
----------------------------------------
| rollout/                |            |
|    ep_len_mean          | 105        |
|    ep_rew_mean          | 521        |
| time/                   |            |
|    fps                  | 1006       |
|    iterations           | 35         |
|    time_elapsed         | 3417       |
|    total_timesteps      | 3440640    |
| train/                  |            |
|    approx_kl            | 0.01200595 |
|    clip_fraction        | 0.241      |
|    clip_range           | 0.15       |
|    entropy_loss         | -25.2      |
|    explained_variance   | 0.972      |
|    learning_rate        | 0.0001     |
|    loss                 | -0.26      |
|    n_updates            | 510        |
|    policy_gradient_loss | -0.019     |
|    std                  | 1.07       |
|    value_loss           | 0.0218     |
----------------------------------------
Eval num_timesteps=3499944, episode_reward=734.30 +/- 145.64
Episode length: 127.60 +/- 22.62
-----------------------------------------
| eval/                   |             |
|    mean_ep_length       | 128         |
|    mean_reward          | 734         |
| time/                   |             |
|    total_timesteps      | 3499944     |
| train/                  |             |
|    approx_kl            | 0.012097756 |
|    clip_fraction        | 0.243       |
|    clip_range           | 0.15        |
|    entropy_loss         | -25.3       |
|    explained_variance   | 0.973       |
|    learning_rate        | 0.0001      |
|    loss                 | -0.253      |
|    n_updates            | 525         |
|    policy_gradient_loss | -0.0186     |
|    std                  | 1.07        |
|    value_loss           | 0.0214      |
-----------------------------------------
New best mean reward!
---------------------------------
| rollout/           |          |
|    ep_len_mean     | 114      |
|    ep_rew_mean     | 562      |
| time/              |          |
|    fps             | 1005     |
|    iterations      | 36       |
|    time_elapsed    | 3519     |
|    total_timesteps | 3538944  |
---------------------------------
-----------------------------------------
| rollout/                |             |
|    ep_len_mean          | 108         |
|    ep_rew_mean          | 534         |
| time/                   |             |
|    fps                  | 1004        |
|    iterations           | 37          |
|    time_elapsed         | 3621        |
|    total_timesteps      | 3637248     |
| train/                  |             |
|    approx_kl            | 0.012618748 |
|    clip_fraction        | 0.248       |
|    clip_range           | 0.15        |
|    entropy_loss         | -25.3       |
|    explained_variance   | 0.973       |
|    learning_rate        | 0.0001      |
|    loss                 | -0.261      |
|    n_updates            | 540         |
|    policy_gradient_loss | -0.0189     |
|    std                  | 1.07        |
|    value_loss           | 0.0219      |
-----------------------------------------
-----------------------------------------
| rollout/                |             |
|    ep_len_mean          | 108         |
|    ep_rew_mean          | 537         |
| time/                   |             |
|    fps                  | 1003        |
|    iterations           | 38          |
|    time_elapsed         | 3721        |
|    total_timesteps      | 3735552     |
| train/                  |             |
|    approx_kl            | 0.012636271 |
|    clip_fraction        | 0.253       |
|    clip_range           | 0.15        |
|    entropy_loss         | -25.3       |
|    explained_variance   | 0.973       |
|    learning_rate        | 0.0001      |
|    loss                 | -0.265      |
|    n_updates            | 555         |
|    policy_gradient_loss | -0.0195     |
|    std                  | 1.08        |
|    value_loss           | 0.0222      |
-----------------------------------------
-----------------------------------------
| rollout/                |             |
|    ep_len_mean          | 114         |
|    ep_rew_mean          | 576         |
| time/                   |             |
|    fps                  | 1002        |
|    iterations           | 39          |
|    time_elapsed         | 3823        |
|    total_timesteps      | 3833856     |
| train/                  |             |
|    approx_kl            | 0.012693328 |
|    clip_fraction        | 0.25        |
|    clip_range           | 0.15        |
|    entropy_loss         | -25.4       |
|    explained_variance   | 0.973       |
|    learning_rate        | 0.0001      |
|    loss                 | -0.25       |
|    n_updates            | 570         |
|    policy_gradient_loss | -0.0189     |
|    std                  | 1.08        |
|    value_loss           | 0.0218      |
-----------------------------------------
-----------------------------------------
| rollout/                |             |
|    ep_len_mean          | 112         |
|    ep_rew_mean          | 557         |
| time/                   |             |
|    fps                  | 1001        |
|    iterations           | 40          |
|    time_elapsed         | 3924        |
|    total_timesteps      | 3932160     |
| train/                  |             |
|    approx_kl            | 0.012707663 |
|    clip_fraction        | 0.253       |
|    clip_range           | 0.15        |
|    entropy_loss         | -25.5       |
|    explained_variance   | 0.973       |
|    learning_rate        | 0.0001      |
|    loss                 | -0.265      |
|    n_updates            | 585         |
|    policy_gradient_loss | -0.0189     |
|    std                  | 1.08        |
|    value_loss           | 0.0221      |
-----------------------------------------
Eval num_timesteps=3999936, episode_reward=1393.80 +/- 590.96
Episode length: 241.60 +/- 99.88
-----------------------------------------
| eval/                   |             |
|    mean_ep_length       | 242         |
|    mean_reward          | 1.39e+03    |
| time/                   |             |
|    total_timesteps      | 3999936     |
| train/                  |             |
|    approx_kl            | 0.012714416 |
|    clip_fraction        | 0.253       |
|    clip_range           | 0.15        |
|    entropy_loss         | -25.5       |
|    explained_variance   | 0.974       |
|    learning_rate        | 0.0001      |
|    loss                 | -0.267      |
|    n_updates            | 600         |
|    policy_gradient_loss | -0.0188     |
|    std                  | 1.09        |
|    value_loss           | 0.0222      |
-----------------------------------------
New best mean reward!
---------------------------------
| rollout/           |          |
|    ep_len_mean     | 117      |
|    ep_rew_mean     | 581      |
| time/              |          |
|    fps             | 1000     |
|    iterations      | 41       |
|    time_elapsed    | 4027     |
|    total_timesteps | 4030464  |
---------------------------------
-----------------------------------------
| rollout/                |             |
|    ep_len_mean          | 112         |
|    ep_rew_mean          | 562         |
| time/                   |             |
|    fps                  | 1000        |
|    iterations           | 42          |
|    time_elapsed         | 4127        |
|    total_timesteps      | 4128768     |
| train/                  |             |
|    approx_kl            | 0.012954722 |
|    clip_fraction        | 0.255       |
|    clip_range           | 0.15        |
|    entropy_loss         | -25.5       |
|    explained_variance   | 0.973       |
|    learning_rate        | 0.0001      |
|    loss                 | -0.259      |
|    n_updates            | 615         |
|    policy_gradient_loss | -0.0188     |
|    std                  | 1.09        |
|    value_loss           | 0.0222      |
-----------------------------------------
-----------------------------------------
| rollout/                |             |
|    ep_len_mean          | 118         |
|    ep_rew_mean          | 603         |
| time/                   |             |
|    fps                  | 999         |
|    iterations           | 43          |
|    time_elapsed         | 4230        |
|    total_timesteps      | 4227072     |
| train/                  |             |
|    approx_kl            | 0.013001011 |
|    clip_fraction        | 0.255       |
|    clip_range           | 0.15        |
|    entropy_loss         | -25.6       |
|    explained_variance   | 0.972       |
|    learning_rate        | 0.0001      |
|    loss                 | -0.262      |
|    n_updates            | 630         |
|    policy_gradient_loss | -0.0187     |
|    std                  | 1.09        |
|    value_loss           | 0.0227      |
-----------------------------------------
-----------------------------------------
| rollout/                |             |
|    ep_len_mean          | 121         |
|    ep_rew_mean          | 612         |
| time/                   |             |
|    fps                  | 998         |
|    iterations           | 44          |
|    time_elapsed         | 4331        |
|    total_timesteps      | 4325376     |
| train/                  |             |
|    approx_kl            | 0.012791362 |
|    clip_fraction        | 0.252       |
|    clip_range           | 0.15        |
|    entropy_loss         | -25.6       |
|    explained_variance   | 0.973       |
|    learning_rate        | 0.0001      |
|    loss                 | -0.26       |
|    n_updates            | 645         |
|    policy_gradient_loss | -0.0187     |
|    std                  | 1.1         |
|    value_loss           | 0.0217      |
-----------------------------------------
-----------------------------------------
| rollout/                |             |
|    ep_len_mean          | 127         |
|    ep_rew_mean          | 656         |
| time/                   |             |
|    fps                  | 997         |
|    iterations           | 45          |
|    time_elapsed         | 4433        |
|    total_timesteps      | 4423680     |
| train/                  |             |
|    approx_kl            | 0.013077695 |
|    clip_fraction        | 0.256       |
|    clip_range           | 0.15        |
|    entropy_loss         | -25.7       |
|    explained_variance   | 0.973       |
|    learning_rate        | 0.0001      |
|    loss                 | -0.257      |
|    n_updates            | 660         |
|    policy_gradient_loss | -0.0189     |
|    std                  | 1.1         |
|    value_loss           | 0.0216      |
-----------------------------------------
Eval num_timesteps=4499928, episode_reward=907.28 +/- 209.77
Episode length: 165.80 +/- 33.95
-----------------------------------------
| eval/                   |             |
|    mean_ep_length       | 166         |
|    mean_reward          | 907         |
| time/                   |             |
|    total_timesteps      | 4499928     |
| train/                  |             |
|    approx_kl            | 0.013208352 |
|    clip_fraction        | 0.261       |
|    clip_range           | 0.15        |
|    entropy_loss         | -25.7       |
|    explained_variance   | 0.973       |
|    learning_rate        | 0.0001      |
|    loss                 | -0.272      |
|    n_updates            | 675         |
|    policy_gradient_loss | -0.0192     |
|    std                  | 1.1         |
|    value_loss           | 0.0223      |
-----------------------------------------
---------------------------------
| rollout/           |          |
|    ep_len_mean     | 134      |
|    ep_rew_mean     | 679      |
| time/              |          |
|    fps             | 996      |
|    iterations      | 46       |
|    time_elapsed    | 4536     |
|    total_timesteps | 4521984  |
---------------------------------
-----------------------------------------
| rollout/                |             |
|    ep_len_mean          | 126         |
|    ep_rew_mean          | 638         |
| time/                   |             |
|    fps                  | 995         |
|    iterations           | 47          |
|    time_elapsed         | 4639        |
|    total_timesteps      | 4620288     |
| train/                  |             |
|    approx_kl            | 0.013263191 |
|    clip_fraction        | 0.261       |
|    clip_range           | 0.15        |
|    entropy_loss         | -25.7       |
|    explained_variance   | 0.974       |
|    learning_rate        | 0.0001      |
|    loss                 | -0.262      |
|    n_updates            | 690         |
|    policy_gradient_loss | -0.0192     |
|    std                  | 1.1         |
|    value_loss           | 0.0218      |
-----------------------------------------
-----------------------------------------
| rollout/                |             |
|    ep_len_mean          | 128         |
|    ep_rew_mean          | 658         |
| time/                   |             |
|    fps                  | 995         |
|    iterations           | 48          |
|    time_elapsed         | 4739        |
|    total_timesteps      | 4718592     |
| train/                  |             |
|    approx_kl            | 0.013452214 |
|    clip_fraction        | 0.263       |
|    clip_range           | 0.15        |
|    entropy_loss         | -25.8       |
|    explained_variance   | 0.973       |
|    learning_rate        | 0.0001      |
|    loss                 | -0.271      |
|    n_updates            | 705         |
|    policy_gradient_loss | -0.0189     |
|    std                  | 1.11        |
|    value_loss           | 0.0225      |
-----------------------------------------
-----------------------------------------
| rollout/                |             |
|    ep_len_mean          | 133         |
|    ep_rew_mean          | 681         |
| time/                   |             |
|    fps                  | 995         |
|    iterations           | 49          |
|    time_elapsed         | 4840        |
|    total_timesteps      | 4816896     |
| train/                  |             |
|    approx_kl            | 0.013645356 |
|    clip_fraction        | 0.269       |
|    clip_range           | 0.15        |
|    entropy_loss         | -25.8       |
|    explained_variance   | 0.971       |
|    learning_rate        | 0.0001      |
|    loss                 | -0.265      |
|    n_updates            | 720         |
|    policy_gradient_loss | -0.0193     |
|    std                  | 1.11        |
|    value_loss           | 0.0232      |
-----------------------------------------
------------------------------------------
| rollout/                |              |
|    ep_len_mean          | 142          |
|    ep_rew_mean          | 728          |
| time/                   |              |
|    fps                  | 994          |
|    iterations           | 50           |
|    time_elapsed         | 4942         |
|    total_timesteps      | 4915200      |
| train/                  |              |
|    approx_kl            | 0.0136682615 |
|    clip_fraction        | 0.267        |
|    clip_range           | 0.15         |
|    entropy_loss         | -25.8        |
|    explained_variance   | 0.972        |
|    learning_rate        | 0.0001       |
|    loss                 | -0.27        |
|    n_updates            | 735          |
|    policy_gradient_loss | -0.0192      |
|    std                  | 1.11         |
|    value_loss           | 0.023        |
------------------------------------------
Eval num_timesteps=4999920, episode_reward=1601.15 +/- 1039.64
Episode length: 275.80 +/- 165.78
-----------------------------------------
| eval/                   |             |
|    mean_ep_length       | 276         |
|    mean_reward          | 1.6e+03     |
| time/                   |             |
|    total_timesteps      | 4999920     |
| train/                  |             |
|    approx_kl            | 0.013820007 |
|    clip_fraction        | 0.267       |
|    clip_range           | 0.15        |
|    entropy_loss         | -25.9       |
|    explained_variance   | 0.971       |
|    learning_rate        | 0.0001      |
|    loss                 | -0.272      |
|    n_updates            | 750         |
|    policy_gradient_loss | -0.0192     |
|    std                  | 1.11        |
|    value_loss           | 0.0233      |
-----------------------------------------
New best mean reward!
---------------------------------
| rollout/           |          |
|    ep_len_mean     | 139      |
|    ep_rew_mean     | 721      |
| time/              |          |
|    fps             | 993      |
|    iterations      | 51       |
|    time_elapsed    | 5045     |
|    total_timesteps | 5013504  |
---------------------------------
-----------------------------------------
| rollout/                |             |
|    ep_len_mean          | 132         |
|    ep_rew_mean          | 690         |
| time/                   |             |
|    fps                  | 993         |
|    iterations           | 52          |
|    time_elapsed         | 5146        |
|    total_timesteps      | 5111808     |
| train/                  |             |
|    approx_kl            | 0.013668218 |
|    clip_fraction        | 0.266       |
|    clip_range           | 0.15        |
|    entropy_loss         | -25.9       |
|    explained_variance   | 0.971       |
|    learning_rate        | 0.0001      |
|    loss                 | -0.275      |
|    n_updates            | 765         |
|    policy_gradient_loss | -0.0189     |
|    std                  | 1.12        |
|    value_loss           | 0.0232      |
-----------------------------------------
-----------------------------------------
| rollout/                |             |
|    ep_len_mean          | 143         |
|    ep_rew_mean          | 736         |
| time/                   |             |
|    fps                  | 992         |
|    iterations           | 53          |
|    time_elapsed         | 5249        |
|    total_timesteps      | 5210112     |
| train/                  |             |
|    approx_kl            | 0.014176537 |
|    clip_fraction        | 0.273       |
|    clip_range           | 0.15        |
|    entropy_loss         | -26         |
|    explained_variance   | 0.97        |
|    learning_rate        | 0.0001      |
|    loss                 | -0.262      |
|    n_updates            | 780         |
|    policy_gradient_loss | -0.0192     |
|    std                  | 1.12        |
|    value_loss           | 0.0244      |
-----------------------------------------
-----------------------------------------
| rollout/                |             |
|    ep_len_mean          | 150         |
|    ep_rew_mean          | 776         |
| time/                   |             |
|    fps                  | 991         |
|    iterations           | 54          |
|    time_elapsed         | 5351        |
|    total_timesteps      | 5308416     |
| train/                  |             |
|    approx_kl            | 0.014143698 |
|    clip_fraction        | 0.276       |
|    clip_range           | 0.15        |
|    entropy_loss         | -26         |
|    explained_variance   | 0.97        |
|    learning_rate        | 0.0001      |
|    loss                 | -0.261      |
|    n_updates            | 795         |
|    policy_gradient_loss | -0.0194     |
|    std                  | 1.12        |
|    value_loss           | 0.0238      |
-----------------------------------------
-----------------------------------------
| rollout/                |             |
|    ep_len_mean          | 148         |
|    ep_rew_mean          | 759         |
| time/                   |             |
|    fps                  | 991         |
|    iterations           | 55          |
|    time_elapsed         | 5454        |
|    total_timesteps      | 5406720     |
| train/                  |             |
|    approx_kl            | 0.014195408 |
|    clip_fraction        | 0.274       |
|    clip_range           | 0.15        |
|    entropy_loss         | -26.1       |
|    explained_variance   | 0.969       |
|    learning_rate        | 0.0001      |
|    loss                 | -0.266      |
|    n_updates            | 810         |
|    policy_gradient_loss | -0.0192     |
|    std                  | 1.13        |
|    value_loss           | 0.0247      |
-----------------------------------------
Eval num_timesteps=5499912, episode_reward=1307.49 +/- 310.43
Episode length: 240.00 +/- 49.63
-----------------------------------------
| eval/                   |             |
|    mean_ep_length       | 240         |
|    mean_reward          | 1.31e+03    |
| time/                   |             |
|    total_timesteps      | 5499912     |
| train/                  |             |
|    approx_kl            | 0.013994799 |
|    clip_fraction        | 0.274       |
|    clip_range           | 0.15        |
|    entropy_loss         | -26.1       |
|    explained_variance   | 0.97        |
|    learning_rate        | 0.0001      |
|    loss                 | -0.269      |
|    n_updates            | 825         |
|    policy_gradient_loss | -0.0194     |
|    std                  | 1.13        |
|    value_loss           | 0.0241      |
-----------------------------------------
---------------------------------
| rollout/           |          |
|    ep_len_mean     | 143      |
|    ep_rew_mean     | 740      |
| time/              |          |
|    fps             | 990      |
|    iterations      | 56       |
|    time_elapsed    | 5557     |
|    total_timesteps | 5505024  |
---------------------------------
----------------------------------------
| rollout/                |            |
|    ep_len_mean          | 158        |
|    ep_rew_mean          | 823        |
| time/                   |            |
|    fps                  | 989        |
|    iterations           | 57         |
|    time_elapsed         | 5661       |
|    total_timesteps      | 5603328    |
| train/                  |            |
|    approx_kl            | 0.01456999 |
|    clip_fraction        | 0.276      |
|    clip_range           | 0.15       |
|    entropy_loss         | -26.1      |
|    explained_variance   | 0.968      |
|    learning_rate        | 0.0001     |
|    loss                 | -0.267     |
|    n_updates            | 840        |
|    policy_gradient_loss | -0.0192    |
|    std                  | 1.13       |
|    value_loss           | 0.0263     |
----------------------------------------
-----------------------------------------
| rollout/                |             |
|    ep_len_mean          | 154         |
|    ep_rew_mean          | 808         |
| time/                   |             |
|    fps                  | 989         |
|    iterations           | 58          |
|    time_elapsed         | 5764        |
|    total_timesteps      | 5701632     |
| train/                  |             |
|    approx_kl            | 0.014537339 |
|    clip_fraction        | 0.278       |
|    clip_range           | 0.15        |
|    entropy_loss         | -26.2       |
|    explained_variance   | 0.968       |
|    learning_rate        | 0.0001      |
|    loss                 | -0.269      |
|    n_updates            | 855         |
|    policy_gradient_loss | -0.0192     |
|    std                  | 1.14        |
|    value_loss           | 0.0257      |
-----------------------------------------
------------------------------------------
| rollout/                |              |
|    ep_len_mean          | 161          |
|    ep_rew_mean          | 837          |
| time/                   |              |
|    fps                  | 988          |
|    iterations           | 59           |
|    time_elapsed         | 5866         |
|    total_timesteps      | 5799936      |
| train/                  |              |
|    approx_kl            | 0.0143599855 |
|    clip_fraction        | 0.275        |
|    clip_range           | 0.15         |
|    entropy_loss         | -26.2        |
|    explained_variance   | 0.966        |
|    learning_rate        | 0.0001       |
|    loss                 | -0.267       |
|    n_updates            | 870          |
|    policy_gradient_loss | -0.019       |
|    std                  | 1.14         |
|    value_loss           | 0.0265       |
------------------------------------------
-----------------------------------------
| rollout/                |             |
|    ep_len_mean          | 171         |
|    ep_rew_mean          | 886         |
| time/                   |             |
|    fps                  | 988         |
|    iterations           | 60          |
|    time_elapsed         | 5968        |
|    total_timesteps      | 5898240     |
| train/                  |             |
|    approx_kl            | 0.014890795 |
|    clip_fraction        | 0.28        |
|    clip_range           | 0.15        |
|    entropy_loss         | -26.3       |
|    explained_variance   | 0.969       |
|    learning_rate        | 0.0001      |
|    loss                 | -0.26       |
|    n_updates            | 885         |
|    policy_gradient_loss | -0.0193     |
|    std                  | 1.14        |
|    value_loss           | 0.0248      |
-----------------------------------------
-----------------------------------------
| rollout/                |             |
|    ep_len_mean          | 170         |
|    ep_rew_mean          | 893         |
| time/                   |             |
|    fps                  | 987         |
|    iterations           | 61          |
|    time_elapsed         | 6070        |
|    total_timesteps      | 5996544     |
| train/                  |             |
|    approx_kl            | 0.015173187 |
|    clip_fraction        | 0.282       |
|    clip_range           | 0.15        |
|    entropy_loss         | -26.3       |
|    explained_variance   | 0.969       |
|    learning_rate        | 0.0001      |
|    loss                 | -0.266      |
|    n_updates            | 900         |
|    policy_gradient_loss | -0.0197     |
|    std                  | 1.14        |
|    value_loss           | 0.0237      |
-----------------------------------------
Eval num_timesteps=5999904, episode_reward=2332.93 +/- 1193.00
Episode length: 402.40 +/- 197.84
-----------------------------------------
| eval/                   |             |
|    mean_ep_length       | 402         |
|    mean_reward          | 2.33e+03    |
| time/                   |             |
|    total_timesteps      | 5999904     |
| train/                  |             |
|    approx_kl            | 0.014810089 |
|    clip_fraction        | 0.279       |
|    clip_range           | 0.15        |
|    entropy_loss         | -26.4       |
|    explained_variance   | 0.969       |
|    learning_rate        | 0.0001      |
|    loss                 | -0.258      |
|    n_updates            | 915         |
|    policy_gradient_loss | -0.019      |
|    std                  | 1.15        |
|    value_loss           | 0.0236      |
-----------------------------------------
New best mean reward!
---------------------------------
| rollout/           |          |
|    ep_len_mean     | 164      |
|    ep_rew_mean     | 861      |
| time/              |          |
|    fps             | 987      |
|    iterations      | 62       |
|    time_elapsed    | 6174     |
|    total_timesteps | 6094848  |
---------------------------------
-----------------------------------------
| rollout/                |             |
|    ep_len_mean          | 181         |
|    ep_rew_mean          | 959         |
| time/                   |             |
|    fps                  | 986         |
|    iterations           | 63          |
|    time_elapsed         | 6277        |
|    total_timesteps      | 6193152     |
| train/                  |             |
|    approx_kl            | 0.015062886 |
|    clip_fraction        | 0.284       |
|    clip_range           | 0.15        |
|    entropy_loss         | -26.4       |
|    explained_variance   | 0.968       |
|    learning_rate        | 0.0001      |
|    loss                 | -0.277      |
|    n_updates            | 930         |
|    policy_gradient_loss | -0.0191     |
|    std                  | 1.15        |
|    value_loss           | 0.0247      |
-----------------------------------------
------------------------------------------
| rollout/                |              |
|    ep_len_mean          | 175          |
|    ep_rew_mean          | 923          |
| time/                   |              |
|    fps                  | 986          |
|    iterations           | 64           |
|    time_elapsed         | 6378         |
|    total_timesteps      | 6291456      |
| train/                  |              |
|    approx_kl            | 0.0151759805 |
|    clip_fraction        | 0.284        |
|    clip_range           | 0.15         |
|    entropy_loss         | -26.5        |
|    explained_variance   | 0.967        |
|    learning_rate        | 0.0001       |
|    loss                 | -0.261       |
|    n_updates            | 945          |
|    policy_gradient_loss | -0.0191      |
|    std                  | 1.15         |
|    value_loss           | 0.0251       |
------------------------------------------
------------------------------------------
| rollout/                |              |
|    ep_len_mean          | 179          |
|    ep_rew_mean          | 957          |
| time/                   |              |
|    fps                  | 985          |
|    iterations           | 65           |
|    time_elapsed         | 6481         |
|    total_timesteps      | 6389760      |
| train/                  |              |
|    approx_kl            | 0.0152225485 |
|    clip_fraction        | 0.287        |
|    clip_range           | 0.15         |
|    entropy_loss         | -26.5        |
|    explained_variance   | 0.967        |
|    learning_rate        | 0.0001       |
|    loss                 | -0.265       |
|    n_updates            | 960          |
|    policy_gradient_loss | -0.0194      |
|    std                  | 1.16         |
|    value_loss           | 0.025        |
------------------------------------------
-----------------------------------------
| rollout/                |             |
|    ep_len_mean          | 184         |
|    ep_rew_mean          | 982         |
| time/                   |             |
|    fps                  | 985         |
|    iterations           | 66          |
|    time_elapsed         | 6583        |
|    total_timesteps      | 6488064     |
| train/                  |             |
|    approx_kl            | 0.015232745 |
|    clip_fraction        | 0.284       |
|    clip_range           | 0.15        |
|    entropy_loss         | -26.5       |
|    explained_variance   | 0.965       |
|    learning_rate        | 0.0001      |
|    loss                 | -0.251      |
|    n_updates            | 975         |
|    policy_gradient_loss | -0.0192     |
|    std                  | 1.16        |
|    value_loss           | 0.0263      |
-----------------------------------------
Eval num_timesteps=6499896, episode_reward=2009.29 +/- 422.02
Episode length: 352.80 +/- 74.28
-----------------------------------------
| eval/                   |             |
|    mean_ep_length       | 353         |
|    mean_reward          | 2.01e+03    |
| time/                   |             |
|    total_timesteps      | 6499896     |
| train/                  |             |
|    approx_kl            | 0.015495266 |
|    clip_fraction        | 0.291       |
|    clip_range           | 0.15        |
|    entropy_loss         | -26.6       |
|    explained_variance   | 0.965       |
|    learning_rate        | 0.0001      |
|    loss                 | -0.275      |
|    n_updates            | 990         |
|    policy_gradient_loss | -0.0194     |
|    std                  | 1.16        |
|    value_loss           | 0.0262      |
-----------------------------------------
---------------------------------
| rollout/           |          |
|    ep_len_mean     | 182      |
|    ep_rew_mean     | 966      |
| time/              |          |
|    fps             | 984      |
|    iterations      | 67       |
|    time_elapsed    | 6687     |
|    total_timesteps | 6586368  |
---------------------------------
-----------------------------------------
| rollout/                |             |
|    ep_len_mean          | 192         |
|    ep_rew_mean          | 1.02e+03    |
| time/                   |             |
|    fps                  | 984         |
|    iterations           | 68          |
|    time_elapsed         | 6789        |
|    total_timesteps      | 6684672     |
| train/                  |             |
|    approx_kl            | 0.015797801 |
|    clip_fraction        | 0.289       |
|    clip_range           | 0.15        |
|    entropy_loss         | -26.6       |
|    explained_variance   | 0.966       |
|    learning_rate        | 0.0001      |
|    loss                 | -0.265      |
|    n_updates            | 1005        |
|    policy_gradient_loss | -0.0193     |
|    std                  | 1.17        |
|    value_loss           | 0.0259      |
-----------------------------------------
-----------------------------------------
| rollout/                |             |
|    ep_len_mean          | 192         |
|    ep_rew_mean          | 1.03e+03    |
| time/                   |             |
|    fps                  | 984         |
|    iterations           | 69          |
|    time_elapsed         | 6891        |
|    total_timesteps      | 6782976     |
| train/                  |             |
|    approx_kl            | 0.015828148 |
|    clip_fraction        | 0.292       |
|    clip_range           | 0.15        |
|    entropy_loss         | -26.7       |
|    explained_variance   | 0.963       |
|    learning_rate        | 0.0001      |
|    loss                 | -0.268      |
|    n_updates            | 1020        |
|    policy_gradient_loss | -0.0197     |
|    std                  | 1.17        |
|    value_loss           | 0.0268      |
-----------------------------------------
-----------------------------------------
| rollout/                |             |
|    ep_len_mean          | 214         |
|    ep_rew_mean          | 1.15e+03    |
| time/                   |             |
|    fps                  | 983         |
|    iterations           | 70          |
|    time_elapsed         | 6994        |
|    total_timesteps      | 6881280     |
| train/                  |             |
|    approx_kl            | 0.015842617 |
|    clip_fraction        | 0.294       |
|    clip_range           | 0.15        |
|    entropy_loss         | -26.7       |
|    explained_variance   | 0.964       |
|    learning_rate        | 0.0001      |
|    loss                 | -0.273      |
|    n_updates            | 1035        |
|    policy_gradient_loss | -0.0198     |
|    std                  | 1.17        |
|    value_loss           | 0.0265      |
-----------------------------------------
-----------------------------------------
| rollout/                |             |
|    ep_len_mean          | 212         |
|    ep_rew_mean          | 1.13e+03    |
| time/                   |             |
|    fps                  | 983         |
|    iterations           | 71          |
|    time_elapsed         | 7095        |
|    total_timesteps      | 6979584     |
| train/                  |             |
|    approx_kl            | 0.015779894 |
|    clip_fraction        | 0.289       |
|    clip_range           | 0.15        |
|    entropy_loss         | -26.8       |
|    explained_variance   | 0.963       |
|    learning_rate        | 0.0001      |
|    loss                 | -0.254      |
|    n_updates            | 1050        |
|    policy_gradient_loss | -0.0191     |
|    std                  | 1.18        |
|    value_loss           | 0.0262      |
-----------------------------------------
Eval num_timesteps=6999888, episode_reward=3279.13 +/- 938.91
Episode length: 560.60 +/- 168.74
-----------------------------------------
| eval/                   |             |
|    mean_ep_length       | 561         |
|    mean_reward          | 3.28e+03    |
| time/                   |             |
|    total_timesteps      | 6999888     |
| train/                  |             |
|    approx_kl            | 0.016251184 |
|    clip_fraction        | 0.294       |
|    clip_range           | 0.15        |
|    entropy_loss         | -26.8       |
|    explained_variance   | 0.965       |
|    learning_rate        | 0.0001      |
|    loss                 | -0.264      |
|    n_updates            | 1065        |
|    policy_gradient_loss | -0.0191     |
|    std                  | 1.18        |
|    value_loss           | 0.0257      |
-----------------------------------------
New best mean reward!
---------------------------------
| rollout/           |          |
|    ep_len_mean     | 234      |
|    ep_rew_mean     | 1.27e+03 |
| time/              |          |
|    fps             | 982      |
|    iterations      | 72       |
|    time_elapsed    | 7200     |
|    total_timesteps | 7077888  |
---------------------------------
-----------------------------------------
| rollout/                |             |
|    ep_len_mean          | 237         |
|    ep_rew_mean          | 1.28e+03    |
| time/                   |             |
|    fps                  | 983         |
|    iterations           | 73          |
|    time_elapsed         | 7299        |
|    total_timesteps      | 7176192     |
| train/                  |             |
|    approx_kl            | 0.016507415 |
|    clip_fraction        | 0.299       |
|    clip_range           | 0.15        |
|    entropy_loss         | -26.9       |
|    explained_variance   | 0.961       |
|    learning_rate        | 0.0001      |
|    loss                 | -0.266      |
|    n_updates            | 1080        |
|    policy_gradient_loss | -0.0197     |
|    std                  | 1.18        |
|    value_loss           | 0.0269      |
-----------------------------------------
-----------------------------------------
| rollout/                |             |
|    ep_len_mean          | 249         |
|    ep_rew_mean          | 1.34e+03    |
| time/                   |             |
|    fps                  | 982         |
|    iterations           | 74          |
|    time_elapsed         | 7401        |
|    total_timesteps      | 7274496     |
| train/                  |             |
|    approx_kl            | 0.016557267 |
|    clip_fraction        | 0.3         |
|    clip_range           | 0.15        |
|    entropy_loss         | -26.9       |
|    explained_variance   | 0.961       |
|    learning_rate        | 0.0001      |
|    loss                 | -0.278      |
|    n_updates            | 1095        |
|    policy_gradient_loss | -0.0199     |
|    std                  | 1.19        |
|    value_loss           | 0.0261      |
-----------------------------------------
----------------------------------------
| rollout/                |            |
|    ep_len_mean          | 234        |
|    ep_rew_mean          | 1.27e+03   |
| time/                   |            |
|    fps                  | 982        |
|    iterations           | 75         |
|    time_elapsed         | 7501       |
|    total_timesteps      | 7372800    |
| train/                  |            |
|    approx_kl            | 0.01630172 |
|    clip_fraction        | 0.301      |
|    clip_range           | 0.15       |
|    entropy_loss         | -26.9      |
|    explained_variance   | 0.963      |
|    learning_rate        | 0.0001     |
|    loss                 | -0.282     |
|    n_updates            | 1110       |
|    policy_gradient_loss | -0.0197    |
|    std                  | 1.19       |
|    value_loss           | 0.0252     |
----------------------------------------
----------------------------------------
| rollout/                |            |
|    ep_len_mean          | 247        |
|    ep_rew_mean          | 1.33e+03   |
| time/                   |            |
|    fps                  | 982        |
|    iterations           | 76         |
|    time_elapsed         | 7602       |
|    total_timesteps      | 7471104    |
| train/                  |            |
|    approx_kl            | 0.01649232 |
|    clip_fraction        | 0.301      |
|    clip_range           | 0.15       |
|    entropy_loss         | -27        |
|    explained_variance   | 0.962      |
|    learning_rate        | 0.0001     |
|    loss                 | -0.272     |
|    n_updates            | 1125       |
|    policy_gradient_loss | -0.0198    |
|    std                  | 1.19       |
|    value_loss           | 0.0256     |
----------------------------------------
Eval num_timesteps=7499880, episode_reward=3308.47 +/- 867.01
Episode length: 578.80 +/- 150.86
-----------------------------------------
| eval/                   |             |
|    mean_ep_length       | 579         |
|    mean_reward          | 3.31e+03    |
| time/                   |             |
|    total_timesteps      | 7499880     |
| train/                  |             |
|    approx_kl            | 0.016706478 |
|    clip_fraction        | 0.302       |
|    clip_range           | 0.15        |
|    entropy_loss         | -27         |
|    explained_variance   | 0.961       |
|    learning_rate        | 0.0001      |
|    loss                 | -0.261      |
|    n_updates            | 1140        |
|    policy_gradient_loss | -0.0199     |
|    std                  | 1.2         |
|    value_loss           | 0.0265      |
-----------------------------------------
New best mean reward!
---------------------------------
| rollout/           |          |
|    ep_len_mean     | 243      |
|    ep_rew_mean     | 1.32e+03 |
| time/              |          |
|    fps             | 982      |
|    iterations      | 77       |
|    time_elapsed    | 7707     |
|    total_timesteps | 7569408  |
---------------------------------
-----------------------------------------
| rollout/                |             |
|    ep_len_mean          | 235         |
|    ep_rew_mean          | 1.28e+03    |
| time/                   |             |
|    fps                  | 981         |
|    iterations           | 78          |
|    time_elapsed         | 7809        |
|    total_timesteps      | 7667712     |
| train/                  |             |
|    approx_kl            | 0.017154736 |
|    clip_fraction        | 0.306       |
|    clip_range           | 0.15        |
|    entropy_loss         | -27.1       |
|    explained_variance   | 0.961       |
|    learning_rate        | 0.0001      |
|    loss                 | -0.278      |
|    n_updates            | 1155        |
|    policy_gradient_loss | -0.02       |
|    std                  | 1.2         |
|    value_loss           | 0.0262      |
-----------------------------------------
-----------------------------------------
| rollout/                |             |
|    ep_len_mean          | 245         |
|    ep_rew_mean          | 1.33e+03    |
| time/                   |             |
|    fps                  | 981         |
|    iterations           | 79          |
|    time_elapsed         | 7911        |
|    total_timesteps      | 7766016     |
| train/                  |             |
|    approx_kl            | 0.016813837 |
|    clip_fraction        | 0.305       |
|    clip_range           | 0.15        |
|    entropy_loss         | -27.1       |
|    explained_variance   | 0.962       |
|    learning_rate        | 0.0001      |
|    loss                 | -0.278      |
|    n_updates            | 1170        |
|    policy_gradient_loss | -0.0198     |
|    std                  | 1.2         |
|    value_loss           | 0.0255      |
-----------------------------------------
-----------------------------------------
| rollout/                |             |
|    ep_len_mean          | 281         |
|    ep_rew_mean          | 1.53e+03    |
| time/                   |             |
|    fps                  | 981         |
|    iterations           | 80          |
|    time_elapsed         | 8013        |
|    total_timesteps      | 7864320     |
| train/                  |             |
|    approx_kl            | 0.016950525 |
|    clip_fraction        | 0.306       |
|    clip_range           | 0.15        |
|    entropy_loss         | -27.2       |
|    explained_variance   | 0.961       |
|    learning_rate        | 0.0001      |
|    loss                 | -0.281      |
|    n_updates            | 1185        |
|    policy_gradient_loss | -0.0196     |
|    std                  | 1.21        |
|    value_loss           | 0.0254      |
-----------------------------------------
---------------------------------------
| rollout/                |           |
|    ep_len_mean          | 276       |
|    ep_rew_mean          | 1.51e+03  |
| time/                   |           |
|    fps                  | 981       |
|    iterations           | 81        |
|    time_elapsed         | 8113      |
|    total_timesteps      | 7962624   |
| train/                  |           |
|    approx_kl            | 0.0168741 |
|    clip_fraction        | 0.306     |
|    clip_range           | 0.15      |
|    entropy_loss         | -27.2     |
|    explained_variance   | 0.956     |
|    learning_rate        | 0.0001    |
|    loss                 | -0.273    |
|    n_updates            | 1200      |
|    policy_gradient_loss | -0.0195   |
|    std                  | 1.21      |
|    value_loss           | 0.0257    |
---------------------------------------
Eval num_timesteps=7999872, episode_reward=3682.68 +/- 834.97
Episode length: 644.80 +/- 144.40
-----------------------------------------
| eval/                   |             |
|    mean_ep_length       | 645         |
|    mean_reward          | 3.68e+03    |
| time/                   |             |
|    total_timesteps      | 7999872     |
| train/                  |             |
|    approx_kl            | 0.017005796 |
|    clip_fraction        | 0.307       |
|    clip_range           | 0.15        |
|    entropy_loss         | -27.3       |
|    explained_variance   | 0.956       |
|    learning_rate        | 0.0001      |
|    loss                 | -0.271      |
|    n_updates            | 1215        |
|    policy_gradient_loss | -0.0193     |
|    std                  | 1.21        |
|    value_loss           | 0.0259      |
-----------------------------------------
New best mean reward!
---------------------------------
| rollout/           |          |
|    ep_len_mean     | 269      |
|    ep_rew_mean     | 1.48e+03 |
| time/              |          |
|    fps             | 980      |
|    iterations      | 82       |
|    time_elapsed    | 8221     |
|    total_timesteps | 8060928  |
---------------------------------
-----------------------------------------
| rollout/                |             |
|    ep_len_mean          | 294         |
|    ep_rew_mean          | 1.6e+03     |
| time/                   |             |
|    fps                  | 980         |
|    iterations           | 83          |
|    time_elapsed         | 8323        |
|    total_timesteps      | 8159232     |
| train/                  |             |
|    approx_kl            | 0.017401291 |
|    clip_fraction        | 0.309       |
|    clip_range           | 0.15        |
|    entropy_loss         | -27.3       |
|    explained_variance   | 0.958       |
|    learning_rate        | 0.0001      |
|    loss                 | -0.278      |
|    n_updates            | 1230        |
|    policy_gradient_loss | -0.02       |
|    std                  | 1.22        |
|    value_loss           | 0.0254      |
-----------------------------------------
----------------------------------------
| rollout/                |            |
|    ep_len_mean          | 315        |
|    ep_rew_mean          | 1.74e+03   |
| time/                   |            |
|    fps                  | 980        |
|    iterations           | 84         |
|    time_elapsed         | 8425       |
|    total_timesteps      | 8257536    |
| train/                  |            |
|    approx_kl            | 0.01737015 |
|    clip_fraction        | 0.315      |
|    clip_range           | 0.15       |
|    entropy_loss         | -27.4      |
|    explained_variance   | 0.956      |
|    learning_rate        | 0.0001     |
|    loss                 | -0.265     |
|    n_updates            | 1245       |
|    policy_gradient_loss | -0.0201    |
|    std                  | 1.22       |
|    value_loss           | 0.0259     |
----------------------------------------
-----------------------------------------
| rollout/                |             |
|    ep_len_mean          | 311         |
|    ep_rew_mean          | 1.71e+03    |
| time/                   |             |
|    fps                  | 979         |
|    iterations           | 85          |
|    time_elapsed         | 8528        |
|    total_timesteps      | 8355840     |
| train/                  |             |
|    approx_kl            | 0.017696569 |
|    clip_fraction        | 0.312       |
|    clip_range           | 0.15        |
|    entropy_loss         | -27.4       |
|    explained_variance   | 0.954       |
|    learning_rate        | 0.0001      |
|    loss                 | -0.278      |
|    n_updates            | 1260        |
|    policy_gradient_loss | -0.0195     |
|    std                  | 1.23        |
|    value_loss           | 0.0261      |
-----------------------------------------
----------------------------------------
| rollout/                |            |
|    ep_len_mean          | 321        |
|    ep_rew_mean          | 1.78e+03   |
| time/                   |            |
|    fps                  | 979        |
|    iterations           | 86         |
|    time_elapsed         | 8630       |
|    total_timesteps      | 8454144    |
| train/                  |            |
|    approx_kl            | 0.01786839 |
|    clip_fraction        | 0.316      |
|    clip_range           | 0.15       |
|    entropy_loss         | -27.5      |
|    explained_variance   | 0.951      |
|    learning_rate        | 0.0001     |
|    loss                 | -0.274     |
|    n_updates            | 1275       |
|    policy_gradient_loss | -0.02      |
|    std                  | 1.23       |
|    value_loss           | 0.0263     |
----------------------------------------
Eval num_timesteps=8499864, episode_reward=4061.57 +/- 563.40
Episode length: 706.40 +/- 104.68
-----------------------------------------
| eval/                   |             |
|    mean_ep_length       | 706         |
|    mean_reward          | 4.06e+03    |
| time/                   |             |
|    total_timesteps      | 8499864     |
| train/                  |             |
|    approx_kl            | 0.017507603 |
|    clip_fraction        | 0.312       |
|    clip_range           | 0.15        |
|    entropy_loss         | -27.5       |
|    explained_variance   | 0.95        |
|    learning_rate        | 0.0001      |
|    loss                 | -0.265      |
|    n_updates            | 1290        |
|    policy_gradient_loss | -0.0187     |
|    std                  | 1.23        |
|    value_loss           | 0.0273      |
-----------------------------------------
New best mean reward!
---------------------------------
| rollout/           |          |
|    ep_len_mean     | 331      |
|    ep_rew_mean     | 1.83e+03 |
| time/              |          |
|    fps             | 978      |
|    iterations      | 87       |
|    time_elapsed    | 8737     |
|    total_timesteps | 8552448  |
---------------------------------
-----------------------------------------
| rollout/                |             |
|    ep_len_mean          | 317         |
|    ep_rew_mean          | 1.75e+03    |
| time/                   |             |
|    fps                  | 978         |
|    iterations           | 88          |
|    time_elapsed         | 8838        |
|    total_timesteps      | 8650752     |
| train/                  |             |
|    approx_kl            | 0.017631495 |
|    clip_fraction        | 0.315       |
|    clip_range           | 0.15        |
|    entropy_loss         | -27.6       |
|    explained_variance   | 0.951       |
|    learning_rate        | 0.0001      |
|    loss                 | -0.274      |
|    n_updates            | 1305        |
|    policy_gradient_loss | -0.0191     |
|    std                  | 1.24        |
|    value_loss           | 0.0256      |
-----------------------------------------
-----------------------------------------
| rollout/                |             |
|    ep_len_mean          | 322         |
|    ep_rew_mean          | 1.78e+03    |
| time/                   |             |
|    fps                  | 978         |
|    iterations           | 89          |
|    time_elapsed         | 8939        |
|    total_timesteps      | 8749056     |
| train/                  |             |
|    approx_kl            | 0.017696757 |
|    clip_fraction        | 0.317       |
|    clip_range           | 0.15        |
|    entropy_loss         | -27.6       |
|    explained_variance   | 0.95        |
|    learning_rate        | 0.0001      |
|    loss                 | -0.284      |
|    n_updates            | 1320        |
|    policy_gradient_loss | -0.0189     |
|    std                  | 1.24        |
|    value_loss           | 0.0258      |
-----------------------------------------
-----------------------------------------
| rollout/                |             |
|    ep_len_mean          | 407         |
|    ep_rew_mean          | 2.26e+03    |
| time/                   |             |
|    fps                  | 978         |
|    iterations           | 90          |
|    time_elapsed         | 9040        |
|    total_timesteps      | 8847360     |
| train/                  |             |
|    approx_kl            | 0.017869575 |
|    clip_fraction        | 0.319       |
|    clip_range           | 0.15        |
|    entropy_loss         | -27.7       |
|    explained_variance   | 0.951       |
|    learning_rate        | 0.0001      |
|    loss                 | -0.284      |
|    n_updates            | 1335        |
|    policy_gradient_loss | -0.0188     |
|    std                  | 1.25        |
|    value_loss           | 0.0245      |
-----------------------------------------
-----------------------------------------
| rollout/                |             |
|    ep_len_mean          | 352         |
|    ep_rew_mean          | 1.96e+03    |
| time/                   |             |
|    fps                  | 978         |
|    iterations           | 91          |
|    time_elapsed         | 9142        |
|    total_timesteps      | 8945664     |
| train/                  |             |
|    approx_kl            | 0.018329622 |
|    clip_fraction        | 0.323       |
|    clip_range           | 0.15        |
|    entropy_loss         | -27.8       |
|    explained_variance   | 0.944       |
|    learning_rate        | 0.0001      |
|    loss                 | -0.281      |
|    n_updates            | 1350        |
|    policy_gradient_loss | -0.0191     |
|    std                  | 1.25        |
|    value_loss           | 0.0258      |
-----------------------------------------
Eval num_timesteps=8999856, episode_reward=4278.75 +/- 92.77
Episode length: 741.80 +/- 20.56
-----------------------------------------
| eval/                   |             |
|    mean_ep_length       | 742         |
|    mean_reward          | 4.28e+03    |
| time/                   |             |
|    total_timesteps      | 8999856     |
| train/                  |             |
|    approx_kl            | 0.018143319 |
|    clip_fraction        | 0.323       |
|    clip_range           | 0.15        |
|    entropy_loss         | -27.8       |
|    explained_variance   | 0.948       |
|    learning_rate        | 0.0001      |
|    loss                 | -0.267      |
|    n_updates            | 1365        |
|    policy_gradient_loss | -0.0195     |
|    std                  | 1.26        |
|    value_loss           | 0.0256      |
-----------------------------------------
New best mean reward!
---------------------------------
| rollout/           |          |
|    ep_len_mean     | 390      |
|    ep_rew_mean     | 2.17e+03 |
| time/              |          |
|    fps             | 978      |
|    iterations      | 92       |
|    time_elapsed    | 9247     |
|    total_timesteps | 9043968  |
---------------------------------
-----------------------------------------
| rollout/                |             |
|    ep_len_mean          | 376         |
|    ep_rew_mean          | 2.11e+03    |
| time/                   |             |
|    fps                  | 978         |
|    iterations           | 93          |
|    time_elapsed         | 9347        |
|    total_timesteps      | 9142272     |
| train/                  |             |
|    approx_kl            | 0.018250657 |
|    clip_fraction        | 0.326       |
|    clip_range           | 0.15        |
|    entropy_loss         | -27.9       |
|    explained_variance   | 0.942       |
|    learning_rate        | 0.0001      |
|    loss                 | -0.266      |
|    n_updates            | 1380        |
|    policy_gradient_loss | -0.0186     |
|    std                  | 1.26        |
|    value_loss           | 0.0273      |
-----------------------------------------
-----------------------------------------
| rollout/                |             |
|    ep_len_mean          | 372         |
|    ep_rew_mean          | 2.09e+03    |
| time/                   |             |
|    fps                  | 977         |
|    iterations           | 94          |
|    time_elapsed         | 9448        |
|    total_timesteps      | 9240576     |
| train/                  |             |
|    approx_kl            | 0.018572636 |
|    clip_fraction        | 0.326       |
|    clip_range           | 0.15        |
|    entropy_loss         | -28         |
|    explained_variance   | 0.942       |
|    learning_rate        | 0.0001      |
|    loss                 | -0.277      |
|    n_updates            | 1395        |
|    policy_gradient_loss | -0.0184     |
|    std                  | 1.27        |
|    value_loss           | 0.0275      |
-----------------------------------------
-----------------------------------------
| rollout/                |             |
|    ep_len_mean          | 404         |
|    ep_rew_mean          | 2.29e+03    |
| time/                   |             |
|    fps                  | 977         |
|    iterations           | 95          |
|    time_elapsed         | 9549        |
|    total_timesteps      | 9338880     |
| train/                  |             |
|    approx_kl            | 0.018596502 |
|    clip_fraction        | 0.328       |
|    clip_range           | 0.15        |
|    entropy_loss         | -28.1       |
|    explained_variance   | 0.943       |
|    learning_rate        | 0.0001      |
|    loss                 | -0.287      |
|    n_updates            | 1410        |
|    policy_gradient_loss | -0.0185     |
|    std                  | 1.27        |
|    value_loss           | 0.0261      |
-----------------------------------------
----------------------------------------
| rollout/                |            |
|    ep_len_mean          | 393        |
|    ep_rew_mean          | 2.21e+03   |
| time/                   |            |
|    fps                  | 977        |
|    iterations           | 96         |
|    time_elapsed         | 9650       |
|    total_timesteps      | 9437184    |
| train/                  |            |
|    approx_kl            | 0.01878636 |
|    clip_fraction        | 0.333      |
|    clip_range           | 0.15       |
|    entropy_loss         | -28.1      |
|    explained_variance   | 0.936      |
|    learning_rate        | 0.0001     |
|    loss                 | -0.271     |
|    n_updates            | 1425       |
|    policy_gradient_loss | -0.0183    |
|    std                  | 1.28       |
|    value_loss           | 0.0288     |
----------------------------------------
Eval num_timesteps=9499848, episode_reward=4450.43 +/- 363.12
Episode length: 780.00 +/- 79.84
-----------------------------------------
| eval/                   |             |
|    mean_ep_length       | 780         |
|    mean_reward          | 4.45e+03    |
| time/                   |             |
|    total_timesteps      | 9499848     |
| train/                  |             |
|    approx_kl            | 0.018368607 |
|    clip_fraction        | 0.328       |
|    clip_range           | 0.15        |
|    entropy_loss         | -28.2       |
|    explained_variance   | 0.933       |
|    learning_rate        | 0.0001      |
|    loss                 | -0.281      |
|    n_updates            | 1440        |
|    policy_gradient_loss | -0.0189     |
|    std                  | 1.29        |
|    value_loss           | 0.0289      |
-----------------------------------------
New best mean reward!
---------------------------------
| rollout/           |          |
|    ep_len_mean     | 438      |
|    ep_rew_mean     | 2.47e+03 |
| time/              |          |
|    fps             | 977      |
|    iterations      | 97       |
|    time_elapsed    | 9756     |
|    total_timesteps | 9535488  |
---------------------------------
-----------------------------------------
| rollout/                |             |
|    ep_len_mean          | 405         |
|    ep_rew_mean          | 2.27e+03    |
| time/                   |             |
|    fps                  | 977         |
|    iterations           | 98          |
|    time_elapsed         | 9856        |
|    total_timesteps      | 9633792     |
| train/                  |             |
|    approx_kl            | 0.018521221 |
|    clip_fraction        | 0.33        |
|    clip_range           | 0.15        |
|    entropy_loss         | -28.3       |
|    explained_variance   | 0.927       |
|    learning_rate        | 0.0001      |
|    loss                 | -0.294      |
|    n_updates            | 1455        |
|    policy_gradient_loss | -0.0185     |
|    std                  | 1.29        |
|    value_loss           | 0.0301      |
-----------------------------------------
-----------------------------------------
| rollout/                |             |
|    ep_len_mean          | 431         |
|    ep_rew_mean          | 2.45e+03    |
| time/                   |             |
|    fps                  | 977         |
|    iterations           | 99          |
|    time_elapsed         | 9957        |
|    total_timesteps      | 9732096     |
| train/                  |             |
|    approx_kl            | 0.019074775 |
|    clip_fraction        | 0.335       |
|    clip_range           | 0.15        |
|    entropy_loss         | -28.3       |
|    explained_variance   | 0.936       |
|    learning_rate        | 0.0001      |
|    loss                 | -0.284      |
|    n_updates            | 1470        |
|    policy_gradient_loss | -0.019      |
|    std                  | 1.3         |
|    value_loss           | 0.0275      |
-----------------------------------------
----------------------------------------
| rollout/                |            |
|    ep_len_mean          | 406        |
|    ep_rew_mean          | 2.29e+03   |
| time/                   |            |
|    fps                  | 977        |
|    iterations           | 100        |
|    time_elapsed         | 10058      |
|    total_timesteps      | 9830400    |
| train/                  |            |
|    approx_kl            | 0.01978406 |
|    clip_fraction        | 0.342      |
|    clip_range           | 0.15       |
|    entropy_loss         | -28.4      |
|    explained_variance   | 0.931      |
|    learning_rate        | 0.0001     |
|    loss                 | -0.277     |
|    n_updates            | 1485       |
|    policy_gradient_loss | -0.0186    |
|    std                  | 1.3        |
|    value_loss           | 0.0285     |
----------------------------------------
-----------------------------------------
| rollout/                |             |
|    ep_len_mean          | 437         |
|    ep_rew_mean          | 2.46e+03    |
| time/                   |             |
|    fps                  | 977         |
|    iterations           | 101         |
|    time_elapsed         | 10161       |
|    total_timesteps      | 9928704     |
| train/                  |             |
|    approx_kl            | 0.019594407 |
|    clip_fraction        | 0.343       |
|    clip_range           | 0.15        |
|    entropy_loss         | -28.5       |
|    explained_variance   | 0.924       |
|    learning_rate        | 0.0001      |
|    loss                 | -0.279      |
|    n_updates            | 1500        |
|    policy_gradient_loss | -0.0179     |
|    std                  | 1.31        |
|    value_loss           | 0.031       |
-----------------------------------------
Eval num_timesteps=9999840, episode_reward=4086.62 +/- 120.14
Episode length: 702.00 +/- 25.71
----------------------------------------
| eval/                   |            |
|    mean_ep_length       | 702        |
|    mean_reward          | 4.09e+03   |
| time/                   |            |
|    total_timesteps      | 9999840    |
| train/                  |            |
|    approx_kl            | 0.01942272 |
|    clip_fraction        | 0.339      |
|    clip_range           | 0.15       |
|    entropy_loss         | -28.5      |
|    explained_variance   | 0.929      |
|    learning_rate        | 0.0001     |
|    loss                 | -0.294     |
|    n_updates            | 1515       |
|    policy_gradient_loss | -0.0187    |
|    std                  | 1.31       |
|    value_loss           | 0.0282     |
----------------------------------------
---------------------------------
| rollout/           |          |
|    ep_len_mean     | 436      |
|    ep_rew_mean     | 2.47e+03 |
| time/              |          |
|    fps             | 976      |
|    iterations      | 102      |
|    time_elapsed    | 10267    |
|    total_timesteps | 10027008 |
---------------------------------
-----------------------------------------
| rollout/                |             |
|    ep_len_mean          | 459         |
|    ep_rew_mean          | 2.61e+03    |
| time/                   |             |
|    fps                  | 976         |
|    iterations           | 103         |
|    time_elapsed         | 10367       |
|    total_timesteps      | 10125312    |
| train/                  |             |
|    approx_kl            | 0.019254616 |
|    clip_fraction        | 0.338       |
|    clip_range           | 0.15        |
|    entropy_loss         | -28.6       |
|    explained_variance   | 0.92        |
|    learning_rate        | 0.0001      |
|    loss                 | -0.28       |
|    n_updates            | 1530        |
|    policy_gradient_loss | -0.0177     |
|    std                  | 1.32        |
|    value_loss           | 0.031       |
-----------------------------------------
---------------------------------------
| rollout/                |           |
|    ep_len_mean          | 462       |
|    ep_rew_mean          | 2.64e+03  |
| time/                   |           |
|    fps                  | 976       |
|    iterations           | 104       |
|    time_elapsed         | 10467     |
|    total_timesteps      | 10223616  |
| train/                  |           |
|    approx_kl            | 0.0188324 |
|    clip_fraction        | 0.336     |
|    clip_range           | 0.15      |
|    entropy_loss         | -28.7     |
|    explained_variance   | 0.922     |
|    learning_rate        | 0.0001    |
|    loss                 | -0.287    |
|    n_updates            | 1545      |
|    policy_gradient_loss | -0.0178   |
|    std                  | 1.32      |
|    value_loss           | 0.0293    |
---------------------------------------
-----------------------------------------
| rollout/                |             |
|    ep_len_mean          | 467         |
|    ep_rew_mean          | 2.68e+03    |
| time/                   |             |
|    fps                  | 976         |
|    iterations           | 105         |
|    time_elapsed         | 10567       |
|    total_timesteps      | 10321920    |
| train/                  |             |
|    approx_kl            | 0.019483585 |
|    clip_fraction        | 0.341       |
|    clip_range           | 0.15        |
|    entropy_loss         | -28.8       |
|    explained_variance   | 0.916       |
|    learning_rate        | 0.0001      |
|    loss                 | -0.271      |
|    n_updates            | 1560        |
|    policy_gradient_loss | -0.0178     |
|    std                  | 1.33        |
|    value_loss           | 0.0316      |
-----------------------------------------
-----------------------------------------
| rollout/                |             |
|    ep_len_mean          | 460         |
|    ep_rew_mean          | 2.63e+03    |
| time/                   |             |
|    fps                  | 976         |
|    iterations           | 106         |
|    time_elapsed         | 10669       |
|    total_timesteps      | 10420224    |
| train/                  |             |
|    approx_kl            | 0.019348174 |
|    clip_fraction        | 0.341       |
|    clip_range           | 0.15        |
|    entropy_loss         | -28.8       |
|    explained_variance   | 0.916       |
|    learning_rate        | 0.0001      |
|    loss                 | -0.292      |
|    n_updates            | 1575        |
|    policy_gradient_loss | -0.0177     |
|    std                  | 1.34        |
|    value_loss           | 0.0311      |
-----------------------------------------
Eval num_timesteps=10499832, episode_reward=3847.19 +/- 210.79
Episode length: 651.60 +/- 46.03
-----------------------------------------
| eval/                   |             |
|    mean_ep_length       | 652         |
|    mean_reward          | 3.85e+03    |
| time/                   |             |
|    total_timesteps      | 10499832    |
| train/                  |             |
|    approx_kl            | 0.019779472 |
|    clip_fraction        | 0.345       |
|    clip_range           | 0.15        |
|    entropy_loss         | -28.9       |
|    explained_variance   | 0.903       |
|    learning_rate        | 0.0001      |
|    loss                 | -0.25       |
|    n_updates            | 1590        |
|    policy_gradient_loss | -0.0176     |
|    std                  | 1.34        |
|    value_loss           | 0.0336      |
-----------------------------------------
---------------------------------
| rollout/           |          |
|    ep_len_mean     | 444      |
|    ep_rew_mean     | 2.53e+03 |
| time/              |          |
|    fps             | 976      |
|    iterations      | 107      |
|    time_elapsed    | 10774    |
|    total_timesteps | 10518528 |
---------------------------------
-----------------------------------------
| rollout/                |             |
|    ep_len_mean          | 470         |
|    ep_rew_mean          | 2.69e+03    |
| time/                   |             |
|    fps                  | 976         |
|    iterations           | 108         |
|    time_elapsed         | 10874       |
|    total_timesteps      | 10616832    |
| train/                  |             |
|    approx_kl            | 0.020329451 |
|    clip_fraction        | 0.35        |
|    clip_range           | 0.15        |
|    entropy_loss         | -29         |
|    explained_variance   | 0.919       |
|    learning_rate        | 0.0001      |
|    loss                 | -0.286      |
|    n_updates            | 1605        |
|    policy_gradient_loss | -0.0184     |
|    std                  | 1.35        |
|    value_loss           | 0.0306      |
-----------------------------------------
-----------------------------------------
| rollout/                |             |
|    ep_len_mean          | 475         |
|    ep_rew_mean          | 2.72e+03    |
| time/                   |             |
|    fps                  | 976         |
|    iterations           | 109         |
|    time_elapsed         | 10975       |
|    total_timesteps      | 10715136    |
| train/                  |             |
|    approx_kl            | 0.020187393 |
|    clip_fraction        | 0.351       |
|    clip_range           | 0.15        |
|    entropy_loss         | -29.1       |
|    explained_variance   | 0.907       |
|    learning_rate        | 0.0001      |
|    loss                 | -0.281      |
|    n_updates            | 1620        |
|    policy_gradient_loss | -0.0175     |
|    std                  | 1.36        |
|    value_loss           | 0.0306      |
-----------------------------------------
-----------------------------------------
| rollout/                |             |
|    ep_len_mean          | 434         |
|    ep_rew_mean          | 2.49e+03    |
| time/                   |             |
|    fps                  | 976         |
|    iterations           | 110         |
|    time_elapsed         | 11075       |
|    total_timesteps      | 10813440    |
| train/                  |             |
|    approx_kl            | 0.019827114 |
|    clip_fraction        | 0.349       |
|    clip_range           | 0.15        |
|    entropy_loss         | -29.2       |
|    explained_variance   | 0.912       |
|    learning_rate        | 0.0001      |
|    loss                 | -0.282      |
|    n_updates            | 1635        |
|    policy_gradient_loss | -0.0177     |
|    std                  | 1.37        |
|    value_loss           | 0.03        |
-----------------------------------------
----------------------------------------
| rollout/                |            |
|    ep_len_mean          | 442        |
|    ep_rew_mean          | 2.54e+03   |
| time/                   |            |
|    fps                  | 976        |
|    iterations           | 111        |
|    time_elapsed         | 11177      |
|    total_timesteps      | 10911744   |
| train/                  |            |
|    approx_kl            | 0.01996886 |
|    clip_fraction        | 0.351      |
|    clip_range           | 0.15       |
|    entropy_loss         | -29.3      |
|    explained_variance   | 0.909      |
|    learning_rate        | 0.0001     |
|    loss                 | -0.282     |
|    n_updates            | 1650       |
|    policy_gradient_loss | -0.0172    |
|    std                  | 1.38       |
|    value_loss           | 0.0325     |
----------------------------------------
Eval num_timesteps=10999824, episode_reward=3615.51 +/- 87.06
Episode length: 600.60 +/- 18.62
-----------------------------------------
| eval/                   |             |
|    mean_ep_length       | 601         |
|    mean_reward          | 3.62e+03    |
| time/                   |             |
|    total_timesteps      | 10999824    |
| train/                  |             |
|    approx_kl            | 0.019906389 |
|    clip_fraction        | 0.346       |
|    clip_range           | 0.15        |
|    entropy_loss         | -29.4       |
|    explained_variance   | 0.908       |
|    learning_rate        | 0.0001      |
|    loss                 | -0.297      |
|    n_updates            | 1665        |
|    policy_gradient_loss | -0.0178     |
|    std                  | 1.38        |
|    value_loss           | 0.0322      |
-----------------------------------------
---------------------------------
| rollout/           |          |
|    ep_len_mean     | 475      |
|    ep_rew_mean     | 2.73e+03 |
| time/              |          |
|    fps             | 975      |
|    iterations      | 112      |
|    time_elapsed    | 11283    |
|    total_timesteps | 11010048 |
---------------------------------
-----------------------------------------
| rollout/                |             |
|    ep_len_mean          | 442         |
|    ep_rew_mean          | 2.55e+03    |
| time/                   |             |
|    fps                  | 975         |
|    iterations           | 113         |
|    time_elapsed         | 11382       |
|    total_timesteps      | 11108352    |
| train/                  |             |
|    approx_kl            | 0.020212045 |
|    clip_fraction        | 0.352       |
|    clip_range           | 0.15        |
|    entropy_loss         | -29.5       |
|    explained_variance   | 0.894       |
|    learning_rate        | 0.0001      |
|    loss                 | -0.299      |
|    n_updates            | 1680        |
|    policy_gradient_loss | -0.017      |
|    std                  | 1.39        |
|    value_loss           | 0.0345      |
-----------------------------------------
-----------------------------------------
| rollout/                |             |
|    ep_len_mean          | 447         |
|    ep_rew_mean          | 2.58e+03    |
| time/                   |             |
|    fps                  | 975         |
|    iterations           | 114         |
|    time_elapsed         | 11482       |
|    total_timesteps      | 11206656    |
| train/                  |             |
|    approx_kl            | 0.020242209 |
|    clip_fraction        | 0.349       |
|    clip_range           | 0.15        |
|    entropy_loss         | -29.6       |
|    explained_variance   | 0.895       |
|    learning_rate        | 0.0001      |
|    loss                 | -0.295      |
|    n_updates            | 1695        |
|    policy_gradient_loss | -0.0177     |
|    std                  | 1.4         |
|    value_loss           | 0.033       |
-----------------------------------------
-----------------------------------------
| rollout/                |             |
|    ep_len_mean          | 434         |
|    ep_rew_mean          | 2.51e+03    |
| time/                   |             |
|    fps                  | 975         |
|    iterations           | 115         |
|    time_elapsed         | 11583       |
|    total_timesteps      | 11304960    |
| train/                  |             |
|    approx_kl            | 0.020280998 |
|    clip_fraction        | 0.352       |
|    clip_range           | 0.15        |
|    entropy_loss         | -29.7       |
|    explained_variance   | 0.897       |
|    learning_rate        | 0.0001      |
|    loss                 | -0.306      |
|    n_updates            | 1710        |
|    policy_gradient_loss | -0.0168     |
|    std                  | 1.41        |
|    value_loss           | 0.0322      |
-----------------------------------------
----------------------------------------
| rollout/                |            |
|    ep_len_mean          | 459        |
|    ep_rew_mean          | 2.67e+03   |
| time/                   |            |
|    fps                  | 975        |
|    iterations           | 116        |
|    time_elapsed         | 11685      |
|    total_timesteps      | 11403264   |
| train/                  |            |
|    approx_kl            | 0.02016403 |
|    clip_fraction        | 0.348      |
|    clip_range           | 0.15       |
|    entropy_loss         | -29.8      |
|    explained_variance   | 0.899      |
|    learning_rate        | 0.0001     |
|    loss                 | -0.293     |
|    n_updates            | 1725       |
|    policy_gradient_loss | -0.0176    |
|    std                  | 1.42       |
|    value_loss           | 0.0313     |
----------------------------------------
Eval num_timesteps=11499816, episode_reward=3447.95 +/- 82.88
Episode length: 565.60 +/- 15.96
-----------------------------------------
| eval/                   |             |
|    mean_ep_length       | 566         |
|    mean_reward          | 3.45e+03    |
| time/                   |             |
|    total_timesteps      | 11499816    |
| train/                  |             |
|    approx_kl            | 0.020342844 |
|    clip_fraction        | 0.356       |
|    clip_range           | 0.15        |
|    entropy_loss         | -29.9       |
|    explained_variance   | 0.897       |
|    learning_rate        | 0.0001      |
|    loss                 | -0.271      |
|    n_updates            | 1740        |
|    policy_gradient_loss | -0.017      |
|    std                  | 1.43        |
|    value_loss           | 0.0345      |
-----------------------------------------
---------------------------------
| rollout/           |          |
|    ep_len_mean     | 449      |
|    ep_rew_mean     | 2.61e+03 |
| time/              |          |
|    fps             | 975      |
|    iterations      | 117      |
|    time_elapsed    | 11790    |
|    total_timesteps | 11501568 |
---------------------------------
-----------------------------------------
| rollout/                |             |
|    ep_len_mean          | 445         |
|    ep_rew_mean          | 2.6e+03     |
| time/                   |             |
|    fps                  | 975         |
|    iterations           | 118         |
|    time_elapsed         | 11891       |
|    total_timesteps      | 11599872    |
| train/                  |             |
|    approx_kl            | 0.020585105 |
|    clip_fraction        | 0.355       |
|    clip_range           | 0.15        |
|    entropy_loss         | -30         |
|    explained_variance   | 0.893       |
|    learning_rate        | 0.0001      |
|    loss                 | -0.299      |
|    n_updates            | 1755        |
|    policy_gradient_loss | -0.0175     |
|    std                  | 1.43        |
|    value_loss           | 0.0328      |
-----------------------------------------
-----------------------------------------
| rollout/                |             |
|    ep_len_mean          | 462         |
|    ep_rew_mean          | 2.7e+03     |
| time/                   |             |
|    fps                  | 975         |
|    iterations           | 119         |
|    time_elapsed         | 11992       |
|    total_timesteps      | 11698176    |
| train/                  |             |
|    approx_kl            | 0.020019634 |
|    clip_fraction        | 0.348       |
|    clip_range           | 0.15        |
|    entropy_loss         | -30.1       |
|    explained_variance   | 0.898       |
|    learning_rate        | 0.0001      |
|    loss                 | -0.289      |
|    n_updates            | 1770        |
|    policy_gradient_loss | -0.0175     |
|    std                  | 1.44        |
|    value_loss           | 0.0313      |
-----------------------------------------
-----------------------------------------
| rollout/                |             |
|    ep_len_mean          | 449         |
|    ep_rew_mean          | 2.62e+03    |
| time/                   |             |
|    fps                  | 975         |
|    iterations           | 120         |
|    time_elapsed         | 12093       |
|    total_timesteps      | 11796480    |
| train/                  |             |
|    approx_kl            | 0.020322053 |
|    clip_fraction        | 0.35        |
|    clip_range           | 0.15        |
|    entropy_loss         | -30.2       |
|    explained_variance   | 0.894       |
|    learning_rate        | 0.0001      |
|    loss                 | -0.314      |
|    n_updates            | 1785        |
|    policy_gradient_loss | -0.0176     |
|    std                  | 1.45        |
|    value_loss           | 0.0316      |
-----------------------------------------
-----------------------------------------
| rollout/                |             |
|    ep_len_mean          | 455         |
|    ep_rew_mean          | 2.66e+03    |
| time/                   |             |
|    fps                  | 975         |
|    iterations           | 121         |
|    time_elapsed         | 12194       |
|    total_timesteps      | 11894784    |
| train/                  |             |
|    approx_kl            | 0.020643227 |
|    clip_fraction        | 0.353       |
|    clip_range           | 0.15        |
|    entropy_loss         | -30.3       |
|    explained_variance   | 0.897       |
|    learning_rate        | 0.0001      |
|    loss                 | -0.306      |
|    n_updates            | 1800        |
|    policy_gradient_loss | -0.0173     |
|    std                  | 1.46        |
|    value_loss           | 0.0314      |
-----------------------------------------
-----------------------------------------
| rollout/                |             |
|    ep_len_mean          | 462         |
|    ep_rew_mean          | 2.7e+03     |
| time/                   |             |
|    fps                  | 975         |
|    iterations           | 122         |
|    time_elapsed         | 12296       |
|    total_timesteps      | 11993088    |
| train/                  |             |
|    approx_kl            | 0.020962114 |
|    clip_fraction        | 0.357       |
|    clip_range           | 0.15        |
|    entropy_loss         | -30.4       |
|    explained_variance   | 0.884       |
|    learning_rate        | 0.0001      |
|    loss                 | -0.31       |
|    n_updates            | 1815        |
|    policy_gradient_loss | -0.0173     |
|    std                  | 1.47        |
|    value_loss           | 0.0341      |
-----------------------------------------
Eval num_timesteps=11999808, episode_reward=3346.57 +/- 60.96
Episode length: 544.60 +/- 11.67
-----------------------------------------
| eval/                   |             |
|    mean_ep_length       | 545         |
|    mean_reward          | 3.35e+03    |
| time/                   |             |
|    total_timesteps      | 11999808    |
| train/                  |             |
|    approx_kl            | 0.020288568 |
|    clip_fraction        | 0.353       |
|    clip_range           | 0.15        |
|    entropy_loss         | -30.5       |
|    explained_variance   | 0.891       |
|    learning_rate        | 0.0001      |
|    loss                 | -0.287      |
|    n_updates            | 1830        |
|    policy_gradient_loss | -0.0173     |
|    std                  | 1.48        |
|    value_loss           | 0.032       |
-----------------------------------------
---------------------------------
| rollout/           |          |
|    ep_len_mean     | 438      |
|    ep_rew_mean     | 2.56e+03 |
| time/              |          |
|    fps             | 975      |
|    iterations      | 123      |
|    time_elapsed    | 12401    |
|    total_timesteps | 12091392 |
---------------------------------
-----------------------------------------
| rollout/                |             |
|    ep_len_mean          | 450         |
|    ep_rew_mean          | 2.62e+03    |
| time/                   |             |
|    fps                  | 975         |
|    iterations           | 124         |
|    time_elapsed         | 12502       |
|    total_timesteps      | 12189696    |
| train/                  |             |
|    approx_kl            | 0.020433897 |
|    clip_fraction        | 0.356       |
|    clip_range           | 0.15        |
|    entropy_loss         | -30.6       |
|    explained_variance   | 0.889       |
|    learning_rate        | 0.0001      |
|    loss                 | -0.318      |
|    n_updates            | 1845        |
|    policy_gradient_loss | -0.0174     |
|    std                  | 1.49        |
|    value_loss           | 0.0329      |
-----------------------------------------
-----------------------------------------
| rollout/                |             |
|    ep_len_mean          | 465         |
|    ep_rew_mean          | 2.69e+03    |
| time/                   |             |
|    fps                  | 975         |
|    iterations           | 125         |
|    time_elapsed         | 12602       |
|    total_timesteps      | 12288000    |
| train/                  |             |
|    approx_kl            | 0.020829765 |
|    clip_fraction        | 0.358       |
|    clip_range           | 0.15        |
|    entropy_loss         | -30.7       |
|    explained_variance   | 0.882       |
|    learning_rate        | 0.0001      |
|    loss                 | -0.316      |
|    n_updates            | 1860        |
|    policy_gradient_loss | -0.0169     |
|    std                  | 1.5         |
|    value_loss           | 0.0342      |
-----------------------------------------
-----------------------------------------
| rollout/                |             |
|    ep_len_mean          | 461         |
|    ep_rew_mean          | 2.69e+03    |
| time/                   |             |
|    fps                  | 975         |
|    iterations           | 126         |
|    time_elapsed         | 12703       |
|    total_timesteps      | 12386304    |
| train/                  |             |
|    approx_kl            | 0.019831479 |
|    clip_fraction        | 0.349       |
|    clip_range           | 0.15        |
|    entropy_loss         | -30.8       |
|    explained_variance   | 0.899       |
|    learning_rate        | 0.0001      |
|    loss                 | -0.304      |
|    n_updates            | 1875        |
|    policy_gradient_loss | -0.0174     |
|    std                  | 1.51        |
|    value_loss           | 0.0315      |
-----------------------------------------
-----------------------------------------
| rollout/                |             |
|    ep_len_mean          | 485         |
|    ep_rew_mean          | 2.84e+03    |
| time/                   |             |
|    fps                  | 974         |
|    iterations           | 127         |
|    time_elapsed         | 12805       |
|    total_timesteps      | 12484608    |
| train/                  |             |
|    approx_kl            | 0.020099515 |
|    clip_fraction        | 0.35        |
|    clip_range           | 0.15        |
|    entropy_loss         | -30.9       |
|    explained_variance   | 0.887       |
|    learning_rate        | 0.0001      |
|    loss                 | -0.276      |
|    n_updates            | 1890        |
|    policy_gradient_loss | -0.017      |
|    std                  | 1.52        |
|    value_loss           | 0.0331      |
-----------------------------------------
Eval num_timesteps=12499800, episode_reward=2992.96 +/- 792.94
Episode length: 493.00 +/- 120.02
-----------------------------------------
| eval/                   |             |
|    mean_ep_length       | 493         |
|    mean_reward          | 2.99e+03    |
| time/                   |             |
|    total_timesteps      | 12499800    |
| train/                  |             |
|    approx_kl            | 0.020610569 |
|    clip_fraction        | 0.352       |
|    clip_range           | 0.15        |
|    entropy_loss         | -31         |
|    explained_variance   | 0.884       |
|    learning_rate        | 0.0001      |
|    loss                 | -0.296      |
|    n_updates            | 1905        |
|    policy_gradient_loss | -0.0173     |
|    std                  | 1.53        |
|    value_loss           | 0.0327      |
-----------------------------------------
---------------------------------
| rollout/           |          |
|    ep_len_mean     | 465      |
|    ep_rew_mean     | 2.72e+03 |
| time/              |          |
|    fps             | 974      |
|    iterations      | 128      |
|    time_elapsed    | 12909    |
|    total_timesteps | 12582912 |
---------------------------------
-----------------------------------------
| rollout/                |             |
|    ep_len_mean          | 451         |
|    ep_rew_mean          | 2.66e+03    |
| time/                   |             |
|    fps                  | 974         |
|    iterations           | 129         |
|    time_elapsed         | 13009       |
|    total_timesteps      | 12681216    |
| train/                  |             |
|    approx_kl            | 0.020747798 |
|    clip_fraction        | 0.356       |
|    clip_range           | 0.15        |
|    entropy_loss         | -31.1       |
|    explained_variance   | 0.883       |
|    learning_rate        | 0.0001      |
|    loss                 | -0.316      |
|    n_updates            | 1920        |
|    policy_gradient_loss | -0.0168     |
|    std                  | 1.54        |
|    value_loss           | 0.0337      |
-----------------------------------------
----------------------------------------
| rollout/                |            |
|    ep_len_mean          | 468        |
|    ep_rew_mean          | 2.73e+03   |
| time/                   |            |
|    fps                  | 974        |
|    iterations           | 130        |
|    time_elapsed         | 13111      |
|    total_timesteps      | 12779520   |
| train/                  |            |
|    approx_kl            | 0.02054364 |
|    clip_fraction        | 0.354      |
|    clip_range           | 0.15       |
|    entropy_loss         | -31.3      |
|    explained_variance   | 0.889      |
|    learning_rate        | 0.0001     |
|    loss                 | -0.321     |
|    n_updates            | 1935       |
|    policy_gradient_loss | -0.0174    |
|    std                  | 1.55       |
|    value_loss           | 0.0315     |
----------------------------------------
-----------------------------------------
| rollout/                |             |
|    ep_len_mean          | 454         |
|    ep_rew_mean          | 2.63e+03    |
| time/                   |             |
|    fps                  | 974         |
|    iterations           | 131         |
|    time_elapsed         | 13210       |
|    total_timesteps      | 12877824    |
| train/                  |             |
|    approx_kl            | 0.021235218 |
|    clip_fraction        | 0.354       |
|    clip_range           | 0.15        |
|    entropy_loss         | -31.4       |
|    explained_variance   | 0.882       |
|    learning_rate        | 0.0001      |
|    loss                 | -0.3        |
|    n_updates            | 1950        |
|    policy_gradient_loss | -0.0178     |
|    std                  | 1.56        |
|    value_loss           | 0.0341      |
-----------------------------------------
-----------------------------------------
| rollout/                |             |
|    ep_len_mean          | 437         |
|    ep_rew_mean          | 2.54e+03    |
| time/                   |             |
|    fps                  | 974         |
|    iterations           | 132         |
|    time_elapsed         | 13311       |
|    total_timesteps      | 12976128    |
| train/                  |             |
|    approx_kl            | 0.020781474 |
|    clip_fraction        | 0.357       |
|    clip_range           | 0.15        |
|    entropy_loss         | -31.5       |
|    explained_variance   | 0.886       |
|    learning_rate        | 0.0001      |
|    loss                 | -0.309      |
|    n_updates            | 1965        |
|    policy_gradient_loss | -0.0175     |
|    std                  | 1.57        |
|    value_loss           | 0.0322      |
-----------------------------------------
Eval num_timesteps=12999792, episode_reward=3331.78 +/- 129.54
Episode length: 545.80 +/- 28.44
-----------------------------------------
| eval/                   |             |
|    mean_ep_length       | 546         |
|    mean_reward          | 3.33e+03    |
| time/                   |             |
|    total_timesteps      | 12999792    |
| train/                  |             |
|    approx_kl            | 0.020144718 |
|    clip_fraction        | 0.351       |
|    clip_range           | 0.15        |
|    entropy_loss         | -31.6       |
|    explained_variance   | 0.892       |
|    learning_rate        | 0.0001      |
|    loss                 | -0.328      |
|    n_updates            | 1980        |
|    policy_gradient_loss | -0.0177     |
|    std                  | 1.58        |
|    value_loss           | 0.031       |
-----------------------------------------
---------------------------------
| rollout/           |          |
|    ep_len_mean     | 458      |
|    ep_rew_mean     | 2.67e+03 |
| time/              |          |
|    fps             | 974      |
|    iterations      | 133      |
|    time_elapsed    | 13414    |
|    total_timesteps | 13074432 |
---------------------------------
-----------------------------------------
| rollout/                |             |
|    ep_len_mean          | 452         |
|    ep_rew_mean          | 2.63e+03    |
| time/                   |             |
|    fps                  | 974         |
|    iterations           | 134         |
|    time_elapsed         | 13515       |
|    total_timesteps      | 13172736    |
| train/                  |             |
|    approx_kl            | 0.020978853 |
|    clip_fraction        | 0.353       |
|    clip_range           | 0.15        |
|    entropy_loss         | -31.7       |
|    explained_variance   | 0.877       |
|    learning_rate        | 0.0001      |
|    loss                 | -0.332      |
|    n_updates            | 1995        |
|    policy_gradient_loss | -0.0172     |
|    std                  | 1.59        |
|    value_loss           | 0.0342      |
-----------------------------------------
-----------------------------------------
| rollout/                |             |
|    ep_len_mean          | 473         |
|    ep_rew_mean          | 2.75e+03    |
| time/                   |             |
|    fps                  | 974         |
|    iterations           | 135         |
|    time_elapsed         | 13616       |
|    total_timesteps      | 13271040    |
| train/                  |             |
|    approx_kl            | 0.020464456 |
|    clip_fraction        | 0.352       |
|    clip_range           | 0.15        |
|    entropy_loss         | -31.8       |
|    explained_variance   | 0.887       |
|    learning_rate        | 0.0001      |
|    loss                 | -0.311      |
|    n_updates            | 2010        |
|    policy_gradient_loss | -0.0178     |
|    std                  | 1.6         |
|    value_loss           | 0.0329      |
-----------------------------------------
----------------------------------------
| rollout/                |            |
|    ep_len_mean          | 465        |
|    ep_rew_mean          | 2.71e+03   |
| time/                   |            |
|    fps                  | 974        |
|    iterations           | 136        |
|    time_elapsed         | 13718      |
|    total_timesteps      | 13369344   |
| train/                  |            |
|    approx_kl            | 0.02064701 |
|    clip_fraction        | 0.356      |
|    clip_range           | 0.15       |
|    entropy_loss         | -31.9      |
|    explained_variance   | 0.88       |
|    learning_rate        | 0.0001     |
|    loss                 | -0.307     |
|    n_updates            | 2025       |
|    policy_gradient_loss | -0.0172    |
|    std                  | 1.61       |
|    value_loss           | 0.0323     |
----------------------------------------
-----------------------------------------
| rollout/                |             |
|    ep_len_mean          | 473         |
|    ep_rew_mean          | 2.74e+03    |
| time/                   |             |
|    fps                  | 974         |
|    iterations           | 137         |
|    time_elapsed         | 13819       |
|    total_timesteps      | 13467648    |
| train/                  |             |
|    approx_kl            | 0.020438993 |
|    clip_fraction        | 0.35        |
|    clip_range           | 0.15        |
|    entropy_loss         | -32         |
|    explained_variance   | 0.887       |
|    learning_rate        | 0.0001      |
|    loss                 | -0.306      |
|    n_updates            | 2040        |
|    policy_gradient_loss | -0.0183     |
|    std                  | 1.62        |
|    value_loss           | 0.0311      |
-----------------------------------------
Eval num_timesteps=13499784, episode_reward=3501.97 +/- 142.10
Episode length: 580.00 +/- 29.97
-----------------------------------------
| eval/                   |             |
|    mean_ep_length       | 580         |
|    mean_reward          | 3.5e+03     |
| time/                   |             |
|    total_timesteps      | 13499784    |
| train/                  |             |
|    approx_kl            | 0.020363584 |
|    clip_fraction        | 0.35        |
|    clip_range           | 0.15        |
|    entropy_loss         | -32.1       |
|    explained_variance   | 0.891       |
|    learning_rate        | 0.0001      |
|    loss                 | -0.317      |
|    n_updates            | 2055        |
|    policy_gradient_loss | -0.0179     |
|    std                  | 1.63        |
|    value_loss           | 0.0316      |
-----------------------------------------
---------------------------------
| rollout/           |          |
|    ep_len_mean     | 441      |
|    ep_rew_mean     | 2.56e+03 |
| time/              |          |
|    fps             | 974      |
|    iterations      | 138      |
|    time_elapsed    | 13924    |
|    total_timesteps | 13565952 |
---------------------------------
-----------------------------------------
| rollout/                |             |
|    ep_len_mean          | 473         |
|    ep_rew_mean          | 2.77e+03    |
| time/                   |             |
|    fps                  | 974         |
|    iterations           | 139         |
|    time_elapsed         | 14024       |
|    total_timesteps      | 13664256    |
| train/                  |             |
|    approx_kl            | 0.020109423 |
|    clip_fraction        | 0.348       |
|    clip_range           | 0.15        |
|    entropy_loss         | -32.2       |
|    explained_variance   | 0.884       |
|    learning_rate        | 0.0001      |
|    loss                 | -0.315      |
|    n_updates            | 2070        |
|    policy_gradient_loss | -0.0172     |
|    std                  | 1.64        |
|    value_loss           | 0.0317      |
-----------------------------------------
-----------------------------------------
| rollout/                |             |
|    ep_len_mean          | 476         |
|    ep_rew_mean          | 2.78e+03    |
| time/                   |             |
|    fps                  | 974         |
|    iterations           | 140         |
|    time_elapsed         | 14125       |
|    total_timesteps      | 13762560    |
| train/                  |             |
|    approx_kl            | 0.020968355 |
|    clip_fraction        | 0.357       |
|    clip_range           | 0.15        |
|    entropy_loss         | -32.3       |
|    explained_variance   | 0.875       |
|    learning_rate        | 0.0001      |
|    loss                 | -0.315      |
|    n_updates            | 2085        |
|    policy_gradient_loss | -0.0167     |
|    std                  | 1.65        |
|    value_loss           | 0.0321      |
-----------------------------------------
-----------------------------------------
| rollout/                |             |
|    ep_len_mean          | 492         |
|    ep_rew_mean          | 2.87e+03    |
| time/                   |             |
|    fps                  | 974         |
|    iterations           | 141         |
|    time_elapsed         | 14225       |
|    total_timesteps      | 13860864    |
| train/                  |             |
|    approx_kl            | 0.020573208 |
|    clip_fraction        | 0.354       |
|    clip_range           | 0.15        |
|    entropy_loss         | -32.4       |
|    explained_variance   | 0.88        |
|    learning_rate        | 0.0001      |
|    loss                 | -0.323      |
|    n_updates            | 2100        |
|    policy_gradient_loss | -0.0175     |
|    std                  | 1.66        |
|    value_loss           | 0.032       |
-----------------------------------------
---------------------------------------
| rollout/                |           |
|    ep_len_mean          | 487       |
|    ep_rew_mean          | 2.82e+03  |
| time/                   |           |
|    fps                  | 974       |
|    iterations           | 142       |
|    time_elapsed         | 14325     |
|    total_timesteps      | 13959168  |
| train/                  |           |
|    approx_kl            | 0.0204927 |
|    clip_fraction        | 0.348     |
|    clip_range           | 0.15      |
|    entropy_loss         | -32.5     |
|    explained_variance   | 0.88      |
|    learning_rate        | 0.0001    |
|    loss                 | -0.31     |
|    n_updates            | 2115      |
|    policy_gradient_loss | -0.0174   |
|    std                  | 1.67      |
|    value_loss           | 0.0302    |
---------------------------------------
Eval num_timesteps=13999776, episode_reward=3490.22 +/- 80.34
Episode length: 577.40 +/- 17.72
-----------------------------------------
| eval/                   |             |
|    mean_ep_length       | 577         |
|    mean_reward          | 3.49e+03    |
| time/                   |             |
|    total_timesteps      | 13999776    |
| train/                  |             |
|    approx_kl            | 0.020014167 |
|    clip_fraction        | 0.35        |
|    clip_range           | 0.15        |
|    entropy_loss         | -32.6       |
|    explained_variance   | 0.875       |
|    learning_rate        | 0.0001      |
|    loss                 | -0.337      |
|    n_updates            | 2130        |
|    policy_gradient_loss | -0.0173     |
|    std                  | 1.68        |
|    value_loss           | 0.0306      |
-----------------------------------------
---------------------------------
| rollout/           |          |
|    ep_len_mean     | 474      |
|    ep_rew_mean     | 2.77e+03 |
| time/              |          |
|    fps             | 974      |
|    iterations      | 143      |
|    time_elapsed    | 14431    |
|    total_timesteps | 14057472 |
---------------------------------
-----------------------------------------
| rollout/                |             |
|    ep_len_mean          | 438         |
|    ep_rew_mean          | 2.54e+03    |
| time/                   |             |
|    fps                  | 974         |
|    iterations           | 144         |
|    time_elapsed         | 14530       |
|    total_timesteps      | 14155776    |
| train/                  |             |
|    approx_kl            | 0.020245617 |
|    clip_fraction        | 0.351       |
|    clip_range           | 0.15        |
|    entropy_loss         | -32.7       |
|    explained_variance   | 0.873       |
|    learning_rate        | 0.0001      |
|    loss                 | -0.33       |
|    n_updates            | 2145        |
|    policy_gradient_loss | -0.0171     |
|    std                  | 1.69        |
|    value_loss           | 0.0296      |
-----------------------------------------
----------------------------------------
| rollout/                |            |
|    ep_len_mean          | 503        |
|    ep_rew_mean          | 2.92e+03   |
| time/                   |            |
|    fps                  | 974        |
|    iterations           | 145        |
|    time_elapsed         | 14630      |
|    total_timesteps      | 14254080   |
| train/                  |            |
|    approx_kl            | 0.02031444 |
|    clip_fraction        | 0.35       |
|    clip_range           | 0.15       |
|    entropy_loss         | -32.9      |
|    explained_variance   | 0.882      |
|    learning_rate        | 0.0001     |
|    loss                 | -0.33      |
|    n_updates            | 2160       |
|    policy_gradient_loss | -0.0174    |
|    std                  | 1.7        |
|    value_loss           | 0.0294     |
----------------------------------------
-----------------------------------------
| rollout/                |             |
|    ep_len_mean          | 440         |
|    ep_rew_mean          | 2.56e+03    |
| time/                   |             |
|    fps                  | 974         |
|    iterations           | 146         |
|    time_elapsed         | 14732       |
|    total_timesteps      | 14352384    |
| train/                  |             |
|    approx_kl            | 0.020769253 |
|    clip_fraction        | 0.355       |
|    clip_range           | 0.15        |
|    entropy_loss         | -33         |
|    explained_variance   | 0.877       |
|    learning_rate        | 0.0001      |
|    loss                 | -0.324      |
|    n_updates            | 2175        |
|    policy_gradient_loss | -0.0172     |
|    std                  | 1.72        |
|    value_loss           | 0.0311      |
-----------------------------------------
-----------------------------------------
| rollout/                |             |
|    ep_len_mean          | 481         |
|    ep_rew_mean          | 2.81e+03    |
| time/                   |             |
|    fps                  | 974         |
|    iterations           | 147         |
|    time_elapsed         | 14833       |
|    total_timesteps      | 14450688    |
| train/                  |             |
|    approx_kl            | 0.020554205 |
|    clip_fraction        | 0.352       |
|    clip_range           | 0.15        |
|    entropy_loss         | -33.1       |
|    explained_variance   | 0.89        |
|    learning_rate        | 0.0001      |
|    loss                 | -0.321      |
|    n_updates            | 2190        |
|    policy_gradient_loss | -0.018      |
|    std                  | 1.73        |
|    value_loss           | 0.0292      |
-----------------------------------------
Eval num_timesteps=14499768, episode_reward=3473.55 +/- 81.27
Episode length: 572.80 +/- 16.62
-----------------------------------------
| eval/                   |             |
|    mean_ep_length       | 573         |
|    mean_reward          | 3.47e+03    |
| time/                   |             |
|    total_timesteps      | 14499768    |
| train/                  |             |
|    approx_kl            | 0.020609649 |
|    clip_fraction        | 0.353       |
|    clip_range           | 0.15        |
|    entropy_loss         | -33.2       |
|    explained_variance   | 0.869       |
|    learning_rate        | 0.0001      |
|    loss                 | -0.304      |
|    n_updates            | 2205        |
|    policy_gradient_loss | -0.0172     |
|    std                  | 1.74        |
|    value_loss           | 0.0316      |
-----------------------------------------
---------------------------------
| rollout/           |          |
|    ep_len_mean     | 464      |
|    ep_rew_mean     | 2.7e+03  |
| time/              |          |
|    fps             | 973      |
|    iterations      | 148      |
|    time_elapsed    | 14940    |
|    total_timesteps | 14548992 |
---------------------------------
-----------------------------------------
| rollout/                |             |
|    ep_len_mean          | 462         |
|    ep_rew_mean          | 2.71e+03    |
| time/                   |             |
|    fps                  | 973         |
|    iterations           | 149         |
|    time_elapsed         | 15041       |
|    total_timesteps      | 14647296    |
| train/                  |             |
|    approx_kl            | 0.020191697 |
|    clip_fraction        | 0.348       |
|    clip_range           | 0.15        |
|    entropy_loss         | -33.3       |
|    explained_variance   | 0.879       |
|    learning_rate        | 0.0001      |
|    loss                 | -0.333      |
|    n_updates            | 2220        |
|    policy_gradient_loss | -0.0176     |
|    std                  | 1.75        |
|    value_loss           | 0.0302      |
-----------------------------------------
-----------------------------------------
| rollout/                |             |
|    ep_len_mean          | 479         |
|    ep_rew_mean          | 2.8e+03     |
| time/                   |             |
|    fps                  | 973         |
|    iterations           | 150         |
|    time_elapsed         | 15140       |
|    total_timesteps      | 14745600    |
| train/                  |             |
|    approx_kl            | 0.020446539 |
|    clip_fraction        | 0.352       |
|    clip_range           | 0.15        |
|    entropy_loss         | -33.4       |
|    explained_variance   | 0.872       |
|    learning_rate        | 0.0001      |
|    loss                 | -0.341      |
|    n_updates            | 2235        |
|    policy_gradient_loss | -0.0175     |
|    std                  | 1.77        |
|    value_loss           | 0.0297      |
-----------------------------------------
-----------------------------------------
| rollout/                |             |
|    ep_len_mean          | 457         |
|    ep_rew_mean          | 2.66e+03    |
| time/                   |             |
|    fps                  | 973         |
|    iterations           | 151         |
|    time_elapsed         | 15240       |
|    total_timesteps      | 14843904    |
| train/                  |             |
|    approx_kl            | 0.020416303 |
|    clip_fraction        | 0.36        |
|    clip_range           | 0.15        |
|    entropy_loss         | -33.6       |
|    explained_variance   | 0.867       |
|    learning_rate        | 0.0001      |
|    loss                 | -0.323      |
|    n_updates            | 2250        |
|    policy_gradient_loss | -0.0174     |
|    std                  | 1.78        |
|    value_loss           | 0.0317      |
-----------------------------------------
----------------------------------------
| rollout/                |            |
|    ep_len_mean          | 458        |
|    ep_rew_mean          | 2.68e+03   |
| time/                   |            |
|    fps                  | 974        |
|    iterations           | 152        |
|    time_elapsed         | 15340      |
|    total_timesteps      | 14942208   |
| train/                  |            |
|    approx_kl            | 0.02031655 |
|    clip_fraction        | 0.349      |
|    clip_range           | 0.15       |
|    entropy_loss         | -33.7      |
|    explained_variance   | 0.876      |
|    learning_rate        | 0.0001     |
|    loss                 | -0.321     |
|    n_updates            | 2265       |
|    policy_gradient_loss | -0.0176    |
|    std                  | 1.79       |
|    value_loss           | 0.0304     |
----------------------------------------
Eval num_timesteps=14999760, episode_reward=3414.92 +/- 66.87
Episode length: 560.40 +/- 15.09
-----------------------------------------
| eval/                   |             |
|    mean_ep_length       | 560         |
|    mean_reward          | 3.41e+03    |
| time/                   |             |
|    total_timesteps      | 14999760    |
| train/                  |             |
|    approx_kl            | 0.020243121 |
|    clip_fraction        | 0.351       |
|    clip_range           | 0.15        |
|    entropy_loss         | -33.8       |
|    explained_variance   | 0.868       |
|    learning_rate        | 0.0001      |
|    loss                 | -0.349      |
|    n_updates            | 2280        |
|    policy_gradient_loss | -0.0172     |
|    std                  | 1.8         |
|    value_loss           | 0.0313      |
-----------------------------------------
---------------------------------
| rollout/           |          |
|    ep_len_mean     | 443      |
|    ep_rew_mean     | 2.6e+03  |
| time/              |          |
|    fps             | 973      |
|    iterations      | 153      |
|    time_elapsed    | 15446    |
|    total_timesteps | 15040512 |
---------------------------------
-----------------------------------------
| rollout/                |             |
|    ep_len_mean          | 467         |
|    ep_rew_mean          | 2.71e+03    |
| time/                   |             |
|    fps                  | 973         |
|    iterations           | 154         |
|    time_elapsed         | 15547       |
|    total_timesteps      | 15138816    |
| train/                  |             |
|    approx_kl            | 0.020640587 |
|    clip_fraction        | 0.356       |
|    clip_range           | 0.15        |
|    entropy_loss         | -33.9       |
|    explained_variance   | 0.875       |
|    learning_rate        | 0.0001      |
|    loss                 | -0.331      |
|    n_updates            | 2295        |
|    policy_gradient_loss | -0.0175     |
|    std                  | 1.82        |
|    value_loss           | 0.0319      |
-----------------------------------------
-----------------------------------------
| rollout/                |             |
|    ep_len_mean          | 471         |
|    ep_rew_mean          | 2.75e+03    |
| time/                   |             |
|    fps                  | 973         |
|    iterations           | 155         |
|    time_elapsed         | 15648       |
|    total_timesteps      | 15237120    |
| train/                  |             |
|    approx_kl            | 0.020180402 |
|    clip_fraction        | 0.348       |
|    clip_range           | 0.15        |
|    entropy_loss         | -34.1       |
|    explained_variance   | 0.874       |
|    learning_rate        | 0.0001      |
|    loss                 | -0.35       |
|    n_updates            | 2310        |
|    policy_gradient_loss | -0.0171     |
|    std                  | 1.83        |
|    value_loss           | 0.0308      |
-----------------------------------------
-----------------------------------------
| rollout/                |             |
|    ep_len_mean          | 461         |
|    ep_rew_mean          | 2.7e+03     |
| time/                   |             |
|    fps                  | 973         |
|    iterations           | 156         |
|    time_elapsed         | 15749       |
|    total_timesteps      | 15335424    |
| train/                  |             |
|    approx_kl            | 0.020575576 |
|    clip_fraction        | 0.354       |
|    clip_range           | 0.15        |
|    entropy_loss         | -34.2       |
|    explained_variance   | 0.864       |
|    learning_rate        | 0.0001      |
|    loss                 | -0.342      |
|    n_updates            | 2325        |
|    policy_gradient_loss | -0.0173     |
|    std                  | 1.84        |
|    value_loss           | 0.0332      |
-----------------------------------------
-----------------------------------------
| rollout/                |             |
|    ep_len_mean          | 457         |
|    ep_rew_mean          | 2.67e+03    |
| time/                   |             |
|    fps                  | 973         |
|    iterations           | 157         |
|    time_elapsed         | 15850       |
|    total_timesteps      | 15433728    |
| train/                  |             |
|    approx_kl            | 0.020391421 |
|    clip_fraction        | 0.355       |
|    clip_range           | 0.15        |
|    entropy_loss         | -34.3       |
|    explained_variance   | 0.866       |
|    learning_rate        | 0.0001      |
|    loss                 | -0.311      |
|    n_updates            | 2340        |
|    policy_gradient_loss | -0.0175     |
|    std                  | 1.86        |
|    value_loss           | 0.0318      |
-----------------------------------------
Eval num_timesteps=15499752, episode_reward=3356.87 +/- 93.05
Episode length: 549.20 +/- 17.31
----------------------------------------
| eval/                   |            |
|    mean_ep_length       | 549        |
|    mean_reward          | 3.36e+03   |
| time/                   |            |
|    total_timesteps      | 15499752   |
| train/                  |            |
|    approx_kl            | 0.02054406 |
|    clip_fraction        | 0.351      |
|    clip_range           | 0.15       |
|    entropy_loss         | -34.4      |
|    explained_variance   | 0.866      |
|    learning_rate        | 0.0001     |
|    loss                 | -0.332     |
|    n_updates            | 2355       |
|    policy_gradient_loss | -0.018     |
|    std                  | 1.87       |
|    value_loss           | 0.0328     |
----------------------------------------
---------------------------------
| rollout/           |          |
|    ep_len_mean     | 462      |
|    ep_rew_mean     | 2.71e+03 |
| time/              |          |
|    fps             | 973      |
|    iterations      | 158      |
|    time_elapsed    | 15954    |
|    total_timesteps | 15532032 |
---------------------------------
----------------------------------------
| rollout/                |            |
|    ep_len_mean          | 473        |
|    ep_rew_mean          | 2.78e+03   |
| time/                   |            |
|    fps                  | 973        |
|    iterations           | 159        |
|    time_elapsed         | 16054      |
|    total_timesteps      | 15630336   |
| train/                  |            |
|    approx_kl            | 0.02042994 |
|    clip_fraction        | 0.35       |
|    clip_range           | 0.15       |
|    entropy_loss         | -34.5      |
|    explained_variance   | 0.874      |
|    learning_rate        | 0.0001     |
|    loss                 | -0.339     |
|    n_updates            | 2370       |
|    policy_gradient_loss | -0.0174    |
|    std                  | 1.88       |
|    value_loss           | 0.0318     |
----------------------------------------
-----------------------------------------
| rollout/                |             |
|    ep_len_mean          | 427         |
|    ep_rew_mean          | 2.51e+03    |
| time/                   |             |
|    fps                  | 973         |
|    iterations           | 160         |
|    time_elapsed         | 16154       |
|    total_timesteps      | 15728640    |
| train/                  |             |
|    approx_kl            | 0.019912725 |
|    clip_fraction        | 0.34        |
|    clip_range           | 0.15        |
|    entropy_loss         | -34.6       |
|    explained_variance   | 0.873       |
|    learning_rate        | 0.0001      |
|    loss                 | -0.331      |
|    n_updates            | 2385        |
|    policy_gradient_loss | -0.0174     |
|    std                  | 1.9         |
|    value_loss           | 0.0307      |
-----------------------------------------
-----------------------------------------
| rollout/                |             |
|    ep_len_mean          | 484         |
|    ep_rew_mean          | 2.84e+03    |
| time/                   |             |
|    fps                  | 973         |
|    iterations           | 161         |
|    time_elapsed         | 16255       |
|    total_timesteps      | 15826944    |
| train/                  |             |
|    approx_kl            | 0.019564057 |
|    clip_fraction        | 0.344       |
|    clip_range           | 0.15        |
|    entropy_loss         | -34.7       |
|    explained_variance   | 0.876       |
|    learning_rate        | 0.0001      |
|    loss                 | -0.344      |
|    n_updates            | 2400        |
|    policy_gradient_loss | -0.017      |
|    std                  | 1.91        |
|    value_loss           | 0.0323      |
-----------------------------------------
-----------------------------------------
| rollout/                |             |
|    ep_len_mean          | 450         |
|    ep_rew_mean          | 2.65e+03    |
| time/                   |             |
|    fps                  | 973         |
|    iterations           | 162         |
|    time_elapsed         | 16356       |
|    total_timesteps      | 15925248    |
| train/                  |             |
|    approx_kl            | 0.020103166 |
|    clip_fraction        | 0.349       |
|    clip_range           | 0.15        |
|    entropy_loss         | -34.9       |
|    explained_variance   | 0.867       |
|    learning_rate        | 0.0001      |
|    loss                 | -0.29       |
|    n_updates            | 2415        |
|    policy_gradient_loss | -0.0175     |
|    std                  | 1.92        |
|    value_loss           | 0.0332      |
-----------------------------------------
Eval num_timesteps=15999744, episode_reward=3342.87 +/- 47.11
Episode length: 546.80 +/- 10.63
----------------------------------------
| eval/                   |            |
|    mean_ep_length       | 547        |
|    mean_reward          | 3.34e+03   |
| time/                   |            |
|    total_timesteps      | 15999744   |
| train/                  |            |
|    approx_kl            | 0.02005888 |
|    clip_fraction        | 0.348      |
|    clip_range           | 0.15       |
|    entropy_loss         | -35        |
|    explained_variance   | 0.874      |
|    learning_rate        | 0.0001     |
|    loss                 | -0.37      |
|    n_updates            | 2430       |
|    policy_gradient_loss | -0.0178    |
|    std                  | 1.94       |
|    value_loss           | 0.0295     |
----------------------------------------
---------------------------------
| rollout/           |          |
|    ep_len_mean     | 482      |
|    ep_rew_mean     | 2.82e+03 |
| time/              |          |
|    fps             | 973      |
|    iterations      | 163      |
|    time_elapsed    | 16461    |
|    total_timesteps | 16023552 |
---------------------------------
----------------------------------------
| rollout/                |            |
|    ep_len_mean          | 451        |
|    ep_rew_mean          | 2.65e+03   |
| time/                   |            |
|    fps                  | 973        |
|    iterations           | 164        |
|    time_elapsed         | 16561      |
|    total_timesteps      | 16121856   |
| train/                  |            |
|    approx_kl            | 0.02045481 |
|    clip_fraction        | 0.35       |
|    clip_range           | 0.15       |
|    entropy_loss         | -35.1      |
|    explained_variance   | 0.865      |
|    learning_rate        | 0.0001     |
|    loss                 | -0.358     |
|    n_updates            | 2445       |
|    policy_gradient_loss | -0.0174    |
|    std                  | 1.95       |
|    value_loss           | 0.0325     |
----------------------------------------
-----------------------------------------
| rollout/                |             |
|    ep_len_mean          | 481         |
|    ep_rew_mean          | 2.81e+03    |
| time/                   |             |
|    fps                  | 973         |
|    iterations           | 165         |
|    time_elapsed         | 16662       |
|    total_timesteps      | 16220160    |
| train/                  |             |
|    approx_kl            | 0.020393668 |
|    clip_fraction        | 0.353       |
|    clip_range           | 0.15        |
|    entropy_loss         | -35.2       |
|    explained_variance   | 0.866       |
|    learning_rate        | 0.0001      |
|    loss                 | -0.33       |
|    n_updates            | 2460        |
|    policy_gradient_loss | -0.0179     |
|    std                  | 1.96        |
|    value_loss           | 0.0328      |
-----------------------------------------
-----------------------------------------
| rollout/                |             |
|    ep_len_mean          | 461         |
|    ep_rew_mean          | 2.7e+03     |
| time/                   |             |
|    fps                  | 973         |
|    iterations           | 166         |
|    time_elapsed         | 16762       |
|    total_timesteps      | 16318464    |
| train/                  |             |
|    approx_kl            | 0.020153064 |
|    clip_fraction        | 0.347       |
|    clip_range           | 0.15        |
|    entropy_loss         | -35.3       |
|    explained_variance   | 0.863       |
|    learning_rate        | 0.0001      |
|    loss                 | -0.35       |
|    n_updates            | 2475        |
|    policy_gradient_loss | -0.0172     |
|    std                  | 1.98        |
|    value_loss           | 0.032       |
-----------------------------------------
-----------------------------------------
| rollout/                |             |
|    ep_len_mean          | 464         |
|    ep_rew_mean          | 2.73e+03    |
| time/                   |             |
|    fps                  | 973         |
|    iterations           | 167         |
|    time_elapsed         | 16863       |
|    total_timesteps      | 16416768    |
| train/                  |             |
|    approx_kl            | 0.020018525 |
|    clip_fraction        | 0.352       |
|    clip_range           | 0.15        |
|    entropy_loss         | -35.5       |
|    explained_variance   | 0.863       |
|    learning_rate        | 0.0001      |
|    loss                 | -0.348      |
|    n_updates            | 2490        |
|    policy_gradient_loss | -0.0173     |
|    std                  | 1.99        |
|    value_loss           | 0.0328      |
-----------------------------------------
Eval num_timesteps=16499736, episode_reward=3397.81 +/- 22.43
Episode length: 559.00 +/- 4.82
----------------------------------------
| eval/                   |            |
|    mean_ep_length       | 559        |
|    mean_reward          | 3.4e+03    |
| time/                   |            |
|    total_timesteps      | 16499736   |
| train/                  |            |
|    approx_kl            | 0.01954545 |
|    clip_fraction        | 0.342      |
|    clip_range           | 0.15       |
|    entropy_loss         | -35.6      |
|    explained_variance   | 0.873      |
|    learning_rate        | 0.0001     |
|    loss                 | -0.37      |
|    n_updates            | 2505       |
|    policy_gradient_loss | -0.0177    |
|    std                  | 2          |
|    value_loss           | 0.0299     |
----------------------------------------
---------------------------------
| rollout/           |          |
|    ep_len_mean     | 444      |
|    ep_rew_mean     | 2.6e+03  |
| time/              |          |
|    fps             | 973      |
|    iterations      | 168      |
|    time_elapsed    | 16966    |
|    total_timesteps | 16515072 |
---------------------------------
-----------------------------------------
| rollout/                |             |
|    ep_len_mean          | 464         |
|    ep_rew_mean          | 2.73e+03    |
| time/                   |             |
|    fps                  | 973         |
|    iterations           | 169         |
|    time_elapsed         | 17066       |
|    total_timesteps      | 16613376    |
| train/                  |             |
|    approx_kl            | 0.019863985 |
|    clip_fraction        | 0.345       |
|    clip_range           | 0.15        |
|    entropy_loss         | -35.7       |
|    explained_variance   | 0.874       |
|    learning_rate        | 0.0001      |
|    loss                 | -0.351      |
|    n_updates            | 2520        |
|    policy_gradient_loss | -0.0179     |
|    std                  | 2.02        |
|    value_loss           | 0.0319      |
-----------------------------------------
-----------------------------------------
| rollout/                |             |
|    ep_len_mean          | 476         |
|    ep_rew_mean          | 2.78e+03    |
| time/                   |             |
|    fps                  | 973         |
|    iterations           | 170         |
|    time_elapsed         | 17167       |
|    total_timesteps      | 16711680    |
| train/                  |             |
|    approx_kl            | 0.019814022 |
|    clip_fraction        | 0.344       |
|    clip_range           | 0.15        |
|    entropy_loss         | -35.8       |
|    explained_variance   | 0.867       |
|    learning_rate        | 0.0001      |
|    loss                 | -0.355      |
|    n_updates            | 2535        |
|    policy_gradient_loss | -0.0174     |
|    std                  | 2.03        |
|    value_loss           | 0.0318      |
-----------------------------------------
-----------------------------------------
| rollout/                |             |
|    ep_len_mean          | 431         |
|    ep_rew_mean          | 2.52e+03    |
| time/                   |             |
|    fps                  | 973         |
|    iterations           | 171         |
|    time_elapsed         | 17269       |
|    total_timesteps      | 16809984    |
| train/                  |             |
|    approx_kl            | 0.020325763 |
|    clip_fraction        | 0.349       |
|    clip_range           | 0.15        |
|    entropy_loss         | -35.9       |
|    explained_variance   | 0.866       |
|    learning_rate        | 0.0001      |
|    loss                 | -0.353      |
|    n_updates            | 2550        |
|    policy_gradient_loss | -0.0171     |
|    std                  | 2.05        |
|    value_loss           | 0.0313      |
-----------------------------------------
-----------------------------------------
| rollout/                |             |
|    ep_len_mean          | 470         |
|    ep_rew_mean          | 2.76e+03    |
| time/                   |             |
|    fps                  | 973         |
|    iterations           | 172         |
|    time_elapsed         | 17368       |
|    total_timesteps      | 16908288    |
| train/                  |             |
|    approx_kl            | 0.019937202 |
|    clip_fraction        | 0.346       |
|    clip_range           | 0.15        |
|    entropy_loss         | -36         |
|    explained_variance   | 0.875       |
|    learning_rate        | 0.0001      |
|    loss                 | -0.368      |
|    n_updates            | 2565        |
|    policy_gradient_loss | -0.0178     |
|    std                  | 2.06        |
|    value_loss           | 0.0309      |
-----------------------------------------
Eval num_timesteps=16999728, episode_reward=3442.18 +/- 35.99
Episode length: 568.00 +/- 7.62
----------------------------------------
| eval/                   |            |
|    mean_ep_length       | 568        |
|    mean_reward          | 3.44e+03   |
| time/                   |            |
|    total_timesteps      | 16999728   |
| train/                  |            |
|    approx_kl            | 0.02003097 |
|    clip_fraction        | 0.347      |
|    clip_range           | 0.15       |
|    entropy_loss         | -36.1      |
|    explained_variance   | 0.869      |
|    learning_rate        | 0.0001     |
|    loss                 | -0.35      |
|    n_updates            | 2580       |
|    policy_gradient_loss | -0.017     |
|    std                  | 2.08       |
|    value_loss           | 0.0311     |
----------------------------------------
---------------------------------
| rollout/           |          |
|    ep_len_mean     | 454      |
|    ep_rew_mean     | 2.66e+03 |
| time/              |          |
|    fps             | 973      |
|    iterations      | 173      |
|    time_elapsed    | 17473    |
|    total_timesteps | 17006592 |
---------------------------------
-----------------------------------------
| rollout/                |             |
|    ep_len_mean          | 467         |
|    ep_rew_mean          | 2.74e+03    |
| time/                   |             |
|    fps                  | 973         |
|    iterations           | 174         |
|    time_elapsed         | 17574       |
|    total_timesteps      | 17104896    |
| train/                  |             |
|    approx_kl            | 0.019635992 |
|    clip_fraction        | 0.345       |
|    clip_range           | 0.15        |
|    entropy_loss         | -36.3       |
|    explained_variance   | 0.87        |
|    learning_rate        | 0.0001      |
|    loss                 | -0.346      |
|    n_updates            | 2595        |
|    policy_gradient_loss | -0.0168     |
|    std                  | 2.09        |
|    value_loss           | 0.0307      |
-----------------------------------------
-----------------------------------------
| rollout/                |             |
|    ep_len_mean          | 425         |
|    ep_rew_mean          | 2.49e+03    |
| time/                   |             |
|    fps                  | 973         |
|    iterations           | 175         |
|    time_elapsed         | 17674       |
|    total_timesteps      | 17203200    |
| train/                  |             |
|    approx_kl            | 0.019695483 |
|    clip_fraction        | 0.343       |
|    clip_range           | 0.15        |
|    entropy_loss         | -36.4       |
|    explained_variance   | 0.86        |
|    learning_rate        | 0.0001      |
|    loss                 | -0.346      |
|    n_updates            | 2610        |
|    policy_gradient_loss | -0.017      |
|    std                  | 2.11        |
|    value_loss           | 0.0327      |
-----------------------------------------
-----------------------------------------
| rollout/                |             |
|    ep_len_mean          | 433         |
|    ep_rew_mean          | 2.56e+03    |
| time/                   |             |
|    fps                  | 973         |
|    iterations           | 176         |
|    time_elapsed         | 17775       |
|    total_timesteps      | 17301504    |
| train/                  |             |
|    approx_kl            | 0.019843405 |
|    clip_fraction        | 0.342       |
|    clip_range           | 0.15        |
|    entropy_loss         | -36.5       |
|    explained_variance   | 0.873       |
|    learning_rate        | 0.0001      |
|    loss                 | -0.346      |
|    n_updates            | 2625        |
|    policy_gradient_loss | -0.0177     |
|    std                  | 2.12        |
|    value_loss           | 0.0302      |
-----------------------------------------
-----------------------------------------
| rollout/                |             |
|    ep_len_mean          | 464         |
|    ep_rew_mean          | 2.72e+03    |
| time/                   |             |
|    fps                  | 973         |
|    iterations           | 177         |
|    time_elapsed         | 17877       |
|    total_timesteps      | 17399808    |
| train/                  |             |
|    approx_kl            | 0.019502094 |
|    clip_fraction        | 0.338       |
|    clip_range           | 0.15        |
|    entropy_loss         | -36.6       |
|    explained_variance   | 0.865       |
|    learning_rate        | 0.0001      |
|    loss                 | -0.374      |
|    n_updates            | 2640        |
|    policy_gradient_loss | -0.0175     |
|    std                  | 2.13        |
|    value_loss           | 0.0319      |
-----------------------------------------
-----------------------------------------
| rollout/                |             |
|    ep_len_mean          | 469         |
|    ep_rew_mean          | 2.76e+03    |
| time/                   |             |
|    fps                  | 973         |
|    iterations           | 178         |
|    time_elapsed         | 17978       |
|    total_timesteps      | 17498112    |
| train/                  |             |
|    approx_kl            | 0.020235203 |
|    clip_fraction        | 0.349       |
|    clip_range           | 0.15        |
|    entropy_loss         | -36.7       |
|    explained_variance   | 0.862       |
|    learning_rate        | 0.0001      |
|    loss                 | -0.369      |
|    n_updates            | 2655        |
|    policy_gradient_loss | -0.0177     |
|    std                  | 2.15        |
|    value_loss           | 0.0307      |
-----------------------------------------
Eval num_timesteps=17499720, episode_reward=3527.68 +/- 76.94
Episode length: 588.80 +/- 17.16
-----------------------------------------
| eval/                   |             |
|    mean_ep_length       | 589         |
|    mean_reward          | 3.53e+03    |
| time/                   |             |
|    total_timesteps      | 17499720    |
| train/                  |             |
|    approx_kl            | 0.019954467 |
|    clip_fraction        | 0.345       |
|    clip_range           | 0.15        |
|    entropy_loss         | -36.8       |
|    explained_variance   | 0.866       |
|    learning_rate        | 0.0001      |
|    loss                 | -0.37       |
|    n_updates            | 2670        |
|    policy_gradient_loss | -0.0172     |
|    std                  | 2.16        |
|    value_loss           | 0.0321      |
-----------------------------------------
---------------------------------
| rollout/           |          |
|    ep_len_mean     | 469      |
|    ep_rew_mean     | 2.76e+03 |
| time/              |          |
|    fps             | 973      |
|    iterations      | 179      |
|    time_elapsed    | 18083    |
|    total_timesteps | 17596416 |
---------------------------------
-----------------------------------------
| rollout/                |             |
|    ep_len_mean          | 483         |
|    ep_rew_mean          | 2.84e+03    |
| time/                   |             |
|    fps                  | 973         |
|    iterations           | 180         |
|    time_elapsed         | 18182       |
|    total_timesteps      | 17694720    |
| train/                  |             |
|    approx_kl            | 0.020309074 |
|    clip_fraction        | 0.347       |
|    clip_range           | 0.15        |
|    entropy_loss         | -36.9       |
|    explained_variance   | 0.859       |
|    learning_rate        | 0.0001      |
|    loss                 | -0.351      |
|    n_updates            | 2685        |
|    policy_gradient_loss | -0.0173     |
|    std                  | 2.18        |
|    value_loss           | 0.0316      |
-----------------------------------------
-----------------------------------------
| rollout/                |             |
|    ep_len_mean          | 468         |
|    ep_rew_mean          | 2.75e+03    |
| time/                   |             |
|    fps                  | 973         |
|    iterations           | 181         |
|    time_elapsed         | 18282       |
|    total_timesteps      | 17793024    |
| train/                  |             |
|    approx_kl            | 0.020204017 |
|    clip_fraction        | 0.351       |
|    clip_range           | 0.15        |
|    entropy_loss         | -37         |
|    explained_variance   | 0.856       |
|    learning_rate        | 0.0001      |
|    loss                 | -0.369      |
|    n_updates            | 2700        |
|    policy_gradient_loss | -0.0173     |
|    std                  | 2.19        |
|    value_loss           | 0.0323      |
-----------------------------------------
-----------------------------------------
| rollout/                |             |
|    ep_len_mean          | 463         |
|    ep_rew_mean          | 2.71e+03    |
| time/                   |             |
|    fps                  | 973         |
|    iterations           | 182         |
|    time_elapsed         | 18381       |
|    total_timesteps      | 17891328    |
| train/                  |             |
|    approx_kl            | 0.020078342 |
|    clip_fraction        | 0.346       |
|    clip_range           | 0.15        |
|    entropy_loss         | -37.2       |
|    explained_variance   | 0.867       |
|    learning_rate        | 0.0001      |
|    loss                 | -0.374      |
|    n_updates            | 2715        |
|    policy_gradient_loss | -0.0181     |
|    std                  | 2.21        |
|    value_loss           | 0.0304      |
-----------------------------------------
-----------------------------------------
| rollout/                |             |
|    ep_len_mean          | 468         |
|    ep_rew_mean          | 2.75e+03    |
| time/                   |             |
|    fps                  | 973         |
|    iterations           | 183         |
|    time_elapsed         | 18483       |
|    total_timesteps      | 17989632    |
| train/                  |             |
|    approx_kl            | 0.020288335 |
|    clip_fraction        | 0.347       |
|    clip_range           | 0.15        |
|    entropy_loss         | -37.3       |
|    explained_variance   | 0.876       |
|    learning_rate        | 0.0001      |
|    loss                 | -0.365      |
|    n_updates            | 2730        |
|    policy_gradient_loss | -0.0187     |
|    std                  | 2.22        |
|    value_loss           | 0.0304      |
-----------------------------------------
Eval num_timesteps=17999712, episode_reward=3554.37 +/- 57.57
Episode length: 592.80 +/- 11.62
-----------------------------------------
| eval/                   |             |
|    mean_ep_length       | 593         |
|    mean_reward          | 3.55e+03    |
| time/                   |             |
|    total_timesteps      | 17999712    |
| train/                  |             |
|    approx_kl            | 0.020148462 |
|    clip_fraction        | 0.343       |
|    clip_range           | 0.15        |
|    entropy_loss         | -37.4       |
|    explained_variance   | 0.863       |
|    learning_rate        | 0.0001      |
|    loss                 | -0.345      |
|    n_updates            | 2745        |
|    policy_gradient_loss | -0.0176     |
|    std                  | 2.24        |
|    value_loss           | 0.0315      |
-----------------------------------------
---------------------------------
| rollout/           |          |
|    ep_len_mean     | 482      |
|    ep_rew_mean     | 2.83e+03 |
| time/              |          |
|    fps             | 973      |
|    iterations      | 184      |
|    time_elapsed    | 18586    |
|    total_timesteps | 18087936 |
---------------------------------
-----------------------------------------
| rollout/                |             |
|    ep_len_mean          | 445         |
|    ep_rew_mean          | 2.62e+03    |
| time/                   |             |
|    fps                  | 973         |
|    iterations           | 185         |
|    time_elapsed         | 18686       |
|    total_timesteps      | 18186240    |
| train/                  |             |
|    approx_kl            | 0.019473882 |
|    clip_fraction        | 0.341       |
|    clip_range           | 0.15        |
|    entropy_loss         | -37.5       |
|    explained_variance   | 0.867       |
|    learning_rate        | 0.0001      |
|    loss                 | -0.389      |
|    n_updates            | 2760        |
|    policy_gradient_loss | -0.0176     |
|    std                  | 2.25        |
|    value_loss           | 0.0311      |
-----------------------------------------
-----------------------------------------
| rollout/                |             |
|    ep_len_mean          | 457         |
|    ep_rew_mean          | 2.7e+03     |
| time/                   |             |
|    fps                  | 973         |
|    iterations           | 186         |
|    time_elapsed         | 18787       |
|    total_timesteps      | 18284544    |
| train/                  |             |
|    approx_kl            | 0.019681579 |
|    clip_fraction        | 0.342       |
|    clip_range           | 0.15        |
|    entropy_loss         | -37.6       |
|    explained_variance   | 0.875       |
|    learning_rate        | 0.0001      |
|    loss                 | -0.375      |
|    n_updates            | 2775        |
|    policy_gradient_loss | -0.018      |
|    std                  | 2.27        |
|    value_loss           | 0.0303      |
-----------------------------------------
-----------------------------------------
| rollout/                |             |
|    ep_len_mean          | 468         |
|    ep_rew_mean          | 2.75e+03    |
| time/                   |             |
|    fps                  | 973         |
|    iterations           | 187         |
|    time_elapsed         | 18888       |
|    total_timesteps      | 18382848    |
| train/                  |             |
|    approx_kl            | 0.020108718 |
|    clip_fraction        | 0.344       |
|    clip_range           | 0.15        |
|    entropy_loss         | -37.7       |
|    explained_variance   | 0.859       |
|    learning_rate        | 0.0001      |
|    loss                 | -0.38       |
|    n_updates            | 2790        |
|    policy_gradient_loss | -0.0178     |
|    std                  | 2.28        |
|    value_loss           | 0.0318      |
-----------------------------------------
-----------------------------------------
| rollout/                |             |
|    ep_len_mean          | 449         |
|    ep_rew_mean          | 2.64e+03    |
| time/                   |             |
|    fps                  | 973         |
|    iterations           | 188         |
|    time_elapsed         | 18987       |
|    total_timesteps      | 18481152    |
| train/                  |             |
|    approx_kl            | 0.019746471 |
|    clip_fraction        | 0.343       |
|    clip_range           | 0.15        |
|    entropy_loss         | -37.8       |
|    explained_variance   | 0.868       |
|    learning_rate        | 0.0001      |
|    loss                 | -0.395      |
|    n_updates            | 2805        |
|    policy_gradient_loss | -0.018      |
|    std                  | 2.3         |
|    value_loss           | 0.0297      |
-----------------------------------------
Eval num_timesteps=18499704, episode_reward=3522.26 +/- 48.48
Episode length: 585.00 +/- 10.81
----------------------------------------
| eval/                   |            |
|    mean_ep_length       | 585        |
|    mean_reward          | 3.52e+03   |
| time/                   |            |
|    total_timesteps      | 18499704   |
| train/                  |            |
|    approx_kl            | 0.01953898 |
|    clip_fraction        | 0.341      |
|    clip_range           | 0.15       |
|    entropy_loss         | -38        |
|    explained_variance   | 0.872      |
|    learning_rate        | 0.0001     |
|    loss                 | -0.388     |
|    n_updates            | 2820       |
|    policy_gradient_loss | -0.0178    |
|    std                  | 2.32       |
|    value_loss           | 0.03       |
----------------------------------------
---------------------------------
| rollout/           |          |
|    ep_len_mean     | 439      |
|    ep_rew_mean     | 2.58e+03 |
| time/              |          |
|    fps             | 973      |
|    iterations      | 189      |
|    time_elapsed    | 19090    |
|    total_timesteps | 18579456 |
---------------------------------
-----------------------------------------
| rollout/                |             |
|    ep_len_mean          | 452         |
|    ep_rew_mean          | 2.66e+03    |
| time/                   |             |
|    fps                  | 973         |
|    iterations           | 190         |
|    time_elapsed         | 19190       |
|    total_timesteps      | 18677760    |
| train/                  |             |
|    approx_kl            | 0.019310402 |
|    clip_fraction        | 0.342       |
|    clip_range           | 0.15        |
|    entropy_loss         | -38.1       |
|    explained_variance   | 0.878       |
|    learning_rate        | 0.0001      |
|    loss                 | -0.383      |
|    n_updates            | 2835        |
|    policy_gradient_loss | -0.0175     |
|    std                  | 2.33        |
|    value_loss           | 0.0299      |
-----------------------------------------
-----------------------------------------
| rollout/                |             |
|    ep_len_mean          | 443         |
|    ep_rew_mean          | 2.6e+03     |
| time/                   |             |
|    fps                  | 973         |
|    iterations           | 191         |
|    time_elapsed         | 19291       |
|    total_timesteps      | 18776064    |
| train/                  |             |
|    approx_kl            | 0.019464947 |
|    clip_fraction        | 0.337       |
|    clip_range           | 0.15        |
|    entropy_loss         | -38.2       |
|    explained_variance   | 0.867       |
|    learning_rate        | 0.0001      |
|    loss                 | -0.369      |
|    n_updates            | 2850        |
|    policy_gradient_loss | -0.0178     |
|    std                  | 2.35        |
|    value_loss           | 0.0324      |
-----------------------------------------
-----------------------------------------
| rollout/                |             |
|    ep_len_mean          | 458         |
|    ep_rew_mean          | 2.7e+03     |
| time/                   |             |
|    fps                  | 973         |
|    iterations           | 192         |
|    time_elapsed         | 19390       |
|    total_timesteps      | 18874368    |
| train/                  |             |
|    approx_kl            | 0.019568888 |
|    clip_fraction        | 0.337       |
|    clip_range           | 0.15        |
|    entropy_loss         | -38.3       |
|    explained_variance   | 0.874       |
|    learning_rate        | 0.0001      |
|    loss                 | -0.374      |
|    n_updates            | 2865        |
|    policy_gradient_loss | -0.0182     |
|    std                  | 2.36        |
|    value_loss           | 0.0312      |
-----------------------------------------
-----------------------------------------
| rollout/                |             |
|    ep_len_mean          | 455         |
|    ep_rew_mean          | 2.69e+03    |
| time/                   |             |
|    fps                  | 973         |
|    iterations           | 193         |
|    time_elapsed         | 19489       |
|    total_timesteps      | 18972672    |
| train/                  |             |
|    approx_kl            | 0.019225448 |
|    clip_fraction        | 0.339       |
|    clip_range           | 0.15        |
|    entropy_loss         | -38.4       |
|    explained_variance   | 0.873       |
|    learning_rate        | 0.0001      |
|    loss                 | -0.379      |
|    n_updates            | 2880        |
|    policy_gradient_loss | -0.018      |
|    std                  | 2.38        |
|    value_loss           | 0.0298      |
-----------------------------------------
Eval num_timesteps=18999696, episode_reward=3530.98 +/- 76.70
Episode length: 587.60 +/- 15.72
-----------------------------------------
| eval/                   |             |
|    mean_ep_length       | 588         |
|    mean_reward          | 3.53e+03    |
| time/                   |             |
|    total_timesteps      | 18999696    |
| train/                  |             |
|    approx_kl            | 0.019828565 |
|    clip_fraction        | 0.342       |
|    clip_range           | 0.15        |
|    entropy_loss         | -38.5       |
|    explained_variance   | 0.871       |
|    learning_rate        | 0.0001      |
|    loss                 | -0.388      |
|    n_updates            | 2895        |
|    policy_gradient_loss | -0.0177     |
|    std                  | 2.39        |
|    value_loss           | 0.0301      |
-----------------------------------------
---------------------------------
| rollout/           |          |
|    ep_len_mean     | 443      |
|    ep_rew_mean     | 2.61e+03 |
| time/              |          |
|    fps             | 973      |
|    iterations      | 194      |
|    time_elapsed    | 19593    |
|    total_timesteps | 19070976 |
---------------------------------
-----------------------------------------
| rollout/                |             |
|    ep_len_mean          | 458         |
|    ep_rew_mean          | 2.71e+03    |
| time/                   |             |
|    fps                  | 973         |
|    iterations           | 195         |
|    time_elapsed         | 19693       |
|    total_timesteps      | 19169280    |
| train/                  |             |
|    approx_kl            | 0.019723823 |
|    clip_fraction        | 0.342       |
|    clip_range           | 0.15        |
|    entropy_loss         | -38.6       |
|    explained_variance   | 0.867       |
|    learning_rate        | 0.0001      |
|    loss                 | -0.386      |
|    n_updates            | 2910        |
|    policy_gradient_loss | -0.0176     |
|    std                  | 2.41        |
|    value_loss           | 0.032       |
-----------------------------------------
----------------------------------------
| rollout/                |            |
|    ep_len_mean          | 461        |
|    ep_rew_mean          | 2.72e+03   |
| time/                   |            |
|    fps                  | 973        |
|    iterations           | 196        |
|    time_elapsed         | 19793      |
|    total_timesteps      | 19267584   |
| train/                  |            |
|    approx_kl            | 0.01971508 |
|    clip_fraction        | 0.342      |
|    clip_range           | 0.15       |
|    entropy_loss         | -38.7      |
|    explained_variance   | 0.861      |
|    learning_rate        | 0.0001     |
|    loss                 | -0.392     |
|    n_updates            | 2925       |
|    policy_gradient_loss | -0.0178    |
|    std                  | 2.43       |
|    value_loss           | 0.0319     |
----------------------------------------
-----------------------------------------
| rollout/                |             |
|    ep_len_mean          | 463         |
|    ep_rew_mean          | 2.74e+03    |
| time/                   |             |
|    fps                  | 973         |
|    iterations           | 197         |
|    time_elapsed         | 19893       |
|    total_timesteps      | 19365888    |
| train/                  |             |
|    approx_kl            | 0.019620137 |
|    clip_fraction        | 0.338       |
|    clip_range           | 0.15        |
|    entropy_loss         | -38.8       |
|    explained_variance   | 0.866       |
|    learning_rate        | 0.0001      |
|    loss                 | -0.386      |
|    n_updates            | 2940        |
|    policy_gradient_loss | -0.0175     |
|    std                  | 2.44        |
|    value_loss           | 0.0326      |
-----------------------------------------
---------------------------------------
| rollout/                |           |
|    ep_len_mean          | 463       |
|    ep_rew_mean          | 2.74e+03  |
| time/                   |           |
|    fps                  | 973       |
|    iterations           | 198       |
|    time_elapsed         | 19993     |
|    total_timesteps      | 19464192  |
| train/                  |           |
|    approx_kl            | 0.0193405 |
|    clip_fraction        | 0.337     |
|    clip_range           | 0.15      |
|    entropy_loss         | -39       |
|    explained_variance   | 0.86      |
|    learning_rate        | 0.0001    |
|    loss                 | -0.379    |
|    n_updates            | 2955      |
|    policy_gradient_loss | -0.0177   |
|    std                  | 2.46      |
|    value_loss           | 0.0317    |
---------------------------------------
Eval num_timesteps=19499688, episode_reward=3478.25 +/- 41.87
Episode length: 577.80 +/- 7.19
-----------------------------------------
| eval/                   |             |
|    mean_ep_length       | 578         |
|    mean_reward          | 3.48e+03    |
| time/                   |             |
|    total_timesteps      | 19499688    |
| train/                  |             |
|    approx_kl            | 0.019169778 |
|    clip_fraction        | 0.337       |
|    clip_range           | 0.15        |
|    entropy_loss         | -39.1       |
|    explained_variance   | 0.867       |
|    learning_rate        | 0.0001      |
|    loss                 | -0.388      |
|    n_updates            | 2970        |
|    policy_gradient_loss | -0.0174     |
|    std                  | 2.47        |
|    value_loss           | 0.0316      |
-----------------------------------------
---------------------------------
| rollout/           |          |
|    ep_len_mean     | 456      |
|    ep_rew_mean     | 2.69e+03 |
| time/              |          |
|    fps             | 973      |
|    iterations      | 199      |
|    time_elapsed    | 20098    |
|    total_timesteps | 19562496 |
---------------------------------
----------------------------------------
| rollout/                |            |
|    ep_len_mean          | 465        |
|    ep_rew_mean          | 2.74e+03   |
| time/                   |            |
|    fps                  | 973        |
|    iterations           | 200        |
|    time_elapsed         | 20198      |
|    total_timesteps      | 19660800   |
| train/                  |            |
|    approx_kl            | 0.01964414 |
|    clip_fraction        | 0.333      |
|    clip_range           | 0.15       |
|    entropy_loss         | -39.1      |
|    explained_variance   | 0.866      |
|    learning_rate        | 0.0001     |
|    loss                 | -0.392     |
|    n_updates            | 2985       |
|    policy_gradient_loss | -0.0174    |
|    std                  | 2.49       |
|    value_loss           | 0.0333     |
----------------------------------------
-----------------------------------------
| rollout/                |             |
|    ep_len_mean          | 455         |
|    ep_rew_mean          | 2.69e+03    |
| time/                   |             |
|    fps                  | 973         |
|    iterations           | 201         |
|    time_elapsed         | 20295       |
|    total_timesteps      | 19759104    |
| train/                  |             |
|    approx_kl            | 0.019324308 |
|    clip_fraction        | 0.338       |
|    clip_range           | 0.15        |
|    entropy_loss         | -39.3       |
|    explained_variance   | 0.863       |
|    learning_rate        | 0.0001      |
|    loss                 | -0.368      |
|    n_updates            | 3000        |
|    policy_gradient_loss | -0.0184     |
|    std                  | 2.51        |
|    value_loss           | 0.0322      |
-----------------------------------------
----------------------------------------
| rollout/                |            |
|    ep_len_mean          | 451        |
|    ep_rew_mean          | 2.66e+03   |
| time/                   |            |
|    fps                  | 973        |
|    iterations           | 202        |
|    time_elapsed         | 20396      |
|    total_timesteps      | 19857408   |
| train/                  |            |
|    approx_kl            | 0.01879275 |
|    clip_fraction        | 0.332      |
|    clip_range           | 0.15       |
|    entropy_loss         | -39.4      |
|    explained_variance   | 0.874      |
|    learning_rate        | 0.0001     |
|    loss                 | -0.382     |
|    n_updates            | 3015       |
|    policy_gradient_loss | -0.0179    |
|    std                  | 2.52       |
|    value_loss           | 0.0309     |
----------------------------------------
-----------------------------------------
| rollout/                |             |
|    ep_len_mean          | 462         |
|    ep_rew_mean          | 2.72e+03    |
| time/                   |             |
|    fps                  | 973         |
|    iterations           | 203         |
|    time_elapsed         | 20498       |
|    total_timesteps      | 19955712    |
| train/                  |             |
|    approx_kl            | 0.019328417 |
|    clip_fraction        | 0.337       |
|    clip_range           | 0.15        |
|    entropy_loss         | -39.5       |
|    explained_variance   | 0.874       |
|    learning_rate        | 0.0001      |
|    loss                 | -0.392      |
|    n_updates            | 3030        |
|    policy_gradient_loss | -0.0175     |
|    std                  | 2.54        |
|    value_loss           | 0.0306      |
-----------------------------------------
Eval num_timesteps=19999680, episode_reward=3458.19 +/- 34.38
Episode length: 572.00 +/- 5.90
-----------------------------------------
| eval/                   |             |
|    mean_ep_length       | 572         |
|    mean_reward          | 3.46e+03    |
| time/                   |             |
|    total_timesteps      | 19999680    |
| train/                  |             |
|    approx_kl            | 0.019213876 |
|    clip_fraction        | 0.337       |
|    clip_range           | 0.15        |
|    entropy_loss         | -39.6       |
|    explained_variance   | 0.867       |
|    learning_rate        | 0.0001      |
|    loss                 | -0.377      |
|    n_updates            | 3045        |
|    policy_gradient_loss | -0.0178     |
|    std                  | 2.56        |
|    value_loss           | 0.0318      |
-----------------------------------------
---------------------------------
| rollout/           |          |
|    ep_len_mean     | 464      |
|    ep_rew_mean     | 2.74e+03 |
| time/              |          |
|    fps             | 973      |
|    iterations      | 204      |
|    time_elapsed    | 20603    |
|    total_timesteps | 20054016 |
---------------------------------
-----------------------------------------
| rollout/                |             |
|    ep_len_mean          | 433         |
|    ep_rew_mean          | 2.55e+03    |
| time/                   |             |
|    fps                  | 973         |
|    iterations           | 205         |
|    time_elapsed         | 20702       |
|    total_timesteps      | 20152320    |
| train/                  |             |
|    approx_kl            | 0.019893097 |
|    clip_fraction        | 0.341       |
|    clip_range           | 0.15        |
|    entropy_loss         | -39.7       |
|    explained_variance   | 0.864       |
|    learning_rate        | 0.0001      |
|    loss                 | -0.392      |
|    n_updates            | 3060        |
|    policy_gradient_loss | -0.0178     |
|    std                  | 2.58        |
|    value_loss           | 0.0327      |
-----------------------------------------
-----------------------------------------
| rollout/                |             |
|    ep_len_mean          | 463         |
|    ep_rew_mean          | 2.74e+03    |
| time/                   |             |
|    fps                  | 973         |
|    iterations           | 206         |
|    time_elapsed         | 20803       |
|    total_timesteps      | 20250624    |
| train/                  |             |
|    approx_kl            | 0.019096231 |
|    clip_fraction        | 0.333       |
|    clip_range           | 0.15        |
|    entropy_loss         | -39.8       |
|    explained_variance   | 0.866       |
|    learning_rate        | 0.0001      |
|    loss                 | -0.403      |
|    n_updates            | 3075        |
|    policy_gradient_loss | -0.0176     |
|    std                  | 2.59        |
|    value_loss           | 0.0326      |
-----------------------------------------
---------------------------------------
| rollout/                |           |
|    ep_len_mean          | 435       |
|    ep_rew_mean          | 2.58e+03  |
| time/                   |           |
|    fps                  | 973       |
|    iterations           | 207       |
|    time_elapsed         | 20903     |
|    total_timesteps      | 20348928  |
| train/                  |           |
|    approx_kl            | 0.0193556 |
|    clip_fraction        | 0.338     |
|    clip_range           | 0.15      |
|    entropy_loss         | -40       |
|    explained_variance   | 0.859     |
|    learning_rate        | 0.0001    |
|    loss                 | -0.391    |
|    n_updates            | 3090      |
|    policy_gradient_loss | -0.0173   |
|    std                  | 2.61      |
|    value_loss           | 0.0324    |
---------------------------------------
-----------------------------------------
| rollout/                |             |
|    ep_len_mean          | 455         |
|    ep_rew_mean          | 2.69e+03    |
| time/                   |             |
|    fps                  | 973         |
|    iterations           | 208         |
|    time_elapsed         | 21004       |
|    total_timesteps      | 20447232    |
| train/                  |             |
|    approx_kl            | 0.019332187 |
|    clip_fraction        | 0.332       |
|    clip_range           | 0.15        |
|    entropy_loss         | -40.1       |
|    explained_variance   | 0.868       |
|    learning_rate        | 0.0001      |
|    loss                 | -0.417      |
|    n_updates            | 3105        |
|    policy_gradient_loss | -0.0177     |
|    std                  | 2.63        |
|    value_loss           | 0.0322      |
-----------------------------------------
Eval num_timesteps=20499672, episode_reward=3439.73 +/- 43.76
Episode length: 568.40 +/- 10.44
-----------------------------------------
| eval/                   |             |
|    mean_ep_length       | 568         |
|    mean_reward          | 3.44e+03    |
| time/                   |             |
|    total_timesteps      | 20499672    |
| train/                  |             |
|    approx_kl            | 0.019251103 |
|    clip_fraction        | 0.334       |
|    clip_range           | 0.15        |
|    entropy_loss         | -40.2       |
|    explained_variance   | 0.849       |
|    learning_rate        | 0.0001      |
|    loss                 | -0.401      |
|    n_updates            | 3120        |
|    policy_gradient_loss | -0.0174     |
|    std                  | 2.65        |
|    value_loss           | 0.0332      |
-----------------------------------------
---------------------------------
| rollout/           |          |
|    ep_len_mean     | 421      |
|    ep_rew_mean     | 2.49e+03 |
| time/              |          |
|    fps             | 973      |
|    iterations      | 209      |
|    time_elapsed    | 21109    |
|    total_timesteps | 20545536 |
---------------------------------
-----------------------------------------
| rollout/                |             |
|    ep_len_mean          | 433         |
|    ep_rew_mean          | 2.57e+03    |
| time/                   |             |
|    fps                  | 973         |
|    iterations           | 210         |
|    time_elapsed         | 21208       |
|    total_timesteps      | 20643840    |
| train/                  |             |
|    approx_kl            | 0.018988222 |
|    clip_fraction        | 0.332       |
|    clip_range           | 0.15        |
|    entropy_loss         | -40.3       |
|    explained_variance   | 0.858       |
|    learning_rate        | 0.0001      |
|    loss                 | -0.426      |
|    n_updates            | 3135        |
|    policy_gradient_loss | -0.0181     |
|    std                  | 2.66        |
|    value_loss           | 0.0337      |
-----------------------------------------
-----------------------------------------
| rollout/                |             |
|    ep_len_mean          | 444         |
|    ep_rew_mean          | 2.63e+03    |
| time/                   |             |
|    fps                  | 973         |
|    iterations           | 211         |
|    time_elapsed         | 21308       |
|    total_timesteps      | 20742144    |
| train/                  |             |
|    approx_kl            | 0.018815337 |
|    clip_fraction        | 0.328       |
|    clip_range           | 0.15        |
|    entropy_loss         | -40.4       |
|    explained_variance   | 0.859       |
|    learning_rate        | 0.0001      |
|    loss                 | -0.39       |
|    n_updates            | 3150        |
|    policy_gradient_loss | -0.0182     |
|    std                  | 2.68        |
|    value_loss           | 0.0334      |
-----------------------------------------
----------------------------------------
| rollout/                |            |
|    ep_len_mean          | 454        |
|    ep_rew_mean          | 2.71e+03   |
| time/                   |            |
|    fps                  | 973        |
|    iterations           | 212        |
|    time_elapsed         | 21408      |
|    total_timesteps      | 20840448   |
| train/                  |            |
|    approx_kl            | 0.01904471 |
|    clip_fraction        | 0.335      |
|    clip_range           | 0.15       |
|    entropy_loss         | -40.5      |
|    explained_variance   | 0.862      |
|    learning_rate        | 0.0001     |
|    loss                 | -0.394     |
|    n_updates            | 3165       |
|    policy_gradient_loss | -0.0178    |
|    std                  | 2.7        |
|    value_loss           | 0.0332     |
----------------------------------------
-----------------------------------------
| rollout/                |             |
|    ep_len_mean          | 454         |
|    ep_rew_mean          | 2.7e+03     |
| time/                   |             |
|    fps                  | 973         |
|    iterations           | 213         |
|    time_elapsed         | 21508       |
|    total_timesteps      | 20938752    |
| train/                  |             |
|    approx_kl            | 0.018928828 |
|    clip_fraction        | 0.332       |
|    clip_range           | 0.15        |
|    entropy_loss         | -40.6       |
|    explained_variance   | 0.858       |
|    learning_rate        | 0.0001      |
|    loss                 | -0.403      |
|    n_updates            | 3180        |
|    policy_gradient_loss | -0.0176     |
|    std                  | 2.72        |
|    value_loss           | 0.0334      |
-----------------------------------------
Eval num_timesteps=20999664, episode_reward=3419.96 +/- 57.96
Episode length: 563.20 +/- 11.11
-----------------------------------------
| eval/                   |             |
|    mean_ep_length       | 563         |
|    mean_reward          | 3.42e+03    |
| time/                   |             |
|    total_timesteps      | 20999664    |
| train/                  |             |
|    approx_kl            | 0.019204987 |
|    clip_fraction        | 0.334       |
|    clip_range           | 0.15        |
|    entropy_loss         | -40.7       |
|    explained_variance   | 0.862       |
|    learning_rate        | 0.0001      |
|    loss                 | -0.386      |
|    n_updates            | 3195        |
|    policy_gradient_loss | -0.018      |
|    std                  | 2.73        |
|    value_loss           | 0.0329      |
-----------------------------------------
---------------------------------
| rollout/           |          |
|    ep_len_mean     | 436      |
|    ep_rew_mean     | 2.59e+03 |
| time/              |          |
|    fps             | 973      |
|    iterations      | 214      |
|    time_elapsed    | 21612    |
|    total_timesteps | 21037056 |
---------------------------------
-----------------------------------------
| rollout/                |             |
|    ep_len_mean          | 442         |
|    ep_rew_mean          | 2.62e+03    |
| time/                   |             |
|    fps                  | 973         |
|    iterations           | 215         |
|    time_elapsed         | 21712       |
|    total_timesteps      | 21135360    |
| train/                  |             |
|    approx_kl            | 0.018790687 |
|    clip_fraction        | 0.331       |
|    clip_range           | 0.15        |
|    entropy_loss         | -40.8       |
|    explained_variance   | 0.854       |
|    learning_rate        | 0.0001      |
|    loss                 | -0.395      |
|    n_updates            | 3210        |
|    policy_gradient_loss | -0.0175     |
|    std                  | 2.75        |
|    value_loss           | 0.0337      |
-----------------------------------------
-----------------------------------------
| rollout/                |             |
|    ep_len_mean          | 436         |
|    ep_rew_mean          | 2.58e+03    |
| time/                   |             |
|    fps                  | 973         |
|    iterations           | 216         |
|    time_elapsed         | 21813       |
|    total_timesteps      | 21233664    |
| train/                  |             |
|    approx_kl            | 0.018461647 |
|    clip_fraction        | 0.325       |
|    clip_range           | 0.15        |
|    entropy_loss         | -40.9       |
|    explained_variance   | 0.861       |
|    learning_rate        | 0.0001      |
|    loss                 | -0.402      |
|    n_updates            | 3225        |
|    policy_gradient_loss | -0.0175     |
|    std                  | 2.77        |
|    value_loss           | 0.0335      |
-----------------------------------------
-----------------------------------------
| rollout/                |             |
|    ep_len_mean          | 428         |
|    ep_rew_mean          | 2.53e+03    |
| time/                   |             |
|    fps                  | 973         |
|    iterations           | 217         |
|    time_elapsed         | 21913       |
|    total_timesteps      | 21331968    |
| train/                  |             |
|    approx_kl            | 0.018604377 |
|    clip_fraction        | 0.331       |
|    clip_range           | 0.15        |
|    entropy_loss         | -41         |
|    explained_variance   | 0.86        |
|    learning_rate        | 0.0001      |
|    loss                 | -0.386      |
|    n_updates            | 3240        |
|    policy_gradient_loss | -0.0173     |
|    std                  | 2.79        |
|    value_loss           | 0.0338      |
-----------------------------------------
-----------------------------------------
| rollout/                |             |
|    ep_len_mean          | 436         |
|    ep_rew_mean          | 2.58e+03    |
| time/                   |             |
|    fps                  | 973         |
|    iterations           | 218         |
|    time_elapsed         | 22013       |
|    total_timesteps      | 21430272    |
| train/                  |             |
|    approx_kl            | 0.018745372 |
|    clip_fraction        | 0.327       |
|    clip_range           | 0.15        |
|    entropy_loss         | -41.1       |
|    explained_variance   | 0.86        |
|    learning_rate        | 0.0001      |
|    loss                 | -0.405      |
|    n_updates            | 3255        |
|    policy_gradient_loss | -0.0179     |
|    std                  | 2.8         |
|    value_loss           | 0.0331      |
-----------------------------------------
Eval num_timesteps=21499656, episode_reward=3421.29 +/- 63.96
Episode length: 564.80 +/- 12.75
-----------------------------------------
| eval/                   |             |
|    mean_ep_length       | 565         |
|    mean_reward          | 3.42e+03    |
| time/                   |             |
|    total_timesteps      | 21499656    |
| train/                  |             |
|    approx_kl            | 0.018786097 |
|    clip_fraction        | 0.327       |
|    clip_range           | 0.15        |
|    entropy_loss         | -41.2       |
|    explained_variance   | 0.875       |
|    learning_rate        | 0.0001      |
|    loss                 | -0.413      |
|    n_updates            | 3270        |
|    policy_gradient_loss | -0.0182     |
|    std                  | 2.82        |
|    value_loss           | 0.0309      |
-----------------------------------------
---------------------------------
| rollout/           |          |
|    ep_len_mean     | 461      |
|    ep_rew_mean     | 2.74e+03 |
| time/              |          |
|    fps             | 973      |
|    iterations      | 219      |
|    time_elapsed    | 22118    |
|    total_timesteps | 21528576 |
---------------------------------
-----------------------------------------
| rollout/                |             |
|    ep_len_mean          | 430         |
|    ep_rew_mean          | 2.56e+03    |
| time/                   |             |
|    fps                  | 973         |
|    iterations           | 220         |
|    time_elapsed         | 22220       |
|    total_timesteps      | 21626880    |
| train/                  |             |
|    approx_kl            | 0.019511726 |
|    clip_fraction        | 0.337       |
|    clip_range           | 0.15        |
|    entropy_loss         | -41.4       |
|    explained_variance   | 0.86        |
|    learning_rate        | 0.0001      |
|    loss                 | -0.404      |
|    n_updates            | 3285        |
|    policy_gradient_loss | -0.0179     |
|    std                  | 2.84        |
|    value_loss           | 0.0327      |
-----------------------------------------
--------------------------------------
| rollout/                |          |
|    ep_len_mean          | 441      |
|    ep_rew_mean          | 2.62e+03 |
| time/                   |          |
|    fps                  | 973      |
|    iterations           | 221      |
|    time_elapsed         | 22320    |
|    total_timesteps      | 21725184 |
| train/                  |          |
|    approx_kl            | 0.019015 |
|    clip_fraction        | 0.328    |
|    clip_range           | 0.15     |
|    entropy_loss         | -41.5    |
|    explained_variance   | 0.867    |
|    learning_rate        | 0.0001   |
|    loss                 | -0.378   |
|    n_updates            | 3300     |
|    policy_gradient_loss | -0.0184  |
|    std                  | 2.86     |
|    value_loss           | 0.0314   |
--------------------------------------
-----------------------------------------
| rollout/                |             |
|    ep_len_mean          | 432         |
|    ep_rew_mean          | 2.56e+03    |
| time/                   |             |
|    fps                  | 973         |
|    iterations           | 222         |
|    time_elapsed         | 22421       |
|    total_timesteps      | 21823488    |
| train/                  |             |
|    approx_kl            | 0.018193483 |
|    clip_fraction        | 0.323       |
|    clip_range           | 0.15        |
|    entropy_loss         | -41.6       |
|    explained_variance   | 0.871       |
|    learning_rate        | 0.0001      |
|    loss                 | -0.419      |
|    n_updates            | 3315        |
|    policy_gradient_loss | -0.0173     |
|    std                  | 2.88        |
|    value_loss           | 0.032       |
-----------------------------------------
-----------------------------------------
| rollout/                |             |
|    ep_len_mean          | 444         |
|    ep_rew_mean          | 2.62e+03    |
| time/                   |             |
|    fps                  | 973         |
|    iterations           | 223         |
|    time_elapsed         | 22521       |
|    total_timesteps      | 21921792    |
| train/                  |             |
|    approx_kl            | 0.019189337 |
|    clip_fraction        | 0.336       |
|    clip_range           | 0.15        |
|    entropy_loss         | -41.7       |
|    explained_variance   | 0.871       |
|    learning_rate        | 0.0001      |
|    loss                 | -0.41       |
|    n_updates            | 3330        |
|    policy_gradient_loss | -0.0181     |
|    std                  | 2.9         |
|    value_loss           | 0.0323      |
-----------------------------------------
Eval num_timesteps=21999648, episode_reward=3402.18 +/- 48.27
Episode length: 562.60 +/- 9.85
-----------------------------------------
| eval/                   |             |
|    mean_ep_length       | 563         |
|    mean_reward          | 3.4e+03     |
| time/                   |             |
|    total_timesteps      | 21999648    |
| train/                  |             |
|    approx_kl            | 0.019060085 |
|    clip_fraction        | 0.334       |
|    clip_range           | 0.15        |
|    entropy_loss         | -41.8       |
|    explained_variance   | 0.859       |
|    learning_rate        | 0.0001      |
|    loss                 | -0.42       |
|    n_updates            | 3345        |
|    policy_gradient_loss | -0.0174     |
|    std                  | 2.92        |
|    value_loss           | 0.0336      |
-----------------------------------------
---------------------------------
| rollout/           |          |
|    ep_len_mean     | 456      |
|    ep_rew_mean     | 2.7e+03  |
| time/              |          |
|    fps             | 973      |
|    iterations      | 224      |
|    time_elapsed    | 22626    |
|    total_timesteps | 22020096 |
---------------------------------
-----------------------------------------
| rollout/                |             |
|    ep_len_mean          | 429         |
|    ep_rew_mean          | 2.55e+03    |
| time/                   |             |
|    fps                  | 973         |
|    iterations           | 225         |
|    time_elapsed         | 22726       |
|    total_timesteps      | 22118400    |
| train/                  |             |
|    approx_kl            | 0.018794334 |
|    clip_fraction        | 0.326       |
|    clip_range           | 0.15        |
|    entropy_loss         | -41.9       |
|    explained_variance   | 0.858       |
|    learning_rate        | 0.0001      |
|    loss                 | -0.418      |
|    n_updates            | 3360        |
|    policy_gradient_loss | -0.0174     |
|    std                  | 2.94        |
|    value_loss           | 0.0342      |
-----------------------------------------
-----------------------------------------
| rollout/                |             |
|    ep_len_mean          | 449         |
|    ep_rew_mean          | 2.69e+03    |
| time/                   |             |
|    fps                  | 973         |
|    iterations           | 226         |
|    time_elapsed         | 22825       |
|    total_timesteps      | 22216704    |
| train/                  |             |
|    approx_kl            | 0.018721947 |
|    clip_fraction        | 0.331       |
|    clip_range           | 0.15        |
|    entropy_loss         | -42         |
|    explained_variance   | 0.858       |
|    learning_rate        | 0.0001      |
|    loss                 | -0.426      |
|    n_updates            | 3375        |
|    policy_gradient_loss | -0.0175     |
|    std                  | 2.96        |
|    value_loss           | 0.0337      |
-----------------------------------------
-----------------------------------------
| rollout/                |             |
|    ep_len_mean          | 435         |
|    ep_rew_mean          | 2.59e+03    |
| time/                   |             |
|    fps                  | 973         |
|    iterations           | 227         |
|    time_elapsed         | 22926       |
|    total_timesteps      | 22315008    |
| train/                  |             |
|    approx_kl            | 0.019043837 |
|    clip_fraction        | 0.332       |
|    clip_range           | 0.15        |
|    entropy_loss         | -42.1       |
|    explained_variance   | 0.862       |
|    learning_rate        | 0.0001      |
|    loss                 | -0.427      |
|    n_updates            | 3390        |
|    policy_gradient_loss | -0.018      |
|    std                  | 2.98        |
|    value_loss           | 0.0341      |
-----------------------------------------
-----------------------------------------
| rollout/                |             |
|    ep_len_mean          | 443         |
|    ep_rew_mean          | 2.65e+03    |
| time/                   |             |
|    fps                  | 973         |
|    iterations           | 228         |
|    time_elapsed         | 23024       |
|    total_timesteps      | 22413312    |
| train/                  |             |
|    approx_kl            | 0.019039916 |
|    clip_fraction        | 0.333       |
|    clip_range           | 0.15        |
|    entropy_loss         | -42.3       |
|    explained_variance   | 0.856       |
|    learning_rate        | 0.0001      |
|    loss                 | -0.437      |
|    n_updates            | 3405        |
|    policy_gradient_loss | -0.0183     |
|    std                  | 3           |
|    value_loss           | 0.0329      |
-----------------------------------------
Eval num_timesteps=22499640, episode_reward=3455.60 +/- 26.05
Episode length: 572.60 +/- 4.84
---------------------------------------
| eval/                   |           |
|    mean_ep_length       | 573       |
|    mean_reward          | 3.46e+03  |
| time/                   |           |
|    total_timesteps      | 22499640  |
| train/                  |           |
|    approx_kl            | 0.0191387 |
|    clip_fraction        | 0.334     |
|    clip_range           | 0.15      |
|    entropy_loss         | -42.4     |
|    explained_variance   | 0.861     |
|    learning_rate        | 0.0001    |
|    loss                 | -0.421    |
|    n_updates            | 3420      |
|    policy_gradient_loss | -0.0173   |
|    std                  | 3.02      |
|    value_loss           | 0.0342    |
---------------------------------------
---------------------------------
| rollout/           |          |
|    ep_len_mean     | 447      |
|    ep_rew_mean     | 2.65e+03 |
| time/              |          |
|    fps             | 973      |
|    iterations      | 229      |
|    time_elapsed    | 23129    |
|    total_timesteps | 22511616 |
---------------------------------
-----------------------------------------
| rollout/                |             |
|    ep_len_mean          | 442         |
|    ep_rew_mean          | 2.63e+03    |
| time/                   |             |
|    fps                  | 973         |
|    iterations           | 230         |
|    time_elapsed         | 23227       |
|    total_timesteps      | 22609920    |
| train/                  |             |
|    approx_kl            | 0.019061873 |
|    clip_fraction        | 0.328       |
|    clip_range           | 0.15        |
|    entropy_loss         | -42.5       |
|    explained_variance   | 0.858       |
|    learning_rate        | 0.0001      |
|    loss                 | -0.424      |
|    n_updates            | 3435        |
|    policy_gradient_loss | -0.0176     |
|    std                  | 3.04        |
|    value_loss           | 0.0343      |
-----------------------------------------
-----------------------------------------
| rollout/                |             |
|    ep_len_mean          | 464         |
|    ep_rew_mean          | 2.77e+03    |
| time/                   |             |
|    fps                  | 973         |
|    iterations           | 231         |
|    time_elapsed         | 23328       |
|    total_timesteps      | 22708224    |
| train/                  |             |
|    approx_kl            | 0.019078145 |
|    clip_fraction        | 0.331       |
|    clip_range           | 0.15        |
|    entropy_loss         | -42.6       |
|    explained_variance   | 0.857       |
|    learning_rate        | 0.0001      |
|    loss                 | -0.436      |
|    n_updates            | 3450        |
|    policy_gradient_loss | -0.0175     |
|    std                  | 3.06        |
|    value_loss           | 0.0326      |
-----------------------------------------
-----------------------------------------
| rollout/                |             |
|    ep_len_mean          | 466         |
|    ep_rew_mean          | 2.77e+03    |
| time/                   |             |
|    fps                  | 973         |
|    iterations           | 232         |
|    time_elapsed         | 23428       |
|    total_timesteps      | 22806528    |
| train/                  |             |
|    approx_kl            | 0.018880134 |
|    clip_fraction        | 0.332       |
|    clip_range           | 0.15        |
|    entropy_loss         | -42.7       |
|    explained_variance   | 0.848       |
|    learning_rate        | 0.0001      |
|    loss                 | -0.405      |
|    n_updates            | 3465        |
|    policy_gradient_loss | -0.0176     |
|    std                  | 3.08        |
|    value_loss           | 0.0352      |
-----------------------------------------
----------------------------------------
| rollout/                |            |
|    ep_len_mean          | 447        |
|    ep_rew_mean          | 2.66e+03   |
| time/                   |            |
|    fps                  | 973        |
|    iterations           | 233        |
|    time_elapsed         | 23528      |
|    total_timesteps      | 22904832   |
| train/                  |            |
|    approx_kl            | 0.01887296 |
|    clip_fraction        | 0.33       |
|    clip_range           | 0.15       |
|    entropy_loss         | -42.8      |
|    explained_variance   | 0.855      |
|    learning_rate        | 0.0001     |
|    loss                 | -0.423     |
|    n_updates            | 3480       |
|    policy_gradient_loss | -0.0182    |
|    std                  | 3.1        |
|    value_loss           | 0.0332     |
----------------------------------------
Eval num_timesteps=22999632, episode_reward=3390.63 +/- 52.85
Episode length: 557.00 +/- 13.67
-----------------------------------------
| eval/                   |             |
|    mean_ep_length       | 557         |
|    mean_reward          | 3.39e+03    |
| time/                   |             |
|    total_timesteps      | 22999632    |
| train/                  |             |
|    approx_kl            | 0.018457556 |
|    clip_fraction        | 0.325       |
|    clip_range           | 0.15        |
|    entropy_loss         | -42.9       |
|    explained_variance   | 0.866       |
|    learning_rate        | 0.0001      |
|    loss                 | -0.434      |
|    n_updates            | 3495        |
|    policy_gradient_loss | -0.0182     |
|    std                  | 3.12        |
|    value_loss           | 0.0333      |
-----------------------------------------
---------------------------------
| rollout/           |          |
|    ep_len_mean     | 435      |
|    ep_rew_mean     | 2.57e+03 |
| time/              |          |
|    fps             | 973      |
|    iterations      | 234      |
|    time_elapsed    | 23632    |
|    total_timesteps | 23003136 |
---------------------------------
-----------------------------------------
| rollout/                |             |
|    ep_len_mean          | 437         |
|    ep_rew_mean          | 2.6e+03     |
| time/                   |             |
|    fps                  | 973         |
|    iterations           | 235         |
|    time_elapsed         | 23732       |
|    total_timesteps      | 23101440    |
| train/                  |             |
|    approx_kl            | 0.018674225 |
|    clip_fraction        | 0.324       |
|    clip_range           | 0.15        |
|    entropy_loss         | -43         |
|    explained_variance   | 0.859       |
|    learning_rate        | 0.0001      |
|    loss                 | -0.427      |
|    n_updates            | 3510        |
|    policy_gradient_loss | -0.0179     |
|    std                  | 3.14        |
|    value_loss           | 0.0333      |
-----------------------------------------
-----------------------------------------
| rollout/                |             |
|    ep_len_mean          | 456         |
|    ep_rew_mean          | 2.72e+03    |
| time/                   |             |
|    fps                  | 973         |
|    iterations           | 236         |
|    time_elapsed         | 23831       |
|    total_timesteps      | 23199744    |
| train/                  |             |
|    approx_kl            | 0.018676259 |
|    clip_fraction        | 0.326       |
|    clip_range           | 0.15        |
|    entropy_loss         | -43.1       |
|    explained_variance   | 0.864       |
|    learning_rate        | 0.0001      |
|    loss                 | -0.423      |
|    n_updates            | 3525        |
|    policy_gradient_loss | -0.0187     |
|    std                  | 3.16        |
|    value_loss           | 0.0332      |
-----------------------------------------
----------------------------------------
| rollout/                |            |
|    ep_len_mean          | 404        |
|    ep_rew_mean          | 2.41e+03   |
| time/                   |            |
|    fps                  | 973        |
|    iterations           | 237        |
|    time_elapsed         | 23930      |
|    total_timesteps      | 23298048   |
| train/                  |            |
|    approx_kl            | 0.01879687 |
|    clip_fraction        | 0.323      |
|    clip_range           | 0.15       |
|    entropy_loss         | -43.2      |
|    explained_variance   | 0.849      |
|    learning_rate        | 0.0001     |
|    loss                 | -0.429     |
|    n_updates            | 3540       |
|    policy_gradient_loss | -0.0176    |
|    std                  | 3.18       |
|    value_loss           | 0.0343     |
----------------------------------------
----------------------------------------
| rollout/                |            |
|    ep_len_mean          | 426        |
|    ep_rew_mean          | 2.53e+03   |
| time/                   |            |
|    fps                  | 973        |
|    iterations           | 238        |
|    time_elapsed         | 24030      |
|    total_timesteps      | 23396352   |
| train/                  |            |
|    approx_kl            | 0.01869967 |
|    clip_fraction        | 0.327      |
|    clip_range           | 0.15       |
|    entropy_loss         | -43.3      |
|    explained_variance   | 0.863      |
|    learning_rate        | 0.0001     |
|    loss                 | -0.427     |
|    n_updates            | 3555       |
|    policy_gradient_loss | -0.0182    |
|    std                  | 3.2        |
|    value_loss           | 0.0333     |
----------------------------------------
-----------------------------------------
| rollout/                |             |
|    ep_len_mean          | 420         |
|    ep_rew_mean          | 2.49e+03    |
| time/                   |             |
|    fps                  | 973         |
|    iterations           | 239         |
|    time_elapsed         | 24130       |
|    total_timesteps      | 23494656    |
| train/                  |             |
|    approx_kl            | 0.018223314 |
|    clip_fraction        | 0.324       |
|    clip_range           | 0.15        |
|    entropy_loss         | -43.4       |
|    explained_variance   | 0.871       |
|    learning_rate        | 0.0001      |
|    loss                 | -0.429      |
|    n_updates            | 3570        |
|    policy_gradient_loss | -0.0179     |
|    std                  | 3.22        |
|    value_loss           | 0.032       |
-----------------------------------------
Eval num_timesteps=23499624, episode_reward=3454.25 +/- 139.23
Episode length: 570.60 +/- 30.41
-----------------------------------------
| eval/                   |             |
|    mean_ep_length       | 571         |
|    mean_reward          | 3.45e+03    |
| time/                   |             |
|    total_timesteps      | 23499624    |
| train/                  |             |
|    approx_kl            | 0.018693946 |
|    clip_fraction        | 0.324       |
|    clip_range           | 0.15        |
|    entropy_loss         | -43.5       |
|    explained_variance   | 0.876       |
|    learning_rate        | 0.0001      |
|    loss                 | -0.411      |
|    n_updates            | 3585        |
|    policy_gradient_loss | -0.018      |
|    std                  | 3.24        |
|    value_loss           | 0.0313      |
-----------------------------------------
---------------------------------
| rollout/           |          |
|    ep_len_mean     | 439      |
|    ep_rew_mean     | 2.61e+03 |
| time/              |          |
|    fps             | 973      |
|    iterations      | 240      |
|    time_elapsed    | 24233    |
|    total_timesteps | 23592960 |
---------------------------------
-----------------------------------------
| rollout/                |             |
|    ep_len_mean          | 409         |
|    ep_rew_mean          | 2.43e+03    |
| time/                   |             |
|    fps                  | 973         |
|    iterations           | 241         |
|    time_elapsed         | 24333       |
|    total_timesteps      | 23691264    |
| train/                  |             |
|    approx_kl            | 0.018609842 |
|    clip_fraction        | 0.327       |
|    clip_range           | 0.15        |
|    entropy_loss         | -43.6       |
|    explained_variance   | 0.864       |
|    learning_rate        | 0.0001      |
|    loss                 | -0.438      |
|    n_updates            | 3600        |
|    policy_gradient_loss | -0.018      |
|    std                  | 3.26        |
|    value_loss           | 0.0341      |
-----------------------------------------
-----------------------------------------
| rollout/                |             |
|    ep_len_mean          | 444         |
|    ep_rew_mean          | 2.66e+03    |
| time/                   |             |
|    fps                  | 973         |
|    iterations           | 242         |
|    time_elapsed         | 24432       |
|    total_timesteps      | 23789568    |
| train/                  |             |
|    approx_kl            | 0.018084064 |
|    clip_fraction        | 0.32        |
|    clip_range           | 0.15        |
|    entropy_loss         | -43.7       |
|    explained_variance   | 0.867       |
|    learning_rate        | 0.0001      |
|    loss                 | -0.431      |
|    n_updates            | 3615        |
|    policy_gradient_loss | -0.0181     |
|    std                  | 3.28        |
|    value_loss           | 0.0329      |
-----------------------------------------
-----------------------------------------
| rollout/                |             |
|    ep_len_mean          | 439         |
|    ep_rew_mean          | 2.61e+03    |
| time/                   |             |
|    fps                  | 973         |
|    iterations           | 243         |
|    time_elapsed         | 24532       |
|    total_timesteps      | 23887872    |
| train/                  |             |
|    approx_kl            | 0.018511191 |
|    clip_fraction        | 0.326       |
|    clip_range           | 0.15        |
|    entropy_loss         | -43.9       |
|    explained_variance   | 0.863       |
|    learning_rate        | 0.0001      |
|    loss                 | -0.438      |
|    n_updates            | 3630        |
|    policy_gradient_loss | -0.0177     |
|    std                  | 3.3         |
|    value_loss           | 0.0333      |
-----------------------------------------
---------------------------------------
| rollout/                |           |
|    ep_len_mean          | 426       |
|    ep_rew_mean          | 2.54e+03  |
| time/                   |           |
|    fps                  | 973       |
|    iterations           | 244       |
|    time_elapsed         | 24632     |
|    total_timesteps      | 23986176  |
| train/                  |           |
|    approx_kl            | 0.0188576 |
|    clip_fraction        | 0.326     |
|    clip_range           | 0.15      |
|    entropy_loss         | -44       |
|    explained_variance   | 0.859     |
|    learning_rate        | 0.0001    |
|    loss                 | -0.45     |
|    n_updates            | 3645      |
|    policy_gradient_loss | -0.018    |
|    std                  | 3.33      |
|    value_loss           | 0.0352    |
---------------------------------------
Eval num_timesteps=23999616, episode_reward=3384.70 +/- 78.88
Episode length: 555.20 +/- 17.50
-----------------------------------------
| eval/                   |             |
|    mean_ep_length       | 555         |
|    mean_reward          | 3.38e+03    |
| time/                   |             |
|    total_timesteps      | 23999616    |
| train/                  |             |
|    approx_kl            | 0.018766122 |
|    clip_fraction        | 0.325       |
|    clip_range           | 0.15        |
|    entropy_loss         | -44.1       |
|    explained_variance   | 0.861       |
|    learning_rate        | 0.0001      |
|    loss                 | -0.415      |
|    n_updates            | 3660        |
|    policy_gradient_loss | -0.0183     |
|    std                  | 3.35        |
|    value_loss           | 0.0329      |
-----------------------------------------
---------------------------------
| rollout/           |          |
|    ep_len_mean     | 419      |
|    ep_rew_mean     | 2.48e+03 |
| time/              |          |
|    fps             | 973      |
|    iterations      | 245      |
|    time_elapsed    | 24736    |
|    total_timesteps | 24084480 |
---------------------------------
----------------------------------------
| rollout/                |            |
|    ep_len_mean          | 458        |
|    ep_rew_mean          | 2.71e+03   |
| time/                   |            |
|    fps                  | 973        |
|    iterations           | 246        |
|    time_elapsed         | 24835      |
|    total_timesteps      | 24182784   |
| train/                  |            |
|    approx_kl            | 0.01871346 |
|    clip_fraction        | 0.33       |
|    clip_range           | 0.15       |
|    entropy_loss         | -44.2      |
|    explained_variance   | 0.869      |
|    learning_rate        | 0.0001     |
|    loss                 | -0.436     |
|    n_updates            | 3675       |
|    policy_gradient_loss | -0.0177    |
|    std                  | 3.37       |
|    value_loss           | 0.0336     |
----------------------------------------
-----------------------------------------
| rollout/                |             |
|    ep_len_mean          | 449         |
|    ep_rew_mean          | 2.67e+03    |
| time/                   |             |
|    fps                  | 973         |
|    iterations           | 247         |
|    time_elapsed         | 24936       |
|    total_timesteps      | 24281088    |
| train/                  |             |
|    approx_kl            | 0.018451096 |
|    clip_fraction        | 0.322       |
|    clip_range           | 0.15        |
|    entropy_loss         | -44.3       |
|    explained_variance   | 0.856       |
|    learning_rate        | 0.0001      |
|    loss                 | -0.431      |
|    n_updates            | 3690        |
|    policy_gradient_loss | -0.0178     |
|    std                  | 3.39        |
|    value_loss           | 0.0344      |
-----------------------------------------
-----------------------------------------
| rollout/                |             |
|    ep_len_mean          | 451         |
|    ep_rew_mean          | 2.69e+03    |
| time/                   |             |
|    fps                  | 973         |
|    iterations           | 248         |
|    time_elapsed         | 25037       |
|    total_timesteps      | 24379392    |
| train/                  |             |
|    approx_kl            | 0.018400231 |
|    clip_fraction        | 0.321       |
|    clip_range           | 0.15        |
|    entropy_loss         | -44.4       |
|    explained_variance   | 0.854       |
|    learning_rate        | 0.0001      |
|    loss                 | -0.404      |
|    n_updates            | 3705        |
|    policy_gradient_loss | -0.018      |
|    std                  | 3.41        |
|    value_loss           | 0.0348      |
-----------------------------------------
-----------------------------------------
| rollout/                |             |
|    ep_len_mean          | 440         |
|    ep_rew_mean          | 2.6e+03     |
| time/                   |             |
|    fps                  | 973         |
|    iterations           | 249         |
|    time_elapsed         | 25134       |
|    total_timesteps      | 24477696    |
| train/                  |             |
|    approx_kl            | 0.017962774 |
|    clip_fraction        | 0.317       |
|    clip_range           | 0.15        |
|    entropy_loss         | -44.5       |
|    explained_variance   | 0.851       |
|    learning_rate        | 0.0001      |
|    loss                 | -0.449      |
|    n_updates            | 3720        |
|    policy_gradient_loss | -0.0181     |
|    std                  | 3.43        |
|    value_loss           | 0.0336      |
-----------------------------------------
Eval num_timesteps=24499608, episode_reward=3394.96 +/- 47.24
Episode length: 560.60 +/- 7.71
-----------------------------------------
| eval/                   |             |
|    mean_ep_length       | 561         |
|    mean_reward          | 3.39e+03    |
| time/                   |             |
|    total_timesteps      | 24499608    |
| train/                  |             |
|    approx_kl            | 0.018335119 |
|    clip_fraction        | 0.322       |
|    clip_range           | 0.15        |
|    entropy_loss         | -44.6       |
|    explained_variance   | 0.859       |
|    learning_rate        | 0.0001      |
|    loss                 | -0.42       |
|    n_updates            | 3735        |
|    policy_gradient_loss | -0.0177     |
|    std                  | 3.46        |
|    value_loss           | 0.0335      |
-----------------------------------------
---------------------------------
| rollout/           |          |
|    ep_len_mean     | 469      |
|    ep_rew_mean     | 2.77e+03 |
| time/              |          |
|    fps             | 973      |
|    iterations      | 250      |
|    time_elapsed    | 25238    |
|    total_timesteps | 24576000 |
---------------------------------
-----------------------------------------
| rollout/                |             |
|    ep_len_mean          | 456         |
|    ep_rew_mean          | 2.7e+03     |
| time/                   |             |
|    fps                  | 973         |
|    iterations           | 251         |
|    time_elapsed         | 25338       |
|    total_timesteps      | 24674304    |
| train/                  |             |
|    approx_kl            | 0.018166617 |
|    clip_fraction        | 0.318       |
|    clip_range           | 0.15        |
|    entropy_loss         | -44.7       |
|    explained_variance   | 0.845       |
|    learning_rate        | 0.0001      |
|    loss                 | -0.444      |
|    n_updates            | 3750        |
|    policy_gradient_loss | -0.0175     |
|    std                  | 3.48        |
|    value_loss           | 0.0339      |
-----------------------------------------
-----------------------------------------
| rollout/                |             |
|    ep_len_mean          | 480         |
|    ep_rew_mean          | 2.84e+03    |
| time/                   |             |
|    fps                  | 973         |
|    iterations           | 252         |
|    time_elapsed         | 25437       |
|    total_timesteps      | 24772608    |
| train/                  |             |
|    approx_kl            | 0.018263424 |
|    clip_fraction        | 0.321       |
|    clip_range           | 0.15        |
|    entropy_loss         | -44.8       |
|    explained_variance   | 0.856       |
|    learning_rate        | 0.0001      |
|    loss                 | -0.394      |
|    n_updates            | 3765        |
|    policy_gradient_loss | -0.0174     |
|    std                  | 3.5         |
|    value_loss           | 0.0337      |
-----------------------------------------
-----------------------------------------
| rollout/                |             |
|    ep_len_mean          | 467         |
|    ep_rew_mean          | 2.76e+03    |
| time/                   |             |
|    fps                  | 973         |
|    iterations           | 253         |
|    time_elapsed         | 25536       |
|    total_timesteps      | 24870912    |
| train/                  |             |
|    approx_kl            | 0.018712753 |
|    clip_fraction        | 0.328       |
|    clip_range           | 0.15        |
|    entropy_loss         | -45         |
|    explained_variance   | 0.853       |
|    learning_rate        | 0.0001      |
|    loss                 | -0.443      |
|    n_updates            | 3780        |
|    policy_gradient_loss | -0.0171     |
|    std                  | 3.53        |
|    value_loss           | 0.0344      |
-----------------------------------------
-----------------------------------------
| rollout/                |             |
|    ep_len_mean          | 469         |
|    ep_rew_mean          | 2.77e+03    |
| time/                   |             |
|    fps                  | 974         |
|    iterations           | 254         |
|    time_elapsed         | 25635       |
|    total_timesteps      | 24969216    |
| train/                  |             |
|    approx_kl            | 0.018504156 |
|    clip_fraction        | 0.321       |
|    clip_range           | 0.15        |
|    entropy_loss         | -45.1       |
|    explained_variance   | 0.858       |
|    learning_rate        | 0.0001      |
|    loss                 | -0.45       |
|    n_updates            | 3795        |
|    policy_gradient_loss | -0.0175     |
|    std                  | 3.55        |
|    value_loss           | 0.0332      |
-----------------------------------------
Eval num_timesteps=24999600, episode_reward=3405.67 +/- 66.37
Episode length: 565.00 +/- 15.66
----------------------------------------
| eval/                   |            |
|    mean_ep_length       | 565        |
|    mean_reward          | 3.41e+03   |
| time/                   |            |
|    total_timesteps      | 24999600   |
| train/                  |            |
|    approx_kl            | 0.01860377 |
|    clip_fraction        | 0.324      |
|    clip_range           | 0.15       |
|    entropy_loss         | -45.2      |
|    explained_variance   | 0.847      |
|    learning_rate        | 0.0001     |
|    loss                 | -0.427     |
|    n_updates            | 3810       |
|    policy_gradient_loss | -0.0182    |
|    std                  | 3.58       |
|    value_loss           | 0.0336     |
----------------------------------------
---------------------------------
| rollout/           |          |
|    ep_len_mean     | 479      |
|    ep_rew_mean     | 2.82e+03 |
| time/              |          |
|    fps             | 973      |
|    iterations      | 255      |
|    time_elapsed    | 25740    |
|    total_timesteps | 25067520 |
---------------------------------
-----------------------------------------
| rollout/                |             |
|    ep_len_mean          | 471         |
|    ep_rew_mean          | 2.77e+03    |
| time/                   |             |
|    fps                  | 973         |
|    iterations           | 256         |
|    time_elapsed         | 25840       |
|    total_timesteps      | 25165824    |
| train/                  |             |
|    approx_kl            | 0.017474158 |
|    clip_fraction        | 0.313       |
|    clip_range           | 0.15        |
|    entropy_loss         | -45.3       |
|    explained_variance   | 0.861       |
|    learning_rate        | 0.0001      |
|    loss                 | -0.426      |
|    n_updates            | 3825        |
|    policy_gradient_loss | -0.0174     |
|    std                  | 3.6         |
|    value_loss           | 0.0326      |
-----------------------------------------
-----------------------------------------
| rollout/                |             |
|    ep_len_mean          | 475         |
|    ep_rew_mean          | 2.79e+03    |
| time/                   |             |
|    fps                  | 973         |
|    iterations           | 257         |
|    time_elapsed         | 25939       |
|    total_timesteps      | 25264128    |
| train/                  |             |
|    approx_kl            | 0.018154347 |
|    clip_fraction        | 0.321       |
|    clip_range           | 0.15        |
|    entropy_loss         | -45.4       |
|    explained_variance   | 0.863       |
|    learning_rate        | 0.0001      |
|    loss                 | -0.435      |
|    n_updates            | 3840        |
|    policy_gradient_loss | -0.0174     |
|    std                  | 3.62        |
|    value_loss           | 0.0321      |
-----------------------------------------
-----------------------------------------
| rollout/                |             |
|    ep_len_mean          | 446         |
|    ep_rew_mean          | 2.62e+03    |
| time/                   |             |
|    fps                  | 973         |
|    iterations           | 258         |
|    time_elapsed         | 26039       |
|    total_timesteps      | 25362432    |
| train/                  |             |
|    approx_kl            | 0.018172538 |
|    clip_fraction        | 0.319       |
|    clip_range           | 0.15        |
|    entropy_loss         | -45.5       |
|    explained_variance   | 0.859       |
|    learning_rate        | 0.0001      |
|    loss                 | -0.449      |
|    n_updates            | 3855        |
|    policy_gradient_loss | -0.0175     |
|    std                  | 3.65        |
|    value_loss           | 0.0329      |
-----------------------------------------
----------------------------------------
| rollout/                |            |
|    ep_len_mean          | 468        |
|    ep_rew_mean          | 2.76e+03   |
| time/                   |            |
|    fps                  | 974        |
|    iterations           | 259        |
|    time_elapsed         | 26139      |
|    total_timesteps      | 25460736   |
| train/                  |            |
|    approx_kl            | 0.01835539 |
|    clip_fraction        | 0.318      |
|    clip_range           | 0.15       |
|    entropy_loss         | -45.6      |
|    explained_variance   | 0.858      |
|    learning_rate        | 0.0001     |
|    loss                 | -0.437     |
|    n_updates            | 3870       |
|    policy_gradient_loss | -0.0179    |
|    std                  | 3.67       |
|    value_loss           | 0.0319     |
----------------------------------------
Eval num_timesteps=25499592, episode_reward=3452.87 +/- 37.43
Episode length: 573.80 +/- 8.28
-----------------------------------------
| eval/                   |             |
|    mean_ep_length       | 574         |
|    mean_reward          | 3.45e+03    |
| time/                   |             |
|    total_timesteps      | 25499592    |
| train/                  |             |
|    approx_kl            | 0.018244095 |
|    clip_fraction        | 0.323       |
|    clip_range           | 0.15        |
|    entropy_loss         | -45.7       |
|    explained_variance   | 0.856       |
|    learning_rate        | 0.0001      |
|    loss                 | -0.457      |
|    n_updates            | 3885        |
|    policy_gradient_loss | -0.0173     |
|    std                  | 3.7         |
|    value_loss           | 0.0337      |
-----------------------------------------
---------------------------------
| rollout/           |          |
|    ep_len_mean     | 482      |
|    ep_rew_mean     | 2.85e+03 |
| time/              |          |
|    fps             | 973      |
|    iterations      | 260      |
|    time_elapsed    | 26244    |
|    total_timesteps | 25559040 |
---------------------------------
-----------------------------------------
| rollout/                |             |
|    ep_len_mean          | 470         |
|    ep_rew_mean          | 2.77e+03    |
| time/                   |             |
|    fps                  | 973         |
|    iterations           | 261         |
|    time_elapsed         | 26342       |
|    total_timesteps      | 25657344    |
| train/                  |             |
|    approx_kl            | 0.018815666 |
|    clip_fraction        | 0.323       |
|    clip_range           | 0.15        |
|    entropy_loss         | -45.8       |
|    explained_variance   | 0.854       |
|    learning_rate        | 0.0001      |
|    loss                 | -0.437      |
|    n_updates            | 3900        |
|    policy_gradient_loss | -0.0171     |
|    std                  | 3.72        |
|    value_loss           | 0.0331      |
-----------------------------------------
-----------------------------------------
| rollout/                |             |
|    ep_len_mean          | 454         |
|    ep_rew_mean          | 2.68e+03    |
| time/                   |             |
|    fps                  | 973         |
|    iterations           | 262         |
|    time_elapsed         | 26445       |
|    total_timesteps      | 25755648    |
| train/                  |             |
|    approx_kl            | 0.018408125 |
|    clip_fraction        | 0.325       |
|    clip_range           | 0.15        |
|    entropy_loss         | -46         |
|    explained_variance   | 0.854       |
|    learning_rate        | 0.0001      |
|    loss                 | -0.451      |
|    n_updates            | 3915        |
|    policy_gradient_loss | -0.0172     |
|    std                  | 3.75        |
|    value_loss           | 0.0327      |
-----------------------------------------
----------------------------------------
| rollout/                |            |
|    ep_len_mean          | 472        |
|    ep_rew_mean          | 2.78e+03   |
| time/                   |            |
|    fps                  | 973        |
|    iterations           | 263        |
|    time_elapsed         | 26546      |
|    total_timesteps      | 25853952   |
| train/                  |            |
|    approx_kl            | 0.01846227 |
|    clip_fraction        | 0.321      |
|    clip_range           | 0.15       |
|    entropy_loss         | -46.1      |
|    explained_variance   | 0.86       |
|    learning_rate        | 0.0001     |
|    loss                 | -0.461     |
|    n_updates            | 3930       |
|    policy_gradient_loss | -0.0177    |
|    std                  | 3.78       |
|    value_loss           | 0.0323     |
----------------------------------------
-----------------------------------------
| rollout/                |             |
|    ep_len_mean          | 457         |
|    ep_rew_mean          | 2.68e+03    |
| time/                   |             |
|    fps                  | 973         |
|    iterations           | 264         |
|    time_elapsed         | 26645       |
|    total_timesteps      | 25952256    |
| train/                  |             |
|    approx_kl            | 0.018260164 |
|    clip_fraction        | 0.322       |
|    clip_range           | 0.15        |
|    entropy_loss         | -46.2       |
|    explained_variance   | 0.857       |
|    learning_rate        | 0.0001      |
|    loss                 | -0.442      |
|    n_updates            | 3945        |
|    policy_gradient_loss | -0.0172     |
|    std                  | 3.8         |
|    value_loss           | 0.0337      |
-----------------------------------------
Eval num_timesteps=25999584, episode_reward=3414.16 +/- 45.11
Episode length: 564.00 +/- 8.34
-----------------------------------------
| eval/                   |             |
|    mean_ep_length       | 564         |
|    mean_reward          | 3.41e+03    |
| time/                   |             |
|    total_timesteps      | 25999584    |
| train/                  |             |
|    approx_kl            | 0.018189965 |
|    clip_fraction        | 0.323       |
|    clip_range           | 0.15        |
|    entropy_loss         | -46.3       |
|    explained_variance   | 0.852       |
|    learning_rate        | 0.0001      |
|    loss                 | -0.459      |
|    n_updates            | 3960        |
|    policy_gradient_loss | -0.0178     |
|    std                  | 3.83        |
|    value_loss           | 0.0349      |
-----------------------------------------
---------------------------------
| rollout/           |          |
|    ep_len_mean     | 459      |
|    ep_rew_mean     | 2.71e+03 |
| time/              |          |
|    fps             | 973      |
|    iterations      | 265      |
|    time_elapsed    | 26752    |
|    total_timesteps | 26050560 |
---------------------------------
-----------------------------------------
| rollout/                |             |
|    ep_len_mean          | 467         |
|    ep_rew_mean          | 2.74e+03    |
| time/                   |             |
|    fps                  | 973         |
|    iterations           | 266         |
|    time_elapsed         | 26853       |
|    total_timesteps      | 26148864    |
| train/                  |             |
|    approx_kl            | 0.018331012 |
|    clip_fraction        | 0.323       |
|    clip_range           | 0.15        |
|    entropy_loss         | -46.4       |
|    explained_variance   | 0.861       |
|    learning_rate        | 0.0001      |
|    loss                 | -0.462      |
|    n_updates            | 3975        |
|    policy_gradient_loss | -0.0177     |
|    std                  | 3.86        |
|    value_loss           | 0.0326      |
-----------------------------------------
-----------------------------------------
| rollout/                |             |
|    ep_len_mean          | 463         |
|    ep_rew_mean          | 2.73e+03    |
| time/                   |             |
|    fps                  | 973         |
|    iterations           | 267         |
|    time_elapsed         | 26955       |
|    total_timesteps      | 26247168    |
| train/                  |             |
|    approx_kl            | 0.017586732 |
|    clip_fraction        | 0.315       |
|    clip_range           | 0.15        |
|    entropy_loss         | -46.5       |
|    explained_variance   | 0.852       |
|    learning_rate        | 0.0001      |
|    loss                 | -0.461      |
|    n_updates            | 3990        |
|    policy_gradient_loss | -0.0176     |
|    std                  | 3.89        |
|    value_loss           | 0.0345      |
-----------------------------------------
-----------------------------------------
| rollout/                |             |
|    ep_len_mean          | 459         |
|    ep_rew_mean          | 2.69e+03    |
| time/                   |             |
|    fps                  | 973         |
|    iterations           | 268         |
|    time_elapsed         | 27057       |
|    total_timesteps      | 26345472    |
| train/                  |             |
|    approx_kl            | 0.018196149 |
|    clip_fraction        | 0.316       |
|    clip_range           | 0.15        |
|    entropy_loss         | -46.7       |
|    explained_variance   | 0.848       |
|    learning_rate        | 0.0001      |
|    loss                 | -0.48       |
|    n_updates            | 4005        |
|    policy_gradient_loss | -0.0176     |
|    std                  | 3.91        |
|    value_loss           | 0.0337      |
-----------------------------------------
-----------------------------------------
| rollout/                |             |
|    ep_len_mean          | 471         |
|    ep_rew_mean          | 2.77e+03    |
| time/                   |             |
|    fps                  | 973         |
|    iterations           | 269         |
|    time_elapsed         | 27158       |
|    total_timesteps      | 26443776    |
| train/                  |             |
|    approx_kl            | 0.018159531 |
|    clip_fraction        | 0.32        |
|    clip_range           | 0.15        |
|    entropy_loss         | -46.8       |
|    explained_variance   | 0.862       |
|    learning_rate        | 0.0001      |
|    loss                 | -0.476      |
|    n_updates            | 4020        |
|    policy_gradient_loss | -0.0173     |
|    std                  | 3.94        |
|    value_loss           | 0.0314      |
-----------------------------------------
Eval num_timesteps=26499576, episode_reward=3411.51 +/- 21.07
Episode length: 562.20 +/- 3.97
-----------------------------------------
| eval/                   |             |
|    mean_ep_length       | 562         |
|    mean_reward          | 3.41e+03    |
| time/                   |             |
|    total_timesteps      | 26499576    |
| train/                  |             |
|    approx_kl            | 0.018087177 |
|    clip_fraction        | 0.314       |
|    clip_range           | 0.15        |
|    entropy_loss         | -46.9       |
|    explained_variance   | 0.859       |
|    learning_rate        | 0.0001      |
|    loss                 | -0.477      |
|    n_updates            | 4035        |
|    policy_gradient_loss | -0.0173     |
|    std                  | 3.97        |
|    value_loss           | 0.0324      |
-----------------------------------------
---------------------------------
| rollout/           |          |
|    ep_len_mean     | 484      |
|    ep_rew_mean     | 2.88e+03 |
| time/              |          |
|    fps             | 973      |
|    iterations      | 270      |
|    time_elapsed    | 27262    |
|    total_timesteps | 26542080 |
---------------------------------
-----------------------------------------
| rollout/                |             |
|    ep_len_mean          | 469         |
|    ep_rew_mean          | 2.77e+03    |
| time/                   |             |
|    fps                  | 973         |
|    iterations           | 271         |
|    time_elapsed         | 27362       |
|    total_timesteps      | 26640384    |
| train/                  |             |
|    approx_kl            | 0.018262511 |
|    clip_fraction        | 0.321       |
|    clip_range           | 0.15        |
|    entropy_loss         | -47         |
|    explained_variance   | 0.836       |
|    learning_rate        | 0.0001      |
|    loss                 | -0.449      |
|    n_updates            | 4050        |
|    policy_gradient_loss | -0.0175     |
|    std                  | 4           |
|    value_loss           | 0.0352      |
-----------------------------------------
---------------------------------------
| rollout/                |           |
|    ep_len_mean          | 445       |
|    ep_rew_mean          | 2.62e+03  |
| time/                   |           |
|    fps                  | 973       |
|    iterations           | 272       |
|    time_elapsed         | 27461     |
|    total_timesteps      | 26738688  |
| train/                  |           |
|    approx_kl            | 0.0184339 |
|    clip_fraction        | 0.324     |
|    clip_range           | 0.15      |
|    entropy_loss         | -47.1     |
|    explained_variance   | 0.846     |
|    learning_rate        | 0.0001    |
|    loss                 | -0.484    |
|    n_updates            | 4065      |
|    policy_gradient_loss | -0.0168   |
|    std                  | 4.03      |
|    value_loss           | 0.0343    |
---------------------------------------
-----------------------------------------
| rollout/                |             |
|    ep_len_mean          | 462         |
|    ep_rew_mean          | 2.72e+03    |
| time/                   |             |
|    fps                  | 973         |
|    iterations           | 273         |
|    time_elapsed         | 27561       |
|    total_timesteps      | 26836992    |
| train/                  |             |
|    approx_kl            | 0.018105024 |
|    clip_fraction        | 0.313       |
|    clip_range           | 0.15        |
|    entropy_loss         | -47.2       |
|    explained_variance   | 0.854       |
|    learning_rate        | 0.0001      |
|    loss                 | -0.473      |
|    n_updates            | 4080        |
|    policy_gradient_loss | -0.0173     |
|    std                  | 4.05        |
|    value_loss           | 0.0341      |
-----------------------------------------
----------------------------------------
| rollout/                |            |
|    ep_len_mean          | 458        |
|    ep_rew_mean          | 2.7e+03    |
| time/                   |            |
|    fps                  | 973        |
|    iterations           | 274        |
|    time_elapsed         | 27660      |
|    total_timesteps      | 26935296   |
| train/                  |            |
|    approx_kl            | 0.01800599 |
|    clip_fraction        | 0.32       |
|    clip_range           | 0.15       |
|    entropy_loss         | -47.4      |
|    explained_variance   | 0.86       |
|    learning_rate        | 0.0001     |
|    loss                 | -0.455     |
|    n_updates            | 4095       |
|    policy_gradient_loss | -0.0176    |
|    std                  | 4.08       |
|    value_loss           | 0.0324     |
----------------------------------------
Eval num_timesteps=26999568, episode_reward=3437.51 +/- 81.47
Episode length: 569.80 +/- 16.17
-----------------------------------------
| eval/                   |             |
|    mean_ep_length       | 570         |
|    mean_reward          | 3.44e+03    |
| time/                   |             |
|    total_timesteps      | 26999568    |
| train/                  |             |
|    approx_kl            | 0.017892778 |
|    clip_fraction        | 0.315       |
|    clip_range           | 0.15        |
|    entropy_loss         | -47.5       |
|    explained_variance   | 0.849       |
|    learning_rate        | 0.0001      |
|    loss                 | -0.473      |
|    n_updates            | 4110        |
|    policy_gradient_loss | -0.0169     |
|    std                  | 4.11        |
|    value_loss           | 0.0332      |
-----------------------------------------
---------------------------------
| rollout/           |          |
|    ep_len_mean     | 460      |
|    ep_rew_mean     | 2.71e+03 |
| time/              |          |
|    fps             | 973      |
|    iterations      | 275      |
|    time_elapsed    | 27763    |
|    total_timesteps | 27033600 |
---------------------------------
-----------------------------------------
| rollout/                |             |
|    ep_len_mean          | 470         |
|    ep_rew_mean          | 2.77e+03    |
| time/                   |             |
|    fps                  | 973         |
|    iterations           | 276         |
|    time_elapsed         | 27862       |
|    total_timesteps      | 27131904    |
| train/                  |             |
|    approx_kl            | 0.017749155 |
|    clip_fraction        | 0.316       |
|    clip_range           | 0.15        |
|    entropy_loss         | -47.6       |
|    explained_variance   | 0.854       |
|    learning_rate        | 0.0001      |
|    loss                 | -0.476      |
|    n_updates            | 4125        |
|    policy_gradient_loss | -0.0177     |
|    std                  | 4.14        |
|    value_loss           | 0.0332      |
-----------------------------------------
-----------------------------------------
| rollout/                |             |
|    ep_len_mean          | 473         |
|    ep_rew_mean          | 2.79e+03    |
| time/                   |             |
|    fps                  | 973         |
|    iterations           | 277         |
|    time_elapsed         | 27962       |
|    total_timesteps      | 27230208    |
| train/                  |             |
|    approx_kl            | 0.018207798 |
|    clip_fraction        | 0.317       |
|    clip_range           | 0.15        |
|    entropy_loss         | -47.7       |
|    explained_variance   | 0.856       |
|    learning_rate        | 0.0001      |
|    loss                 | -0.482      |
|    n_updates            | 4140        |
|    policy_gradient_loss | -0.0173     |
|    std                  | 4.17        |
|    value_loss           | 0.0336      |
-----------------------------------------
-----------------------------------------
| rollout/                |             |
|    ep_len_mean          | 447         |
|    ep_rew_mean          | 2.63e+03    |
| time/                   |             |
|    fps                  | 973         |
|    iterations           | 278         |
|    time_elapsed         | 28063       |
|    total_timesteps      | 27328512    |
| train/                  |             |
|    approx_kl            | 0.017862441 |
|    clip_fraction        | 0.316       |
|    clip_range           | 0.15        |
|    entropy_loss         | -47.8       |
|    explained_variance   | 0.847       |
|    learning_rate        | 0.0001      |
|    loss                 | -0.477      |
|    n_updates            | 4155        |
|    policy_gradient_loss | -0.0173     |
|    std                  | 4.2         |
|    value_loss           | 0.0339      |
-----------------------------------------
-----------------------------------------
| rollout/                |             |
|    ep_len_mean          | 458         |
|    ep_rew_mean          | 2.71e+03    |
| time/                   |             |
|    fps                  | 973         |
|    iterations           | 279         |
|    time_elapsed         | 28161       |
|    total_timesteps      | 27426816    |
| train/                  |             |
|    approx_kl            | 0.017858123 |
|    clip_fraction        | 0.314       |
|    clip_range           | 0.15        |
|    entropy_loss         | -47.9       |
|    explained_variance   | 0.864       |
|    learning_rate        | 0.0001      |
|    loss                 | -0.455      |
|    n_updates            | 4170        |
|    policy_gradient_loss | -0.0175     |
|    std                  | 4.23        |
|    value_loss           | 0.0326      |
-----------------------------------------
Eval num_timesteps=27499560, episode_reward=3433.98 +/- 52.12
Episode length: 567.00 +/- 10.64
----------------------------------------
| eval/                   |            |
|    mean_ep_length       | 567        |
|    mean_reward          | 3.43e+03   |
| time/                   |            |
|    total_timesteps      | 27499560   |
| train/                  |            |
|    approx_kl            | 0.01772804 |
|    clip_fraction        | 0.319      |
|    clip_range           | 0.15       |
|    entropy_loss         | -48.1      |
|    explained_variance   | 0.86       |
|    learning_rate        | 0.0001     |
|    loss                 | -0.487     |
|    n_updates            | 4185       |
|    policy_gradient_loss | -0.0176    |
|    std                  | 4.26       |
|    value_loss           | 0.0334     |
----------------------------------------
---------------------------------
| rollout/           |          |
|    ep_len_mean     | 451      |
|    ep_rew_mean     | 2.66e+03 |
| time/              |          |
|    fps             | 973      |
|    iterations      | 280      |
|    time_elapsed    | 28265    |
|    total_timesteps | 27525120 |
---------------------------------
-----------------------------------------
| rollout/                |             |
|    ep_len_mean          | 468         |
|    ep_rew_mean          | 2.77e+03    |
| time/                   |             |
|    fps                  | 973         |
|    iterations           | 281         |
|    time_elapsed         | 28365       |
|    total_timesteps      | 27623424    |
| train/                  |             |
|    approx_kl            | 0.017372869 |
|    clip_fraction        | 0.312       |
|    clip_range           | 0.15        |
|    entropy_loss         | -48.2       |
|    explained_variance   | 0.87        |
|    learning_rate        | 0.0001      |
|    loss                 | -0.481      |
|    n_updates            | 4200        |
|    policy_gradient_loss | -0.0178     |
|    std                  | 4.29        |
|    value_loss           | 0.0319      |
-----------------------------------------
-----------------------------------------
| rollout/                |             |
|    ep_len_mean          | 455         |
|    ep_rew_mean          | 2.68e+03    |
| time/                   |             |
|    fps                  | 973         |
|    iterations           | 282         |
|    time_elapsed         | 28464       |
|    total_timesteps      | 27721728    |
| train/                  |             |
|    approx_kl            | 0.017362922 |
|    clip_fraction        | 0.31        |
|    clip_range           | 0.15        |
|    entropy_loss         | -48.3       |
|    explained_variance   | 0.853       |
|    learning_rate        | 0.0001      |
|    loss                 | -0.498      |
|    n_updates            | 4215        |
|    policy_gradient_loss | -0.017      |
|    std                  | 4.31        |
|    value_loss           | 0.0334      |
-----------------------------------------
----------------------------------------
| rollout/                |            |
|    ep_len_mean          | 477        |
|    ep_rew_mean          | 2.83e+03   |
| time/                   |            |
|    fps                  | 973        |
|    iterations           | 283        |
|    time_elapsed         | 28564      |
|    total_timesteps      | 27820032   |
| train/                  |            |
|    approx_kl            | 0.01755755 |
|    clip_fraction        | 0.313      |
|    clip_range           | 0.15       |
|    entropy_loss         | -48.4      |
|    explained_variance   | 0.858      |
|    learning_rate        | 0.0001     |
|    loss                 | -0.466     |
|    n_updates            | 4230       |
|    policy_gradient_loss | -0.0174    |
|    std                  | 4.34       |
|    value_loss           | 0.0332     |
----------------------------------------
-----------------------------------------
| rollout/                |             |
|    ep_len_mean          | 460         |
|    ep_rew_mean          | 2.72e+03    |
| time/                   |             |
|    fps                  | 973         |
|    iterations           | 284         |
|    time_elapsed         | 28664       |
|    total_timesteps      | 27918336    |
| train/                  |             |
|    approx_kl            | 0.017885592 |
|    clip_fraction        | 0.315       |
|    clip_range           | 0.15        |
|    entropy_loss         | -48.5       |
|    explained_variance   | 0.848       |
|    learning_rate        | 0.0001      |
|    loss                 | -0.484      |
|    n_updates            | 4245        |
|    policy_gradient_loss | -0.0171     |
|    std                  | 4.38        |
|    value_loss           | 0.0348      |
-----------------------------------------
Eval num_timesteps=27999552, episode_reward=3437.65 +/- 23.88
Episode length: 570.00 +/- 5.48
-----------------------------------------
| eval/                   |             |
|    mean_ep_length       | 570         |
|    mean_reward          | 3.44e+03    |
| time/                   |             |
|    total_timesteps      | 27999552    |
| train/                  |             |
|    approx_kl            | 0.017730916 |
|    clip_fraction        | 0.313       |
|    clip_range           | 0.15        |
|    entropy_loss         | -48.6       |
|    explained_variance   | 0.862       |
|    learning_rate        | 0.0001      |
|    loss                 | -0.482      |
|    n_updates            | 4260        |
|    policy_gradient_loss | -0.0177     |
|    std                  | 4.41        |
|    value_loss           | 0.0324      |
-----------------------------------------
---------------------------------
| rollout/           |          |
|    ep_len_mean     | 441      |
|    ep_rew_mean     | 2.6e+03  |
| time/              |          |
|    fps             | 973      |
|    iterations      | 285      |
|    time_elapsed    | 28767    |
|    total_timesteps | 28016640 |
---------------------------------
----------------------------------------
| rollout/                |            |
|    ep_len_mean          | 456        |
|    ep_rew_mean          | 2.69e+03   |
| time/                   |            |
|    fps                  | 973        |
|    iterations           | 286        |
|    time_elapsed         | 28867      |
|    total_timesteps      | 28114944   |
| train/                  |            |
|    approx_kl            | 0.01779602 |
|    clip_fraction        | 0.312      |
|    clip_range           | 0.15       |
|    entropy_loss         | -48.7      |
|    explained_variance   | 0.863      |
|    learning_rate        | 0.0001     |
|    loss                 | -0.483     |
|    n_updates            | 4275       |
|    policy_gradient_loss | -0.0177    |
|    std                  | 4.43       |
|    value_loss           | 0.0324     |
----------------------------------------
-----------------------------------------
| rollout/                |             |
|    ep_len_mean          | 461         |
|    ep_rew_mean          | 2.71e+03    |
| time/                   |             |
|    fps                  | 973         |
|    iterations           | 287         |
|    time_elapsed         | 28966       |
|    total_timesteps      | 28213248    |
| train/                  |             |
|    approx_kl            | 0.017622935 |
|    clip_fraction        | 0.315       |
|    clip_range           | 0.15        |
|    entropy_loss         | -48.9       |
|    explained_variance   | 0.859       |
|    learning_rate        | 0.0001      |
|    loss                 | -0.479      |
|    n_updates            | 4290        |
|    policy_gradient_loss | -0.0168     |
|    std                  | 4.47        |
|    value_loss           | 0.0338      |
-----------------------------------------
-----------------------------------------
| rollout/                |             |
|    ep_len_mean          | 466         |
|    ep_rew_mean          | 2.75e+03    |
| time/                   |             |
|    fps                  | 974         |
|    iterations           | 288         |
|    time_elapsed         | 29066       |
|    total_timesteps      | 28311552    |
| train/                  |             |
|    approx_kl            | 0.017609479 |
|    clip_fraction        | 0.31        |
|    clip_range           | 0.15        |
|    entropy_loss         | -49         |
|    explained_variance   | 0.873       |
|    learning_rate        | 0.0001      |
|    loss                 | -0.481      |
|    n_updates            | 4305        |
|    policy_gradient_loss | -0.0174     |
|    std                  | 4.5         |
|    value_loss           | 0.0312      |
-----------------------------------------
----------------------------------------
| rollout/                |            |
|    ep_len_mean          | 456        |
|    ep_rew_mean          | 2.7e+03    |
| time/                   |            |
|    fps                  | 974        |
|    iterations           | 289        |
|    time_elapsed         | 29166      |
|    total_timesteps      | 28409856   |
| train/                  |            |
|    approx_kl            | 0.01772758 |
|    clip_fraction        | 0.316      |
|    clip_range           | 0.15       |
|    entropy_loss         | -49.1      |
|    explained_variance   | 0.856      |
|    learning_rate        | 0.0001     |
|    loss                 | -0.473     |
|    n_updates            | 4320       |
|    policy_gradient_loss | -0.0176    |
|    std                  | 4.53       |
|    value_loss           | 0.0348     |
----------------------------------------
Eval num_timesteps=28499544, episode_reward=3412.57 +/- 43.50
Episode length: 563.60 +/- 9.75
----------------------------------------
| eval/                   |            |
|    mean_ep_length       | 564        |
|    mean_reward          | 3.41e+03   |
| time/                   |            |
|    total_timesteps      | 28499544   |
| train/                  |            |
|    approx_kl            | 0.01735481 |
|    clip_fraction        | 0.305      |
|    clip_range           | 0.15       |
|    entropy_loss         | -49.2      |
|    explained_variance   | 0.853      |
|    learning_rate        | 0.0001     |
|    loss                 | -0.49      |
|    n_updates            | 4335       |
|    policy_gradient_loss | -0.0176    |
|    std                  | 4.56       |
|    value_loss           | 0.0329     |
----------------------------------------
---------------------------------
| rollout/           |          |
|    ep_len_mean     | 457      |
|    ep_rew_mean     | 2.7e+03  |
| time/              |          |
|    fps             | 973      |
|    iterations      | 290      |
|    time_elapsed    | 29269    |
|    total_timesteps | 28508160 |
---------------------------------
-----------------------------------------
| rollout/                |             |
|    ep_len_mean          | 450         |
|    ep_rew_mean          | 2.68e+03    |
| time/                   |             |
|    fps                  | 974         |
|    iterations           | 291         |
|    time_elapsed         | 29368       |
|    total_timesteps      | 28606464    |
| train/                  |             |
|    approx_kl            | 0.017337149 |
|    clip_fraction        | 0.307       |
|    clip_range           | 0.15        |
|    entropy_loss         | -49.3       |
|    explained_variance   | 0.869       |
|    learning_rate        | 0.0001      |
|    loss                 | -0.484      |
|    n_updates            | 4350        |
|    policy_gradient_loss | -0.0179     |
|    std                  | 4.59        |
|    value_loss           | 0.0313      |
-----------------------------------------
-----------------------------------------
| rollout/                |             |
|    ep_len_mean          | 431         |
|    ep_rew_mean          | 2.55e+03    |
| time/                   |             |
|    fps                  | 974         |
|    iterations           | 292         |
|    time_elapsed         | 29468       |
|    total_timesteps      | 28704768    |
| train/                  |             |
|    approx_kl            | 0.017597228 |
|    clip_fraction        | 0.31        |
|    clip_range           | 0.15        |
|    entropy_loss         | -49.4       |
|    explained_variance   | 0.868       |
|    learning_rate        | 0.0001      |
|    loss                 | -0.49       |
|    n_updates            | 4365        |
|    policy_gradient_loss | -0.0179     |
|    std                  | 4.62        |
|    value_loss           | 0.0327      |
-----------------------------------------
-----------------------------------------
| rollout/                |             |
|    ep_len_mean          | 435         |
|    ep_rew_mean          | 2.57e+03    |
| time/                   |             |
|    fps                  | 974         |
|    iterations           | 293         |
|    time_elapsed         | 29566       |
|    total_timesteps      | 28803072    |
| train/                  |             |
|    approx_kl            | 0.017566798 |
|    clip_fraction        | 0.309       |
|    clip_range           | 0.15        |
|    entropy_loss         | -49.5       |
|    explained_variance   | 0.855       |
|    learning_rate        | 0.0001      |
|    loss                 | -0.486      |
|    n_updates            | 4380        |
|    policy_gradient_loss | -0.0177     |
|    std                  | 4.65        |
|    value_loss           | 0.0342      |
-----------------------------------------
-----------------------------------------
| rollout/                |             |
|    ep_len_mean          | 465         |
|    ep_rew_mean          | 2.77e+03    |
| time/                   |             |
|    fps                  | 974         |
|    iterations           | 294         |
|    time_elapsed         | 29663       |
|    total_timesteps      | 28901376    |
| train/                  |             |
|    approx_kl            | 0.017097214 |
|    clip_fraction        | 0.304       |
|    clip_range           | 0.15        |
|    entropy_loss         | -49.6       |
|    explained_variance   | 0.858       |
|    learning_rate        | 0.0001      |
|    loss                 | -0.493      |
|    n_updates            | 4395        |
|    policy_gradient_loss | -0.0183     |
|    std                  | 4.68        |
|    value_loss           | 0.0327      |
-----------------------------------------
Eval num_timesteps=28999536, episode_reward=3390.10 +/- 39.65
Episode length: 559.60 +/- 6.56
-----------------------------------------
| eval/                   |             |
|    mean_ep_length       | 560         |
|    mean_reward          | 3.39e+03    |
| time/                   |             |
|    total_timesteps      | 28999536    |
| train/                  |             |
|    approx_kl            | 0.017579174 |
|    clip_fraction        | 0.31        |
|    clip_range           | 0.15        |
|    entropy_loss         | -49.7       |
|    explained_variance   | 0.843       |
|    learning_rate        | 0.0001      |
|    loss                 | -0.504      |
|    n_updates            | 4410        |
|    policy_gradient_loss | -0.0175     |
|    std                  | 4.71        |
|    value_loss           | 0.0363      |
-----------------------------------------
---------------------------------
| rollout/           |          |
|    ep_len_mean     | 461      |
|    ep_rew_mean     | 2.74e+03 |
| time/              |          |
|    fps             | 974      |
|    iterations      | 295      |
|    time_elapsed    | 29768    |
|    total_timesteps | 28999680 |
---------------------------------
----------------------------------------
| rollout/                |            |
|    ep_len_mean          | 448        |
|    ep_rew_mean          | 2.66e+03   |
| time/                   |            |
|    fps                  | 974        |
|    iterations           | 296        |
|    time_elapsed         | 29869      |
|    total_timesteps      | 29097984   |
| train/                  |            |
|    approx_kl            | 0.01749706 |
|    clip_fraction        | 0.309      |
|    clip_range           | 0.15       |
|    entropy_loss         | -49.9      |
|    explained_variance   | 0.85       |
|    learning_rate        | 0.0001     |
|    loss                 | -0.492     |
|    n_updates            | 4425       |
|    policy_gradient_loss | -0.0169    |
|    std                  | 4.75       |
|    value_loss           | 0.034      |
----------------------------------------
-----------------------------------------
| rollout/                |             |
|    ep_len_mean          | 444         |
|    ep_rew_mean          | 2.63e+03    |
| time/                   |             |
|    fps                  | 974         |
|    iterations           | 297         |
|    time_elapsed         | 29967       |
|    total_timesteps      | 29196288    |
| train/                  |             |
|    approx_kl            | 0.017166961 |
|    clip_fraction        | 0.306       |
|    clip_range           | 0.15        |
|    entropy_loss         | -50         |
|    explained_variance   | 0.856       |
|    learning_rate        | 0.0001      |
|    loss                 | -0.497      |
|    n_updates            | 4440        |
|    policy_gradient_loss | -0.0172     |
|    std                  | 4.78        |
|    value_loss           | 0.0341      |
-----------------------------------------
----------------------------------------
| rollout/                |            |
|    ep_len_mean          | 457        |
|    ep_rew_mean          | 2.7e+03    |
| time/                   |            |
|    fps                  | 974        |
|    iterations           | 298        |
|    time_elapsed         | 30067      |
|    total_timesteps      | 29294592   |
| train/                  |            |
|    approx_kl            | 0.01746664 |
|    clip_fraction        | 0.305      |
|    clip_range           | 0.15       |
|    entropy_loss         | -50.1      |
|    explained_variance   | 0.861      |
|    learning_rate        | 0.0001     |
|    loss                 | -0.483     |
|    n_updates            | 4455       |
|    policy_gradient_loss | -0.0173    |
|    std                  | 4.81       |
|    value_loss           | 0.0346     |
----------------------------------------
-----------------------------------------
| rollout/                |             |
|    ep_len_mean          | 423         |
|    ep_rew_mean          | 2.5e+03     |
| time/                   |             |
|    fps                  | 974         |
|    iterations           | 299         |
|    time_elapsed         | 30168       |
|    total_timesteps      | 29392896    |
| train/                  |             |
|    approx_kl            | 0.017038958 |
|    clip_fraction        | 0.307       |
|    clip_range           | 0.15        |
|    entropy_loss         | -50.2       |
|    explained_variance   | 0.86        |
|    learning_rate        | 0.0001      |
|    loss                 | -0.495      |
|    n_updates            | 4470        |
|    policy_gradient_loss | -0.017      |
|    std                  | 4.85        |
|    value_loss           | 0.0336      |
-----------------------------------------
-----------------------------------------
| rollout/                |             |
|    ep_len_mean          | 461         |
|    ep_rew_mean          | 2.72e+03    |
| time/                   |             |
|    fps                  | 974         |
|    iterations           | 300         |
|    time_elapsed         | 30267       |
|    total_timesteps      | 29491200    |
| train/                  |             |
|    approx_kl            | 0.017125716 |
|    clip_fraction        | 0.304       |
|    clip_range           | 0.15        |
|    entropy_loss         | -50.3       |
|    explained_variance   | 0.869       |
|    learning_rate        | 0.0001      |
|    loss                 | -0.502      |
|    n_updates            | 4485        |
|    policy_gradient_loss | -0.0176     |
|    std                  | 4.88        |
|    value_loss           | 0.0333      |
-----------------------------------------
Eval num_timesteps=29499528, episode_reward=3576.03 +/- 35.02
Episode length: 600.00 +/- 8.07
-----------------------------------------
| eval/                   |             |
|    mean_ep_length       | 600         |
|    mean_reward          | 3.58e+03    |
| time/                   |             |
|    total_timesteps      | 29499528    |
| train/                  |             |
|    approx_kl            | 0.017463982 |
|    clip_fraction        | 0.301       |
|    clip_range           | 0.15        |
|    entropy_loss         | -50.4       |
|    explained_variance   | 0.855       |
|    learning_rate        | 0.0001      |
|    loss                 | -0.512      |
|    n_updates            | 4500        |
|    policy_gradient_loss | -0.0175     |
|    std                  | 4.91        |
|    value_loss           | 0.0344      |
-----------------------------------------
---------------------------------
| rollout/           |          |
|    ep_len_mean     | 441      |
|    ep_rew_mean     | 2.6e+03  |
| time/              |          |
|    fps             | 974      |
|    iterations      | 301      |
|    time_elapsed    | 30371    |
|    total_timesteps | 29589504 |
---------------------------------
-----------------------------------------
| rollout/                |             |
|    ep_len_mean          | 457         |
|    ep_rew_mean          | 2.71e+03    |
| time/                   |             |
|    fps                  | 974         |
|    iterations           | 302         |
|    time_elapsed         | 30472       |
|    total_timesteps      | 29687808    |
| train/                  |             |
|    approx_kl            | 0.017585417 |
|    clip_fraction        | 0.307       |
|    clip_range           | 0.15        |
|    entropy_loss         | -50.5       |
|    explained_variance   | 0.853       |
|    learning_rate        | 0.0001      |
|    loss                 | -0.505      |
|    n_updates            | 4515        |
|    policy_gradient_loss | -0.0176     |
|    std                  | 4.95        |
|    value_loss           | 0.0339      |
-----------------------------------------
-----------------------------------------
| rollout/                |             |
|    ep_len_mean          | 464         |
|    ep_rew_mean          | 2.75e+03    |
| time/                   |             |
|    fps                  | 974         |
|    iterations           | 303         |
|    time_elapsed         | 30572       |
|    total_timesteps      | 29786112    |
| train/                  |             |
|    approx_kl            | 0.017083708 |
|    clip_fraction        | 0.307       |
|    clip_range           | 0.15        |
|    entropy_loss         | -50.7       |
|    explained_variance   | 0.863       |
|    learning_rate        | 0.0001      |
|    loss                 | -0.518      |
|    n_updates            | 4530        |
|    policy_gradient_loss | -0.0175     |
|    std                  | 4.98        |
|    value_loss           | 0.0332      |
-----------------------------------------
-----------------------------------------
| rollout/                |             |
|    ep_len_mean          | 439         |
|    ep_rew_mean          | 2.6e+03     |
| time/                   |             |
|    fps                  | 974         |
|    iterations           | 304         |
|    time_elapsed         | 30674       |
|    total_timesteps      | 29884416    |
| train/                  |             |
|    approx_kl            | 0.017036906 |
|    clip_fraction        | 0.303       |
|    clip_range           | 0.15        |
|    entropy_loss         | -50.8       |
|    explained_variance   | 0.865       |
|    learning_rate        | 0.0001      |
|    loss                 | -0.513      |
|    n_updates            | 4545        |
|    policy_gradient_loss | -0.0178     |
|    std                  | 5.02        |
|    value_loss           | 0.0331      |
-----------------------------------------
-----------------------------------------
| rollout/                |             |
|    ep_len_mean          | 458         |
|    ep_rew_mean          | 2.71e+03    |
| time/                   |             |
|    fps                  | 974         |
|    iterations           | 305         |
|    time_elapsed         | 30772       |
|    total_timesteps      | 29982720    |
| train/                  |             |
|    approx_kl            | 0.017430766 |
|    clip_fraction        | 0.31        |
|    clip_range           | 0.15        |
|    entropy_loss         | -50.9       |
|    explained_variance   | 0.855       |
|    learning_rate        | 0.0001      |
|    loss                 | -0.523      |
|    n_updates            | 4560        |
|    policy_gradient_loss | -0.0176     |
|    std                  | 5.05        |
|    value_loss           | 0.033       |
-----------------------------------------
Eval num_timesteps=29999520, episode_reward=3554.78 +/- 45.53
Episode length: 597.80 +/- 12.16
-----------------------------------------
| eval/                   |             |
|    mean_ep_length       | 598         |
|    mean_reward          | 3.55e+03    |
| time/                   |             |
|    total_timesteps      | 29999520    |
| train/                  |             |
|    approx_kl            | 0.017025331 |
|    clip_fraction        | 0.307       |
|    clip_range           | 0.15        |
|    entropy_loss         | -51         |
|    explained_variance   | 0.859       |
|    learning_rate        | 0.0001      |
|    loss                 | -0.501      |
|    n_updates            | 4575        |
|    policy_gradient_loss | -0.0174     |
|    std                  | 5.08        |
|    value_loss           | 0.0329      |
-----------------------------------------
---------------------------------
| rollout/           |          |
|    ep_len_mean     | 466      |
|    ep_rew_mean     | 2.75e+03 |
| time/              |          |
|    fps             | 974      |
|    iterations      | 306      |
|    time_elapsed    | 30875    |
|    total_timesteps | 30081024 |
---------------------------------
