==== CPU INFO ====
SLURM_CPUS_ON_NODE: 14
SLURM_CPUS_PER_TASK: 12
CPU affinity: [0, 1, 2, 3, 4, 5, 6, 8, 9, 10, 11, 12, 13, 14]
Usable cores: 14
os.cpu_count(): 16
===================
Using cpu device
Logging to runs/humanoidenvcurr_ppo_lr1e-04_seed0_20260222-173124/logs/PPO_1
---------------------------------
| rollout/           |          |
|    ep_len_mean     | 22.4     |
|    ep_rew_mean     | 101      |
| time/              |          |
|    fps             | 1245     |
|    iterations      | 1        |
|    time_elapsed    | 78       |
|    total_timesteps | 98304    |
---------------------------------
----------------------------------------
| rollout/                |            |
|    ep_len_mean          | 21.3       |
|    ep_rew_mean          | 94.4       |
| time/                   |            |
|    fps                  | 1150       |
|    iterations           | 2          |
|    time_elapsed         | 170        |
|    total_timesteps      | 196608     |
| train/                  |            |
|    approx_kl            | 0.00705774 |
|    clip_fraction        | 0.14       |
|    clip_range           | 0.15       |
|    entropy_loss         | -24.2      |
|    explained_variance   | -2.31      |
|    learning_rate        | 0.0001     |
|    loss                 | -0.211     |
|    n_updates            | 15         |
|    policy_gradient_loss | -0.011     |
|    std                  | 1          |
|    value_loss           | 0.115      |
----------------------------------------
-----------------------------------------
| rollout/                |             |
|    ep_len_mean          | 23.1        |
|    ep_rew_mean          | 103         |
| time/                   |             |
|    fps                  | 1115        |
|    iterations           | 3           |
|    time_elapsed         | 264         |
|    total_timesteps      | 294912      |
| train/                  |             |
|    approx_kl            | 0.008084172 |
|    clip_fraction        | 0.18        |
|    clip_range           | 0.15        |
|    entropy_loss         | -24.2       |
|    explained_variance   | 0.587       |
|    learning_rate        | 0.0001      |
|    loss                 | -0.229      |
|    n_updates            | 30          |
|    policy_gradient_loss | -0.0177     |
|    std                  | 1.01        |
|    value_loss           | 0.0447      |
-----------------------------------------
-----------------------------------------
| rollout/                |             |
|    ep_len_mean          | 26.9        |
|    ep_rew_mean          | 122         |
| time/                   |             |
|    fps                  | 1093        |
|    iterations           | 4           |
|    time_elapsed         | 359         |
|    total_timesteps      | 393216      |
| train/                  |             |
|    approx_kl            | 0.011096272 |
|    clip_fraction        | 0.256       |
|    clip_range           | 0.15        |
|    entropy_loss         | -24.3       |
|    explained_variance   | 0.801       |
|    learning_rate        | 0.0001      |
|    loss                 | -0.177      |
|    n_updates            | 45          |
|    policy_gradient_loss | -0.0269     |
|    std                  | 1.01        |
|    value_loss           | 0.0852      |
-----------------------------------------
-----------------------------------------
| rollout/                |             |
|    ep_len_mean          | 28.1        |
|    ep_rew_mean          | 127         |
| time/                   |             |
|    fps                  | 1079        |
|    iterations           | 5           |
|    time_elapsed         | 455         |
|    total_timesteps      | 491520      |
| train/                  |             |
|    approx_kl            | 0.012074407 |
|    clip_fraction        | 0.283       |
|    clip_range           | 0.15        |
|    entropy_loss         | -24.3       |
|    explained_variance   | 0.823       |
|    learning_rate        | 0.0001      |
|    loss                 | -0.164      |
|    n_updates            | 60          |
|    policy_gradient_loss | -0.03       |
|    std                  | 1.01        |
|    value_loss           | 0.121       |
-----------------------------------------

------ Evaluating terrain: plain ------
Eval num_timesteps=499992, episode_reward=425.10 +/- 44.11
Episode length: 80.10 +/- 8.94
-----------------------------------------
| eval/                   |             |
|    mean_ep_length       | 80.1        |
|    mean_reward          | 425         |
| time/                   |             |
|    total_timesteps      | 499992      |
| train/                  |             |
|    approx_kl            | 0.012486953 |
|    clip_fraction        | 0.287       |
|    clip_range           | 0.15        |
|    entropy_loss         | -24.3       |
|    explained_variance   | 0.827       |
|    learning_rate        | 0.0001      |
|    loss                 | -0.133      |
|    n_updates            | 75          |
|    policy_gradient_loss | -0.0302     |
|    std                  | 1.01        |
|    value_loss           | 0.148       |
-----------------------------------------
New best mean reward!
Summary terrain plain: success: 0 / 10 (0.00 %)
    average progress: 0.00 %
    runs progress: [0.000, 0.000, 0.000, 0.000, 0.000, 0.000, 0.000, 0.000, 0.000, 0.000]
---------------------------------
| rollout/           |          |
|    ep_len_mean     | 36.5     |
|    ep_rew_mean     | 165      |
| time/              |          |
|    fps             | 1069     |
|    iterations      | 6        |
|    time_elapsed    | 551      |
|    total_timesteps | 589824   |
---------------------------------
-----------------------------------------
| rollout/                |             |
|    ep_len_mean          | 44.1        |
|    ep_rew_mean          | 200         |
| time/                   |             |
|    fps                  | 1061        |
|    iterations           | 7           |
|    time_elapsed         | 648         |
|    total_timesteps      | 688128      |
| train/                  |             |
|    approx_kl            | 0.012611131 |
|    clip_fraction        | 0.287       |
|    clip_range           | 0.15        |
|    entropy_loss         | -24.3       |
|    explained_variance   | 0.833       |
|    learning_rate        | 0.0001      |
|    loss                 | -0.136      |
|    n_updates            | 90          |
|    policy_gradient_loss | -0.0307     |
|    std                  | 1.01        |
|    value_loss           | 0.157       |
-----------------------------------------
------------------------------------------
| rollout/                |              |
|    ep_len_mean          | 51           |
|    ep_rew_mean          | 238          |
| time/                   |              |
|    fps                  | 1055         |
|    iterations           | 8            |
|    time_elapsed         | 745          |
|    total_timesteps      | 786432       |
| train/                  |              |
|    approx_kl            | 0.0119096385 |
|    clip_fraction        | 0.273        |
|    clip_range           | 0.15         |
|    entropy_loss         | -24.3        |
|    explained_variance   | 0.849        |
|    learning_rate        | 0.0001       |
|    loss                 | -0.167       |
|    n_updates            | 105          |
|    policy_gradient_loss | -0.0291      |
|    std                  | 1.01         |
|    value_loss           | 0.144        |
------------------------------------------
-----------------------------------------
| rollout/                |             |
|    ep_len_mean          | 59.1        |
|    ep_rew_mean          | 277         |
| time/                   |             |
|    fps                  | 1049        |
|    iterations           | 9           |
|    time_elapsed         | 843         |
|    total_timesteps      | 884736      |
| train/                  |             |
|    approx_kl            | 0.011644788 |
|    clip_fraction        | 0.261       |
|    clip_range           | 0.15        |
|    entropy_loss         | -24.3       |
|    explained_variance   | 0.871       |
|    learning_rate        | 0.0001      |
|    loss                 | -0.166      |
|    n_updates            | 120         |
|    policy_gradient_loss | -0.0275     |
|    std                  | 1.01        |
|    value_loss           | 0.121       |
-----------------------------------------
-----------------------------------------
| rollout/                |             |
|    ep_len_mean          | 63          |
|    ep_rew_mean          | 291         |
| time/                   |             |
|    fps                  | 1042        |
|    iterations           | 10          |
|    time_elapsed         | 942         |
|    total_timesteps      | 983040      |
| train/                  |             |
|    approx_kl            | 0.011041737 |
|    clip_fraction        | 0.248       |
|    clip_range           | 0.15        |
|    entropy_loss         | -24.3       |
|    explained_variance   | 0.896       |
|    learning_rate        | 0.0001      |
|    loss                 | -0.191      |
|    n_updates            | 135         |
|    policy_gradient_loss | -0.0255     |
|    std                  | 1.01        |
|    value_loss           | 0.0968      |
-----------------------------------------

------ Evaluating terrain: plain ------
Eval num_timesteps=999984, episode_reward=360.57 +/- 11.93
Episode length: 68.10 +/- 2.70
-----------------------------------------
| eval/                   |             |
|    mean_ep_length       | 68.1        |
|    mean_reward          | 361         |
| time/                   |             |
|    total_timesteps      | 999984      |
| train/                  |             |
|    approx_kl            | 0.010451493 |
|    clip_fraction        | 0.234       |
|    clip_range           | 0.15        |
|    entropy_loss         | -24.3       |
|    explained_variance   | 0.923       |
|    learning_rate        | 0.0001      |
|    loss                 | -0.203      |
|    n_updates            | 150         |
|    policy_gradient_loss | -0.0233     |
|    std                  | 1.01        |
|    value_loss           | 0.0748      |
-----------------------------------------
Summary terrain plain: success: 0 / 10 (0.00 %)
    average progress: 0.00 %
    runs progress: [0.000, 0.000, 0.000, 0.000, 0.000, 0.000, 0.000, 0.000, 0.000, 0.000]
---------------------------------
| rollout/           |          |
|    ep_len_mean     | 66.6     |
|    ep_rew_mean     | 312      |
| time/              |          |
|    fps             | 1037     |
|    iterations      | 11       |
|    time_elapsed    | 1042     |
|    total_timesteps | 1081344  |
---------------------------------
----------------------------------------
| rollout/                |            |
|    ep_len_mean          | 71.6       |
|    ep_rew_mean          | 339        |
| time/                   |            |
|    fps                  | 1034       |
|    iterations           | 12         |
|    time_elapsed         | 1140       |
|    total_timesteps      | 1179648    |
| train/                  |            |
|    approx_kl            | 0.01030808 |
|    clip_fraction        | 0.227      |
|    clip_range           | 0.15       |
|    entropy_loss         | -24.3      |
|    explained_variance   | 0.937      |
|    learning_rate        | 0.0001     |
|    loss                 | -0.204     |
|    n_updates            | 165        |
|    policy_gradient_loss | -0.0225    |
|    std                  | 1.01       |
|    value_loss           | 0.0625     |
----------------------------------------
-----------------------------------------
| rollout/                |             |
|    ep_len_mean          | 75.6        |
|    ep_rew_mean          | 359         |
| time/                   |             |
|    fps                  | 1029        |
|    iterations           | 13          |
|    time_elapsed         | 1241        |
|    total_timesteps      | 1277952     |
| train/                  |             |
|    approx_kl            | 0.010071582 |
|    clip_fraction        | 0.218       |
|    clip_range           | 0.15        |
|    entropy_loss         | -24.4       |
|    explained_variance   | 0.95        |
|    learning_rate        | 0.0001      |
|    loss                 | -0.237      |
|    n_updates            | 180         |
|    policy_gradient_loss | -0.0213     |
|    std                  | 1.02        |
|    value_loss           | 0.0496      |
-----------------------------------------
-----------------------------------------
| rollout/                |             |
|    ep_len_mean          | 75.1        |
|    ep_rew_mean          | 361         |
| time/                   |             |
|    fps                  | 1025        |
|    iterations           | 14          |
|    time_elapsed         | 1341        |
|    total_timesteps      | 1376256     |
| train/                  |             |
|    approx_kl            | 0.009794279 |
|    clip_fraction        | 0.209       |
|    clip_range           | 0.15        |
|    entropy_loss         | -24.4       |
|    explained_variance   | 0.957       |
|    learning_rate        | 0.0001      |
|    loss                 | -0.239      |
|    n_updates            | 195         |
|    policy_gradient_loss | -0.0197     |
|    std                  | 1.02        |
|    value_loss           | 0.0432      |
-----------------------------------------
-----------------------------------------
| rollout/                |             |
|    ep_len_mean          | 75.2        |
|    ep_rew_mean          | 358         |
| time/                   |             |
|    fps                  | 1023        |
|    iterations           | 15          |
|    time_elapsed         | 1441        |
|    total_timesteps      | 1474560     |
| train/                  |             |
|    approx_kl            | 0.009779437 |
|    clip_fraction        | 0.207       |
|    clip_range           | 0.15        |
|    entropy_loss         | -24.4       |
|    explained_variance   | 0.961       |
|    learning_rate        | 0.0001      |
|    loss                 | -0.231      |
|    n_updates            | 210         |
|    policy_gradient_loss | -0.0191     |
|    std                  | 1.02        |
|    value_loss           | 0.0389      |
-----------------------------------------

------ Evaluating terrain: plain ------
Eval num_timesteps=1499976, episode_reward=333.52 +/- 13.33
Episode length: 61.30 +/- 2.61
-----------------------------------------
| eval/                   |             |
|    mean_ep_length       | 61.3        |
|    mean_reward          | 334         |
| time/                   |             |
|    total_timesteps      | 1499976     |
| train/                  |             |
|    approx_kl            | 0.009683688 |
|    clip_fraction        | 0.204       |
|    clip_range           | 0.15        |
|    entropy_loss         | -24.5       |
|    explained_variance   | 0.964       |
|    learning_rate        | 0.0001      |
|    loss                 | -0.236      |
|    n_updates            | 225         |
|    policy_gradient_loss | -0.0181     |
|    std                  | 1.02        |
|    value_loss           | 0.0356      |
-----------------------------------------
Summary terrain plain: success: 0 / 10 (0.00 %)
    average progress: 0.00 %
    runs progress: [0.000, 0.000, 0.000, 0.000, 0.000, 0.000, 0.000, 0.000, 0.000, 0.000]
---------------------------------
| rollout/           |          |
|    ep_len_mean     | 76       |
|    ep_rew_mean     | 366      |
| time/              |          |
|    fps             | 1020     |
|    iterations      | 16       |
|    time_elapsed    | 1541     |
|    total_timesteps | 1572864  |
---------------------------------
------------------------------------------
| rollout/                |              |
|    ep_len_mean          | 80.2         |
|    ep_rew_mean          | 394          |
| time/                   |              |
|    fps                  | 1018         |
|    iterations           | 17           |
|    time_elapsed         | 1641         |
|    total_timesteps      | 1671168      |
| train/                  |              |
|    approx_kl            | 0.0097516505 |
|    clip_fraction        | 0.203        |
|    clip_range           | 0.15         |
|    entropy_loss         | -24.5        |
|    explained_variance   | 0.964        |
|    learning_rate        | 0.0001       |
|    loss                 | -0.255       |
|    n_updates            | 240          |
|    policy_gradient_loss | -0.0182      |
|    std                  | 1.02         |
|    value_loss           | 0.0338       |
------------------------------------------
-----------------------------------------
| rollout/                |             |
|    ep_len_mean          | 80.8        |
|    ep_rew_mean          | 393         |
| time/                   |             |
|    fps                  | 1016        |
|    iterations           | 18          |
|    time_elapsed         | 1741        |
|    total_timesteps      | 1769472     |
| train/                  |             |
|    approx_kl            | 0.009966708 |
|    clip_fraction        | 0.21        |
|    clip_range           | 0.15        |
|    entropy_loss         | -24.5       |
|    explained_variance   | 0.965       |
|    learning_rate        | 0.0001      |
|    loss                 | -0.248      |
|    n_updates            | 255         |
|    policy_gradient_loss | -0.0185     |
|    std                  | 1.03        |
|    value_loss           | 0.0325      |
-----------------------------------------
-----------------------------------------
| rollout/                |             |
|    ep_len_mean          | 82.7        |
|    ep_rew_mean          | 402         |
| time/                   |             |
|    fps                  | 1014        |
|    iterations           | 19          |
|    time_elapsed         | 1841        |
|    total_timesteps      | 1867776     |
| train/                  |             |
|    approx_kl            | 0.010260497 |
|    clip_fraction        | 0.212       |
|    clip_range           | 0.15        |
|    entropy_loss         | -24.6       |
|    explained_variance   | 0.967       |
|    learning_rate        | 0.0001      |
|    loss                 | -0.243      |
|    n_updates            | 270         |
|    policy_gradient_loss | -0.0183     |
|    std                  | 1.03        |
|    value_loss           | 0.0311      |
-----------------------------------------
----------------------------------------
| rollout/                |            |
|    ep_len_mean          | 83.5       |
|    ep_rew_mean          | 407        |
| time/                   |            |
|    fps                  | 1013       |
|    iterations           | 20         |
|    time_elapsed         | 1940       |
|    total_timesteps      | 1966080    |
| train/                  |            |
|    approx_kl            | 0.01017228 |
|    clip_fraction        | 0.21       |
|    clip_range           | 0.15       |
|    entropy_loss         | -24.6      |
|    explained_variance   | 0.967      |
|    learning_rate        | 0.0001     |
|    loss                 | -0.241     |
|    n_updates            | 285        |
|    policy_gradient_loss | -0.0179    |
|    std                  | 1.03       |
|    value_loss           | 0.0299     |
----------------------------------------

------ Evaluating terrain: plain ------
Eval num_timesteps=1999968, episode_reward=357.21 +/- 10.49
Episode length: 66.20 +/- 2.04
-----------------------------------------
| eval/                   |             |
|    mean_ep_length       | 66.2        |
|    mean_reward          | 357         |
| time/                   |             |
|    total_timesteps      | 1999968     |
| train/                  |             |
|    approx_kl            | 0.010347662 |
|    clip_fraction        | 0.214       |
|    clip_range           | 0.15        |
|    entropy_loss         | -24.7       |
|    explained_variance   | 0.968       |
|    learning_rate        | 0.0001      |
|    loss                 | -0.228      |
|    n_updates            | 300         |
|    policy_gradient_loss | -0.0178     |
|    std                  | 1.03        |
|    value_loss           | 0.0289      |
-----------------------------------------
Summary terrain plain: success: 0 / 10 (0.00 %)
    average progress: 0.00 %
    runs progress: [0.000, 0.000, 0.000, 0.000, 0.000, 0.000, 0.000, 0.000, 0.000, 0.000]
---------------------------------
| rollout/           |          |
|    ep_len_mean     | 85.6     |
|    ep_rew_mean     | 421      |
| time/              |          |
|    fps             | 1011     |
|    iterations      | 21       |
|    time_elapsed    | 2041     |
|    total_timesteps | 2064384  |
---------------------------------
-----------------------------------------
| rollout/                |             |
|    ep_len_mean          | 86.4        |
|    ep_rew_mean          | 413         |
| time/                   |             |
|    fps                  | 1009        |
|    iterations           | 22          |
|    time_elapsed         | 2143        |
|    total_timesteps      | 2162688     |
| train/                  |             |
|    approx_kl            | 0.010372932 |
|    clip_fraction        | 0.214       |
|    clip_range           | 0.15        |
|    entropy_loss         | -24.7       |
|    explained_variance   | 0.968       |
|    learning_rate        | 0.0001      |
|    loss                 | -0.254      |
|    n_updates            | 315         |
|    policy_gradient_loss | -0.0179     |
|    std                  | 1.04        |
|    value_loss           | 0.0287      |
-----------------------------------------
-----------------------------------------
| rollout/                |             |
|    ep_len_mean          | 86.5        |
|    ep_rew_mean          | 420         |
| time/                   |             |
|    fps                  | 1007        |
|    iterations           | 23          |
|    time_elapsed         | 2243        |
|    total_timesteps      | 2260992     |
| train/                  |             |
|    approx_kl            | 0.010565631 |
|    clip_fraction        | 0.22        |
|    clip_range           | 0.15        |
|    entropy_loss         | -24.7       |
|    explained_variance   | 0.968       |
|    learning_rate        | 0.0001      |
|    loss                 | -0.254      |
|    n_updates            | 330         |
|    policy_gradient_loss | -0.018      |
|    std                  | 1.04        |
|    value_loss           | 0.0274      |
-----------------------------------------
-----------------------------------------
| rollout/                |             |
|    ep_len_mean          | 90.2        |
|    ep_rew_mean          | 440         |
| time/                   |             |
|    fps                  | 1006        |
|    iterations           | 24          |
|    time_elapsed         | 2344        |
|    total_timesteps      | 2359296     |
| train/                  |             |
|    approx_kl            | 0.010822189 |
|    clip_fraction        | 0.221       |
|    clip_range           | 0.15        |
|    entropy_loss         | -24.8       |
|    explained_variance   | 0.969       |
|    learning_rate        | 0.0001      |
|    loss                 | -0.248      |
|    n_updates            | 345         |
|    policy_gradient_loss | -0.0179     |
|    std                  | 1.04        |
|    value_loss           | 0.0263      |
-----------------------------------------
-----------------------------------------
| rollout/                |             |
|    ep_len_mean          | 91.9        |
|    ep_rew_mean          | 444         |
| time/                   |             |
|    fps                  | 1004        |
|    iterations           | 25          |
|    time_elapsed         | 2446        |
|    total_timesteps      | 2457600     |
| train/                  |             |
|    approx_kl            | 0.011000699 |
|    clip_fraction        | 0.227       |
|    clip_range           | 0.15        |
|    entropy_loss         | -24.8       |
|    explained_variance   | 0.971       |
|    learning_rate        | 0.0001      |
|    loss                 | -0.252      |
|    n_updates            | 360         |
|    policy_gradient_loss | -0.0183     |
|    std                  | 1.04        |
|    value_loss           | 0.0247      |
-----------------------------------------

------ Evaluating terrain: plain ------
Eval num_timesteps=2499960, episode_reward=397.16 +/- 25.71
Episode length: 74.50 +/- 4.90
-----------------------------------------
| eval/                   |             |
|    mean_ep_length       | 74.5        |
|    mean_reward          | 397         |
| time/                   |             |
|    total_timesteps      | 2499960     |
| train/                  |             |
|    approx_kl            | 0.010925308 |
|    clip_fraction        | 0.226       |
|    clip_range           | 0.15        |
|    entropy_loss         | -24.8       |
|    explained_variance   | 0.971       |
|    learning_rate        | 0.0001      |
|    loss                 | -0.234      |
|    n_updates            | 375         |
|    policy_gradient_loss | -0.0182     |
|    std                  | 1.05        |
|    value_loss           | 0.0248      |
-----------------------------------------
Summary terrain plain: success: 0 / 10 (0.00 %)
    average progress: 0.00 %
    runs progress: [0.000, 0.000, 0.000, 0.000, 0.000, 0.000, 0.000, 0.000, 0.000, 0.000]
---------------------------------
| rollout/           |          |
|    ep_len_mean     | 95.3     |
|    ep_rew_mean     | 462      |
| time/              |          |
|    fps             | 1003     |
|    iterations      | 26       |
|    time_elapsed    | 2546     |
|    total_timesteps | 2555904  |
---------------------------------
----------------------------------------
| rollout/                |            |
|    ep_len_mean          | 94.8       |
|    ep_rew_mean          | 462        |
| time/                   |            |
|    fps                  | 1001       |
|    iterations           | 27         |
|    time_elapsed         | 2648       |
|    total_timesteps      | 2654208    |
| train/                  |            |
|    approx_kl            | 0.01102081 |
|    clip_fraction        | 0.226      |
|    clip_range           | 0.15       |
|    entropy_loss         | -24.9      |
|    explained_variance   | 0.971      |
|    learning_rate        | 0.0001     |
|    loss                 | -0.252     |
|    n_updates            | 390        |
|    policy_gradient_loss | -0.018     |
|    std                  | 1.05       |
|    value_loss           | 0.0248     |
----------------------------------------
-----------------------------------------
| rollout/                |             |
|    ep_len_mean          | 91.5        |
|    ep_rew_mean          | 444         |
| time/                   |             |
|    fps                  | 1001        |
|    iterations           | 28          |
|    time_elapsed         | 2748        |
|    total_timesteps      | 2752512     |
| train/                  |             |
|    approx_kl            | 0.011501481 |
|    clip_fraction        | 0.235       |
|    clip_range           | 0.15        |
|    entropy_loss         | -24.9       |
|    explained_variance   | 0.97        |
|    learning_rate        | 0.0001      |
|    loss                 | -0.262      |
|    n_updates            | 405         |
|    policy_gradient_loss | -0.0186     |
|    std                  | 1.05        |
|    value_loss           | 0.0248      |
-----------------------------------------
-----------------------------------------
| rollout/                |             |
|    ep_len_mean          | 96.8        |
|    ep_rew_mean          | 472         |
| time/                   |             |
|    fps                  | 1000        |
|    iterations           | 29          |
|    time_elapsed         | 2849        |
|    total_timesteps      | 2850816     |
| train/                  |             |
|    approx_kl            | 0.011177796 |
|    clip_fraction        | 0.23        |
|    clip_range           | 0.15        |
|    entropy_loss         | -25         |
|    explained_variance   | 0.971       |
|    learning_rate        | 0.0001      |
|    loss                 | -0.254      |
|    n_updates            | 420         |
|    policy_gradient_loss | -0.0178     |
|    std                  | 1.05        |
|    value_loss           | 0.0243      |
-----------------------------------------
-----------------------------------------
| rollout/                |             |
|    ep_len_mean          | 102         |
|    ep_rew_mean          | 501         |
| time/                   |             |
|    fps                  | 1000        |
|    iterations           | 30          |
|    time_elapsed         | 2948        |
|    total_timesteps      | 2949120     |
| train/                  |             |
|    approx_kl            | 0.011688213 |
|    clip_fraction        | 0.237       |
|    clip_range           | 0.15        |
|    entropy_loss         | -25         |
|    explained_variance   | 0.972       |
|    learning_rate        | 0.0001      |
|    loss                 | -0.244      |
|    n_updates            | 435         |
|    policy_gradient_loss | -0.0185     |
|    std                  | 1.06        |
|    value_loss           | 0.0231      |
-----------------------------------------

------ Evaluating terrain: plain ------
Eval num_timesteps=2999952, episode_reward=432.26 +/- 46.79
Episode length: 80.10 +/- 8.36
-----------------------------------------
| eval/                   |             |
|    mean_ep_length       | 80.1        |
|    mean_reward          | 432         |
| time/                   |             |
|    total_timesteps      | 2999952     |
| train/                  |             |
|    approx_kl            | 0.011644046 |
|    clip_fraction        | 0.236       |
|    clip_range           | 0.15        |
|    entropy_loss         | -25.1       |
|    explained_variance   | 0.971       |
|    learning_rate        | 0.0001      |
|    loss                 | -0.252      |
|    n_updates            | 450         |
|    policy_gradient_loss | -0.0184     |
|    std                  | 1.06        |
|    value_loss           | 0.0236      |
-----------------------------------------
New best mean reward!
Summary terrain plain: success: 0 / 10 (0.00 %)
    average progress: 0.00 %
    runs progress: [0.000, 0.000, 0.000, 0.000, 0.000, 0.000, 0.000, 0.000, 0.000, 0.000]
---------------------------------
| rollout/           |          |
|    ep_len_mean     | 97.9     |
|    ep_rew_mean     | 474      |
| time/              |          |
|    fps             | 998      |
|    iterations      | 31       |
|    time_elapsed    | 3052     |
|    total_timesteps | 3047424  |
---------------------------------
-----------------------------------------
| rollout/                |             |
|    ep_len_mean          | 101         |
|    ep_rew_mean          | 498         |
| time/                   |             |
|    fps                  | 997         |
|    iterations           | 32          |
|    time_elapsed         | 3152        |
|    total_timesteps      | 3145728     |
| train/                  |             |
|    approx_kl            | 0.011599914 |
|    clip_fraction        | 0.238       |
|    clip_range           | 0.15        |
|    entropy_loss         | -25.1       |
|    explained_variance   | 0.971       |
|    learning_rate        | 0.0001      |
|    loss                 | -0.261      |
|    n_updates            | 465         |
|    policy_gradient_loss | -0.0183     |
|    std                  | 1.06        |
|    value_loss           | 0.0236      |
-----------------------------------------
----------------------------------------
| rollout/                |            |
|    ep_len_mean          | 108        |
|    ep_rew_mean          | 535        |
| time/                   |            |
|    fps                  | 997        |
|    iterations           | 33         |
|    time_elapsed         | 3252       |
|    total_timesteps      | 3244032    |
| train/                  |            |
|    approx_kl            | 0.01184959 |
|    clip_fraction        | 0.241      |
|    clip_range           | 0.15       |
|    entropy_loss         | -25.2      |
|    explained_variance   | 0.972      |
|    learning_rate        | 0.0001     |
|    loss                 | -0.257     |
|    n_updates            | 480        |
|    policy_gradient_loss | -0.0189    |
|    std                  | 1.07       |
|    value_loss           | 0.0226     |
----------------------------------------
-----------------------------------------
| rollout/                |             |
|    ep_len_mean          | 104         |
|    ep_rew_mean          | 514         |
| time/                   |             |
|    fps                  | 996         |
|    iterations           | 34          |
|    time_elapsed         | 3352        |
|    total_timesteps      | 3342336     |
| train/                  |             |
|    approx_kl            | 0.012024705 |
|    clip_fraction        | 0.243       |
|    clip_range           | 0.15        |
|    entropy_loss         | -25.2       |
|    explained_variance   | 0.972       |
|    learning_rate        | 0.0001      |
|    loss                 | -0.259      |
|    n_updates            | 495         |
|    policy_gradient_loss | -0.0187     |
|    std                  | 1.07        |
|    value_loss           | 0.0224      |
-----------------------------------------
----------------------------------------
| rollout/                |            |
|    ep_len_mean          | 111        |
|    ep_rew_mean          | 545        |
| time/                   |            |
|    fps                  | 996        |
|    iterations           | 35         |
|    time_elapsed         | 3453       |
|    total_timesteps      | 3440640    |
| train/                  |            |
|    approx_kl            | 0.01203556 |
|    clip_fraction        | 0.241      |
|    clip_range           | 0.15       |
|    entropy_loss         | -25.2      |
|    explained_variance   | 0.971      |
|    learning_rate        | 0.0001     |
|    loss                 | -0.251     |
|    n_updates            | 510        |
|    policy_gradient_loss | -0.0183    |
|    std                  | 1.07       |
|    value_loss           | 0.0233     |
----------------------------------------

------ Evaluating terrain: plain ------
Eval num_timesteps=3499944, episode_reward=568.12 +/- 99.16
Episode length: 102.20 +/- 14.95
-----------------------------------------
| eval/                   |             |
|    mean_ep_length       | 102         |
|    mean_reward          | 568         |
| time/                   |             |
|    total_timesteps      | 3499944     |
| train/                  |             |
|    approx_kl            | 0.012279488 |
|    clip_fraction        | 0.249       |
|    clip_range           | 0.15        |
|    entropy_loss         | -25.3       |
|    explained_variance   | 0.971       |
|    learning_rate        | 0.0001      |
|    loss                 | -0.262      |
|    n_updates            | 525         |
|    policy_gradient_loss | -0.0189     |
|    std                  | 1.07        |
|    value_loss           | 0.0231      |
-----------------------------------------
New best mean reward!
Summary terrain plain: success: 0 / 10 (0.00 %)
    average progress: 0.00 %
    runs progress: [0.000, 0.000, 0.000, 0.000, 0.000, 0.000, 0.000, 0.000, 0.000, 0.000]
---------------------------------
| rollout/           |          |
|    ep_len_mean     | 106      |
|    ep_rew_mean     | 523      |
| time/              |          |
|    fps             | 995      |
|    iterations      | 36       |
|    time_elapsed    | 3555     |
|    total_timesteps | 3538944  |
---------------------------------
-----------------------------------------
| rollout/                |             |
|    ep_len_mean          | 114         |
|    ep_rew_mean          | 570         |
| time/                   |             |
|    fps                  | 994         |
|    iterations           | 37          |
|    time_elapsed         | 3656        |
|    total_timesteps      | 3637248     |
| train/                  |             |
|    approx_kl            | 0.012594528 |
|    clip_fraction        | 0.251       |
|    clip_range           | 0.15        |
|    entropy_loss         | -25.3       |
|    explained_variance   | 0.972       |
|    learning_rate        | 0.0001      |
|    loss                 | -0.246      |
|    n_updates            | 540         |
|    policy_gradient_loss | -0.019      |
|    std                  | 1.08        |
|    value_loss           | 0.0224      |
-----------------------------------------
----------------------------------------
| rollout/                |            |
|    ep_len_mean          | 119        |
|    ep_rew_mean          | 585        |
| time/                   |            |
|    fps                  | 994        |
|    iterations           | 38         |
|    time_elapsed         | 3756       |
|    total_timesteps      | 3735552    |
| train/                  |            |
|    approx_kl            | 0.01258235 |
|    clip_fraction        | 0.249      |
|    clip_range           | 0.15       |
|    entropy_loss         | -25.4      |
|    explained_variance   | 0.972      |
|    learning_rate        | 0.0001     |
|    loss                 | -0.261     |
|    n_updates            | 555        |
|    policy_gradient_loss | -0.0193    |
|    std                  | 1.08       |
|    value_loss           | 0.0221     |
----------------------------------------
----------------------------------------
| rollout/                |            |
|    ep_len_mean          | 114        |
|    ep_rew_mean          | 559        |
| time/                   |            |
|    fps                  | 993        |
|    iterations           | 39         |
|    time_elapsed         | 3858       |
|    total_timesteps      | 3833856    |
| train/                  |            |
|    approx_kl            | 0.01258859 |
|    clip_fraction        | 0.248      |
|    clip_range           | 0.15       |
|    entropy_loss         | -25.4      |
|    explained_variance   | 0.972      |
|    learning_rate        | 0.0001     |
|    loss                 | -0.263     |
|    n_updates            | 570        |
|    policy_gradient_loss | -0.0189    |
|    std                  | 1.08       |
|    value_loss           | 0.0221     |
----------------------------------------
-----------------------------------------
| rollout/                |             |
|    ep_len_mean          | 120         |
|    ep_rew_mean          | 596         |
| time/                   |             |
|    fps                  | 993         |
|    iterations           | 40          |
|    time_elapsed         | 3958        |
|    total_timesteps      | 3932160     |
| train/                  |             |
|    approx_kl            | 0.012822523 |
|    clip_fraction        | 0.253       |
|    clip_range           | 0.15        |
|    entropy_loss         | -25.4       |
|    explained_variance   | 0.972       |
|    learning_rate        | 0.0001      |
|    loss                 | -0.267      |
|    n_updates            | 585         |
|    policy_gradient_loss | -0.0193     |
|    std                  | 1.08        |
|    value_loss           | 0.0226      |
-----------------------------------------

------ Evaluating terrain: plain ------
Eval num_timesteps=3999936, episode_reward=867.34 +/- 239.45
Episode length: 151.70 +/- 36.77
-----------------------------------------
| eval/                   |             |
|    mean_ep_length       | 152         |
|    mean_reward          | 867         |
| time/                   |             |
|    total_timesteps      | 3999936     |
| train/                  |             |
|    approx_kl            | 0.012921882 |
|    clip_fraction        | 0.256       |
|    clip_range           | 0.15        |
|    entropy_loss         | -25.5       |
|    explained_variance   | 0.971       |
|    learning_rate        | 0.0001      |
|    loss                 | -0.262      |
|    n_updates            | 600         |
|    policy_gradient_loss | -0.0192     |
|    std                  | 1.09        |
|    value_loss           | 0.0232      |
-----------------------------------------
New best mean reward!
Summary terrain plain: success: 0 / 10 (0.00 %)
    average progress: 0.00 %
    runs progress: [0.000, 0.000, 0.000, 0.000, 0.000, 0.000, 0.000, 0.000, 0.000, 0.000]
---------------------------------
| rollout/           |          |
|    ep_len_mean     | 119      |
|    ep_rew_mean     | 587      |
| time/              |          |
|    fps             | 992      |
|    iterations      | 41       |
|    time_elapsed    | 4060     |
|    total_timesteps | 4030464  |
---------------------------------
-----------------------------------------
| rollout/                |             |
|    ep_len_mean          | 126         |
|    ep_rew_mean          | 633         |
| time/                   |             |
|    fps                  | 992         |
|    iterations           | 42          |
|    time_elapsed         | 4160        |
|    total_timesteps      | 4128768     |
| train/                  |             |
|    approx_kl            | 0.012784754 |
|    clip_fraction        | 0.253       |
|    clip_range           | 0.15        |
|    entropy_loss         | -25.5       |
|    explained_variance   | 0.971       |
|    learning_rate        | 0.0001      |
|    loss                 | -0.256      |
|    n_updates            | 615         |
|    policy_gradient_loss | -0.0187     |
|    std                  | 1.09        |
|    value_loss           | 0.023       |
-----------------------------------------
-----------------------------------------
| rollout/                |             |
|    ep_len_mean          | 121         |
|    ep_rew_mean          | 606         |
| time/                   |             |
|    fps                  | 992         |
|    iterations           | 43          |
|    time_elapsed         | 4260        |
|    total_timesteps      | 4227072     |
| train/                  |             |
|    approx_kl            | 0.013182387 |
|    clip_fraction        | 0.26        |
|    clip_range           | 0.15        |
|    entropy_loss         | -25.6       |
|    explained_variance   | 0.971       |
|    learning_rate        | 0.0001      |
|    loss                 | -0.264      |
|    n_updates            | 630         |
|    policy_gradient_loss | -0.0194     |
|    std                  | 1.09        |
|    value_loss           | 0.0231      |
-----------------------------------------
-----------------------------------------
| rollout/                |             |
|    ep_len_mean          | 122         |
|    ep_rew_mean          | 622         |
| time/                   |             |
|    fps                  | 991         |
|    iterations           | 44          |
|    time_elapsed         | 4361        |
|    total_timesteps      | 4325376     |
| train/                  |             |
|    approx_kl            | 0.013083917 |
|    clip_fraction        | 0.256       |
|    clip_range           | 0.15        |
|    entropy_loss         | -25.6       |
|    explained_variance   | 0.971       |
|    learning_rate        | 0.0001      |
|    loss                 | -0.262      |
|    n_updates            | 645         |
|    policy_gradient_loss | -0.019      |
|    std                  | 1.09        |
|    value_loss           | 0.0228      |
-----------------------------------------
-----------------------------------------
| rollout/                |             |
|    ep_len_mean          | 127         |
|    ep_rew_mean          | 650         |
| time/                   |             |
|    fps                  | 991         |
|    iterations           | 45          |
|    time_elapsed         | 4460        |
|    total_timesteps      | 4423680     |
| train/                  |             |
|    approx_kl            | 0.013457465 |
|    clip_fraction        | 0.261       |
|    clip_range           | 0.15        |
|    entropy_loss         | -25.6       |
|    explained_variance   | 0.97        |
|    learning_rate        | 0.0001      |
|    loss                 | -0.27       |
|    n_updates            | 660         |
|    policy_gradient_loss | -0.0194     |
|    std                  | 1.1         |
|    value_loss           | 0.0238      |
-----------------------------------------

------ Evaluating terrain: plain ------
Eval num_timesteps=4499928, episode_reward=903.49 +/- 126.09
Episode length: 157.20 +/- 20.67
-----------------------------------------
| eval/                   |             |
|    mean_ep_length       | 157         |
|    mean_reward          | 903         |
| time/                   |             |
|    total_timesteps      | 4499928     |
| train/                  |             |
|    approx_kl            | 0.013366912 |
|    clip_fraction        | 0.261       |
|    clip_range           | 0.15        |
|    entropy_loss         | -25.7       |
|    explained_variance   | 0.971       |
|    learning_rate        | 0.0001      |
|    loss                 | -0.253      |
|    n_updates            | 675         |
|    policy_gradient_loss | -0.0195     |
|    std                  | 1.1         |
|    value_loss           | 0.023       |
-----------------------------------------
New best mean reward!
Summary terrain plain: success: 0 / 10 (0.00 %)
    average progress: 0.00 %
    runs progress: [0.000, 0.000, 0.000, 0.000, 0.000, 0.000, 0.000, 0.000, 0.000, 0.000]
---------------------------------
| rollout/           |          |
|    ep_len_mean     | 126      |
|    ep_rew_mean     | 635      |
| time/              |          |
|    fps             | 991      |
|    iterations      | 46       |
|    time_elapsed    | 4562     |
|    total_timesteps | 4521984  |
---------------------------------
-----------------------------------------
| rollout/                |             |
|    ep_len_mean          | 136         |
|    ep_rew_mean          | 686         |
| time/                   |             |
|    fps                  | 990         |
|    iterations           | 47          |
|    time_elapsed         | 4663        |
|    total_timesteps      | 4620288     |
| train/                  |             |
|    approx_kl            | 0.013614334 |
|    clip_fraction        | 0.264       |
|    clip_range           | 0.15        |
|    entropy_loss         | -25.7       |
|    explained_variance   | 0.97        |
|    learning_rate        | 0.0001      |
|    loss                 | -0.261      |
|    n_updates            | 690         |
|    policy_gradient_loss | -0.0196     |
|    std                  | 1.1         |
|    value_loss           | 0.0237      |
-----------------------------------------
-----------------------------------------
| rollout/                |             |
|    ep_len_mean          | 133         |
|    ep_rew_mean          | 675         |
| time/                   |             |
|    fps                  | 990         |
|    iterations           | 48          |
|    time_elapsed         | 4764        |
|    total_timesteps      | 4718592     |
| train/                  |             |
|    approx_kl            | 0.013538958 |
|    clip_fraction        | 0.262       |
|    clip_range           | 0.15        |
|    entropy_loss         | -25.8       |
|    explained_variance   | 0.969       |
|    learning_rate        | 0.0001      |
|    loss                 | -0.262      |
|    n_updates            | 705         |
|    policy_gradient_loss | -0.0194     |
|    std                  | 1.1         |
|    value_loss           | 0.0239      |
-----------------------------------------
-----------------------------------------
| rollout/                |             |
|    ep_len_mean          | 136         |
|    ep_rew_mean          | 700         |
| time/                   |             |
|    fps                  | 990         |
|    iterations           | 49          |
|    time_elapsed         | 4865        |
|    total_timesteps      | 4816896     |
| train/                  |             |
|    approx_kl            | 0.013621408 |
|    clip_fraction        | 0.263       |
|    clip_range           | 0.15        |
|    entropy_loss         | -25.8       |
|    explained_variance   | 0.969       |
|    learning_rate        | 0.0001      |
|    loss                 | -0.276      |
|    n_updates            | 720         |
|    policy_gradient_loss | -0.0194     |
|    std                  | 1.11        |
|    value_loss           | 0.0241      |
-----------------------------------------
-----------------------------------------
| rollout/                |             |
|    ep_len_mean          | 138         |
|    ep_rew_mean          | 704         |
| time/                   |             |
|    fps                  | 989         |
|    iterations           | 50          |
|    time_elapsed         | 4965        |
|    total_timesteps      | 4915200     |
| train/                  |             |
|    approx_kl            | 0.013854672 |
|    clip_fraction        | 0.268       |
|    clip_range           | 0.15        |
|    entropy_loss         | -25.8       |
|    explained_variance   | 0.969       |
|    learning_rate        | 0.0001      |
|    loss                 | -0.268      |
|    n_updates            | 735         |
|    policy_gradient_loss | -0.0195     |
|    std                  | 1.11        |
|    value_loss           | 0.0243      |
-----------------------------------------

------ Evaluating terrain: plain ------
Eval num_timesteps=4999920, episode_reward=1234.97 +/- 250.26
Episode length: 216.10 +/- 39.57
-----------------------------------------
| eval/                   |             |
|    mean_ep_length       | 216         |
|    mean_reward          | 1.23e+03    |
| time/                   |             |
|    total_timesteps      | 4999920     |
| train/                  |             |
|    approx_kl            | 0.014008875 |
|    clip_fraction        | 0.266       |
|    clip_range           | 0.15        |
|    entropy_loss         | -25.9       |
|    explained_variance   | 0.97        |
|    learning_rate        | 0.0001      |
|    loss                 | -0.268      |
|    n_updates            | 750         |
|    policy_gradient_loss | -0.0192     |
|    std                  | 1.11        |
|    value_loss           | 0.024       |
-----------------------------------------
New best mean reward!
Summary terrain plain: success: 0 / 10 (0.00 %)
    average progress: 0.00 %
    runs progress: [0.000, 0.000, 0.000, 0.000, 0.000, 0.000, 0.000, 0.000, 0.000, 0.000]
---------------------------------
| rollout/           |          |
|    ep_len_mean     | 146      |
|    ep_rew_mean     | 748      |
| time/              |          |
|    fps             | 989      |
|    iterations      | 51       |
|    time_elapsed    | 5068     |
|    total_timesteps | 5013504  |
---------------------------------
-----------------------------------------
| rollout/                |             |
|    ep_len_mean          | 148         |
|    ep_rew_mean          | 763         |
| time/                   |             |
|    fps                  | 988         |
|    iterations           | 52          |
|    time_elapsed         | 5169        |
|    total_timesteps      | 5111808     |
| train/                  |             |
|    approx_kl            | 0.014403537 |
|    clip_fraction        | 0.274       |
|    clip_range           | 0.15        |
|    entropy_loss         | -25.9       |
|    explained_variance   | 0.968       |
|    learning_rate        | 0.0001      |
|    loss                 | -0.256      |
|    n_updates            | 765         |
|    policy_gradient_loss | -0.0197     |
|    std                  | 1.12        |
|    value_loss           | 0.0251      |
-----------------------------------------
-----------------------------------------
| rollout/                |             |
|    ep_len_mean          | 155         |
|    ep_rew_mean          | 799         |
| time/                   |             |
|    fps                  | 988         |
|    iterations           | 53          |
|    time_elapsed         | 5268        |
|    total_timesteps      | 5210112     |
| train/                  |             |
|    approx_kl            | 0.014298156 |
|    clip_fraction        | 0.279       |
|    clip_range           | 0.15        |
|    entropy_loss         | -26         |
|    explained_variance   | 0.968       |
|    learning_rate        | 0.0001      |
|    loss                 | -0.261      |
|    n_updates            | 780         |
|    policy_gradient_loss | -0.0202     |
|    std                  | 1.12        |
|    value_loss           | 0.0243      |
-----------------------------------------
-----------------------------------------
| rollout/                |             |
|    ep_len_mean          | 145         |
|    ep_rew_mean          | 749         |
| time/                   |             |
|    fps                  | 988         |
|    iterations           | 54          |
|    time_elapsed         | 5368        |
|    total_timesteps      | 5308416     |
| train/                  |             |
|    approx_kl            | 0.014561194 |
|    clip_fraction        | 0.279       |
|    clip_range           | 0.15        |
|    entropy_loss         | -26         |
|    explained_variance   | 0.968       |
|    learning_rate        | 0.0001      |
|    loss                 | -0.266      |
|    n_updates            | 795         |
|    policy_gradient_loss | -0.0199     |
|    std                  | 1.12        |
|    value_loss           | 0.0234      |
-----------------------------------------
-----------------------------------------
| rollout/                |             |
|    ep_len_mean          | 155         |
|    ep_rew_mean          | 794         |
| time/                   |             |
|    fps                  | 988         |
|    iterations           | 55          |
|    time_elapsed         | 5468        |
|    total_timesteps      | 5406720     |
| train/                  |             |
|    approx_kl            | 0.014229295 |
|    clip_fraction        | 0.274       |
|    clip_range           | 0.15        |
|    entropy_loss         | -26.1       |
|    explained_variance   | 0.97        |
|    learning_rate        | 0.0001      |
|    loss                 | -0.276      |
|    n_updates            | 810         |
|    policy_gradient_loss | -0.0195     |
|    std                  | 1.13        |
|    value_loss           | 0.023       |
-----------------------------------------

------ Evaluating terrain: plain ------
Eval num_timesteps=5499912, episode_reward=1664.72 +/- 306.82
Episode length: 295.50 +/- 53.29
-----------------------------------------
| eval/                   |             |
|    mean_ep_length       | 296         |
|    mean_reward          | 1.66e+03    |
| time/                   |             |
|    total_timesteps      | 5499912     |
| train/                  |             |
|    approx_kl            | 0.014718096 |
|    clip_fraction        | 0.281       |
|    clip_range           | 0.15        |
|    entropy_loss         | -26.1       |
|    explained_variance   | 0.968       |
|    learning_rate        | 0.0001      |
|    loss                 | -0.261      |
|    n_updates            | 825         |
|    policy_gradient_loss | -0.0203     |
|    std                  | 1.13        |
|    value_loss           | 0.0244      |
-----------------------------------------
New best mean reward!
Summary terrain plain: success: 0 / 10 (0.00 %)
    average progress: 0.00 %
    runs progress: [0.000, 0.000, 0.000, 0.000, 0.000, 0.000, 0.000, 0.000, 0.000, 0.000]
---------------------------------
| rollout/           |          |
|    ep_len_mean     | 157      |
|    ep_rew_mean     | 826      |
| time/              |          |
|    fps             | 987      |
|    iterations      | 56       |
|    time_elapsed    | 5572     |
|    total_timesteps | 5505024  |
---------------------------------
-----------------------------------------
| rollout/                |             |
|    ep_len_mean          | 168         |
|    ep_rew_mean          | 878         |
| time/                   |             |
|    fps                  | 987         |
|    iterations           | 57          |
|    time_elapsed         | 5672        |
|    total_timesteps      | 5603328     |
| train/                  |             |
|    approx_kl            | 0.014489672 |
|    clip_fraction        | 0.277       |
|    clip_range           | 0.15        |
|    entropy_loss         | -26.1       |
|    explained_variance   | 0.967       |
|    learning_rate        | 0.0001      |
|    loss                 | -0.27       |
|    n_updates            | 840         |
|    policy_gradient_loss | -0.0195     |
|    std                  | 1.13        |
|    value_loss           | 0.0251      |
-----------------------------------------
-----------------------------------------
| rollout/                |             |
|    ep_len_mean          | 168         |
|    ep_rew_mean          | 876         |
| time/                   |             |
|    fps                  | 987         |
|    iterations           | 58          |
|    time_elapsed         | 5772        |
|    total_timesteps      | 5701632     |
| train/                  |             |
|    approx_kl            | 0.014357269 |
|    clip_fraction        | 0.279       |
|    clip_range           | 0.15        |
|    entropy_loss         | -26.2       |
|    explained_variance   | 0.966       |
|    learning_rate        | 0.0001      |
|    loss                 | -0.27       |
|    n_updates            | 855         |
|    policy_gradient_loss | -0.02       |
|    std                  | 1.13        |
|    value_loss           | 0.0253      |
-----------------------------------------
-----------------------------------------
| rollout/                |             |
|    ep_len_mean          | 171         |
|    ep_rew_mean          | 886         |
| time/                   |             |
|    fps                  | 987         |
|    iterations           | 59          |
|    time_elapsed         | 5872        |
|    total_timesteps      | 5799936     |
| train/                  |             |
|    approx_kl            | 0.014589064 |
|    clip_fraction        | 0.277       |
|    clip_range           | 0.15        |
|    entropy_loss         | -26.2       |
|    explained_variance   | 0.968       |
|    learning_rate        | 0.0001      |
|    loss                 | -0.257      |
|    n_updates            | 870         |
|    policy_gradient_loss | -0.0194     |
|    std                  | 1.14        |
|    value_loss           | 0.0244      |
-----------------------------------------
-----------------------------------------
| rollout/                |             |
|    ep_len_mean          | 175         |
|    ep_rew_mean          | 922         |
| time/                   |             |
|    fps                  | 987         |
|    iterations           | 60          |
|    time_elapsed         | 5974        |
|    total_timesteps      | 5898240     |
| train/                  |             |
|    approx_kl            | 0.015155283 |
|    clip_fraction        | 0.284       |
|    clip_range           | 0.15        |
|    entropy_loss         | -26.3       |
|    explained_variance   | 0.967       |
|    learning_rate        | 0.0001      |
|    loss                 | -0.275      |
|    n_updates            | 885         |
|    policy_gradient_loss | -0.0202     |
|    std                  | 1.14        |
|    value_loss           | 0.0245      |
-----------------------------------------
-----------------------------------------
| rollout/                |             |
|    ep_len_mean          | 172         |
|    ep_rew_mean          | 891         |
| time/                   |             |
|    fps                  | 986         |
|    iterations           | 61          |
|    time_elapsed         | 6076        |
|    total_timesteps      | 5996544     |
| train/                  |             |
|    approx_kl            | 0.015319838 |
|    clip_fraction        | 0.287       |
|    clip_range           | 0.15        |
|    entropy_loss         | -26.3       |
|    explained_variance   | 0.966       |
|    learning_rate        | 0.0001      |
|    loss                 | -0.278      |
|    n_updates            | 900         |
|    policy_gradient_loss | -0.0205     |
|    std                  | 1.14        |
|    value_loss           | 0.0251      |
-----------------------------------------

------ Evaluating terrain: plain ------
Eval num_timesteps=5999904, episode_reward=1649.46 +/- 551.99
Episode length: 295.20 +/- 95.09
-----------------------------------------
| eval/                   |             |
|    mean_ep_length       | 295         |
|    mean_reward          | 1.65e+03    |
| time/                   |             |
|    total_timesteps      | 5999904     |
| train/                  |             |
|    approx_kl            | 0.015264261 |
|    clip_fraction        | 0.286       |
|    clip_range           | 0.15        |
|    entropy_loss         | -26.4       |
|    explained_variance   | 0.966       |
|    learning_rate        | 0.0001      |
|    loss                 | -0.266      |
|    n_updates            | 915         |
|    policy_gradient_loss | -0.0199     |
|    std                  | 1.15        |
|    value_loss           | 0.0247      |
-----------------------------------------
Summary terrain plain: success: 0 / 10 (0.00 %)
    average progress: 0.00 %
    runs progress: [0.000, 0.000, 0.000, 0.000, 0.000, 0.000, 0.000, 0.000, 0.000, 0.000]
---------------------------------
| rollout/           |          |
|    ep_len_mean     | 184      |
|    ep_rew_mean     | 965      |
| time/              |          |
|    fps             | 985      |
|    iterations      | 62       |
|    time_elapsed    | 6182     |
|    total_timesteps | 6094848  |
---------------------------------
-----------------------------------------
| rollout/                |             |
|    ep_len_mean          | 186         |
|    ep_rew_mean          | 971         |
| time/                   |             |
|    fps                  | 985         |
|    iterations           | 63          |
|    time_elapsed         | 6282        |
|    total_timesteps      | 6193152     |
| train/                  |             |
|    approx_kl            | 0.015254833 |
|    clip_fraction        | 0.287       |
|    clip_range           | 0.15        |
|    entropy_loss         | -26.4       |
|    explained_variance   | 0.965       |
|    learning_rate        | 0.0001      |
|    loss                 | -0.269      |
|    n_updates            | 930         |
|    policy_gradient_loss | -0.0198     |
|    std                  | 1.15        |
|    value_loss           | 0.0249      |
-----------------------------------------
-----------------------------------------
| rollout/                |             |
|    ep_len_mean          | 195         |
|    ep_rew_mean          | 1.03e+03    |
| time/                   |             |
|    fps                  | 985         |
|    iterations           | 64          |
|    time_elapsed         | 6382        |
|    total_timesteps      | 6291456     |
| train/                  |             |
|    approx_kl            | 0.015249387 |
|    clip_fraction        | 0.29        |
|    clip_range           | 0.15        |
|    entropy_loss         | -26.5       |
|    explained_variance   | 0.965       |
|    learning_rate        | 0.0001      |
|    loss                 | -0.251      |
|    n_updates            | 945         |
|    policy_gradient_loss | -0.0201     |
|    std                  | 1.15        |
|    value_loss           | 0.0248      |
-----------------------------------------
-----------------------------------------
| rollout/                |             |
|    ep_len_mean          | 198         |
|    ep_rew_mean          | 1.06e+03    |
| time/                   |             |
|    fps                  | 985         |
|    iterations           | 65          |
|    time_elapsed         | 6481        |
|    total_timesteps      | 6389760     |
| train/                  |             |
|    approx_kl            | 0.015511069 |
|    clip_fraction        | 0.288       |
|    clip_range           | 0.15        |
|    entropy_loss         | -26.5       |
|    explained_variance   | 0.966       |
|    learning_rate        | 0.0001      |
|    loss                 | -0.265      |
|    n_updates            | 960         |
|    policy_gradient_loss | -0.0196     |
|    std                  | 1.16        |
|    value_loss           | 0.0239      |
-----------------------------------------
-----------------------------------------
| rollout/                |             |
|    ep_len_mean          | 190         |
|    ep_rew_mean          | 1e+03       |
| time/                   |             |
|    fps                  | 985         |
|    iterations           | 66          |
|    time_elapsed         | 6582        |
|    total_timesteps      | 6488064     |
| train/                  |             |
|    approx_kl            | 0.015779989 |
|    clip_fraction        | 0.29        |
|    clip_range           | 0.15        |
|    entropy_loss         | -26.6       |
|    explained_variance   | 0.964       |
|    learning_rate        | 0.0001      |
|    loss                 | -0.279      |
|    n_updates            | 975         |
|    policy_gradient_loss | -0.0202     |
|    std                  | 1.16        |
|    value_loss           | 0.0252      |
-----------------------------------------

------ Evaluating terrain: plain ------
Eval num_timesteps=6499896, episode_reward=1592.77 +/- 488.54
Episode length: 279.20 +/- 80.55
-----------------------------------------
| eval/                   |             |
|    mean_ep_length       | 279         |
|    mean_reward          | 1.59e+03    |
| time/                   |             |
|    total_timesteps      | 6499896     |
| train/                  |             |
|    approx_kl            | 0.015778683 |
|    clip_fraction        | 0.291       |
|    clip_range           | 0.15        |
|    entropy_loss         | -26.6       |
|    explained_variance   | 0.963       |
|    learning_rate        | 0.0001      |
|    loss                 | -0.27       |
|    n_updates            | 990         |
|    policy_gradient_loss | -0.0202     |
|    std                  | 1.17        |
|    value_loss           | 0.0255      |
-----------------------------------------
Summary terrain plain: success: 0 / 11 (0.00 %)
    average progress: 0.00 %
    runs progress: [0.000, 0.000, 0.000, 0.000, 0.000, 0.000, 0.000, 0.000, 0.000, 0.000, 0.000]
---------------------------------
| rollout/           |          |
|    ep_len_mean     | 206      |
|    ep_rew_mean     | 1.09e+03 |
| time/              |          |
|    fps             | 984      |
|    iterations      | 67       |
|    time_elapsed    | 6687     |
|    total_timesteps | 6586368  |
---------------------------------
----------------------------------------
| rollout/                |            |
|    ep_len_mean          | 202        |
|    ep_rew_mean          | 1.07e+03   |
| time/                   |            |
|    fps                  | 984        |
|    iterations           | 68         |
|    time_elapsed         | 6788       |
|    total_timesteps      | 6684672    |
| train/                  |            |
|    approx_kl            | 0.01593033 |
|    clip_fraction        | 0.294      |
|    clip_range           | 0.15       |
|    entropy_loss         | -26.7      |
|    explained_variance   | 0.963      |
|    learning_rate        | 0.0001     |
|    loss                 | -0.275     |
|    n_updates            | 1005       |
|    policy_gradient_loss | -0.0204    |
|    std                  | 1.17       |
|    value_loss           | 0.0256     |
----------------------------------------
-----------------------------------------
| rollout/                |             |
|    ep_len_mean          | 211         |
|    ep_rew_mean          | 1.12e+03    |
| time/                   |             |
|    fps                  | 984         |
|    iterations           | 69          |
|    time_elapsed         | 6889        |
|    total_timesteps      | 6782976     |
| train/                  |             |
|    approx_kl            | 0.016118394 |
|    clip_fraction        | 0.298       |
|    clip_range           | 0.15        |
|    entropy_loss         | -26.7       |
|    explained_variance   | 0.963       |
|    learning_rate        | 0.0001      |
|    loss                 | -0.278      |
|    n_updates            | 1020        |
|    policy_gradient_loss | -0.0207     |
|    std                  | 1.17        |
|    value_loss           | 0.0247      |
-----------------------------------------
-----------------------------------------
| rollout/                |             |
|    ep_len_mean          | 211         |
|    ep_rew_mean          | 1.13e+03    |
| time/                   |             |
|    fps                  | 984         |
|    iterations           | 70          |
|    time_elapsed         | 6990        |
|    total_timesteps      | 6881280     |
| train/                  |             |
|    approx_kl            | 0.016238125 |
|    clip_fraction        | 0.299       |
|    clip_range           | 0.15        |
|    entropy_loss         | -26.8       |
|    explained_variance   | 0.962       |
|    learning_rate        | 0.0001      |
|    loss                 | -0.268      |
|    n_updates            | 1035        |
|    policy_gradient_loss | -0.0208     |
|    std                  | 1.18        |
|    value_loss           | 0.0251      |
-----------------------------------------
-----------------------------------------
| rollout/                |             |
|    ep_len_mean          | 216         |
|    ep_rew_mean          | 1.16e+03    |
| time/                   |             |
|    fps                  | 984         |
|    iterations           | 71          |
|    time_elapsed         | 7090        |
|    total_timesteps      | 6979584     |
| train/                  |             |
|    approx_kl            | 0.016261911 |
|    clip_fraction        | 0.298       |
|    clip_range           | 0.15        |
|    entropy_loss         | -26.8       |
|    explained_variance   | 0.963       |
|    learning_rate        | 0.0001      |
|    loss                 | -0.277      |
|    n_updates            | 1050        |
|    policy_gradient_loss | -0.0201     |
|    std                  | 1.18        |
|    value_loss           | 0.0256      |
-----------------------------------------

------ Evaluating terrain: plain ------
Eval num_timesteps=6999888, episode_reward=1977.15 +/- 923.22
Episode length: 347.30 +/- 156.66
----------------------------------------
| eval/                   |            |
|    mean_ep_length       | 347        |
|    mean_reward          | 1.98e+03   |
| time/                   |            |
|    total_timesteps      | 6999888    |
| train/                  |            |
|    approx_kl            | 0.01645106 |
|    clip_fraction        | 0.298      |
|    clip_range           | 0.15       |
|    entropy_loss         | -26.9      |
|    explained_variance   | 0.961      |
|    learning_rate        | 0.0001     |
|    loss                 | -0.266     |
|    n_updates            | 1065       |
|    policy_gradient_loss | -0.0204    |
|    std                  | 1.18       |
|    value_loss           | 0.0263     |
----------------------------------------
New best mean reward!
Summary terrain plain: success: 0 / 13 (0.00 %)
    average progress: 0.00 %
    runs progress: [0.000, 0.000, 0.000, 0.000, 0.000, 0.000, 0.000, 0.000, 0.000, 0.000, 0.000, 0.000, 0.000]
---------------------------------
| rollout/           |          |
|    ep_len_mean     | 204      |
|    ep_rew_mean     | 1.08e+03 |
| time/              |          |
|    fps             | 983      |
|    iterations      | 72       |
|    time_elapsed    | 7196     |
|    total_timesteps | 7077888  |
---------------------------------
-----------------------------------------
| rollout/                |             |
|    ep_len_mean          | 220         |
|    ep_rew_mean          | 1.19e+03    |
| time/                   |             |
|    fps                  | 983         |
|    iterations           | 73          |
|    time_elapsed         | 7295        |
|    total_timesteps      | 7176192     |
| train/                  |             |
|    approx_kl            | 0.016098285 |
|    clip_fraction        | 0.299       |
|    clip_range           | 0.15        |
|    entropy_loss         | -26.9       |
|    explained_variance   | 0.962       |
|    learning_rate        | 0.0001      |
|    loss                 | -0.268      |
|    n_updates            | 1080        |
|    policy_gradient_loss | -0.0203     |
|    std                  | 1.19        |
|    value_loss           | 0.0255      |
-----------------------------------------
-----------------------------------------
| rollout/                |             |
|    ep_len_mean          | 220         |
|    ep_rew_mean          | 1.19e+03    |
| time/                   |             |
|    fps                  | 983         |
|    iterations           | 74          |
|    time_elapsed         | 7397        |
|    total_timesteps      | 7274496     |
| train/                  |             |
|    approx_kl            | 0.016819505 |
|    clip_fraction        | 0.303       |
|    clip_range           | 0.15        |
|    entropy_loss         | -26.9       |
|    explained_variance   | 0.96        |
|    learning_rate        | 0.0001      |
|    loss                 | -0.278      |
|    n_updates            | 1095        |
|    policy_gradient_loss | -0.0207     |
|    std                  | 1.19        |
|    value_loss           | 0.0264      |
-----------------------------------------
----------------------------------------
| rollout/                |            |
|    ep_len_mean          | 244        |
|    ep_rew_mean          | 1.32e+03   |
| time/                   |            |
|    fps                  | 983        |
|    iterations           | 75         |
|    time_elapsed         | 7497       |
|    total_timesteps      | 7372800    |
| train/                  |            |
|    approx_kl            | 0.01662842 |
|    clip_fraction        | 0.303      |
|    clip_range           | 0.15       |
|    entropy_loss         | -27        |
|    explained_variance   | 0.96       |
|    learning_rate        | 0.0001     |
|    loss                 | -0.272     |
|    n_updates            | 1110       |
|    policy_gradient_loss | -0.0206    |
|    std                  | 1.19       |
|    value_loss           | 0.026      |
----------------------------------------
-----------------------------------------
| rollout/                |             |
|    ep_len_mean          | 237         |
|    ep_rew_mean          | 1.3e+03     |
| time/                   |             |
|    fps                  | 983         |
|    iterations           | 76          |
|    time_elapsed         | 7596        |
|    total_timesteps      | 7471104     |
| train/                  |             |
|    approx_kl            | 0.016521597 |
|    clip_fraction        | 0.304       |
|    clip_range           | 0.15        |
|    entropy_loss         | -27         |
|    explained_variance   | 0.959       |
|    learning_rate        | 0.0001      |
|    loss                 | -0.274      |
|    n_updates            | 1125        |
|    policy_gradient_loss | -0.0201     |
|    std                  | 1.2         |
|    value_loss           | 0.0263      |
-----------------------------------------

------ Evaluating terrain: plain ------
Eval num_timesteps=7499880, episode_reward=3247.15 +/- 1968.85
Episode length: 569.00 +/- 337.10
-----------------------------------------
| eval/                   |             |
|    mean_ep_length       | 569         |
|    mean_reward          | 3.25e+03    |
| time/                   |             |
|    total_timesteps      | 7499880     |
| train/                  |             |
|    approx_kl            | 0.016574405 |
|    clip_fraction        | 0.304       |
|    clip_range           | 0.15        |
|    entropy_loss         | -27.1       |
|    explained_variance   | 0.962       |
|    learning_rate        | 0.0001      |
|    loss                 | -0.276      |
|    n_updates            | 1140        |
|    policy_gradient_loss | -0.0203     |
|    std                  | 1.2         |
|    value_loss           | 0.0252      |
-----------------------------------------
New best mean reward!
Summary terrain plain: success: 0 / 20 (0.00 %)
    average progress: 0.00 %
    runs progress: [0.000, 0.000, 0.000, 0.000, 0.000, 0.000, 0.000, 0.000, 0.000, 0.000, 0.000, 0.000, 0.000, 0.000, 0.000, 0.000, 0.000, 0.000, 0.000, 0.000]
---------------------------------
| rollout/           |          |
|    ep_len_mean     | 231      |
|    ep_rew_mean     | 1.25e+03 |
| time/              |          |
|    fps             | 981      |
|    iterations      | 77       |
|    time_elapsed    | 7709     |
|    total_timesteps | 7569408  |
---------------------------------
-----------------------------------------
| rollout/                |             |
|    ep_len_mean          | 250         |
|    ep_rew_mean          | 1.37e+03    |
| time/                   |             |
|    fps                  | 981         |
|    iterations           | 78          |
|    time_elapsed         | 7809        |
|    total_timesteps      | 7667712     |
| train/                  |             |
|    approx_kl            | 0.017261462 |
|    clip_fraction        | 0.312       |
|    clip_range           | 0.15        |
|    entropy_loss         | -27.1       |
|    explained_variance   | 0.961       |
|    learning_rate        | 0.0001      |
|    loss                 | -0.28       |
|    n_updates            | 1155        |
|    policy_gradient_loss | -0.0207     |
|    std                  | 1.2         |
|    value_loss           | 0.0247      |
-----------------------------------------
-----------------------------------------
| rollout/                |             |
|    ep_len_mean          | 244         |
|    ep_rew_mean          | 1.33e+03    |
| time/                   |             |
|    fps                  | 981         |
|    iterations           | 79          |
|    time_elapsed         | 7910        |
|    total_timesteps      | 7766016     |
| train/                  |             |
|    approx_kl            | 0.017265594 |
|    clip_fraction        | 0.311       |
|    clip_range           | 0.15        |
|    entropy_loss         | -27.2       |
|    explained_variance   | 0.96        |
|    learning_rate        | 0.0001      |
|    loss                 | -0.278      |
|    n_updates            | 1170        |
|    policy_gradient_loss | -0.0206     |
|    std                  | 1.21        |
|    value_loss           | 0.0246      |
-----------------------------------------
---------------------------------------
| rollout/                |           |
|    ep_len_mean          | 255       |
|    ep_rew_mean          | 1.39e+03  |
| time/                   |           |
|    fps                  | 981       |
|    iterations           | 80        |
|    time_elapsed         | 8011      |
|    total_timesteps      | 7864320   |
| train/                  |           |
|    approx_kl            | 0.0165241 |
|    clip_fraction        | 0.304     |
|    clip_range           | 0.15      |
|    entropy_loss         | -27.2     |
|    explained_variance   | 0.962     |
|    learning_rate        | 0.0001    |
|    loss                 | -0.275    |
|    n_updates            | 1185      |
|    policy_gradient_loss | -0.0202   |
|    std                  | 1.21      |
|    value_loss           | 0.0243    |
---------------------------------------
-----------------------------------------
| rollout/                |             |
|    ep_len_mean          | 266         |
|    ep_rew_mean          | 1.45e+03    |
| time/                   |             |
|    fps                  | 981         |
|    iterations           | 81          |
|    time_elapsed         | 8112        |
|    total_timesteps      | 7962624     |
| train/                  |             |
|    approx_kl            | 0.017088443 |
|    clip_fraction        | 0.309       |
|    clip_range           | 0.15        |
|    entropy_loss         | -27.3       |
|    explained_variance   | 0.959       |
|    learning_rate        | 0.0001      |
|    loss                 | -0.277      |
|    n_updates            | 1200        |
|    policy_gradient_loss | -0.0205     |
|    std                  | 1.21        |
|    value_loss           | 0.0237      |
-----------------------------------------

------ Evaluating terrain: plain ------
Eval num_timesteps=7999872, episode_reward=3729.20 +/- 1705.93
Episode length: 649.00 +/- 292.91
-----------------------------------------
| eval/                   |             |
|    mean_ep_length       | 649         |
|    mean_reward          | 3.73e+03    |
| time/                   |             |
|    total_timesteps      | 7999872     |
| train/                  |             |
|    approx_kl            | 0.017323712 |
|    clip_fraction        | 0.31        |
|    clip_range           | 0.15        |
|    entropy_loss         | -27.3       |
|    explained_variance   | 0.958       |
|    learning_rate        | 0.0001      |
|    loss                 | -0.267      |
|    n_updates            | 1215        |
|    policy_gradient_loss | -0.0207     |
|    std                  | 1.22        |
|    value_loss           | 0.0237      |
-----------------------------------------
New best mean reward!
Summary terrain plain: success: 0 / 15 (0.00 %)
    average progress: 0.00 %
    runs progress: [0.000, 0.000, 0.000, 0.000, 0.000, 0.000, 0.000, 0.000, 0.000, 0.000, 0.000, 0.000, 0.000, 0.000, 0.000]
---------------------------------
| rollout/           |          |
|    ep_len_mean     | 261      |
|    ep_rew_mean     | 1.45e+03 |
| time/              |          |
|    fps             | 979      |
|    iterations      | 82       |
|    time_elapsed    | 8225     |
|    total_timesteps | 8060928  |
---------------------------------
-----------------------------------------
| rollout/                |             |
|    ep_len_mean          | 270         |
|    ep_rew_mean          | 1.48e+03    |
| time/                   |             |
|    fps                  | 980         |
|    iterations           | 83          |
|    time_elapsed         | 8325        |
|    total_timesteps      | 8159232     |
| train/                  |             |
|    approx_kl            | 0.017488692 |
|    clip_fraction        | 0.312       |
|    clip_range           | 0.15        |
|    entropy_loss         | -27.4       |
|    explained_variance   | 0.961       |
|    learning_rate        | 0.0001      |
|    loss                 | -0.295      |
|    n_updates            | 1230        |
|    policy_gradient_loss | -0.0208     |
|    std                  | 1.22        |
|    value_loss           | 0.0236      |
-----------------------------------------
-----------------------------------------
| rollout/                |             |
|    ep_len_mean          | 297         |
|    ep_rew_mean          | 1.64e+03    |
| time/                   |             |
|    fps                  | 980         |
|    iterations           | 84          |
|    time_elapsed         | 8425        |
|    total_timesteps      | 8257536     |
| train/                  |             |
|    approx_kl            | 0.017214268 |
|    clip_fraction        | 0.311       |
|    clip_range           | 0.15        |
|    entropy_loss         | -27.4       |
|    explained_variance   | 0.957       |
|    learning_rate        | 0.0001      |
|    loss                 | -0.285      |
|    n_updates            | 1245        |
|    policy_gradient_loss | -0.0207     |
|    std                  | 1.22        |
|    value_loss           | 0.0243      |
-----------------------------------------
-----------------------------------------
| rollout/                |             |
|    ep_len_mean          | 296         |
|    ep_rew_mean          | 1.63e+03    |
| time/                   |             |
|    fps                  | 979         |
|    iterations           | 85          |
|    time_elapsed         | 8527        |
|    total_timesteps      | 8355840     |
| train/                  |             |
|    approx_kl            | 0.017765671 |
|    clip_fraction        | 0.312       |
|    clip_range           | 0.15        |
|    entropy_loss         | -27.4       |
|    explained_variance   | 0.958       |
|    learning_rate        | 0.0001      |
|    loss                 | -0.293      |
|    n_updates            | 1260        |
|    policy_gradient_loss | -0.021      |
|    std                  | 1.23        |
|    value_loss           | 0.0231      |
-----------------------------------------
----------------------------------------
| rollout/                |            |
|    ep_len_mean          | 312        |
|    ep_rew_mean          | 1.72e+03   |
| time/                   |            |
|    fps                  | 979        |
|    iterations           | 86         |
|    time_elapsed         | 8627       |
|    total_timesteps      | 8454144    |
| train/                  |            |
|    approx_kl            | 0.01789792 |
|    clip_fraction        | 0.318      |
|    clip_range           | 0.15       |
|    entropy_loss         | -27.5      |
|    explained_variance   | 0.957      |
|    learning_rate        | 0.0001     |
|    loss                 | -0.281     |
|    n_updates            | 1275       |
|    policy_gradient_loss | -0.0212    |
|    std                  | 1.23       |
|    value_loss           | 0.0229     |
----------------------------------------

------ Evaluating terrain: plain ------
Eval num_timesteps=8499864, episode_reward=3849.25 +/- 2639.92
Episode length: 670.20 +/- 441.81
----------------------------------------
| eval/                   |            |
|    mean_ep_length       | 670        |
|    mean_reward          | 3.85e+03   |
| time/                   |            |
|    total_timesteps      | 8499864    |
| train/                  |            |
|    approx_kl            | 0.01807067 |
|    clip_fraction        | 0.321      |
|    clip_range           | 0.15       |
|    entropy_loss         | -27.6      |
|    explained_variance   | 0.955      |
|    learning_rate        | 0.0001     |
|    loss                 | -0.268     |
|    n_updates            | 1290       |
|    policy_gradient_loss | -0.0209    |
|    std                  | 1.24       |
|    value_loss           | 0.0242     |
----------------------------------------
New best mean reward!
Summary terrain plain: success: 0 / 22 (0.00 %)
    average progress: 0.00 %
    runs progress: [0.000, 0.000, 0.000, 0.000, 0.000, 0.000, 0.000, 0.000, 0.000, 0.000, 0.000, 0.000, 0.000, 0.000, 0.000, 0.000, 0.000, 0.000, 0.000, 0.000, 0.000, 0.000]
---------------------------------
| rollout/           |          |
|    ep_len_mean     | 296      |
|    ep_rew_mean     | 1.65e+03 |
| time/              |          |
|    fps             | 978      |
|    iterations      | 87       |
|    time_elapsed    | 8743     |
|    total_timesteps | 8552448  |
---------------------------------
-----------------------------------------
| rollout/                |             |
|    ep_len_mean          | 292         |
|    ep_rew_mean          | 1.62e+03    |
| time/                   |             |
|    fps                  | 978         |
|    iterations           | 88          |
|    time_elapsed         | 8844        |
|    total_timesteps      | 8650752     |
| train/                  |             |
|    approx_kl            | 0.018459726 |
|    clip_fraction        | 0.322       |
|    clip_range           | 0.15        |
|    entropy_loss         | -27.6       |
|    explained_variance   | 0.955       |
|    learning_rate        | 0.0001      |
|    loss                 | -0.28       |
|    n_updates            | 1305        |
|    policy_gradient_loss | -0.0211     |
|    std                  | 1.24        |
|    value_loss           | 0.0232      |
-----------------------------------------
-----------------------------------------
| rollout/                |             |
|    ep_len_mean          | 323         |
|    ep_rew_mean          | 1.81e+03    |
| time/                   |             |
|    fps                  | 977         |
|    iterations           | 89          |
|    time_elapsed         | 8946        |
|    total_timesteps      | 8749056     |
| train/                  |             |
|    approx_kl            | 0.018395053 |
|    clip_fraction        | 0.322       |
|    clip_range           | 0.15        |
|    entropy_loss         | -27.7       |
|    explained_variance   | 0.955       |
|    learning_rate        | 0.0001      |
|    loss                 | -0.29       |
|    n_updates            | 1320        |
|    policy_gradient_loss | -0.0214     |
|    std                  | 1.24        |
|    value_loss           | 0.0228      |
-----------------------------------------
----------------------------------------
| rollout/                |            |
|    ep_len_mean          | 326        |
|    ep_rew_mean          | 1.82e+03   |
| time/                   |            |
|    fps                  | 977        |
|    iterations           | 90         |
|    time_elapsed         | 9047       |
|    total_timesteps      | 8847360    |
| train/                  |            |
|    approx_kl            | 0.01849208 |
|    clip_fraction        | 0.321      |
|    clip_range           | 0.15       |
|    entropy_loss         | -27.7      |
|    explained_variance   | 0.953      |
|    learning_rate        | 0.0001     |
|    loss                 | -0.284     |
|    n_updates            | 1335       |
|    policy_gradient_loss | -0.0212    |
|    std                  | 1.25       |
|    value_loss           | 0.023      |
----------------------------------------
-----------------------------------------
| rollout/                |             |
|    ep_len_mean          | 333         |
|    ep_rew_mean          | 1.85e+03    |
| time/                   |             |
|    fps                  | 977         |
|    iterations           | 91          |
|    time_elapsed         | 9147        |
|    total_timesteps      | 8945664     |
| train/                  |             |
|    approx_kl            | 0.018344386 |
|    clip_fraction        | 0.322       |
|    clip_range           | 0.15        |
|    entropy_loss         | -27.8       |
|    explained_variance   | 0.952       |
|    learning_rate        | 0.0001      |
|    loss                 | -0.283      |
|    n_updates            | 1350        |
|    policy_gradient_loss | -0.021      |
|    std                  | 1.25        |
|    value_loss           | 0.0235      |
-----------------------------------------

------ Evaluating terrain: plain ------
Eval num_timesteps=8999856, episode_reward=4831.93 +/- 3045.89
Episode length: 824.20 +/- 511.73
-----------------------------------------
| eval/                   |             |
|    mean_ep_length       | 824         |
|    mean_reward          | 4.83e+03    |
| time/                   |             |
|    total_timesteps      | 8999856     |
| train/                  |             |
|    approx_kl            | 0.018731946 |
|    clip_fraction        | 0.323       |
|    clip_range           | 0.15        |
|    entropy_loss         | -27.8       |
|    explained_variance   | 0.95        |
|    learning_rate        | 0.0001      |
|    loss                 | -0.297      |
|    n_updates            | 1365        |
|    policy_gradient_loss | -0.021      |
|    std                  | 1.26        |
|    value_loss           | 0.0233      |
-----------------------------------------
New best mean reward!
Summary terrain plain: success: 0 / 22 (0.00 %)
    average progress: 0.00 %
    runs progress: [0.000, 0.000, 0.000, 0.000, 0.000, 0.000, 0.000, 0.000, 0.000, 0.000, 0.000, 0.000, 0.000, 0.000, 0.000, 0.000, 0.000, 0.000, 0.000, 0.000, 0.000, 0.000]
---------------------------------
| rollout/           |          |
|    ep_len_mean     | 325      |
|    ep_rew_mean     | 1.82e+03 |
| time/              |          |
|    fps             | 976      |
|    iterations      | 92       |
|    time_elapsed    | 9265     |
|    total_timesteps | 9043968  |
---------------------------------
-----------------------------------------
| rollout/                |             |
|    ep_len_mean          | 349         |
|    ep_rew_mean          | 1.97e+03    |
| time/                   |             |
|    fps                  | 975         |
|    iterations           | 93          |
|    time_elapsed         | 9367        |
|    total_timesteps      | 9142272     |
| train/                  |             |
|    approx_kl            | 0.018858008 |
|    clip_fraction        | 0.327       |
|    clip_range           | 0.15        |
|    entropy_loss         | -27.9       |
|    explained_variance   | 0.955       |
|    learning_rate        | 0.0001      |
|    loss                 | -0.288      |
|    n_updates            | 1380        |
|    policy_gradient_loss | -0.0214     |
|    std                  | 1.26        |
|    value_loss           | 0.022       |
-----------------------------------------
-----------------------------------------
| rollout/                |             |
|    ep_len_mean          | 347         |
|    ep_rew_mean          | 1.97e+03    |
| time/                   |             |
|    fps                  | 976         |
|    iterations           | 94          |
|    time_elapsed         | 9467        |
|    total_timesteps      | 9240576     |
| train/                  |             |
|    approx_kl            | 0.019035151 |
|    clip_fraction        | 0.329       |
|    clip_range           | 0.15        |
|    entropy_loss         | -27.9       |
|    explained_variance   | 0.953       |
|    learning_rate        | 0.0001      |
|    loss                 | -0.286      |
|    n_updates            | 1395        |
|    policy_gradient_loss | -0.0213     |
|    std                  | 1.27        |
|    value_loss           | 0.0212      |
-----------------------------------------
-----------------------------------------
| rollout/                |             |
|    ep_len_mean          | 361         |
|    ep_rew_mean          | 2.04e+03    |
| time/                   |             |
|    fps                  | 976         |
|    iterations           | 95          |
|    time_elapsed         | 9568        |
|    total_timesteps      | 9338880     |
| train/                  |             |
|    approx_kl            | 0.018919809 |
|    clip_fraction        | 0.326       |
|    clip_range           | 0.15        |
|    entropy_loss         | -28         |
|    explained_variance   | 0.952       |
|    learning_rate        | 0.0001      |
|    loss                 | -0.299      |
|    n_updates            | 1410        |
|    policy_gradient_loss | -0.0215     |
|    std                  | 1.27        |
|    value_loss           | 0.0214      |
-----------------------------------------
-----------------------------------------
| rollout/                |             |
|    ep_len_mean          | 400         |
|    ep_rew_mean          | 2.27e+03    |
| time/                   |             |
|    fps                  | 976         |
|    iterations           | 96          |
|    time_elapsed         | 9667        |
|    total_timesteps      | 9437184     |
| train/                  |             |
|    approx_kl            | 0.018969508 |
|    clip_fraction        | 0.328       |
|    clip_range           | 0.15        |
|    entropy_loss         | -28.1       |
|    explained_variance   | 0.949       |
|    learning_rate        | 0.0001      |
|    loss                 | -0.283      |
|    n_updates            | 1425        |
|    policy_gradient_loss | -0.0213     |
|    std                  | 1.27        |
|    value_loss           | 0.0225      |
-----------------------------------------

------ Evaluating terrain: plain ------
Eval num_timesteps=9499848, episode_reward=5106.38 +/- 2971.19
Episode length: 888.40 +/- 507.06
-----------------------------------------
| eval/                   |             |
|    mean_ep_length       | 888         |
|    mean_reward          | 5.11e+03    |
| time/                   |             |
|    total_timesteps      | 9499848     |
| train/                  |             |
|    approx_kl            | 0.019423487 |
|    clip_fraction        | 0.333       |
|    clip_range           | 0.15        |
|    entropy_loss         | -28.1       |
|    explained_variance   | 0.949       |
|    learning_rate        | 0.0001      |
|    loss                 | -0.3        |
|    n_updates            | 1440        |
|    policy_gradient_loss | -0.0214     |
|    std                  | 1.28        |
|    value_loss           | 0.0218      |
-----------------------------------------
New best mean reward!
Summary terrain plain: success: 0 / 25 (0.00 %)
    average progress: 0.00 %
    runs progress: [0.000, 0.000, 0.000, 0.000, 0.000, 0.000, 0.000, 0.000, 0.000, 0.000, 0.000, 0.000, 0.000, 0.000, 0.000, 0.000, 0.000, 0.000, 0.000, 0.000, 0.000, 0.000, 0.000, 0.000, 0.000]
---------------------------------
| rollout/           |          |
|    ep_len_mean     | 384      |
|    ep_rew_mean     | 2.18e+03 |
| time/              |          |
|    fps             | 974      |
|    iterations      | 97       |
|    time_elapsed    | 9784     |
|    total_timesteps | 9535488  |
---------------------------------
-----------------------------------------
| rollout/                |             |
|    ep_len_mean          | 382         |
|    ep_rew_mean          | 2.15e+03    |
| time/                   |             |
|    fps                  | 974         |
|    iterations           | 98          |
|    time_elapsed         | 9885        |
|    total_timesteps      | 9633792     |
| train/                  |             |
|    approx_kl            | 0.019172719 |
|    clip_fraction        | 0.33        |
|    clip_range           | 0.15        |
|    entropy_loss         | -28.2       |
|    explained_variance   | 0.949       |
|    learning_rate        | 0.0001      |
|    loss                 | -0.293      |
|    n_updates            | 1455        |
|    policy_gradient_loss | -0.0211     |
|    std                  | 1.28        |
|    value_loss           | 0.0209      |
-----------------------------------------
-----------------------------------------
| rollout/                |             |
|    ep_len_mean          | 422         |
|    ep_rew_mean          | 2.4e+03     |
| time/                   |             |
|    fps                  | 974         |
|    iterations           | 99          |
|    time_elapsed         | 9987        |
|    total_timesteps      | 9732096     |
| train/                  |             |
|    approx_kl            | 0.019417142 |
|    clip_fraction        | 0.334       |
|    clip_range           | 0.15        |
|    entropy_loss         | -28.2       |
|    explained_variance   | 0.948       |
|    learning_rate        | 0.0001      |
|    loss                 | -0.295      |
|    n_updates            | 1470        |
|    policy_gradient_loss | -0.0211     |
|    std                  | 1.29        |
|    value_loss           | 0.0196      |
-----------------------------------------
----------------------------------------
| rollout/                |            |
|    ep_len_mean          | 446        |
|    ep_rew_mean          | 2.54e+03   |
| time/                   |            |
|    fps                  | 974        |
|    iterations           | 100        |
|    time_elapsed         | 10089      |
|    total_timesteps      | 9830400    |
| train/                  |            |
|    approx_kl            | 0.01977437 |
|    clip_fraction        | 0.334      |
|    clip_range           | 0.15       |
|    entropy_loss         | -28.3      |
|    explained_variance   | 0.948      |
|    learning_rate        | 0.0001     |
|    loss                 | -0.285     |
|    n_updates            | 1485       |
|    policy_gradient_loss | -0.0215    |
|    std                  | 1.29       |
|    value_loss           | 0.0197     |
----------------------------------------
-----------------------------------------
| rollout/                |             |
|    ep_len_mean          | 426         |
|    ep_rew_mean          | 2.41e+03    |
| time/                   |             |
|    fps                  | 974         |
|    iterations           | 101         |
|    time_elapsed         | 10188       |
|    total_timesteps      | 9928704     |
| train/                  |             |
|    approx_kl            | 0.019590111 |
|    clip_fraction        | 0.331       |
|    clip_range           | 0.15        |
|    entropy_loss         | -28.4       |
|    explained_variance   | 0.947       |
|    learning_rate        | 0.0001      |
|    loss                 | -0.293      |
|    n_updates            | 1500        |
|    policy_gradient_loss | -0.0208     |
|    std                  | 1.3         |
|    value_loss           | 0.0202      |
-----------------------------------------

------ Evaluating terrain: plain ------
Eval num_timesteps=9999840, episode_reward=4629.90 +/- 2475.19
Episode length: 798.20 +/- 416.84
-----------------------------------------
| eval/                   |             |
|    mean_ep_length       | 798         |
|    mean_reward          | 4.63e+03    |
| time/                   |             |
|    total_timesteps      | 9999840     |
| train/                  |             |
|    approx_kl            | 0.019675443 |
|    clip_fraction        | 0.334       |
|    clip_range           | 0.15        |
|    entropy_loss         | -28.4       |
|    explained_variance   | 0.953       |
|    learning_rate        | 0.0001      |
|    loss                 | -0.285      |
|    n_updates            | 1515        |
|    policy_gradient_loss | -0.0213     |
|    std                  | 1.3         |
|    value_loss           | 0.0184      |
-----------------------------------------
Summary terrain plain: success: 0 / 22 (0.00 %)
    average progress: 0.00 %
    runs progress: [0.000, 0.000, 0.000, 0.000, 0.000, 0.000, 0.000, 0.000, 0.000, 0.000, 0.000, 0.000, 0.000, 0.000, 0.000, 0.000, 0.000, 0.000, 0.000, 0.000, 0.000, 0.000]
---------------------------------
| rollout/           |          |
|    ep_len_mean     | 434      |
|    ep_rew_mean     | 2.46e+03 |
| time/              |          |
|    fps             | 972      |
|    iterations      | 102      |
|    time_elapsed    | 10305    |
|    total_timesteps | 10027008 |
---------------------------------
-----------------------------------------
| rollout/                |             |
|    ep_len_mean          | 470         |
|    ep_rew_mean          | 2.67e+03    |
| time/                   |             |
|    fps                  | 973         |
|    iterations           | 103         |
|    time_elapsed         | 10405       |
|    total_timesteps      | 10125312    |
| train/                  |             |
|    approx_kl            | 0.020421838 |
|    clip_fraction        | 0.343       |
|    clip_range           | 0.15        |
|    entropy_loss         | -28.5       |
|    explained_variance   | 0.948       |
|    learning_rate        | 0.0001      |
|    loss                 | -0.298      |
|    n_updates            | 1530        |
|    policy_gradient_loss | -0.0216     |
|    std                  | 1.31        |
|    value_loss           | 0.0187      |
-----------------------------------------
-----------------------------------------
| rollout/                |             |
|    ep_len_mean          | 407         |
|    ep_rew_mean          | 2.33e+03    |
| time/                   |             |
|    fps                  | 973         |
|    iterations           | 104         |
|    time_elapsed         | 10507       |
|    total_timesteps      | 10223616    |
| train/                  |             |
|    approx_kl            | 0.020150507 |
|    clip_fraction        | 0.34        |
|    clip_range           | 0.15        |
|    entropy_loss         | -28.5       |
|    explained_variance   | 0.948       |
|    learning_rate        | 0.0001      |
|    loss                 | -0.297      |
|    n_updates            | 1545        |
|    policy_gradient_loss | -0.0211     |
|    std                  | 1.31        |
|    value_loss           | 0.0189      |
-----------------------------------------
----------------------------------------
| rollout/                |            |
|    ep_len_mean          | 499        |
|    ep_rew_mean          | 2.85e+03   |
| time/                   |            |
|    fps                  | 973        |
|    iterations           | 105        |
|    time_elapsed         | 10607      |
|    total_timesteps      | 10321920   |
| train/                  |            |
|    approx_kl            | 0.02058226 |
|    clip_fraction        | 0.342      |
|    clip_range           | 0.15       |
|    entropy_loss         | -28.6      |
|    explained_variance   | 0.946      |
|    learning_rate        | 0.0001     |
|    loss                 | -0.303     |
|    n_updates            | 1560       |
|    policy_gradient_loss | -0.0216    |
|    std                  | 1.32       |
|    value_loss           | 0.0202     |
----------------------------------------
-----------------------------------------
| rollout/                |             |
|    ep_len_mean          | 500         |
|    ep_rew_mean          | 2.86e+03    |
| time/                   |             |
|    fps                  | 973         |
|    iterations           | 106         |
|    time_elapsed         | 10707       |
|    total_timesteps      | 10420224    |
| train/                  |             |
|    approx_kl            | 0.020208603 |
|    clip_fraction        | 0.342       |
|    clip_range           | 0.15        |
|    entropy_loss         | -28.7       |
|    explained_variance   | 0.945       |
|    learning_rate        | 0.0001      |
|    loss                 | -0.297      |
|    n_updates            | 1575        |
|    policy_gradient_loss | -0.0217     |
|    std                  | 1.32        |
|    value_loss           | 0.0182      |
-----------------------------------------

------ Evaluating terrain: plain ------
Eval num_timesteps=10499832, episode_reward=3384.43 +/- 1529.08
Episode length: 589.10 +/- 259.16
----------------------------------------
| eval/                   |            |
|    mean_ep_length       | 589        |
|    mean_reward          | 3.38e+03   |
| time/                   |            |
|    total_timesteps      | 10499832   |
| train/                  |            |
|    approx_kl            | 0.02022375 |
|    clip_fraction        | 0.344      |
|    clip_range           | 0.15       |
|    entropy_loss         | -28.8      |
|    explained_variance   | 0.95       |
|    learning_rate        | 0.0001     |
|    loss                 | -0.3       |
|    n_updates            | 1590       |
|    policy_gradient_loss | -0.0217    |
|    std                  | 1.33       |
|    value_loss           | 0.0173     |
----------------------------------------
Summary terrain plain: success: 0 / 14 (0.00 %)
    average progress: 0.00 %
    runs progress: [0.000, 0.000, 0.000, 0.000, 0.000, 0.000, 0.000, 0.000, 0.000, 0.000, 0.000, 0.000, 0.000, 0.000]
---------------------------------
| rollout/           |          |
|    ep_len_mean     | 494      |
|    ep_rew_mean     | 2.82e+03 |
| time/              |          |
|    fps             | 972      |
|    iterations      | 107      |
|    time_elapsed    | 10818    |
|    total_timesteps | 10518528 |
---------------------------------
-----------------------------------------
| rollout/                |             |
|    ep_len_mean          | 473         |
|    ep_rew_mean          | 2.71e+03    |
| time/                   |             |
|    fps                  | 972         |
|    iterations           | 108         |
|    time_elapsed         | 10917       |
|    total_timesteps      | 10616832    |
| train/                  |             |
|    approx_kl            | 0.020361446 |
|    clip_fraction        | 0.345       |
|    clip_range           | 0.15        |
|    entropy_loss         | -28.8       |
|    explained_variance   | 0.947       |
|    learning_rate        | 0.0001      |
|    loss                 | -0.296      |
|    n_updates            | 1605        |
|    policy_gradient_loss | -0.0217     |
|    std                  | 1.34        |
|    value_loss           | 0.0175      |
-----------------------------------------
-----------------------------------------
| rollout/                |             |
|    ep_len_mean          | 486         |
|    ep_rew_mean          | 2.78e+03    |
| time/                   |             |
|    fps                  | 972         |
|    iterations           | 109         |
|    time_elapsed         | 11018       |
|    total_timesteps      | 10715136    |
| train/                  |             |
|    approx_kl            | 0.020431507 |
|    clip_fraction        | 0.343       |
|    clip_range           | 0.15        |
|    entropy_loss         | -28.9       |
|    explained_variance   | 0.95        |
|    learning_rate        | 0.0001      |
|    loss                 | -0.3        |
|    n_updates            | 1620        |
|    policy_gradient_loss | -0.0216     |
|    std                  | 1.34        |
|    value_loss           | 0.0171      |
-----------------------------------------
-----------------------------------------
| rollout/                |             |
|    ep_len_mean          | 488         |
|    ep_rew_mean          | 2.8e+03     |
| time/                   |             |
|    fps                  | 972         |
|    iterations           | 110         |
|    time_elapsed         | 11120       |
|    total_timesteps      | 10813440    |
| train/                  |             |
|    approx_kl            | 0.020419689 |
|    clip_fraction        | 0.346       |
|    clip_range           | 0.15        |
|    entropy_loss         | -28.9       |
|    explained_variance   | 0.948       |
|    learning_rate        | 0.0001      |
|    loss                 | -0.291      |
|    n_updates            | 1635        |
|    policy_gradient_loss | -0.0218     |
|    std                  | 1.35        |
|    value_loss           | 0.0172      |
-----------------------------------------
-----------------------------------------
| rollout/                |             |
|    ep_len_mean          | 516         |
|    ep_rew_mean          | 2.99e+03    |
| time/                   |             |
|    fps                  | 972         |
|    iterations           | 111         |
|    time_elapsed         | 11220       |
|    total_timesteps      | 10911744    |
| train/                  |             |
|    approx_kl            | 0.020428408 |
|    clip_fraction        | 0.341       |
|    clip_range           | 0.15        |
|    entropy_loss         | -29         |
|    explained_variance   | 0.948       |
|    learning_rate        | 0.0001      |
|    loss                 | -0.303      |
|    n_updates            | 1650        |
|    policy_gradient_loss | -0.0208     |
|    std                  | 1.35        |
|    value_loss           | 0.0159      |
-----------------------------------------

------ Evaluating terrain: plain ------
Eval num_timesteps=10999824, episode_reward=4777.78 +/- 2242.56
Episode length: 819.90 +/- 372.54
-----------------------------------------
| eval/                   |             |
|    mean_ep_length       | 820         |
|    mean_reward          | 4.78e+03    |
| time/                   |             |
|    total_timesteps      | 10999824    |
| train/                  |             |
|    approx_kl            | 0.020971408 |
|    clip_fraction        | 0.346       |
|    clip_range           | 0.15        |
|    entropy_loss         | -29.1       |
|    explained_variance   | 0.944       |
|    learning_rate        | 0.0001      |
|    loss                 | -0.302      |
|    n_updates            | 1665        |
|    policy_gradient_loss | -0.0216     |
|    std                  | 1.36        |
|    value_loss           | 0.0166      |
-----------------------------------------
Summary terrain plain: success: 0 / 24 (0.00 %)
    average progress: 0.00 %
    runs progress: [0.000, 0.000, 0.000, 0.000, 0.000, 0.000, 0.000, 0.000, 0.000, 0.000, 0.000, 0.000, 0.000, 0.000, 0.000, 0.000, 0.000, 0.000, 0.000, 0.000, 0.000, 0.000, 0.000, 0.000]
---------------------------------
| rollout/           |          |
|    ep_len_mean     | 524      |
|    ep_rew_mean     | 3.01e+03 |
| time/              |          |
|    fps             | 970      |
|    iterations      | 112      |
|    time_elapsed    | 11339    |
|    total_timesteps | 11010048 |
---------------------------------
-----------------------------------------
| rollout/                |             |
|    ep_len_mean          | 538         |
|    ep_rew_mean          | 3.12e+03    |
| time/                   |             |
|    fps                  | 970         |
|    iterations           | 113         |
|    time_elapsed         | 11441       |
|    total_timesteps      | 11108352    |
| train/                  |             |
|    approx_kl            | 0.021017438 |
|    clip_fraction        | 0.348       |
|    clip_range           | 0.15        |
|    entropy_loss         | -29.2       |
|    explained_variance   | 0.945       |
|    learning_rate        | 0.0001      |
|    loss                 | -0.304      |
|    n_updates            | 1680        |
|    policy_gradient_loss | -0.0213     |
|    std                  | 1.36        |
|    value_loss           | 0.0158      |
-----------------------------------------
-----------------------------------------
| rollout/                |             |
|    ep_len_mean          | 569         |
|    ep_rew_mean          | 3.3e+03     |
| time/                   |             |
|    fps                  | 970         |
|    iterations           | 114         |
|    time_elapsed         | 11541       |
|    total_timesteps      | 11206656    |
| train/                  |             |
|    approx_kl            | 0.020810947 |
|    clip_fraction        | 0.346       |
|    clip_range           | 0.15        |
|    entropy_loss         | -29.2       |
|    explained_variance   | 0.945       |
|    learning_rate        | 0.0001      |
|    loss                 | -0.301      |
|    n_updates            | 1695        |
|    policy_gradient_loss | -0.0209     |
|    std                  | 1.37        |
|    value_loss           | 0.0157      |
-----------------------------------------
-----------------------------------------
| rollout/                |             |
|    ep_len_mean          | 597         |
|    ep_rew_mean          | 3.48e+03    |
| time/                   |             |
|    fps                  | 971         |
|    iterations           | 115         |
|    time_elapsed         | 11642       |
|    total_timesteps      | 11304960    |
| train/                  |             |
|    approx_kl            | 0.020804666 |
|    clip_fraction        | 0.345       |
|    clip_range           | 0.15        |
|    entropy_loss         | -29.3       |
|    explained_variance   | 0.945       |
|    learning_rate        | 0.0001      |
|    loss                 | -0.307      |
|    n_updates            | 1710        |
|    policy_gradient_loss | -0.0211     |
|    std                  | 1.37        |
|    value_loss           | 0.0147      |
-----------------------------------------
----------------------------------------
| rollout/                |            |
|    ep_len_mean          | 569        |
|    ep_rew_mean          | 3.33e+03   |
| time/                   |            |
|    fps                  | 970        |
|    iterations           | 116        |
|    time_elapsed         | 11744      |
|    total_timesteps      | 11403264   |
| train/                  |            |
|    approx_kl            | 0.02115077 |
|    clip_fraction        | 0.35       |
|    clip_range           | 0.15       |
|    entropy_loss         | -29.3      |
|    explained_variance   | 0.944      |
|    learning_rate        | 0.0001     |
|    loss                 | -0.319     |
|    n_updates            | 1725       |
|    policy_gradient_loss | -0.0214    |
|    std                  | 1.38       |
|    value_loss           | 0.0148     |
----------------------------------------

------ Evaluating terrain: plain ------
Eval num_timesteps=11499816, episode_reward=3772.73 +/- 1213.35
Episode length: 641.20 +/- 197.12
-----------------------------------------
| eval/                   |             |
|    mean_ep_length       | 641         |
|    mean_reward          | 3.77e+03    |
| time/                   |             |
|    total_timesteps      | 11499816    |
| train/                  |             |
|    approx_kl            | 0.021335209 |
|    clip_fraction        | 0.35        |
|    clip_range           | 0.15        |
|    entropy_loss         | -29.4       |
|    explained_variance   | 0.943       |
|    learning_rate        | 0.0001      |
|    loss                 | -0.303      |
|    n_updates            | 1740        |
|    policy_gradient_loss | -0.0217     |
|    std                  | 1.39        |
|    value_loss           | 0.016       |
-----------------------------------------
Summary terrain plain: success: 0 / 11 (0.00 %)
    average progress: 0.00 %
    runs progress: [0.000, 0.000, 0.000, 0.000, 0.000, 0.000, 0.000, 0.000, 0.000, 0.000, 0.000]
---------------------------------
| rollout/           |          |
|    ep_len_mean     | 581      |
|    ep_rew_mean     | 3.39e+03 |
| time/              |          |
|    fps             | 970      |
|    iterations      | 117      |
|    time_elapsed    | 11854    |
|    total_timesteps | 11501568 |
---------------------------------
-----------------------------------------
| rollout/                |             |
|    ep_len_mean          | 555         |
|    ep_rew_mean          | 3.24e+03    |
| time/                   |             |
|    fps                  | 970         |
|    iterations           | 118         |
|    time_elapsed         | 11955       |
|    total_timesteps      | 11599872    |
| train/                  |             |
|    approx_kl            | 0.021916127 |
|    clip_fraction        | 0.355       |
|    clip_range           | 0.15        |
|    entropy_loss         | -29.5       |
|    explained_variance   | 0.938       |
|    learning_rate        | 0.0001      |
|    loss                 | -0.318      |
|    n_updates            | 1755        |
|    policy_gradient_loss | -0.0213     |
|    std                  | 1.39        |
|    value_loss           | 0.0165      |
-----------------------------------------
-----------------------------------------
| rollout/                |             |
|    ep_len_mean          | 634         |
|    ep_rew_mean          | 3.73e+03    |
| time/                   |             |
|    fps                  | 970         |
|    iterations           | 119         |
|    time_elapsed         | 12057       |
|    total_timesteps      | 11698176    |
| train/                  |             |
|    approx_kl            | 0.020947656 |
|    clip_fraction        | 0.351       |
|    clip_range           | 0.15        |
|    entropy_loss         | -29.6       |
|    explained_variance   | 0.939       |
|    learning_rate        | 0.0001      |
|    loss                 | -0.321      |
|    n_updates            | 1770        |
|    policy_gradient_loss | -0.021      |
|    std                  | 1.4         |
|    value_loss           | 0.0162      |
-----------------------------------------
-----------------------------------------
| rollout/                |             |
|    ep_len_mean          | 648         |
|    ep_rew_mean          | 3.82e+03    |
| time/                   |             |
|    fps                  | 970         |
|    iterations           | 120         |
|    time_elapsed         | 12158       |
|    total_timesteps      | 11796480    |
| train/                  |             |
|    approx_kl            | 0.020905964 |
|    clip_fraction        | 0.349       |
|    clip_range           | 0.15        |
|    entropy_loss         | -29.6       |
|    explained_variance   | 0.939       |
|    learning_rate        | 0.0001      |
|    loss                 | -0.312      |
|    n_updates            | 1785        |
|    policy_gradient_loss | -0.0211     |
|    std                  | 1.41        |
|    value_loss           | 0.015       |
-----------------------------------------
-----------------------------------------
| rollout/                |             |
|    ep_len_mean          | 644         |
|    ep_rew_mean          | 3.79e+03    |
| time/                   |             |
|    fps                  | 970         |
|    iterations           | 121         |
|    time_elapsed         | 12261       |
|    total_timesteps      | 11894784    |
| train/                  |             |
|    approx_kl            | 0.021371126 |
|    clip_fraction        | 0.354       |
|    clip_range           | 0.15        |
|    entropy_loss         | -29.7       |
|    explained_variance   | 0.943       |
|    learning_rate        | 0.0001      |
|    loss                 | -0.324      |
|    n_updates            | 1800        |
|    policy_gradient_loss | -0.0215     |
|    std                  | 1.41        |
|    value_loss           | 0.014       |
-----------------------------------------
----------------------------------------
| rollout/                |            |
|    ep_len_mean          | 671        |
|    ep_rew_mean          | 3.98e+03   |
| time/                   |            |
|    fps                  | 969        |
|    iterations           | 122        |
|    time_elapsed         | 12364      |
|    total_timesteps      | 11993088   |
| train/                  |            |
|    approx_kl            | 0.02154515 |
|    clip_fraction        | 0.354      |
|    clip_range           | 0.15       |
|    entropy_loss         | -29.8      |
|    explained_variance   | 0.942      |
|    learning_rate        | 0.0001     |
|    loss                 | -0.311     |
|    n_updates            | 1815       |
|    policy_gradient_loss | -0.0212    |
|    std                  | 1.42       |
|    value_loss           | 0.0137     |
----------------------------------------

------ Evaluating terrain: plain ------
Eval num_timesteps=11999808, episode_reward=4112.98 +/- 1166.00
Episode length: 699.80 +/- 195.60
-----------------------------------------
| eval/                   |             |
|    mean_ep_length       | 700         |
|    mean_reward          | 4.11e+03    |
| time/                   |             |
|    total_timesteps      | 11999808    |
| train/                  |             |
|    approx_kl            | 0.022243612 |
|    clip_fraction        | 0.363       |
|    clip_range           | 0.15        |
|    entropy_loss         | -29.8       |
|    explained_variance   | 0.932       |
|    learning_rate        | 0.0001      |
|    loss                 | -0.306      |
|    n_updates            | 1830        |
|    policy_gradient_loss | -0.0214     |
|    std                  | 1.42        |
|    value_loss           | 0.0145      |
-----------------------------------------
Summary terrain plain: success: 0 / 11 (0.00 %)
    average progress: 0.00 %
    runs progress: [0.000, 0.000, 0.000, 0.000, 0.000, 0.000, 0.000, 0.000, 0.000, 0.000, 0.000]
---------------------------------
| rollout/           |          |
|    ep_len_mean     | 721      |
|    ep_rew_mean     | 4.25e+03 |
| time/              |          |
|    fps             | 969      |
|    iterations      | 123      |
|    time_elapsed    | 12475    |
|    total_timesteps | 12091392 |
---------------------------------
-----------------------------------------
| rollout/                |             |
|    ep_len_mean          | 668         |
|    ep_rew_mean          | 3.93e+03    |
| time/                   |             |
|    fps                  | 969         |
|    iterations           | 124         |
|    time_elapsed         | 12577       |
|    total_timesteps      | 12189696    |
| train/                  |             |
|    approx_kl            | 0.022499554 |
|    clip_fraction        | 0.361       |
|    clip_range           | 0.15        |
|    entropy_loss         | -29.9       |
|    explained_variance   | 0.934       |
|    learning_rate        | 0.0001      |
|    loss                 | -0.324      |
|    n_updates            | 1845        |
|    policy_gradient_loss | -0.0215     |
|    std                  | 1.43        |
|    value_loss           | 0.013       |
-----------------------------------------
---------------------------------------
| rollout/                |           |
|    ep_len_mean          | 689       |
|    ep_rew_mean          | 4.06e+03  |
| time/                   |           |
|    fps                  | 969       |
|    iterations           | 125       |
|    time_elapsed         | 12679     |
|    total_timesteps      | 12288000  |
| train/                  |           |
|    approx_kl            | 0.0220064 |
|    clip_fraction        | 0.358     |
|    clip_range           | 0.15      |
|    entropy_loss         | -30       |
|    explained_variance   | 0.941     |
|    learning_rate        | 0.0001    |
|    loss                 | -0.32     |
|    n_updates            | 1860      |
|    policy_gradient_loss | -0.0213   |
|    std                  | 1.44      |
|    value_loss           | 0.0121    |
---------------------------------------
-----------------------------------------
| rollout/                |             |
|    ep_len_mean          | 740         |
|    ep_rew_mean          | 4.39e+03    |
| time/                   |             |
|    fps                  | 969         |
|    iterations           | 126         |
|    time_elapsed         | 12780       |
|    total_timesteps      | 12386304    |
| train/                  |             |
|    approx_kl            | 0.021972885 |
|    clip_fraction        | 0.356       |
|    clip_range           | 0.15        |
|    entropy_loss         | -30.1       |
|    explained_variance   | 0.938       |
|    learning_rate        | 0.0001      |
|    loss                 | -0.311      |
|    n_updates            | 1875        |
|    policy_gradient_loss | -0.0212     |
|    std                  | 1.44        |
|    value_loss           | 0.0129      |
-----------------------------------------
-----------------------------------------
| rollout/                |             |
|    ep_len_mean          | 666         |
|    ep_rew_mean          | 3.96e+03    |
| time/                   |             |
|    fps                  | 969         |
|    iterations           | 127         |
|    time_elapsed         | 12882       |
|    total_timesteps      | 12484608    |
| train/                  |             |
|    approx_kl            | 0.021894978 |
|    clip_fraction        | 0.359       |
|    clip_range           | 0.15        |
|    entropy_loss         | -30.2       |
|    explained_variance   | 0.937       |
|    learning_rate        | 0.0001      |
|    loss                 | -0.307      |
|    n_updates            | 1890        |
|    policy_gradient_loss | -0.0211     |
|    std                  | 1.45        |
|    value_loss           | 0.0123      |
-----------------------------------------

------ Evaluating terrain: plain ------
Eval num_timesteps=12499800, episode_reward=5708.79 +/- 1965.87
Episode length: 959.20 +/- 323.23
-----------------------------------------
| eval/                   |             |
|    mean_ep_length       | 959         |
|    mean_reward          | 5.71e+03    |
| time/                   |             |
|    total_timesteps      | 12499800    |
| train/                  |             |
|    approx_kl            | 0.022179333 |
|    clip_fraction        | 0.358       |
|    clip_range           | 0.15        |
|    entropy_loss         | -30.2       |
|    explained_variance   | 0.942       |
|    learning_rate        | 0.0001      |
|    loss                 | -0.327      |
|    n_updates            | 1905        |
|    policy_gradient_loss | -0.0212     |
|    std                  | 1.46        |
|    value_loss           | 0.0122      |
-----------------------------------------
New best mean reward!
Summary terrain plain: success: 0 / 13 (0.00 %)
    average progress: 0.00 %
    runs progress: [0.000, 0.000, 0.000, 0.000, 0.000, 0.000, 0.000, 0.000, 0.000, 0.000, 0.000, 0.000, 0.000]
---------------------------------
| rollout/           |          |
|    ep_len_mean     | 742      |
|    ep_rew_mean     | 4.41e+03 |
| time/              |          |
|    fps             | 967      |
|    iterations      | 128      |
|    time_elapsed    | 12999    |
|    total_timesteps | 12582912 |
---------------------------------
-----------------------------------------
| rollout/                |             |
|    ep_len_mean          | 729         |
|    ep_rew_mean          | 4.35e+03    |
| time/                   |             |
|    fps                  | 967         |
|    iterations           | 129         |
|    time_elapsed         | 13101       |
|    total_timesteps      | 12681216    |
| train/                  |             |
|    approx_kl            | 0.022126945 |
|    clip_fraction        | 0.361       |
|    clip_range           | 0.15        |
|    entropy_loss         | -30.3       |
|    explained_variance   | 0.931       |
|    learning_rate        | 0.0001      |
|    loss                 | -0.316      |
|    n_updates            | 1920        |
|    policy_gradient_loss | -0.0207     |
|    std                  | 1.47        |
|    value_loss           | 0.0122      |
-----------------------------------------
-----------------------------------------
| rollout/                |             |
|    ep_len_mean          | 750         |
|    ep_rew_mean          | 4.47e+03    |
| time/                   |             |
|    fps                  | 967         |
|    iterations           | 130         |
|    time_elapsed         | 13204       |
|    total_timesteps      | 12779520    |
| train/                  |             |
|    approx_kl            | 0.022842035 |
|    clip_fraction        | 0.366       |
|    clip_range           | 0.15        |
|    entropy_loss         | -30.4       |
|    explained_variance   | 0.932       |
|    learning_rate        | 0.0001      |
|    loss                 | -0.313      |
|    n_updates            | 1935        |
|    policy_gradient_loss | -0.0211     |
|    std                  | 1.48        |
|    value_loss           | 0.0133      |
-----------------------------------------
----------------------------------------
| rollout/                |            |
|    ep_len_mean          | 882        |
|    ep_rew_mean          | 5.27e+03   |
| time/                   |            |
|    fps                  | 967        |
|    iterations           | 131        |
|    time_elapsed         | 13306      |
|    total_timesteps      | 12877824   |
| train/                  |            |
|    approx_kl            | 0.02189108 |
|    clip_fraction        | 0.361      |
|    clip_range           | 0.15       |
|    entropy_loss         | -30.5      |
|    explained_variance   | 0.93       |
|    learning_rate        | 0.0001     |
|    loss                 | -0.326     |
|    n_updates            | 1950       |
|    policy_gradient_loss | -0.0207    |
|    std                  | 1.49       |
|    value_loss           | 0.0124     |
----------------------------------------
-----------------------------------------
| rollout/                |             |
|    ep_len_mean          | 687         |
|    ep_rew_mean          | 4.1e+03     |
| time/                   |             |
|    fps                  | 967         |
|    iterations           | 132         |
|    time_elapsed         | 13408       |
|    total_timesteps      | 12976128    |
| train/                  |             |
|    approx_kl            | 0.022017367 |
|    clip_fraction        | 0.358       |
|    clip_range           | 0.15        |
|    entropy_loss         | -30.6       |
|    explained_variance   | 0.932       |
|    learning_rate        | 0.0001      |
|    loss                 | -0.317      |
|    n_updates            | 1965        |
|    policy_gradient_loss | -0.021      |
|    std                  | 1.49        |
|    value_loss           | 0.0118      |
-----------------------------------------

------ Evaluating terrain: plain ------
Eval num_timesteps=12999792, episode_reward=6682.98 +/- 1569.99
Episode length: 1113.90 +/- 257.97
-----------------------------------------
| eval/                   |             |
|    mean_ep_length       | 1.11e+03    |
|    mean_reward          | 6.68e+03    |
| time/                   |             |
|    total_timesteps      | 12999792    |
| train/                  |             |
|    approx_kl            | 0.022130176 |
|    clip_fraction        | 0.361       |
|    clip_range           | 0.15        |
|    entropy_loss         | -30.7       |
|    explained_variance   | 0.942       |
|    learning_rate        | 0.0001      |
|    loss                 | -0.326      |
|    n_updates            | 1980        |
|    policy_gradient_loss | -0.021      |
|    std                  | 1.5         |
|    value_loss           | 0.0117      |
-----------------------------------------
New best mean reward!
Summary terrain plain: success: 0 / 10 (0.00 %)
    average progress: 0.00 %
    runs progress: [0.000, 0.000, 0.000, 0.000, 0.000, 0.000, 0.000, 0.000, 0.000, 0.000]
---------------------------------
| rollout/           |          |
|    ep_len_mean     | 827      |
|    ep_rew_mean     | 4.95e+03 |
| time/              |          |
|    fps             | 966      |
|    iterations      | 133      |
|    time_elapsed    | 13525    |
|    total_timesteps | 13074432 |
---------------------------------
---------------------------------------
| rollout/                |           |
|    ep_len_mean          | 810       |
|    ep_rew_mean          | 4.85e+03  |
| time/                   |           |
|    fps                  | 966       |
|    iterations           | 134       |
|    time_elapsed         | 13627     |
|    total_timesteps      | 13172736  |
| train/                  |           |
|    approx_kl            | 0.0231547 |
|    clip_fraction        | 0.369     |
|    clip_range           | 0.15      |
|    entropy_loss         | -30.8     |
|    explained_variance   | 0.929     |
|    learning_rate        | 0.0001    |
|    loss                 | -0.328    |
|    n_updates            | 1995      |
|    policy_gradient_loss | -0.0209   |
|    std                  | 1.51      |
|    value_loss           | 0.0121    |
---------------------------------------
-----------------------------------------
| rollout/                |             |
|    ep_len_mean          | 803         |
|    ep_rew_mean          | 4.82e+03    |
| time/                   |             |
|    fps                  | 966         |
|    iterations           | 135         |
|    time_elapsed         | 13728       |
|    total_timesteps      | 13271040    |
| train/                  |             |
|    approx_kl            | 0.023298813 |
|    clip_fraction        | 0.369       |
|    clip_range           | 0.15        |
|    entropy_loss         | -30.9       |
|    explained_variance   | 0.936       |
|    learning_rate        | 0.0001      |
|    loss                 | -0.327      |
|    n_updates            | 2010        |
|    policy_gradient_loss | -0.0212     |
|    std                  | 1.52        |
|    value_loss           | 0.0113      |
-----------------------------------------
----------------------------------------
| rollout/                |            |
|    ep_len_mean          | 873        |
|    ep_rew_mean          | 5.26e+03   |
| time/                   |            |
|    fps                  | 966        |
|    iterations           | 136        |
|    time_elapsed         | 13832      |
|    total_timesteps      | 13369344   |
| train/                  |            |
|    approx_kl            | 0.02283446 |
|    clip_fraction        | 0.367      |
|    clip_range           | 0.15       |
|    entropy_loss         | -31        |
|    explained_variance   | 0.932      |
|    learning_rate        | 0.0001     |
|    loss                 | -0.331     |
|    n_updates            | 2025       |
|    policy_gradient_loss | -0.0208    |
|    std                  | 1.53       |
|    value_loss           | 0.0116     |
----------------------------------------
-----------------------------------------
| rollout/                |             |
|    ep_len_mean          | 847         |
|    ep_rew_mean          | 5.11e+03    |
| time/                   |             |
|    fps                  | 966         |
|    iterations           | 137         |
|    time_elapsed         | 13934       |
|    total_timesteps      | 13467648    |
| train/                  |             |
|    approx_kl            | 0.022129914 |
|    clip_fraction        | 0.36        |
|    clip_range           | 0.15        |
|    entropy_loss         | -31.1       |
|    explained_variance   | 0.935       |
|    learning_rate        | 0.0001      |
|    loss                 | -0.32       |
|    n_updates            | 2040        |
|    policy_gradient_loss | -0.0209     |
|    std                  | 1.53        |
|    value_loss           | 0.0106      |
-----------------------------------------

------ Evaluating terrain: plain ------
Eval num_timesteps=13499784, episode_reward=6409.35 +/- 1737.11
Episode length: 1072.60 +/- 287.13
----------------------------------------
| eval/                   |            |
|    mean_ep_length       | 1.07e+03   |
|    mean_reward          | 6.41e+03   |
| time/                   |            |
|    total_timesteps      | 13499784   |
| train/                  |            |
|    approx_kl            | 0.02349297 |
|    clip_fraction        | 0.366      |
|    clip_range           | 0.15       |
|    entropy_loss         | -31.2      |
|    explained_variance   | 0.928      |
|    learning_rate        | 0.0001     |
|    loss                 | -0.328     |
|    n_updates            | 2055       |
|    policy_gradient_loss | -0.0209    |
|    std                  | 1.54       |
|    value_loss           | 0.011      |
----------------------------------------
Summary terrain plain: success: 0 / 11 (0.00 %)
    average progress: 0.00 %
    runs progress: [0.000, 0.000, 0.000, 0.000, 0.000, 0.000, 0.000, 0.000, 0.000, 0.000, 0.000]
---------------------------------
| rollout/           |          |
|    ep_len_mean     | 844      |
|    ep_rew_mean     | 5.09e+03 |
| time/              |          |
|    fps             | 965      |
|    iterations      | 138      |
|    time_elapsed    | 14052    |
|    total_timesteps | 13565952 |
---------------------------------
-----------------------------------------
| rollout/                |             |
|    ep_len_mean          | 993         |
|    ep_rew_mean          | 6e+03       |
| time/                   |             |
|    fps                  | 965         |
|    iterations           | 139         |
|    time_elapsed         | 14155       |
|    total_timesteps      | 13664256    |
| train/                  |             |
|    approx_kl            | 0.022040814 |
|    clip_fraction        | 0.359       |
|    clip_range           | 0.15        |
|    entropy_loss         | -31.3       |
|    explained_variance   | 0.933       |
|    learning_rate        | 0.0001      |
|    loss                 | -0.343      |
|    n_updates            | 2070        |
|    policy_gradient_loss | -0.0207     |
|    std                  | 1.55        |
|    value_loss           | 0.01        |
-----------------------------------------
-----------------------------------------
| rollout/                |             |
|    ep_len_mean          | 1.05e+03    |
|    ep_rew_mean          | 6.36e+03    |
| time/                   |             |
|    fps                  | 965         |
|    iterations           | 140         |
|    time_elapsed         | 14258       |
|    total_timesteps      | 13762560    |
| train/                  |             |
|    approx_kl            | 0.022568675 |
|    clip_fraction        | 0.364       |
|    clip_range           | 0.15        |
|    entropy_loss         | -31.3       |
|    explained_variance   | 0.927       |
|    learning_rate        | 0.0001      |
|    loss                 | -0.324      |
|    n_updates            | 2085        |
|    policy_gradient_loss | -0.0204     |
|    std                  | 1.56        |
|    value_loss           | 0.00855     |
-----------------------------------------
-----------------------------------------
| rollout/                |             |
|    ep_len_mean          | 1e+03       |
|    ep_rew_mean          | 6.06e+03    |
| time/                   |             |
|    fps                  | 965         |
|    iterations           | 141         |
|    time_elapsed         | 14360       |
|    total_timesteps      | 13860864    |
| train/                  |             |
|    approx_kl            | 0.023715252 |
|    clip_fraction        | 0.37        |
|    clip_range           | 0.15        |
|    entropy_loss         | -31.5       |
|    explained_variance   | 0.928       |
|    learning_rate        | 0.0001      |
|    loss                 | -0.341      |
|    n_updates            | 2100        |
|    policy_gradient_loss | -0.0205     |
|    std                  | 1.57        |
|    value_loss           | 0.00921     |
-----------------------------------------
-----------------------------------------
| rollout/                |             |
|    ep_len_mean          | 999         |
|    ep_rew_mean          | 6.04e+03    |
| time/                   |             |
|    fps                  | 965         |
|    iterations           | 142         |
|    time_elapsed         | 14462       |
|    total_timesteps      | 13959168    |
| train/                  |             |
|    approx_kl            | 0.022734368 |
|    clip_fraction        | 0.369       |
|    clip_range           | 0.15        |
|    entropy_loss         | -31.6       |
|    explained_variance   | 0.931       |
|    learning_rate        | 0.0001      |
|    loss                 | -0.333      |
|    n_updates            | 2115        |
|    policy_gradient_loss | -0.0204     |
|    std                  | 1.58        |
|    value_loss           | 0.00828     |
-----------------------------------------

------ Evaluating terrain: plain ------
Eval num_timesteps=13999776, episode_reward=7962.26 +/- 1939.49
Episode length: 1312.90 +/- 312.66
-----------------------------------------
| eval/                   |             |
|    mean_ep_length       | 1.31e+03    |
|    mean_reward          | 7.96e+03    |
| time/                   |             |
|    total_timesteps      | 13999776    |
| train/                  |             |
|    approx_kl            | 0.022562234 |
|    clip_fraction        | 0.365       |
|    clip_range           | 0.15        |
|    entropy_loss         | -31.7       |
|    explained_variance   | 0.925       |
|    learning_rate        | 0.0001      |
|    loss                 | -0.336      |
|    n_updates            | 2130        |
|    policy_gradient_loss | -0.0202     |
|    std                  | 1.59        |
|    value_loss           | 0.009       |
-----------------------------------------
New best mean reward!
Summary terrain plain: success: 0 / 10 (0.00 %)
    average progress: 0.00 %
    runs progress: [0.000, 0.000, 0.000, 0.000, 0.000, 0.000, 0.000, 0.000, 0.000, 0.000]
---------------------------------
| rollout/           |          |
|    ep_len_mean     | 954      |
|    ep_rew_mean     | 5.78e+03 |
| time/              |          |
|    fps             | 963      |
|    iterations      | 143      |
|    time_elapsed    | 14583    |
|    total_timesteps | 14057472 |
---------------------------------
-----------------------------------------
| rollout/                |             |
|    ep_len_mean          | 1.02e+03    |
|    ep_rew_mean          | 6.24e+03    |
| time/                   |             |
|    fps                  | 963         |
|    iterations           | 144         |
|    time_elapsed         | 14687       |
|    total_timesteps      | 14155776    |
| train/                  |             |
|    approx_kl            | 0.022847915 |
|    clip_fraction        | 0.367       |
|    clip_range           | 0.15        |
|    entropy_loss         | -31.8       |
|    explained_variance   | 0.93        |
|    learning_rate        | 0.0001      |
|    loss                 | -0.34       |
|    n_updates            | 2145        |
|    policy_gradient_loss | -0.0205     |
|    std                  | 1.6         |
|    value_loss           | 0.00926     |
-----------------------------------------
-----------------------------------------
| rollout/                |             |
|    ep_len_mean          | 1.1e+03     |
|    ep_rew_mean          | 6.75e+03    |
| time/                   |             |
|    fps                  | 963         |
|    iterations           | 145         |
|    time_elapsed         | 14789       |
|    total_timesteps      | 14254080    |
| train/                  |             |
|    approx_kl            | 0.023146888 |
|    clip_fraction        | 0.368       |
|    clip_range           | 0.15        |
|    entropy_loss         | -31.9       |
|    explained_variance   | 0.928       |
|    learning_rate        | 0.0001      |
|    loss                 | -0.334      |
|    n_updates            | 2160        |
|    policy_gradient_loss | -0.0202     |
|    std                  | 1.61        |
|    value_loss           | 0.00893     |
-----------------------------------------
----------------------------------------
| rollout/                |            |
|    ep_len_mean          | 1.04e+03   |
|    ep_rew_mean          | 6.38e+03   |
| time/                   |            |
|    fps                  | 963        |
|    iterations           | 146        |
|    time_elapsed         | 14892      |
|    total_timesteps      | 14352384   |
| train/                  |            |
|    approx_kl            | 0.02410852 |
|    clip_fraction        | 0.377      |
|    clip_range           | 0.15       |
|    entropy_loss         | -32        |
|    explained_variance   | 0.923      |
|    learning_rate        | 0.0001     |
|    loss                 | -0.345     |
|    n_updates            | 2175       |
|    policy_gradient_loss | -0.0207    |
|    std                  | 1.62       |
|    value_loss           | 0.00932    |
----------------------------------------
-----------------------------------------
| rollout/                |             |
|    ep_len_mean          | 942         |
|    ep_rew_mean          | 5.79e+03    |
| time/                   |             |
|    fps                  | 963         |
|    iterations           | 147         |
|    time_elapsed         | 14995       |
|    total_timesteps      | 14450688    |
| train/                  |             |
|    approx_kl            | 0.022763856 |
|    clip_fraction        | 0.369       |
|    clip_range           | 0.15        |
|    entropy_loss         | -32.1       |
|    explained_variance   | 0.928       |
|    learning_rate        | 0.0001      |
|    loss                 | -0.34       |
|    n_updates            | 2190        |
|    policy_gradient_loss | -0.0201     |
|    std                  | 1.63        |
|    value_loss           | 0.00871     |
-----------------------------------------

------ Evaluating terrain: plain ------
Eval num_timesteps=14499768, episode_reward=10631.61 +/- 1756.40
Episode length: 1725.40 +/- 282.11
-----------------------------------------
| eval/                   |             |
|    mean_ep_length       | 1.73e+03    |
|    mean_reward          | 1.06e+04    |
| time/                   |             |
|    total_timesteps      | 14499768    |
| train/                  |             |
|    approx_kl            | 0.022926202 |
|    clip_fraction        | 0.37        |
|    clip_range           | 0.15        |
|    entropy_loss         | -32.2       |
|    explained_variance   | 0.927       |
|    learning_rate        | 0.0001      |
|    loss                 | -0.345      |
|    n_updates            | 2205        |
|    policy_gradient_loss | -0.0206     |
|    std                  | 1.64        |
|    value_loss           | 0.00951     |
-----------------------------------------
New best mean reward!
Summary terrain plain: success: 0 / 10 (0.00 %)
    average progress: 0.00 %
    runs progress: [0.000, 0.000, 0.000, 0.000, 0.000, 0.000, 0.000, 0.000, 0.000, 0.000]
---------------------------------
| rollout/           |          |
|    ep_len_mean     | 1.21e+03 |
|    ep_rew_mean     | 7.44e+03 |
| time/              |          |
|    fps             | 962      |
|    iterations      | 148      |
|    time_elapsed    | 15117    |
|    total_timesteps | 14548992 |
---------------------------------
-----------------------------------------
| rollout/                |             |
|    ep_len_mean          | 1.23e+03    |
|    ep_rew_mean          | 7.58e+03    |
| time/                   |             |
|    fps                  | 962         |
|    iterations           | 149         |
|    time_elapsed         | 15218       |
|    total_timesteps      | 14647296    |
| train/                  |             |
|    approx_kl            | 0.023393935 |
|    clip_fraction        | 0.372       |
|    clip_range           | 0.15        |
|    entropy_loss         | -32.3       |
|    explained_variance   | 0.92        |
|    learning_rate        | 0.0001      |
|    loss                 | -0.354      |
|    n_updates            | 2220        |
|    policy_gradient_loss | -0.0203     |
|    std                  | 1.65        |
|    value_loss           | 0.00875     |
-----------------------------------------
-----------------------------------------
| rollout/                |             |
|    ep_len_mean          | 1.07e+03    |
|    ep_rew_mean          | 6.63e+03    |
| time/                   |             |
|    fps                  | 962         |
|    iterations           | 150         |
|    time_elapsed         | 15321       |
|    total_timesteps      | 14745600    |
| train/                  |             |
|    approx_kl            | 0.023414629 |
|    clip_fraction        | 0.37        |
|    clip_range           | 0.15        |
|    entropy_loss         | -32.4       |
|    explained_variance   | 0.921       |
|    learning_rate        | 0.0001      |
|    loss                 | -0.347      |
|    n_updates            | 2235        |
|    policy_gradient_loss | -0.0208     |
|    std                  | 1.66        |
|    value_loss           | 0.00837     |
-----------------------------------------
----------------------------------------
| rollout/                |            |
|    ep_len_mean          | 1.1e+03    |
|    ep_rew_mean          | 6.76e+03   |
| time/                   |            |
|    fps                  | 962        |
|    iterations           | 151        |
|    time_elapsed         | 15423      |
|    total_timesteps      | 14843904   |
| train/                  |            |
|    approx_kl            | 0.02286685 |
|    clip_fraction        | 0.369      |
|    clip_range           | 0.15       |
|    entropy_loss         | -32.5      |
|    explained_variance   | 0.921      |
|    learning_rate        | 0.0001     |
|    loss                 | -0.355     |
|    n_updates            | 2250       |
|    policy_gradient_loss | -0.0202    |
|    std                  | 1.67       |
|    value_loss           | 0.00847    |
----------------------------------------
-----------------------------------------
| rollout/                |             |
|    ep_len_mean          | 1.08e+03    |
|    ep_rew_mean          | 6.73e+03    |
| time/                   |             |
|    fps                  | 962         |
|    iterations           | 152         |
|    time_elapsed         | 15524       |
|    total_timesteps      | 14942208    |
| train/                  |             |
|    approx_kl            | 0.023118364 |
|    clip_fraction        | 0.366       |
|    clip_range           | 0.15        |
|    entropy_loss         | -32.6       |
|    explained_variance   | 0.906       |
|    learning_rate        | 0.0001      |
|    loss                 | -0.345      |
|    n_updates            | 2265        |
|    policy_gradient_loss | -0.0204     |
|    std                  | 1.68        |
|    value_loss           | 0.00986     |
-----------------------------------------

------ Evaluating terrain: plain ------
Eval num_timesteps=14999760, episode_reward=12350.83 +/- 186.52
Episode length: 1993.30 +/- 20.10
-----------------------------------------
| eval/                   |             |
|    mean_ep_length       | 1.99e+03    |
|    mean_reward          | 1.24e+04    |
| time/                   |             |
|    total_timesteps      | 14999760    |
| train/                  |             |
|    approx_kl            | 0.023712626 |
|    clip_fraction        | 0.376       |
|    clip_range           | 0.15        |
|    entropy_loss         | -32.7       |
|    explained_variance   | 0.917       |
|    learning_rate        | 0.0001      |
|    loss                 | -0.348      |
|    n_updates            | 2280        |
|    policy_gradient_loss | -0.0206     |
|    std                  | 1.7         |
|    value_loss           | 0.00988     |
-----------------------------------------
New best mean reward!
Summary terrain plain: success: 0 / 10 (0.00 %)
    average progress: 0.00 %
    runs progress: [0.000, 0.000, 0.000, 0.000, 0.000, 0.000, 0.000, 0.000, 0.000, 0.000]
---------------------------------
| rollout/           |          |
|    ep_len_mean     | 1.09e+03 |
|    ep_rew_mean     | 6.78e+03 |
| time/              |          |
|    fps             | 961      |
|    iterations      | 153      |
|    time_elapsed    | 15645    |
|    total_timesteps | 15040512 |
---------------------------------
-----------------------------------------
| rollout/                |             |
|    ep_len_mean          | 1.1e+03     |
|    ep_rew_mean          | 6.86e+03    |
| time/                   |             |
|    fps                  | 961         |
|    iterations           | 154         |
|    time_elapsed         | 15748       |
|    total_timesteps      | 15138816    |
| train/                  |             |
|    approx_kl            | 0.023066005 |
|    clip_fraction        | 0.371       |
|    clip_range           | 0.15        |
|    entropy_loss         | -32.8       |
|    explained_variance   | 0.902       |
|    learning_rate        | 0.0001      |
|    loss                 | -0.351      |
|    n_updates            | 2295        |
|    policy_gradient_loss | -0.0196     |
|    std                  | 1.71        |
|    value_loss           | 0.00912     |
-----------------------------------------
-----------------------------------------
| rollout/                |             |
|    ep_len_mean          | 1.17e+03    |
|    ep_rew_mean          | 7.33e+03    |
| time/                   |             |
|    fps                  | 961         |
|    iterations           | 155         |
|    time_elapsed         | 15850       |
|    total_timesteps      | 15237120    |
| train/                  |             |
|    approx_kl            | 0.023141421 |
|    clip_fraction        | 0.371       |
|    clip_range           | 0.15        |
|    entropy_loss         | -32.9       |
|    explained_variance   | 0.917       |
|    learning_rate        | 0.0001      |
|    loss                 | -0.355      |
|    n_updates            | 2310        |
|    policy_gradient_loss | -0.0199     |
|    std                  | 1.72        |
|    value_loss           | 0.00901     |
-----------------------------------------
-----------------------------------------
| rollout/                |             |
|    ep_len_mean          | 1.2e+03     |
|    ep_rew_mean          | 7.5e+03     |
| time/                   |             |
|    fps                  | 961         |
|    iterations           | 156         |
|    time_elapsed         | 15953       |
|    total_timesteps      | 15335424    |
| train/                  |             |
|    approx_kl            | 0.023480074 |
|    clip_fraction        | 0.37        |
|    clip_range           | 0.15        |
|    entropy_loss         | -33         |
|    explained_variance   | 0.915       |
|    learning_rate        | 0.0001      |
|    loss                 | -0.337      |
|    n_updates            | 2325        |
|    policy_gradient_loss | -0.0203     |
|    std                  | 1.73        |
|    value_loss           | 0.00824     |
-----------------------------------------
-----------------------------------------
| rollout/                |             |
|    ep_len_mean          | 1.22e+03    |
|    ep_rew_mean          | 7.62e+03    |
| time/                   |             |
|    fps                  | 961         |
|    iterations           | 157         |
|    time_elapsed         | 16054       |
|    total_timesteps      | 15433728    |
| train/                  |             |
|    approx_kl            | 0.022932924 |
|    clip_fraction        | 0.367       |
|    clip_range           | 0.15        |
|    entropy_loss         | -33.1       |
|    explained_variance   | 0.906       |
|    learning_rate        | 0.0001      |
|    loss                 | -0.36       |
|    n_updates            | 2340        |
|    policy_gradient_loss | -0.0193     |
|    std                  | 1.74        |
|    value_loss           | 0.00733     |
-----------------------------------------

------ Evaluating terrain: plain ------
Eval num_timesteps=15499752, episode_reward=11587.67 +/- 2052.09
Episode length: 1841.90 +/- 320.68
----------------------------------------
| eval/                   |            |
|    mean_ep_length       | 1.84e+03   |
|    mean_reward          | 1.16e+04   |
| time/                   |            |
|    total_timesteps      | 15499752   |
| train/                  |            |
|    approx_kl            | 0.02259177 |
|    clip_fraction        | 0.368      |
|    clip_range           | 0.15       |
|    entropy_loss         | -33.2      |
|    explained_variance   | 0.919      |
|    learning_rate        | 0.0001     |
|    loss                 | -0.357     |
|    n_updates            | 2355       |
|    policy_gradient_loss | -0.0202    |
|    std                  | 1.75       |
|    value_loss           | 0.00706    |
----------------------------------------
Summary terrain plain: success: 0 / 10 (0.00 %)
    average progress: 0.00 %
    runs progress: [0.000, 0.000, 0.000, 0.000, 0.000, 0.000, 0.000, 0.000, 0.000, 0.000]
---------------------------------
| rollout/           |          |
|    ep_len_mean     | 1.15e+03 |
|    ep_rew_mean     | 7.19e+03 |
| time/              |          |
|    fps             | 960      |
|    iterations      | 158      |
|    time_elapsed    | 16174    |
|    total_timesteps | 15532032 |
---------------------------------
-----------------------------------------
| rollout/                |             |
|    ep_len_mean          | 1.14e+03    |
|    ep_rew_mean          | 7.11e+03    |
| time/                   |             |
|    fps                  | 960         |
|    iterations           | 159         |
|    time_elapsed         | 16276       |
|    total_timesteps      | 15630336    |
| train/                  |             |
|    approx_kl            | 0.023710504 |
|    clip_fraction        | 0.372       |
|    clip_range           | 0.15        |
|    entropy_loss         | -33.3       |
|    explained_variance   | 0.926       |
|    learning_rate        | 0.0001      |
|    loss                 | -0.351      |
|    n_updates            | 2370        |
|    policy_gradient_loss | -0.02       |
|    std                  | 1.76        |
|    value_loss           | 0.00751     |
-----------------------------------------
-----------------------------------------
| rollout/                |             |
|    ep_len_mean          | 1.23e+03    |
|    ep_rew_mean          | 7.71e+03    |
| time/                   |             |
|    fps                  | 960         |
|    iterations           | 160         |
|    time_elapsed         | 16378       |
|    total_timesteps      | 15728640    |
| train/                  |             |
|    approx_kl            | 0.022743037 |
|    clip_fraction        | 0.37        |
|    clip_range           | 0.15        |
|    entropy_loss         | -33.5       |
|    explained_variance   | 0.923       |
|    learning_rate        | 0.0001      |
|    loss                 | -0.354      |
|    n_updates            | 2385        |
|    policy_gradient_loss | -0.0196     |
|    std                  | 1.78        |
|    value_loss           | 0.00761     |
-----------------------------------------
-----------------------------------------
| rollout/                |             |
|    ep_len_mean          | 1.42e+03    |
|    ep_rew_mean          | 8.93e+03    |
| time/                   |             |
|    fps                  | 960         |
|    iterations           | 161         |
|    time_elapsed         | 16479       |
|    total_timesteps      | 15826944    |
| train/                  |             |
|    approx_kl            | 0.022787072 |
|    clip_fraction        | 0.37        |
|    clip_range           | 0.15        |
|    entropy_loss         | -33.6       |
|    explained_variance   | 0.914       |
|    learning_rate        | 0.0001      |
|    loss                 | -0.358      |
|    n_updates            | 2400        |
|    policy_gradient_loss | -0.0199     |
|    std                  | 1.79        |
|    value_loss           | 0.00748     |
-----------------------------------------
-----------------------------------------
| rollout/                |             |
|    ep_len_mean          | 1.27e+03    |
|    ep_rew_mean          | 7.99e+03    |
| time/                   |             |
|    fps                  | 960         |
|    iterations           | 162         |
|    time_elapsed         | 16581       |
|    total_timesteps      | 15925248    |
| train/                  |             |
|    approx_kl            | 0.022653937 |
|    clip_fraction        | 0.37        |
|    clip_range           | 0.15        |
|    entropy_loss         | -33.7       |
|    explained_variance   | 0.917       |
|    learning_rate        | 0.0001      |
|    loss                 | -0.363      |
|    n_updates            | 2415        |
|    policy_gradient_loss | -0.0201     |
|    std                  | 1.8         |
|    value_loss           | 0.00648     |
-----------------------------------------

------ Evaluating terrain: plain ------
Eval num_timesteps=15999744, episode_reward=12320.63 +/- 1246.12
Episode length: 1937.70 +/- 186.90
-----------------------------------------
| eval/                   |             |
|    mean_ep_length       | 1.94e+03    |
|    mean_reward          | 1.23e+04    |
| time/                   |             |
|    total_timesteps      | 15999744    |
| train/                  |             |
|    approx_kl            | 0.023935884 |
|    clip_fraction        | 0.373       |
|    clip_range           | 0.15        |
|    entropy_loss         | -33.8       |
|    explained_variance   | 0.922       |
|    learning_rate        | 0.0001      |
|    loss                 | -0.36       |
|    n_updates            | 2430        |
|    policy_gradient_loss | -0.0205     |
|    std                  | 1.82        |
|    value_loss           | 0.00823     |
-----------------------------------------
Summary terrain plain: success: 0 / 10 (0.00 %)
    average progress: 0.00 %
    runs progress: [0.000, 0.000, 0.000, 0.000, 0.000, 0.000, 0.000, 0.000, 0.000, 0.000]
---------------------------------
| rollout/           |          |
|    ep_len_mean     | 1.2e+03  |
|    ep_rew_mean     | 7.57e+03 |
| time/              |          |
|    fps             | 959      |
|    iterations      | 163      |
|    time_elapsed    | 16702    |
|    total_timesteps | 16023552 |
---------------------------------
-----------------------------------------
| rollout/                |             |
|    ep_len_mean          | 1.12e+03    |
|    ep_rew_mean          | 7.08e+03    |
| time/                   |             |
|    fps                  | 959         |
|    iterations           | 164         |
|    time_elapsed         | 16804       |
|    total_timesteps      | 16121856    |
| train/                  |             |
|    approx_kl            | 0.023116186 |
|    clip_fraction        | 0.372       |
|    clip_range           | 0.15        |
|    entropy_loss         | -33.9       |
|    explained_variance   | 0.914       |
|    learning_rate        | 0.0001      |
|    loss                 | -0.362      |
|    n_updates            | 2445        |
|    policy_gradient_loss | -0.0194     |
|    std                  | 1.83        |
|    value_loss           | 0.00754     |
-----------------------------------------
-----------------------------------------
| rollout/                |             |
|    ep_len_mean          | 1.19e+03    |
|    ep_rew_mean          | 7.52e+03    |
| time/                   |             |
|    fps                  | 959         |
|    iterations           | 165         |
|    time_elapsed         | 16904       |
|    total_timesteps      | 16220160    |
| train/                  |             |
|    approx_kl            | 0.023197377 |
|    clip_fraction        | 0.366       |
|    clip_range           | 0.15        |
|    entropy_loss         | -34         |
|    explained_variance   | 0.912       |
|    learning_rate        | 0.0001      |
|    loss                 | -0.365      |
|    n_updates            | 2460        |
|    policy_gradient_loss | -0.0198     |
|    std                  | 1.84        |
|    value_loss           | 0.00869     |
-----------------------------------------
-----------------------------------------
| rollout/                |             |
|    ep_len_mean          | 1.39e+03    |
|    ep_rew_mean          | 8.83e+03    |
| time/                   |             |
|    fps                  | 959         |
|    iterations           | 166         |
|    time_elapsed         | 17002       |
|    total_timesteps      | 16318464    |
| train/                  |             |
|    approx_kl            | 0.022387696 |
|    clip_fraction        | 0.365       |
|    clip_range           | 0.15        |
|    entropy_loss         | -34.1       |
|    explained_variance   | 0.9         |
|    learning_rate        | 0.0001      |
|    loss                 | -0.361      |
|    n_updates            | 2475        |
|    policy_gradient_loss | -0.019      |
|    std                  | 1.85        |
|    value_loss           | 0.00698     |
-----------------------------------------
----------------------------------------
| rollout/                |            |
|    ep_len_mean          | 1.04e+03   |
|    ep_rew_mean          | 6.57e+03   |
| time/                   |            |
|    fps                  | 959        |
|    iterations           | 167        |
|    time_elapsed         | 17104      |
|    total_timesteps      | 16416768   |
| train/                  |            |
|    approx_kl            | 0.02279523 |
|    clip_fraction        | 0.368      |
|    clip_range           | 0.15       |
|    entropy_loss         | -34.3      |
|    explained_variance   | 0.922      |
|    learning_rate        | 0.0001     |
|    loss                 | -0.365     |
|    n_updates            | 2490       |
|    policy_gradient_loss | -0.0196    |
|    std                  | 1.87       |
|    value_loss           | 0.00775    |
----------------------------------------

------ Evaluating terrain: plain ------
Eval num_timesteps=16499736, episode_reward=12897.18 +/- 59.10
Episode length: 2000.00 +/- 0.00
-----------------------------------------
| eval/                   |             |
|    mean_ep_length       | 2e+03       |
|    mean_reward          | 1.29e+04    |
| time/                   |             |
|    total_timesteps      | 16499736    |
| train/                  |             |
|    approx_kl            | 0.023864731 |
|    clip_fraction        | 0.374       |
|    clip_range           | 0.15        |
|    entropy_loss         | -34.4       |
|    explained_variance   | 0.918       |
|    learning_rate        | 0.0001      |
|    loss                 | -0.363      |
|    n_updates            | 2505        |
|    policy_gradient_loss | -0.0201     |
|    std                  | 1.88        |
|    value_loss           | 0.00974     |
-----------------------------------------
New best mean reward!
Summary terrain plain: success: 0 / 10 (0.00 %)
    average progress: 0.00 %
    runs progress: [0.000, 0.000, 0.000, 0.000, 0.000, 0.000, 0.000, 0.000, 0.000, 0.000]
---------------------------------
| rollout/           |          |
|    ep_len_mean     | 1.06e+03 |
|    ep_rew_mean     | 6.73e+03 |
| time/              |          |
|    fps             | 958      |
|    iterations      | 168      |
|    time_elapsed    | 17224    |
|    total_timesteps | 16515072 |
---------------------------------
-----------------------------------------
| rollout/                |             |
|    ep_len_mean          | 1.4e+03     |
|    ep_rew_mean          | 8.92e+03    |
| time/                   |             |
|    fps                  | 959         |
|    iterations           | 169         |
|    time_elapsed         | 17323       |
|    total_timesteps      | 16613376    |
| train/                  |             |
|    approx_kl            | 0.023998676 |
|    clip_fraction        | 0.371       |
|    clip_range           | 0.15        |
|    entropy_loss         | -34.5       |
|    explained_variance   | 0.9         |
|    learning_rate        | 0.0001      |
|    loss                 | -0.366      |
|    n_updates            | 2520        |
|    policy_gradient_loss | -0.0199     |
|    std                  | 1.9         |
|    value_loss           | 0.0102      |
-----------------------------------------
-----------------------------------------
| rollout/                |             |
|    ep_len_mean          | 1.47e+03    |
|    ep_rew_mean          | 9.43e+03    |
| time/                   |             |
|    fps                  | 959         |
|    iterations           | 170         |
|    time_elapsed         | 17423       |
|    total_timesteps      | 16711680    |
| train/                  |             |
|    approx_kl            | 0.023115987 |
|    clip_fraction        | 0.371       |
|    clip_range           | 0.15        |
|    entropy_loss         | -34.6       |
|    explained_variance   | 0.897       |
|    learning_rate        | 0.0001      |
|    loss                 | -0.368      |
|    n_updates            | 2535        |
|    policy_gradient_loss | -0.0196     |
|    std                  | 1.91        |
|    value_loss           | 0.00759     |
-----------------------------------------
-----------------------------------------
| rollout/                |             |
|    ep_len_mean          | 1.43e+03    |
|    ep_rew_mean          | 9.12e+03    |
| time/                   |             |
|    fps                  | 959         |
|    iterations           | 171         |
|    time_elapsed         | 17520       |
|    total_timesteps      | 16809984    |
| train/                  |             |
|    approx_kl            | 0.023522193 |
|    clip_fraction        | 0.368       |
|    clip_range           | 0.15        |
|    entropy_loss         | -34.7       |
|    explained_variance   | 0.91        |
|    learning_rate        | 0.0001      |
|    loss                 | -0.366      |
|    n_updates            | 2550        |
|    policy_gradient_loss | -0.0203     |
|    std                  | 1.92        |
|    value_loss           | 0.00825     |
-----------------------------------------
-----------------------------------------
| rollout/                |             |
|    ep_len_mean          | 1.2e+03     |
|    ep_rew_mean          | 7.68e+03    |
| time/                   |             |
|    fps                  | 959         |
|    iterations           | 172         |
|    time_elapsed         | 17621       |
|    total_timesteps      | 16908288    |
| train/                  |             |
|    approx_kl            | 0.023004854 |
|    clip_fraction        | 0.369       |
|    clip_range           | 0.15        |
|    entropy_loss         | -34.8       |
|    explained_variance   | 0.917       |
|    learning_rate        | 0.0001      |
|    loss                 | -0.369      |
|    n_updates            | 2565        |
|    policy_gradient_loss | -0.0201     |
|    std                  | 1.94        |
|    value_loss           | 0.00633     |
-----------------------------------------

------ Evaluating terrain: plain ------
Eval num_timesteps=16999728, episode_reward=13063.29 +/- 54.90
Episode length: 2000.00 +/- 0.00
-----------------------------------------
| eval/                   |             |
|    mean_ep_length       | 2e+03       |
|    mean_reward          | 1.31e+04    |
| time/                   |             |
|    total_timesteps      | 16999728    |
| train/                  |             |
|    approx_kl            | 0.023249185 |
|    clip_fraction        | 0.368       |
|    clip_range           | 0.15        |
|    entropy_loss         | -35         |
|    explained_variance   | 0.9         |
|    learning_rate        | 0.0001      |
|    loss                 | -0.358      |
|    n_updates            | 2580        |
|    policy_gradient_loss | -0.0196     |
|    std                  | 1.95        |
|    value_loss           | 0.00873     |
-----------------------------------------
New best mean reward!
Summary terrain plain: success: 0 / 10 (0.00 %)
    average progress: 0.00 %
    runs progress: [0.000, 0.000, 0.000, 0.000, 0.000, 0.000, 0.000, 0.000, 0.000, 0.000]
---------------------------------
| rollout/           |          |
|    ep_len_mean     | 1.48e+03 |
|    ep_rew_mean     | 9.55e+03 |
| time/              |          |
|    fps             | 958      |
|    iterations      | 173      |
|    time_elapsed    | 17739    |
|    total_timesteps | 17006592 |
---------------------------------
-----------------------------------------
| rollout/                |             |
|    ep_len_mean          | 1.32e+03    |
|    ep_rew_mean          | 8.45e+03    |
| time/                   |             |
|    fps                  | 958         |
|    iterations           | 174         |
|    time_elapsed         | 17839       |
|    total_timesteps      | 17104896    |
| train/                  |             |
|    approx_kl            | 0.022314603 |
|    clip_fraction        | 0.365       |
|    clip_range           | 0.15        |
|    entropy_loss         | -35.1       |
|    explained_variance   | 0.908       |
|    learning_rate        | 0.0001      |
|    loss                 | -0.368      |
|    n_updates            | 2595        |
|    policy_gradient_loss | -0.0191     |
|    std                  | 1.96        |
|    value_loss           | 0.00707     |
-----------------------------------------
-----------------------------------------
| rollout/                |             |
|    ep_len_mean          | 1.57e+03    |
|    ep_rew_mean          | 1.01e+04    |
| time/                   |             |
|    fps                  | 958         |
|    iterations           | 175         |
|    time_elapsed         | 17938       |
|    total_timesteps      | 17203200    |
| train/                  |             |
|    approx_kl            | 0.022590829 |
|    clip_fraction        | 0.367       |
|    clip_range           | 0.15        |
|    entropy_loss         | -35.2       |
|    explained_variance   | 0.916       |
|    learning_rate        | 0.0001      |
|    loss                 | -0.373      |
|    n_updates            | 2610        |
|    policy_gradient_loss | -0.0199     |
|    std                  | 1.98        |
|    value_loss           | 0.00725     |
-----------------------------------------
-----------------------------------------
| rollout/                |             |
|    ep_len_mean          | 1.36e+03    |
|    ep_rew_mean          | 8.74e+03    |
| time/                   |             |
|    fps                  | 958         |
|    iterations           | 176         |
|    time_elapsed         | 18041       |
|    total_timesteps      | 17301504    |
| train/                  |             |
|    approx_kl            | 0.022318909 |
|    clip_fraction        | 0.366       |
|    clip_range           | 0.15        |
|    entropy_loss         | -35.3       |
|    explained_variance   | 0.91        |
|    learning_rate        | 0.0001      |
|    loss                 | -0.373      |
|    n_updates            | 2625        |
|    policy_gradient_loss | -0.0193     |
|    std                  | 1.99        |
|    value_loss           | 0.00547     |
-----------------------------------------
-----------------------------------------
| rollout/                |             |
|    ep_len_mean          | 1.42e+03    |
|    ep_rew_mean          | 9.12e+03    |
| time/                   |             |
|    fps                  | 959         |
|    iterations           | 177         |
|    time_elapsed         | 18140       |
|    total_timesteps      | 17399808    |
| train/                  |             |
|    approx_kl            | 0.023178132 |
|    clip_fraction        | 0.371       |
|    clip_range           | 0.15        |
|    entropy_loss         | -35.4       |
|    explained_variance   | 0.911       |
|    learning_rate        | 0.0001      |
|    loss                 | -0.378      |
|    n_updates            | 2640        |
|    policy_gradient_loss | -0.0197     |
|    std                  | 2.01        |
|    value_loss           | 0.00707     |
-----------------------------------------
-----------------------------------------
| rollout/                |             |
|    ep_len_mean          | 1.68e+03    |
|    ep_rew_mean          | 1.08e+04    |
| time/                   |             |
|    fps                  | 959         |
|    iterations           | 178         |
|    time_elapsed         | 18240       |
|    total_timesteps      | 17498112    |
| train/                  |             |
|    approx_kl            | 0.022663027 |
|    clip_fraction        | 0.365       |
|    clip_range           | 0.15        |
|    entropy_loss         | -35.5       |
|    explained_variance   | 0.918       |
|    learning_rate        | 0.0001      |
|    loss                 | -0.364      |
|    n_updates            | 2655        |
|    policy_gradient_loss | -0.0197     |
|    std                  | 2.02        |
|    value_loss           | 0.00645     |
-----------------------------------------

------ Evaluating terrain: plain ------
Eval num_timesteps=17499720, episode_reward=13184.84 +/- 57.77
Episode length: 2000.00 +/- 0.00
-----------------------------------------
| eval/                   |             |
|    mean_ep_length       | 2e+03       |
|    mean_reward          | 1.32e+04    |
| time/                   |             |
|    total_timesteps      | 17499720    |
| train/                  |             |
|    approx_kl            | 0.022970403 |
|    clip_fraction        | 0.371       |
|    clip_range           | 0.15        |
|    entropy_loss         | -35.7       |
|    explained_variance   | 0.894       |
|    learning_rate        | 0.0001      |
|    loss                 | -0.377      |
|    n_updates            | 2670        |
|    policy_gradient_loss | -0.0193     |
|    std                  | 2.04        |
|    value_loss           | 0.00608     |
-----------------------------------------
New best mean reward!
Summary terrain plain: success: 0 / 10 (0.00 %)
    average progress: 0.00 %
    runs progress: [0.000, 0.000, 0.000, 0.000, 0.000, 0.000, 0.000, 0.000, 0.000, 0.000]
---------------------------------
| rollout/           |          |
|    ep_len_mean     | 1.63e+03 |
|    ep_rew_mean     | 1.05e+04 |
| time/              |          |
|    fps             | 958      |
|    iterations      | 179      |
|    time_elapsed    | 18358    |
|    total_timesteps | 17596416 |
---------------------------------
-----------------------------------------
| rollout/                |             |
|    ep_len_mean          | 1.35e+03    |
|    ep_rew_mean          | 8.75e+03    |
| time/                   |             |
|    fps                  | 958         |
|    iterations           | 180         |
|    time_elapsed         | 18459       |
|    total_timesteps      | 17694720    |
| train/                  |             |
|    approx_kl            | 0.022905042 |
|    clip_fraction        | 0.37        |
|    clip_range           | 0.15        |
|    entropy_loss         | -35.8       |
|    explained_variance   | 0.898       |
|    learning_rate        | 0.0001      |
|    loss                 | -0.378      |
|    n_updates            | 2685        |
|    policy_gradient_loss | -0.0199     |
|    std                  | 2.05        |
|    value_loss           | 0.0068      |
-----------------------------------------
-----------------------------------------
| rollout/                |             |
|    ep_len_mean          | 1.29e+03    |
|    ep_rew_mean          | 8.43e+03    |
| time/                   |             |
|    fps                  | 958         |
|    iterations           | 181         |
|    time_elapsed         | 18561       |
|    total_timesteps      | 17793024    |
| train/                  |             |
|    approx_kl            | 0.022567572 |
|    clip_fraction        | 0.364       |
|    clip_range           | 0.15        |
|    entropy_loss         | -35.9       |
|    explained_variance   | 0.915       |
|    learning_rate        | 0.0001      |
|    loss                 | -0.378      |
|    n_updates            | 2700        |
|    policy_gradient_loss | -0.0196     |
|    std                  | 2.07        |
|    value_loss           | 0.00634     |
-----------------------------------------
-----------------------------------------
| rollout/                |             |
|    ep_len_mean          | 1.07e+03    |
|    ep_rew_mean          | 6.97e+03    |
| time/                   |             |
|    fps                  | 958         |
|    iterations           | 182         |
|    time_elapsed         | 18662       |
|    total_timesteps      | 17891328    |
| train/                  |             |
|    approx_kl            | 0.022607395 |
|    clip_fraction        | 0.364       |
|    clip_range           | 0.15        |
|    entropy_loss         | -36         |
|    explained_variance   | 0.907       |
|    learning_rate        | 0.0001      |
|    loss                 | -0.382      |
|    n_updates            | 2715        |
|    policy_gradient_loss | -0.0191     |
|    std                  | 2.08        |
|    value_loss           | 0.00827     |
-----------------------------------------
-----------------------------------------
| rollout/                |             |
|    ep_len_mean          | 1.13e+03    |
|    ep_rew_mean          | 7.36e+03    |
| time/                   |             |
|    fps                  | 958         |
|    iterations           | 183         |
|    time_elapsed         | 18763       |
|    total_timesteps      | 17989632    |
| train/                  |             |
|    approx_kl            | 0.023011714 |
|    clip_fraction        | 0.368       |
|    clip_range           | 0.15        |
|    entropy_loss         | -36.2       |
|    explained_variance   | 0.907       |
|    learning_rate        | 0.0001      |
|    loss                 | -0.386      |
|    n_updates            | 2730        |
|    policy_gradient_loss | -0.0198     |
|    std                  | 2.1         |
|    value_loss           | 0.00854     |
-----------------------------------------

------ Evaluating terrain: plain ------
Eval num_timesteps=17999712, episode_reward=13458.40 +/- 55.06
Episode length: 2000.00 +/- 0.00
-----------------------------------------
| eval/                   |             |
|    mean_ep_length       | 2e+03       |
|    mean_reward          | 1.35e+04    |
| time/                   |             |
|    total_timesteps      | 17999712    |
| train/                  |             |
|    approx_kl            | 0.023020715 |
|    clip_fraction        | 0.365       |
|    clip_range           | 0.15        |
|    entropy_loss         | -36.3       |
|    explained_variance   | 0.887       |
|    learning_rate        | 0.0001      |
|    loss                 | -0.382      |
|    n_updates            | 2745        |
|    policy_gradient_loss | -0.0194     |
|    std                  | 2.11        |
|    value_loss           | 0.00913     |
-----------------------------------------
New best mean reward!
Summary terrain plain: success: 0 / 10 (0.00 %)
    average progress: 0.00 %
    runs progress: [0.000, 0.000, 0.000, 0.000, 0.000, 0.000, 0.000, 0.000, 0.000, 0.000]
---------------------------------
| rollout/           |          |
|    ep_len_mean     | 1.23e+03 |
|    ep_rew_mean     | 8.11e+03 |
| time/              |          |
|    fps             | 957      |
|    iterations      | 184      |
|    time_elapsed    | 18883    |
|    total_timesteps | 18087936 |
---------------------------------
----------------------------------------
| rollout/                |            |
|    ep_len_mean          | 1.3e+03    |
|    ep_rew_mean          | 8.57e+03   |
| time/                   |            |
|    fps                  | 958        |
|    iterations           | 185        |
|    time_elapsed         | 18982      |
|    total_timesteps      | 18186240   |
| train/                  |            |
|    approx_kl            | 0.02240344 |
|    clip_fraction        | 0.368      |
|    clip_range           | 0.15       |
|    entropy_loss         | -36.4      |
|    explained_variance   | 0.898      |
|    learning_rate        | 0.0001     |
|    loss                 | -0.378     |
|    n_updates            | 2760       |
|    policy_gradient_loss | -0.019     |
|    std                  | 2.13       |
|    value_loss           | 0.00741    |
----------------------------------------
-----------------------------------------
| rollout/                |             |
|    ep_len_mean          | 1.19e+03    |
|    ep_rew_mean          | 7.83e+03    |
| time/                   |             |
|    fps                  | 958         |
|    iterations           | 186         |
|    time_elapsed         | 19084       |
|    total_timesteps      | 18284544    |
| train/                  |             |
|    approx_kl            | 0.022753598 |
|    clip_fraction        | 0.368       |
|    clip_range           | 0.15        |
|    entropy_loss         | -36.5       |
|    explained_variance   | 0.89        |
|    learning_rate        | 0.0001      |
|    loss                 | -0.39       |
|    n_updates            | 2775        |
|    policy_gradient_loss | -0.0193     |
|    std                  | 2.15        |
|    value_loss           | 0.00836     |
-----------------------------------------
----------------------------------------
| rollout/                |            |
|    ep_len_mean          | 1.42e+03   |
|    ep_rew_mean          | 9.36e+03   |
| time/                   |            |
|    fps                  | 958        |
|    iterations           | 187        |
|    time_elapsed         | 19182      |
|    total_timesteps      | 18382848   |
| train/                  |            |
|    approx_kl            | 0.02297174 |
|    clip_fraction        | 0.367      |
|    clip_range           | 0.15       |
|    entropy_loss         | -36.7      |
|    explained_variance   | 0.893      |
|    learning_rate        | 0.0001     |
|    loss                 | -0.39      |
|    n_updates            | 2790       |
|    policy_gradient_loss | -0.0198    |
|    std                  | 2.16       |
|    value_loss           | 0.00933    |
----------------------------------------
-----------------------------------------
| rollout/                |             |
|    ep_len_mean          | 1.23e+03    |
|    ep_rew_mean          | 8.14e+03    |
| time/                   |             |
|    fps                  | 958         |
|    iterations           | 188         |
|    time_elapsed         | 19283       |
|    total_timesteps      | 18481152    |
| train/                  |             |
|    approx_kl            | 0.022547325 |
|    clip_fraction        | 0.361       |
|    clip_range           | 0.15        |
|    entropy_loss         | -36.8       |
|    explained_variance   | 0.902       |
|    learning_rate        | 0.0001      |
|    loss                 | -0.384      |
|    n_updates            | 2805        |
|    policy_gradient_loss | -0.0195     |
|    std                  | 2.18        |
|    value_loss           | 0.00786     |
-----------------------------------------

------ Evaluating terrain: plain ------
Eval num_timesteps=18499704, episode_reward=13489.96 +/- 89.42
Episode length: 2000.00 +/- 0.00
----------------------------------------
| eval/                   |            |
|    mean_ep_length       | 2e+03      |
|    mean_reward          | 1.35e+04   |
| time/                   |            |
|    total_timesteps      | 18499704   |
| train/                  |            |
|    approx_kl            | 0.02280057 |
|    clip_fraction        | 0.368      |
|    clip_range           | 0.15       |
|    entropy_loss         | -36.9      |
|    explained_variance   | 0.892      |
|    learning_rate        | 0.0001     |
|    loss                 | -0.387     |
|    n_updates            | 2820       |
|    policy_gradient_loss | -0.02      |
|    std                  | 2.2        |
|    value_loss           | 0.00972    |
----------------------------------------
New best mean reward!
Summary terrain plain: success: 0 / 10 (0.00 %)
    average progress: 0.00 %
    runs progress: [0.000, 0.000, 0.000, 0.000, 0.000, 0.000, 0.000, 0.000, 0.000, 0.000]
---------------------------------
| rollout/           |          |
|    ep_len_mean     | 1.1e+03  |
|    ep_rew_mean     | 7.26e+03 |
| time/              |          |
|    fps             | 957      |
|    iterations      | 189      |
|    time_elapsed    | 19402    |
|    total_timesteps | 18579456 |
---------------------------------
-----------------------------------------
| rollout/                |             |
|    ep_len_mean          | 1.12e+03    |
|    ep_rew_mean          | 7.42e+03    |
| time/                   |             |
|    fps                  | 957         |
|    iterations           | 190         |
|    time_elapsed         | 19505       |
|    total_timesteps      | 18677760    |
| train/                  |             |
|    approx_kl            | 0.023094164 |
|    clip_fraction        | 0.368       |
|    clip_range           | 0.15        |
|    entropy_loss         | -37         |
|    explained_variance   | 0.901       |
|    learning_rate        | 0.0001      |
|    loss                 | -0.386      |
|    n_updates            | 2835        |
|    policy_gradient_loss | -0.0201     |
|    std                  | 2.21        |
|    value_loss           | 0.00916     |
-----------------------------------------
-----------------------------------------
| rollout/                |             |
|    ep_len_mean          | 1.17e+03    |
|    ep_rew_mean          | 7.77e+03    |
| time/                   |             |
|    fps                  | 957         |
|    iterations           | 191         |
|    time_elapsed         | 19603       |
|    total_timesteps      | 18776064    |
| train/                  |             |
|    approx_kl            | 0.022843637 |
|    clip_fraction        | 0.365       |
|    clip_range           | 0.15        |
|    entropy_loss         | -37.1       |
|    explained_variance   | 0.892       |
|    learning_rate        | 0.0001      |
|    loss                 | -0.393      |
|    n_updates            | 2850        |
|    policy_gradient_loss | -0.0191     |
|    std                  | 2.23        |
|    value_loss           | 0.00972     |
-----------------------------------------
----------------------------------------
| rollout/                |            |
|    ep_len_mean          | 1.31e+03   |
|    ep_rew_mean          | 8.69e+03   |
| time/                   |            |
|    fps                  | 957        |
|    iterations           | 192        |
|    time_elapsed         | 19702      |
|    total_timesteps      | 18874368   |
| train/                  |            |
|    approx_kl            | 0.02245597 |
|    clip_fraction        | 0.364      |
|    clip_range           | 0.15       |
|    entropy_loss         | -37.2      |
|    explained_variance   | 0.882      |
|    learning_rate        | 0.0001     |
|    loss                 | -0.396     |
|    n_updates            | 2865       |
|    policy_gradient_loss | -0.0188    |
|    std                  | 2.25       |
|    value_loss           | 0.00847    |
----------------------------------------
-----------------------------------------
| rollout/                |             |
|    ep_len_mean          | 1.29e+03    |
|    ep_rew_mean          | 8.58e+03    |
| time/                   |             |
|    fps                  | 958         |
|    iterations           | 193         |
|    time_elapsed         | 19801       |
|    total_timesteps      | 18972672    |
| train/                  |             |
|    approx_kl            | 0.023255544 |
|    clip_fraction        | 0.367       |
|    clip_range           | 0.15        |
|    entropy_loss         | -37.4       |
|    explained_variance   | 0.881       |
|    learning_rate        | 0.0001      |
|    loss                 | -0.401      |
|    n_updates            | 2880        |
|    policy_gradient_loss | -0.0195     |
|    std                  | 2.26        |
|    value_loss           | 0.00877     |
-----------------------------------------

------ Evaluating terrain: plain ------
Eval num_timesteps=18999696, episode_reward=13642.73 +/- 80.97
Episode length: 2000.00 +/- 0.00
-----------------------------------------
| eval/                   |             |
|    mean_ep_length       | 2e+03       |
|    mean_reward          | 1.36e+04    |
| time/                   |             |
|    total_timesteps      | 18999696    |
| train/                  |             |
|    approx_kl            | 0.022613913 |
|    clip_fraction        | 0.364       |
|    clip_range           | 0.15        |
|    entropy_loss         | -37.5       |
|    explained_variance   | 0.886       |
|    learning_rate        | 0.0001      |
|    loss                 | -0.392      |
|    n_updates            | 2895        |
|    policy_gradient_loss | -0.0193     |
|    std                  | 2.28        |
|    value_loss           | 0.00943     |
-----------------------------------------
New best mean reward!
Summary terrain plain: success: 0 / 10 (0.00 %)
    average progress: 0.00 %
    runs progress: [0.000, 0.000, 0.000, 0.000, 0.000, 0.000, 0.000, 0.000, 0.000, 0.000]
---------------------------------
| rollout/           |          |
|    ep_len_mean     | 1.24e+03 |
|    ep_rew_mean     | 8.24e+03 |
| time/              |          |
|    fps             | 957      |
|    iterations      | 194      |
|    time_elapsed    | 19921    |
|    total_timesteps | 19070976 |
---------------------------------
-----------------------------------------
| rollout/                |             |
|    ep_len_mean          | 1.33e+03    |
|    ep_rew_mean          | 8.85e+03    |
| time/                   |             |
|    fps                  | 957         |
|    iterations           | 195         |
|    time_elapsed         | 20020       |
|    total_timesteps      | 19169280    |
| train/                  |             |
|    approx_kl            | 0.022784138 |
|    clip_fraction        | 0.36        |
|    clip_range           | 0.15        |
|    entropy_loss         | -37.6       |
|    explained_variance   | 0.883       |
|    learning_rate        | 0.0001      |
|    loss                 | -0.402      |
|    n_updates            | 2910        |
|    policy_gradient_loss | -0.0194     |
|    std                  | 2.29        |
|    value_loss           | 0.01        |
-----------------------------------------
-----------------------------------------
| rollout/                |             |
|    ep_len_mean          | 1.18e+03    |
|    ep_rew_mean          | 7.82e+03    |
| time/                   |             |
|    fps                  | 957         |
|    iterations           | 196         |
|    time_elapsed         | 20122       |
|    total_timesteps      | 19267584    |
| train/                  |             |
|    approx_kl            | 0.022170236 |
|    clip_fraction        | 0.358       |
|    clip_range           | 0.15        |
|    entropy_loss         | -37.7       |
|    explained_variance   | 0.882       |
|    learning_rate        | 0.0001      |
|    loss                 | -0.383      |
|    n_updates            | 2925        |
|    policy_gradient_loss | -0.0193     |
|    std                  | 2.31        |
|    value_loss           | 0.00877     |
-----------------------------------------
-----------------------------------------
| rollout/                |             |
|    ep_len_mean          | 1.24e+03    |
|    ep_rew_mean          | 8.28e+03    |
| time/                   |             |
|    fps                  | 957         |
|    iterations           | 197         |
|    time_elapsed         | 20219       |
|    total_timesteps      | 19365888    |
| train/                  |             |
|    approx_kl            | 0.022854248 |
|    clip_fraction        | 0.364       |
|    clip_range           | 0.15        |
|    entropy_loss         | -37.8       |
|    explained_variance   | 0.886       |
|    learning_rate        | 0.0001      |
|    loss                 | -0.396      |
|    n_updates            | 2940        |
|    policy_gradient_loss | -0.0198     |
|    std                  | 2.33        |
|    value_loss           | 0.00912     |
-----------------------------------------
-----------------------------------------
| rollout/                |             |
|    ep_len_mean          | 1.35e+03    |
|    ep_rew_mean          | 9.05e+03    |
| time/                   |             |
|    fps                  | 957         |
|    iterations           | 198         |
|    time_elapsed         | 20318       |
|    total_timesteps      | 19464192    |
| train/                  |             |
|    approx_kl            | 0.021688715 |
|    clip_fraction        | 0.359       |
|    clip_range           | 0.15        |
|    entropy_loss         | -37.9       |
|    explained_variance   | 0.887       |
|    learning_rate        | 0.0001      |
|    loss                 | -0.396      |
|    n_updates            | 2955        |
|    policy_gradient_loss | -0.0187     |
|    std                  | 2.34        |
|    value_loss           | 0.00803     |
-----------------------------------------

------ Evaluating terrain: plain ------
Eval num_timesteps=19499688, episode_reward=13809.82 +/- 107.97
Episode length: 2000.00 +/- 0.00
-----------------------------------------
| eval/                   |             |
|    mean_ep_length       | 2e+03       |
|    mean_reward          | 1.38e+04    |
| time/                   |             |
|    total_timesteps      | 19499688    |
| train/                  |             |
|    approx_kl            | 0.022576457 |
|    clip_fraction        | 0.361       |
|    clip_range           | 0.15        |
|    entropy_loss         | -38.1       |
|    explained_variance   | 0.894       |
|    learning_rate        | 0.0001      |
|    loss                 | -0.398      |
|    n_updates            | 2970        |
|    policy_gradient_loss | -0.0193     |
|    std                  | 2.36        |
|    value_loss           | 0.00747     |
-----------------------------------------
New best mean reward!
Summary terrain plain: success: 0 / 10 (0.00 %)
    average progress: 0.00 %
    runs progress: [0.000, 0.000, 0.000, 0.000, 0.000, 0.000, 0.000, 0.000, 0.000, 0.000]
---------------------------------
| rollout/           |          |
|    ep_len_mean     | 1.4e+03  |
|    ep_rew_mean     | 9.44e+03 |
| time/              |          |
|    fps             | 957      |
|    iterations      | 199      |
|    time_elapsed    | 20438    |
|    total_timesteps | 19562496 |
---------------------------------
-----------------------------------------
| rollout/                |             |
|    ep_len_mean          | 1.43e+03    |
|    ep_rew_mean          | 9.68e+03    |
| time/                   |             |
|    fps                  | 957         |
|    iterations           | 200         |
|    time_elapsed         | 20539       |
|    total_timesteps      | 19660800    |
| train/                  |             |
|    approx_kl            | 0.023051089 |
|    clip_fraction        | 0.366       |
|    clip_range           | 0.15        |
|    entropy_loss         | -38.2       |
|    explained_variance   | 0.869       |
|    learning_rate        | 0.0001      |
|    loss                 | -0.403      |
|    n_updates            | 2985        |
|    policy_gradient_loss | -0.0193     |
|    std                  | 2.38        |
|    value_loss           | 0.00836     |
-----------------------------------------
-----------------------------------------
| rollout/                |             |
|    ep_len_mean          | 1.36e+03    |
|    ep_rew_mean          | 9.17e+03    |
| time/                   |             |
|    fps                  | 957         |
|    iterations           | 201         |
|    time_elapsed         | 20636       |
|    total_timesteps      | 19759104    |
| train/                  |             |
|    approx_kl            | 0.022467107 |
|    clip_fraction        | 0.359       |
|    clip_range           | 0.15        |
|    entropy_loss         | -38.3       |
|    explained_variance   | 0.893       |
|    learning_rate        | 0.0001      |
|    loss                 | -0.408      |
|    n_updates            | 3000        |
|    policy_gradient_loss | -0.019      |
|    std                  | 2.4         |
|    value_loss           | 0.00799     |
-----------------------------------------
-----------------------------------------
| rollout/                |             |
|    ep_len_mean          | 1.69e+03    |
|    ep_rew_mean          | 1.15e+04    |
| time/                   |             |
|    fps                  | 957         |
|    iterations           | 202         |
|    time_elapsed         | 20735       |
|    total_timesteps      | 19857408    |
| train/                  |             |
|    approx_kl            | 0.022267438 |
|    clip_fraction        | 0.357       |
|    clip_range           | 0.15        |
|    entropy_loss         | -38.4       |
|    explained_variance   | 0.872       |
|    learning_rate        | 0.0001      |
|    loss                 | -0.392      |
|    n_updates            | 3015        |
|    policy_gradient_loss | -0.0186     |
|    std                  | 2.42        |
|    value_loss           | 0.00702     |
-----------------------------------------
-----------------------------------------
| rollout/                |             |
|    ep_len_mean          | 1.29e+03    |
|    ep_rew_mean          | 8.78e+03    |
| time/                   |             |
|    fps                  | 957         |
|    iterations           | 203         |
|    time_elapsed         | 20834       |
|    total_timesteps      | 19955712    |
| train/                  |             |
|    approx_kl            | 0.022912867 |
|    clip_fraction        | 0.366       |
|    clip_range           | 0.15        |
|    entropy_loss         | -38.6       |
|    explained_variance   | 0.873       |
|    learning_rate        | 0.0001      |
|    loss                 | -0.389      |
|    n_updates            | 3030        |
|    policy_gradient_loss | -0.0188     |
|    std                  | 2.44        |
|    value_loss           | 0.00829     |
-----------------------------------------

------ Evaluating terrain: plain ------
Eval num_timesteps=19999680, episode_reward=13858.33 +/- 199.51
Episode length: 1991.50 +/- 25.50
-----------------------------------------
| eval/                   |             |
|    mean_ep_length       | 1.99e+03    |
|    mean_reward          | 1.39e+04    |
| time/                   |             |
|    total_timesteps      | 19999680    |
| train/                  |             |
|    approx_kl            | 0.022403667 |
|    clip_fraction        | 0.366       |
|    clip_range           | 0.15        |
|    entropy_loss         | -38.7       |
|    explained_variance   | 0.869       |
|    learning_rate        | 0.0001      |
|    loss                 | -0.403      |
|    n_updates            | 3045        |
|    policy_gradient_loss | -0.0189     |
|    std                  | 2.46        |
|    value_loss           | 0.00871     |
-----------------------------------------
New best mean reward!
Summary terrain plain: success: 0 / 10 (0.00 %)
    average progress: 0.00 %
    runs progress: [0.000, 0.000, 0.000, 0.000, 0.000, 0.000, 0.000, 0.000, 0.000, 0.000]
---------------------------------
| rollout/           |          |
|    ep_len_mean     | 1.39e+03 |
|    ep_rew_mean     | 9.48e+03 |
| time/              |          |
|    fps             | 957      |
|    iterations      | 204      |
|    time_elapsed    | 20953    |
|    total_timesteps | 20054016 |
---------------------------------
----------------------------------------
| rollout/                |            |
|    ep_len_mean          | 1.44e+03   |
|    ep_rew_mean          | 9.81e+03   |
| time/                   |            |
|    fps                  | 957        |
|    iterations           | 205        |
|    time_elapsed         | 21052      |
|    total_timesteps      | 20152320   |
| train/                  |            |
|    approx_kl            | 0.02204596 |
|    clip_fraction        | 0.357      |
|    clip_range           | 0.15       |
|    entropy_loss         | -38.8      |
|    explained_variance   | 0.889      |
|    learning_rate        | 0.0001     |
|    loss                 | -0.402     |
|    n_updates            | 3060       |
|    policy_gradient_loss | -0.0187    |
|    std                  | 2.48       |
|    value_loss           | 0.0088     |
----------------------------------------
-----------------------------------------
| rollout/                |             |
|    ep_len_mean          | 1.49e+03    |
|    ep_rew_mean          | 1.02e+04    |
| time/                   |             |
|    fps                  | 957         |
|    iterations           | 206         |
|    time_elapsed         | 21150       |
|    total_timesteps      | 20250624    |
| train/                  |             |
|    approx_kl            | 0.022257805 |
|    clip_fraction        | 0.36        |
|    clip_range           | 0.15        |
|    entropy_loss         | -38.9       |
|    explained_variance   | 0.885       |
|    learning_rate        | 0.0001      |
|    loss                 | -0.42       |
|    n_updates            | 3075        |
|    policy_gradient_loss | -0.0192     |
|    std                  | 2.5         |
|    value_loss           | 0.00698     |
-----------------------------------------
-----------------------------------------
| rollout/                |             |
|    ep_len_mean          | 1.53e+03    |
|    ep_rew_mean          | 1.05e+04    |
| time/                   |             |
|    fps                  | 957         |
|    iterations           | 207         |
|    time_elapsed         | 21248       |
|    total_timesteps      | 20348928    |
| train/                  |             |
|    approx_kl            | 0.021709813 |
|    clip_fraction        | 0.355       |
|    clip_range           | 0.15        |
|    entropy_loss         | -39.1       |
|    explained_variance   | 0.879       |
|    learning_rate        | 0.0001      |
|    loss                 | -0.411      |
|    n_updates            | 3090        |
|    policy_gradient_loss | -0.0185     |
|    std                  | 2.52        |
|    value_loss           | 0.00746     |
-----------------------------------------
----------------------------------------
| rollout/                |            |
|    ep_len_mean          | 1.54e+03   |
|    ep_rew_mean          | 1.06e+04   |
| time/                   |            |
|    fps                  | 957        |
|    iterations           | 208        |
|    time_elapsed         | 21346      |
|    total_timesteps      | 20447232   |
| train/                  |            |
|    approx_kl            | 0.02283909 |
|    clip_fraction        | 0.362      |
|    clip_range           | 0.15       |
|    entropy_loss         | -39.2      |
|    explained_variance   | 0.886      |
|    learning_rate        | 0.0001     |
|    loss                 | -0.412     |
|    n_updates            | 3105       |
|    policy_gradient_loss | -0.0195    |
|    std                  | 2.53       |
|    value_loss           | 0.00831    |
----------------------------------------

------ Evaluating terrain: plain ------
Eval num_timesteps=20499672, episode_reward=13957.31 +/- 116.36
Episode length: 1995.10 +/- 14.70
----------------------------------------
| eval/                   |            |
|    mean_ep_length       | 2e+03      |
|    mean_reward          | 1.4e+04    |
| time/                   |            |
|    total_timesteps      | 20499672   |
| train/                  |            |
|    approx_kl            | 0.02200943 |
|    clip_fraction        | 0.358      |
|    clip_range           | 0.15       |
|    entropy_loss         | -39.3      |
|    explained_variance   | 0.863      |
|    learning_rate        | 0.0001     |
|    loss                 | -0.409     |
|    n_updates            | 3120       |
|    policy_gradient_loss | -0.0183    |
|    std                  | 2.55       |
|    value_loss           | 0.00859    |
----------------------------------------
New best mean reward!
Summary terrain plain: success: 0 / 10 (0.00 %)
    average progress: 0.00 %
    runs progress: [0.000, 0.000, 0.000, 0.000, 0.000, 0.000, 0.000, 0.000, 0.000, 0.000]
---------------------------------
| rollout/           |          |
|    ep_len_mean     | 1.6e+03  |
|    ep_rew_mean     | 1.1e+04  |
| time/              |          |
|    fps             | 957      |
|    iterations      | 209      |
|    time_elapsed    | 21460    |
|    total_timesteps | 20545536 |
---------------------------------
-----------------------------------------
| rollout/                |             |
|    ep_len_mean          | 1.66e+03    |
|    ep_rew_mean          | 1.15e+04    |
| time/                   |             |
|    fps                  | 957         |
|    iterations           | 210         |
|    time_elapsed         | 21559       |
|    total_timesteps      | 20643840    |
| train/                  |             |
|    approx_kl            | 0.020307025 |
|    clip_fraction        | 0.349       |
|    clip_range           | 0.15        |
|    entropy_loss         | -39.4       |
|    explained_variance   | 0.865       |
|    learning_rate        | 0.0001      |
|    loss                 | -0.407      |
|    n_updates            | 3135        |
|    policy_gradient_loss | -0.0176     |
|    std                  | 2.57        |
|    value_loss           | 0.00545     |
-----------------------------------------
-----------------------------------------
| rollout/                |             |
|    ep_len_mean          | 1.1e+03     |
|    ep_rew_mean          | 7.58e+03    |
| time/                   |             |
|    fps                  | 957         |
|    iterations           | 211         |
|    time_elapsed         | 21660       |
|    total_timesteps      | 20742144    |
| train/                  |             |
|    approx_kl            | 0.022807429 |
|    clip_fraction        | 0.362       |
|    clip_range           | 0.15        |
|    entropy_loss         | -39.5       |
|    explained_variance   | 0.876       |
|    learning_rate        | 0.0001      |
|    loss                 | -0.416      |
|    n_updates            | 3150        |
|    policy_gradient_loss | -0.0192     |
|    std                  | 2.59        |
|    value_loss           | 0.0111      |
-----------------------------------------
-----------------------------------------
| rollout/                |             |
|    ep_len_mean          | 1.27e+03    |
|    ep_rew_mean          | 8.8e+03     |
| time/                   |             |
|    fps                  | 957         |
|    iterations           | 212         |
|    time_elapsed         | 21761       |
|    total_timesteps      | 20840448    |
| train/                  |             |
|    approx_kl            | 0.022989692 |
|    clip_fraction        | 0.363       |
|    clip_range           | 0.15        |
|    entropy_loss         | -39.7       |
|    explained_variance   | 0.864       |
|    learning_rate        | 0.0001      |
|    loss                 | -0.412      |
|    n_updates            | 3165        |
|    policy_gradient_loss | -0.0194     |
|    std                  | 2.61        |
|    value_loss           | 0.0111      |
-----------------------------------------
-----------------------------------------
| rollout/                |             |
|    ep_len_mean          | 1.23e+03    |
|    ep_rew_mean          | 8.55e+03    |
| time/                   |             |
|    fps                  | 957         |
|    iterations           | 213         |
|    time_elapsed         | 21863       |
|    total_timesteps      | 20938752    |
| train/                  |             |
|    approx_kl            | 0.021961352 |
|    clip_fraction        | 0.356       |
|    clip_range           | 0.15        |
|    entropy_loss         | -39.8       |
|    explained_variance   | 0.885       |
|    learning_rate        | 0.0001      |
|    loss                 | -0.418      |
|    n_updates            | 3180        |
|    policy_gradient_loss | -0.0197     |
|    std                  | 2.63        |
|    value_loss           | 0.0101      |
-----------------------------------------

------ Evaluating terrain: plain ------
Eval num_timesteps=20999664, episode_reward=13449.69 +/- 1066.94
Episode length: 1896.20 +/- 146.76
-----------------------------------------
| eval/                   |             |
|    mean_ep_length       | 1.9e+03     |
|    mean_reward          | 1.34e+04    |
| time/                   |             |
|    total_timesteps      | 20999664    |
| train/                  |             |
|    approx_kl            | 0.022448154 |
|    clip_fraction        | 0.36        |
|    clip_range           | 0.15        |
|    entropy_loss         | -39.9       |
|    explained_variance   | 0.875       |
|    learning_rate        | 0.0001      |
|    loss                 | -0.42       |
|    n_updates            | 3195        |
|    policy_gradient_loss | -0.0198     |
|    std                  | 2.64        |
|    value_loss           | 0.0116      |
-----------------------------------------
Summary terrain plain: success: 0 / 10 (0.00 %)
    average progress: 0.00 %
    runs progress: [0.000, 0.000, 0.000, 0.000, 0.000, 0.000, 0.000, 0.000, 0.000, 0.000]
---------------------------------
| rollout/           |          |
|    ep_len_mean     | 1.12e+03 |
|    ep_rew_mean     | 7.79e+03 |
| time/              |          |
|    fps             | 956      |
|    iterations      | 214      |
|    time_elapsed    | 21982    |
|    total_timesteps | 21037056 |
---------------------------------
-----------------------------------------
| rollout/                |             |
|    ep_len_mean          | 1.23e+03    |
|    ep_rew_mean          | 8.53e+03    |
| time/                   |             |
|    fps                  | 957         |
|    iterations           | 215         |
|    time_elapsed         | 22081       |
|    total_timesteps      | 21135360    |
| train/                  |             |
|    approx_kl            | 0.022538146 |
|    clip_fraction        | 0.362       |
|    clip_range           | 0.15        |
|    entropy_loss         | -40         |
|    explained_variance   | 0.889       |
|    learning_rate        | 0.0001      |
|    loss                 | -0.424      |
|    n_updates            | 3210        |
|    policy_gradient_loss | -0.0193     |
|    std                  | 2.67        |
|    value_loss           | 0.00966     |
-----------------------------------------
----------------------------------------
| rollout/                |            |
|    ep_len_mean          | 1.36e+03   |
|    ep_rew_mean          | 9.46e+03   |
| time/                   |            |
|    fps                  | 957        |
|    iterations           | 216        |
|    time_elapsed         | 22181      |
|    total_timesteps      | 21233664   |
| train/                  |            |
|    approx_kl            | 0.02274295 |
|    clip_fraction        | 0.364      |
|    clip_range           | 0.15       |
|    entropy_loss         | -40.1      |
|    explained_variance   | 0.874      |
|    learning_rate        | 0.0001     |
|    loss                 | -0.423     |
|    n_updates            | 3225       |
|    policy_gradient_loss | -0.0197    |
|    std                  | 2.69       |
|    value_loss           | 0.0107     |
----------------------------------------
----------------------------------------
| rollout/                |            |
|    ep_len_mean          | 1.31e+03   |
|    ep_rew_mean          | 9.18e+03   |
| time/                   |            |
|    fps                  | 957        |
|    iterations           | 217        |
|    time_elapsed         | 22279      |
|    total_timesteps      | 21331968   |
| train/                  |            |
|    approx_kl            | 0.02185628 |
|    clip_fraction        | 0.355      |
|    clip_range           | 0.15       |
|    entropy_loss         | -40.2      |
|    explained_variance   | 0.867      |
|    learning_rate        | 0.0001     |
|    loss                 | -0.406     |
|    n_updates            | 3240       |
|    policy_gradient_loss | -0.0188    |
|    std                  | 2.7        |
|    value_loss           | 0.00965    |
----------------------------------------
-----------------------------------------
| rollout/                |             |
|    ep_len_mean          | 1.33e+03    |
|    ep_rew_mean          | 9.35e+03    |
| time/                   |             |
|    fps                  | 957         |
|    iterations           | 218         |
|    time_elapsed         | 22375       |
|    total_timesteps      | 21430272    |
| train/                  |             |
|    approx_kl            | 0.022910312 |
|    clip_fraction        | 0.362       |
|    clip_range           | 0.15        |
|    entropy_loss         | -40.3       |
|    explained_variance   | 0.875       |
|    learning_rate        | 0.0001      |
|    loss                 | -0.41       |
|    n_updates            | 3255        |
|    policy_gradient_loss | -0.0191     |
|    std                  | 2.72        |
|    value_loss           | 0.0102      |
-----------------------------------------

------ Evaluating terrain: plain ------
Eval num_timesteps=21499656, episode_reward=14385.43 +/- 65.67
Episode length: 2000.00 +/- 0.00
-----------------------------------------
| eval/                   |             |
|    mean_ep_length       | 2e+03       |
|    mean_reward          | 1.44e+04    |
| time/                   |             |
|    total_timesteps      | 21499656    |
| train/                  |             |
|    approx_kl            | 0.022394469 |
|    clip_fraction        | 0.361       |
|    clip_range           | 0.15        |
|    entropy_loss         | -40.5       |
|    explained_variance   | 0.856       |
|    learning_rate        | 0.0001      |
|    loss                 | -0.426      |
|    n_updates            | 3270        |
|    policy_gradient_loss | -0.0184     |
|    std                  | 2.74        |
|    value_loss           | 0.00904     |
-----------------------------------------
New best mean reward!
Summary terrain plain: success: 0 / 10 (0.00 %)
    average progress: 0.00 %
    runs progress: [0.000, 0.000, 0.000, 0.000, 0.000, 0.000, 0.000, 0.000, 0.000, 0.000]
---------------------------------
| rollout/           |          |
|    ep_len_mean     | 1.41e+03 |
|    ep_rew_mean     | 9.91e+03 |
| time/              |          |
|    fps             | 957      |
|    iterations      | 219      |
|    time_elapsed    | 22494    |
|    total_timesteps | 21528576 |
---------------------------------
-----------------------------------------
| rollout/                |             |
|    ep_len_mean          | 1.23e+03    |
|    ep_rew_mean          | 8.64e+03    |
| time/                   |             |
|    fps                  | 957         |
|    iterations           | 220         |
|    time_elapsed         | 22595       |
|    total_timesteps      | 21626880    |
| train/                  |             |
|    approx_kl            | 0.022164771 |
|    clip_fraction        | 0.364       |
|    clip_range           | 0.15        |
|    entropy_loss         | -40.6       |
|    explained_variance   | 0.85        |
|    learning_rate        | 0.0001      |
|    loss                 | -0.42       |
|    n_updates            | 3285        |
|    policy_gradient_loss | -0.0189     |
|    std                  | 2.77        |
|    value_loss           | 0.0106      |
-----------------------------------------
----------------------------------------
| rollout/                |            |
|    ep_len_mean          | 1.42e+03   |
|    ep_rew_mean          | 1e+04      |
| time/                   |            |
|    fps                  | 957        |
|    iterations           | 221        |
|    time_elapsed         | 22693      |
|    total_timesteps      | 21725184   |
| train/                  |            |
|    approx_kl            | 0.02210983 |
|    clip_fraction        | 0.356      |
|    clip_range           | 0.15       |
|    entropy_loss         | -40.7      |
|    explained_variance   | 0.869      |
|    learning_rate        | 0.0001     |
|    loss                 | -0.424     |
|    n_updates            | 3300       |
|    policy_gradient_loss | -0.0185    |
|    std                  | 2.79       |
|    value_loss           | 0.00939    |
----------------------------------------
-----------------------------------------
| rollout/                |             |
|    ep_len_mean          | 1.29e+03    |
|    ep_rew_mean          | 9.07e+03    |
| time/                   |             |
|    fps                  | 957         |
|    iterations           | 222         |
|    time_elapsed         | 22791       |
|    total_timesteps      | 21823488    |
| train/                  |             |
|    approx_kl            | 0.021339206 |
|    clip_fraction        | 0.354       |
|    clip_range           | 0.15        |
|    entropy_loss         | -40.8       |
|    explained_variance   | 0.868       |
|    learning_rate        | 0.0001      |
|    loss                 | -0.423      |
|    n_updates            | 3315        |
|    policy_gradient_loss | -0.0184     |
|    std                  | 2.81        |
|    value_loss           | 0.00857     |
-----------------------------------------
----------------------------------------
| rollout/                |            |
|    ep_len_mean          | 1.3e+03    |
|    ep_rew_mean          | 9.19e+03   |
| time/                   |            |
|    fps                  | 957        |
|    iterations           | 223        |
|    time_elapsed         | 22891      |
|    total_timesteps      | 21921792   |
| train/                  |            |
|    approx_kl            | 0.02180861 |
|    clip_fraction        | 0.357      |
|    clip_range           | 0.15       |
|    entropy_loss         | -41        |
|    explained_variance   | 0.872      |
|    learning_rate        | 0.0001     |
|    loss                 | -0.437     |
|    n_updates            | 3330       |
|    policy_gradient_loss | -0.0187    |
|    std                  | 2.83       |
|    value_loss           | 0.00935    |
----------------------------------------

------ Evaluating terrain: plain ------
Eval num_timesteps=21999648, episode_reward=14573.72 +/- 47.76
Episode length: 2000.00 +/- 0.00
----------------------------------------
| eval/                   |            |
|    mean_ep_length       | 2e+03      |
|    mean_reward          | 1.46e+04   |
| time/                   |            |
|    total_timesteps      | 21999648   |
| train/                  |            |
|    approx_kl            | 0.02197375 |
|    clip_fraction        | 0.362      |
|    clip_range           | 0.15       |
|    entropy_loss         | -41.1      |
|    explained_variance   | 0.875      |
|    learning_rate        | 0.0001     |
|    loss                 | -0.425     |
|    n_updates            | 3345       |
|    policy_gradient_loss | -0.0182    |
|    std                  | 2.86       |
|    value_loss           | 0.0087     |
----------------------------------------
New best mean reward!
Summary terrain plain: success: 0 / 10 (0.00 %)
    average progress: 0.00 %
    runs progress: [0.000, 0.000, 0.000, 0.000, 0.000, 0.000, 0.000, 0.000, 0.000, 0.000]
---------------------------------
| rollout/           |          |
|    ep_len_mean     | 1.44e+03 |
|    ep_rew_mean     | 1.02e+04 |
| time/              |          |
|    fps             | 957      |
|    iterations      | 224      |
|    time_elapsed    | 23006    |
|    total_timesteps | 22020096 |
---------------------------------
-----------------------------------------
| rollout/                |             |
|    ep_len_mean          | 1.26e+03    |
|    ep_rew_mean          | 8.92e+03    |
| time/                   |             |
|    fps                  | 957         |
|    iterations           | 225         |
|    time_elapsed         | 23103       |
|    total_timesteps      | 22118400    |
| train/                  |             |
|    approx_kl            | 0.021084676 |
|    clip_fraction        | 0.351       |
|    clip_range           | 0.15        |
|    entropy_loss         | -41.2       |
|    explained_variance   | 0.881       |
|    learning_rate        | 0.0001      |
|    loss                 | -0.424      |
|    n_updates            | 3360        |
|    policy_gradient_loss | -0.0181     |
|    std                  | 2.88        |
|    value_loss           | 0.00863     |
-----------------------------------------
----------------------------------------
| rollout/                |            |
|    ep_len_mean          | 1.58e+03   |
|    ep_rew_mean          | 1.13e+04   |
| time/                   |            |
|    fps                  | 957        |
|    iterations           | 226        |
|    time_elapsed         | 23202      |
|    total_timesteps      | 22216704   |
| train/                  |            |
|    approx_kl            | 0.02186031 |
|    clip_fraction        | 0.356      |
|    clip_range           | 0.15       |
|    entropy_loss         | -41.3      |
|    explained_variance   | 0.88       |
|    learning_rate        | 0.0001     |
|    loss                 | -0.423     |
|    n_updates            | 3375       |
|    policy_gradient_loss | -0.0185    |
|    std                  | 2.9        |
|    value_loss           | 0.01       |
----------------------------------------
-----------------------------------------
| rollout/                |             |
|    ep_len_mean          | 1.23e+03    |
|    ep_rew_mean          | 8.71e+03    |
| time/                   |             |
|    fps                  | 957         |
|    iterations           | 227         |
|    time_elapsed         | 23301       |
|    total_timesteps      | 22315008    |
| train/                  |             |
|    approx_kl            | 0.022657355 |
|    clip_fraction        | 0.367       |
|    clip_range           | 0.15        |
|    entropy_loss         | -41.5       |
|    explained_variance   | 0.864       |
|    learning_rate        | 0.0001      |
|    loss                 | -0.439      |
|    n_updates            | 3390        |
|    policy_gradient_loss | -0.0184     |
|    std                  | 2.93        |
|    value_loss           | 0.00897     |
-----------------------------------------
-----------------------------------------
| rollout/                |             |
|    ep_len_mean          | 1.24e+03    |
|    ep_rew_mean          | 8.85e+03    |
| time/                   |             |
|    fps                  | 957         |
|    iterations           | 228         |
|    time_elapsed         | 23400       |
|    total_timesteps      | 22413312    |
| train/                  |             |
|    approx_kl            | 0.021881623 |
|    clip_fraction        | 0.356       |
|    clip_range           | 0.15        |
|    entropy_loss         | -41.6       |
|    explained_variance   | 0.863       |
|    learning_rate        | 0.0001      |
|    loss                 | -0.432      |
|    n_updates            | 3405        |
|    policy_gradient_loss | -0.0183     |
|    std                  | 2.95        |
|    value_loss           | 0.0108      |
-----------------------------------------

------ Evaluating terrain: plain ------
Eval num_timesteps=22499640, episode_reward=14810.71 +/- 49.48
Episode length: 2000.00 +/- 0.00
----------------------------------------
| eval/                   |            |
|    mean_ep_length       | 2e+03      |
|    mean_reward          | 1.48e+04   |
| time/                   |            |
|    total_timesteps      | 22499640   |
| train/                  |            |
|    approx_kl            | 0.02191172 |
|    clip_fraction        | 0.35       |
|    clip_range           | 0.15       |
|    entropy_loss         | -41.7      |
|    explained_variance   | 0.892      |
|    learning_rate        | 0.0001     |
|    loss                 | -0.432     |
|    n_updates            | 3420       |
|    policy_gradient_loss | -0.0193    |
|    std                  | 2.97       |
|    value_loss           | 0.0102     |
----------------------------------------
New best mean reward!
Summary terrain plain: success: 0 / 10 (0.00 %)
    average progress: 0.00 %
    runs progress: [0.000, 0.000, 0.000, 0.000, 0.000, 0.000, 0.000, 0.000, 0.000, 0.000]
---------------------------------
| rollout/           |          |
|    ep_len_mean     | 1.15e+03 |
|    ep_rew_mean     | 8.23e+03 |
| time/              |          |
|    fps             | 957      |
|    iterations      | 229      |
|    time_elapsed    | 23519    |
|    total_timesteps | 22511616 |
---------------------------------
-----------------------------------------
| rollout/                |             |
|    ep_len_mean          | 1.21e+03    |
|    ep_rew_mean          | 8.64e+03    |
| time/                   |             |
|    fps                  | 957         |
|    iterations           | 230         |
|    time_elapsed         | 23616       |
|    total_timesteps      | 22609920    |
| train/                  |             |
|    approx_kl            | 0.022835815 |
|    clip_fraction        | 0.361       |
|    clip_range           | 0.15        |
|    entropy_loss         | -41.9       |
|    explained_variance   | 0.863       |
|    learning_rate        | 0.0001      |
|    loss                 | -0.434      |
|    n_updates            | 3435        |
|    policy_gradient_loss | -0.0189     |
|    std                  | 2.99        |
|    value_loss           | 0.01        |
-----------------------------------------
-----------------------------------------
| rollout/                |             |
|    ep_len_mean          | 1.47e+03    |
|    ep_rew_mean          | 1.05e+04    |
| time/                   |             |
|    fps                  | 957         |
|    iterations           | 231         |
|    time_elapsed         | 23711       |
|    total_timesteps      | 22708224    |
| train/                  |             |
|    approx_kl            | 0.021994093 |
|    clip_fraction        | 0.356       |
|    clip_range           | 0.15        |
|    entropy_loss         | -42         |
|    explained_variance   | 0.87        |
|    learning_rate        | 0.0001      |
|    loss                 | -0.434      |
|    n_updates            | 3450        |
|    policy_gradient_loss | -0.0189     |
|    std                  | 3.01        |
|    value_loss           | 0.00964     |
-----------------------------------------
----------------------------------------
| rollout/                |            |
|    ep_len_mean          | 1.57e+03   |
|    ep_rew_mean          | 1.13e+04   |
| time/                   |            |
|    fps                  | 957        |
|    iterations           | 232        |
|    time_elapsed         | 23809      |
|    total_timesteps      | 22806528   |
| train/                  |            |
|    approx_kl            | 0.02075658 |
|    clip_fraction        | 0.347      |
|    clip_range           | 0.15       |
|    entropy_loss         | -42.1      |
|    explained_variance   | 0.868      |
|    learning_rate        | 0.0001     |
|    loss                 | -0.442     |
|    n_updates            | 3465       |
|    policy_gradient_loss | -0.018     |
|    std                  | 3.04       |
|    value_loss           | 0.00835    |
----------------------------------------
-----------------------------------------
| rollout/                |             |
|    ep_len_mean          | 1.29e+03    |
|    ep_rew_mean          | 9.27e+03    |
| time/                   |             |
|    fps                  | 958         |
|    iterations           | 233         |
|    time_elapsed         | 23908       |
|    total_timesteps      | 22904832    |
| train/                  |             |
|    approx_kl            | 0.022062315 |
|    clip_fraction        | 0.359       |
|    clip_range           | 0.15        |
|    entropy_loss         | -42.2       |
|    explained_variance   | 0.857       |
|    learning_rate        | 0.0001      |
|    loss                 | -0.437      |
|    n_updates            | 3480        |
|    policy_gradient_loss | -0.0184     |
|    std                  | 3.06        |
|    value_loss           | 0.00989     |
-----------------------------------------

------ Evaluating terrain: plain ------
Eval num_timesteps=22999632, episode_reward=15042.09 +/- 84.54
Episode length: 2000.00 +/- 0.00
-----------------------------------------
| eval/                   |             |
|    mean_ep_length       | 2e+03       |
|    mean_reward          | 1.5e+04     |
| time/                   |             |
|    total_timesteps      | 22999632    |
| train/                  |             |
|    approx_kl            | 0.022101631 |
|    clip_fraction        | 0.357       |
|    clip_range           | 0.15        |
|    entropy_loss         | -42.3       |
|    explained_variance   | 0.858       |
|    learning_rate        | 0.0001      |
|    loss                 | -0.444      |
|    n_updates            | 3495        |
|    policy_gradient_loss | -0.0189     |
|    std                  | 3.08        |
|    value_loss           | 0.0106      |
-----------------------------------------
New best mean reward!
Summary terrain plain: success: 0 / 10 (0.00 %)
    average progress: 0.00 %
    runs progress: [0.000, 0.000, 0.000, 0.000, 0.000, 0.000, 0.000, 0.000, 0.000, 0.000]
---------------------------------
| rollout/           |          |
|    ep_len_mean     | 1.34e+03 |
|    ep_rew_mean     | 9.63e+03 |
| time/              |          |
|    fps             | 957      |
|    iterations      | 234      |
|    time_elapsed    | 24024    |
|    total_timesteps | 23003136 |
---------------------------------
-----------------------------------------
| rollout/                |             |
|    ep_len_mean          | 1.36e+03    |
|    ep_rew_mean          | 9.79e+03    |
| time/                   |             |
|    fps                  | 957         |
|    iterations           | 235         |
|    time_elapsed         | 24123       |
|    total_timesteps      | 23101440    |
| train/                  |             |
|    approx_kl            | 0.021025026 |
|    clip_fraction        | 0.355       |
|    clip_range           | 0.15        |
|    entropy_loss         | -42.4       |
|    explained_variance   | 0.843       |
|    learning_rate        | 0.0001      |
|    loss                 | -0.445      |
|    n_updates            | 3510        |
|    policy_gradient_loss | -0.0182     |
|    std                  | 3.11        |
|    value_loss           | 0.00866     |
-----------------------------------------
-----------------------------------------
| rollout/                |             |
|    ep_len_mean          | 1.44e+03    |
|    ep_rew_mean          | 1.04e+04    |
| time/                   |             |
|    fps                  | 957         |
|    iterations           | 236         |
|    time_elapsed         | 24221       |
|    total_timesteps      | 23199744    |
| train/                  |             |
|    approx_kl            | 0.022127887 |
|    clip_fraction        | 0.359       |
|    clip_range           | 0.15        |
|    entropy_loss         | -42.6       |
|    explained_variance   | 0.85        |
|    learning_rate        | 0.0001      |
|    loss                 | -0.439      |
|    n_updates            | 3525        |
|    policy_gradient_loss | -0.0187     |
|    std                  | 3.13        |
|    value_loss           | 0.0115      |
-----------------------------------------
-----------------------------------------
| rollout/                |             |
|    ep_len_mean          | 1.54e+03    |
|    ep_rew_mean          | 1.11e+04    |
| time/                   |             |
|    fps                  | 958         |
|    iterations           | 237         |
|    time_elapsed         | 24319       |
|    total_timesteps      | 23298048    |
| train/                  |             |
|    approx_kl            | 0.021879658 |
|    clip_fraction        | 0.36        |
|    clip_range           | 0.15        |
|    entropy_loss         | -42.7       |
|    explained_variance   | 0.849       |
|    learning_rate        | 0.0001      |
|    loss                 | -0.446      |
|    n_updates            | 3540        |
|    policy_gradient_loss | -0.0181     |
|    std                  | 3.16        |
|    value_loss           | 0.00935     |
-----------------------------------------
-----------------------------------------
| rollout/                |             |
|    ep_len_mean          | 1.95e+03    |
|    ep_rew_mean          | 1.42e+04    |
| time/                   |             |
|    fps                  | 958         |
|    iterations           | 238         |
|    time_elapsed         | 24414       |
|    total_timesteps      | 23396352    |
| train/                  |             |
|    approx_kl            | 0.021960003 |
|    clip_fraction        | 0.362       |
|    clip_range           | 0.15        |
|    entropy_loss         | -42.8       |
|    explained_variance   | 0.827       |
|    learning_rate        | 0.0001      |
|    loss                 | -0.444      |
|    n_updates            | 3555        |
|    policy_gradient_loss | -0.0177     |
|    std                  | 3.18        |
|    value_loss           | 0.00885     |
-----------------------------------------
-----------------------------------------
| rollout/                |             |
|    ep_len_mean          | 1.66e+03    |
|    ep_rew_mean          | 1.21e+04    |
| time/                   |             |
|    fps                  | 958         |
|    iterations           | 239         |
|    time_elapsed         | 24513       |
|    total_timesteps      | 23494656    |
| train/                  |             |
|    approx_kl            | 0.021267435 |
|    clip_fraction        | 0.353       |
|    clip_range           | 0.15        |
|    entropy_loss         | -43         |
|    explained_variance   | 0.854       |
|    learning_rate        | 0.0001      |
|    loss                 | -0.443      |
|    n_updates            | 3570        |
|    policy_gradient_loss | -0.0173     |
|    std                  | 3.21        |
|    value_loss           | 0.00696     |
-----------------------------------------

------ Evaluating terrain: plain ------
Eval num_timesteps=23499624, episode_reward=15255.90 +/- 80.92
Episode length: 2000.00 +/- 0.00
-----------------------------------------
| eval/                   |             |
|    mean_ep_length       | 2e+03       |
|    mean_reward          | 1.53e+04    |
| time/                   |             |
|    total_timesteps      | 23499624    |
| train/                  |             |
|    approx_kl            | 0.022826066 |
|    clip_fraction        | 0.362       |
|    clip_range           | 0.15        |
|    entropy_loss         | -43.1       |
|    explained_variance   | 0.851       |
|    learning_rate        | 0.0001      |
|    loss                 | -0.452      |
|    n_updates            | 3585        |
|    policy_gradient_loss | -0.0186     |
|    std                  | 3.24        |
|    value_loss           | 0.0115      |
-----------------------------------------
New best mean reward!
Summary terrain plain: success: 0 / 10 (0.00 %)
    average progress: 0.00 %
    runs progress: [0.000, 0.000, 0.000, 0.000, 0.000, 0.000, 0.000, 0.000, 0.000, 0.000]
---------------------------------
| rollout/           |          |
|    ep_len_mean     | 1.55e+03 |
|    ep_rew_mean     | 1.12e+04 |
| time/              |          |
|    fps             | 957      |
|    iterations      | 240      |
|    time_elapsed    | 24630    |
|    total_timesteps | 23592960 |
---------------------------------
-----------------------------------------
| rollout/                |             |
|    ep_len_mean          | 1.47e+03    |
|    ep_rew_mean          | 1.06e+04    |
| time/                   |             |
|    fps                  | 958         |
|    iterations           | 241         |
|    time_elapsed         | 24727       |
|    total_timesteps      | 23691264    |
| train/                  |             |
|    approx_kl            | 0.022105476 |
|    clip_fraction        | 0.356       |
|    clip_range           | 0.15        |
|    entropy_loss         | -43.2       |
|    explained_variance   | 0.85        |
|    learning_rate        | 0.0001      |
|    loss                 | -0.447      |
|    n_updates            | 3600        |
|    policy_gradient_loss | -0.0189     |
|    std                  | 3.27        |
|    value_loss           | 0.00991     |
-----------------------------------------
-----------------------------------------
| rollout/                |             |
|    ep_len_mean          | 1.57e+03    |
|    ep_rew_mean          | 1.14e+04    |
| time/                   |             |
|    fps                  | 958         |
|    iterations           | 242         |
|    time_elapsed         | 24824       |
|    total_timesteps      | 23789568    |
| train/                  |             |
|    approx_kl            | 0.021443745 |
|    clip_fraction        | 0.356       |
|    clip_range           | 0.15        |
|    entropy_loss         | -43.4       |
|    explained_variance   | 0.858       |
|    learning_rate        | 0.0001      |
|    loss                 | -0.445      |
|    n_updates            | 3615        |
|    policy_gradient_loss | -0.0183     |
|    std                  | 3.29        |
|    value_loss           | 0.00913     |
-----------------------------------------
-----------------------------------------
| rollout/                |             |
|    ep_len_mean          | 1.51e+03    |
|    ep_rew_mean          | 1.1e+04     |
| time/                   |             |
|    fps                  | 958         |
|    iterations           | 243         |
|    time_elapsed         | 24922       |
|    total_timesteps      | 23887872    |
| train/                  |             |
|    approx_kl            | 0.020862194 |
|    clip_fraction        | 0.35        |
|    clip_range           | 0.15        |
|    entropy_loss         | -43.5       |
|    explained_variance   | 0.84        |
|    learning_rate        | 0.0001      |
|    loss                 | -0.45       |
|    n_updates            | 3630        |
|    policy_gradient_loss | -0.0176     |
|    std                  | 3.32        |
|    value_loss           | 0.00935     |
-----------------------------------------
-----------------------------------------
| rollout/                |             |
|    ep_len_mean          | 1.51e+03    |
|    ep_rew_mean          | 1.1e+04     |
| time/                   |             |
|    fps                  | 958         |
|    iterations           | 244         |
|    time_elapsed         | 25020       |
|    total_timesteps      | 23986176    |
| train/                  |             |
|    approx_kl            | 0.021355694 |
|    clip_fraction        | 0.35        |
|    clip_range           | 0.15        |
|    entropy_loss         | -43.6       |
|    explained_variance   | 0.838       |
|    learning_rate        | 0.0001      |
|    loss                 | -0.451      |
|    n_updates            | 3645        |
|    policy_gradient_loss | -0.0176     |
|    std                  | 3.35        |
|    value_loss           | 0.00884     |
-----------------------------------------

------ Evaluating terrain: plain ------
Eval num_timesteps=23999616, episode_reward=15343.95 +/- 99.92
Episode length: 2000.00 +/- 0.00
-----------------------------------------
| eval/                   |             |
|    mean_ep_length       | 2e+03       |
|    mean_reward          | 1.53e+04    |
| time/                   |             |
|    total_timesteps      | 23999616    |
| train/                  |             |
|    approx_kl            | 0.022099942 |
|    clip_fraction        | 0.358       |
|    clip_range           | 0.15        |
|    entropy_loss         | -43.8       |
|    explained_variance   | 0.805       |
|    learning_rate        | 0.0001      |
|    loss                 | -0.465      |
|    n_updates            | 3660        |
|    policy_gradient_loss | -0.0174     |
|    std                  | 3.38        |
|    value_loss           | 0.00986     |
-----------------------------------------
New best mean reward!
Summary terrain plain: success: 0 / 10 (0.00 %)
    average progress: 0.00 %
    runs progress: [0.000, 0.000, 0.000, 0.000, 0.000, 0.000, 0.000, 0.000, 0.000, 0.000]
---------------------------------
| rollout/           |          |
|    ep_len_mean     | 1.84e+03 |
|    ep_rew_mean     | 1.35e+04 |
| time/              |          |
|    fps             | 958      |
|    iterations      | 245      |
|    time_elapsed    | 25135    |
|    total_timesteps | 24084480 |
---------------------------------
----------------------------------------
| rollout/                |            |
|    ep_len_mean          | 1.62e+03   |
|    ep_rew_mean          | 1.19e+04   |
| time/                   |            |
|    fps                  | 958        |
|    iterations           | 246        |
|    time_elapsed         | 25232      |
|    total_timesteps      | 24182784   |
| train/                  |            |
|    approx_kl            | 0.02136465 |
|    clip_fraction        | 0.358      |
|    clip_range           | 0.15       |
|    entropy_loss         | -43.9      |
|    explained_variance   | 0.834      |
|    learning_rate        | 0.0001     |
|    loss                 | -0.454     |
|    n_updates            | 3675       |
|    policy_gradient_loss | -0.0177    |
|    std                  | 3.41       |
|    value_loss           | 0.00846    |
----------------------------------------
-----------------------------------------
| rollout/                |             |
|    ep_len_mean          | 1.62e+03    |
|    ep_rew_mean          | 1.19e+04    |
| time/                   |             |
|    fps                  | 958         |
|    iterations           | 247         |
|    time_elapsed         | 25328       |
|    total_timesteps      | 24281088    |
| train/                  |             |
|    approx_kl            | 0.021061962 |
|    clip_fraction        | 0.349       |
|    clip_range           | 0.15        |
|    entropy_loss         | -44         |
|    explained_variance   | 0.817       |
|    learning_rate        | 0.0001      |
|    loss                 | -0.46       |
|    n_updates            | 3690        |
|    policy_gradient_loss | -0.0174     |
|    std                  | 3.44        |
|    value_loss           | 0.00844     |
-----------------------------------------
-----------------------------------------
| rollout/                |             |
|    ep_len_mean          | 1.43e+03    |
|    ep_rew_mean          | 1.05e+04    |
| time/                   |             |
|    fps                  | 958         |
|    iterations           | 248         |
|    time_elapsed         | 25426       |
|    total_timesteps      | 24379392    |
| train/                  |             |
|    approx_kl            | 0.020673208 |
|    clip_fraction        | 0.349       |
|    clip_range           | 0.15        |
|    entropy_loss         | -44.2       |
|    explained_variance   | 0.834       |
|    learning_rate        | 0.0001      |
|    loss                 | -0.456      |
|    n_updates            | 3705        |
|    policy_gradient_loss | -0.0173     |
|    std                  | 3.47        |
|    value_loss           | 0.0088      |
-----------------------------------------
----------------------------------------
| rollout/                |            |
|    ep_len_mean          | 1.47e+03   |
|    ep_rew_mean          | 1.08e+04   |
| time/                   |            |
|    fps                  | 959        |
|    iterations           | 249        |
|    time_elapsed         | 25524      |
|    total_timesteps      | 24477696   |
| train/                  |            |
|    approx_kl            | 0.02226924 |
|    clip_fraction        | 0.358      |
|    clip_range           | 0.15       |
|    entropy_loss         | -44.3      |
|    explained_variance   | 0.858      |
|    learning_rate        | 0.0001     |
|    loss                 | -0.46      |
|    n_updates            | 3720       |
|    policy_gradient_loss | -0.0183    |
|    std                  | 3.51       |
|    value_loss           | 0.00931    |
----------------------------------------

------ Evaluating terrain: plain ------
Eval num_timesteps=24499608, episode_reward=15536.84 +/- 96.90
Episode length: 2000.00 +/- 0.00
-----------------------------------------
| eval/                   |             |
|    mean_ep_length       | 2e+03       |
|    mean_reward          | 1.55e+04    |
| time/                   |             |
|    total_timesteps      | 24499608    |
| train/                  |             |
|    approx_kl            | 0.021604227 |
|    clip_fraction        | 0.353       |
|    clip_range           | 0.15        |
|    entropy_loss         | -44.5       |
|    explained_variance   | 0.843       |
|    learning_rate        | 0.0001      |
|    loss                 | -0.464      |
|    n_updates            | 3735        |
|    policy_gradient_loss | -0.0179     |
|    std                  | 3.54        |
|    value_loss           | 0.00942     |
-----------------------------------------
New best mean reward!
Summary terrain plain: success: 0 / 10 (0.00 %)
    average progress: 0.00 %
    runs progress: [0.000, 0.000, 0.000, 0.000, 0.000, 0.000, 0.000, 0.000, 0.000, 0.000]
---------------------------------
| rollout/           |          |
|    ep_len_mean     | 1.37e+03 |
|    ep_rew_mean     | 1.01e+04 |
| time/              |          |
|    fps             | 958      |
|    iterations      | 250      |
|    time_elapsed    | 25639    |
|    total_timesteps | 24576000 |
---------------------------------
-----------------------------------------
| rollout/                |             |
|    ep_len_mean          | 1.52e+03    |
|    ep_rew_mean          | 1.12e+04    |
| time/                   |             |
|    fps                  | 958         |
|    iterations           | 251         |
|    time_elapsed         | 25735       |
|    total_timesteps      | 24674304    |
| train/                  |             |
|    approx_kl            | 0.021699173 |
|    clip_fraction        | 0.356       |
|    clip_range           | 0.15        |
|    entropy_loss         | -44.6       |
|    explained_variance   | 0.846       |
|    learning_rate        | 0.0001      |
|    loss                 | -0.466      |
|    n_updates            | 3750        |
|    policy_gradient_loss | -0.018      |
|    std                  | 3.57        |
|    value_loss           | 0.0117      |
-----------------------------------------
-----------------------------------------
| rollout/                |             |
|    ep_len_mean          | 1.33e+03    |
|    ep_rew_mean          | 9.82e+03    |
| time/                   |             |
|    fps                  | 958         |
|    iterations           | 252         |
|    time_elapsed         | 25837       |
|    total_timesteps      | 24772608    |
| train/                  |             |
|    approx_kl            | 0.020737218 |
|    clip_fraction        | 0.351       |
|    clip_range           | 0.15        |
|    entropy_loss         | -44.8       |
|    explained_variance   | 0.827       |
|    learning_rate        | 0.0001      |
|    loss                 | -0.468      |
|    n_updates            | 3765        |
|    policy_gradient_loss | -0.0178     |
|    std                  | 3.6         |
|    value_loss           | 0.0093      |
-----------------------------------------
-----------------------------------------
| rollout/                |             |
|    ep_len_mean          | 1.21e+03    |
|    ep_rew_mean          | 8.94e+03    |
| time/                   |             |
|    fps                  | 958         |
|    iterations           | 253         |
|    time_elapsed         | 25935       |
|    total_timesteps      | 24870912    |
| train/                  |             |
|    approx_kl            | 0.021893859 |
|    clip_fraction        | 0.355       |
|    clip_range           | 0.15        |
|    entropy_loss         | -44.9       |
|    explained_variance   | 0.835       |
|    learning_rate        | 0.0001      |
|    loss                 | -0.47       |
|    n_updates            | 3780        |
|    policy_gradient_loss | -0.0185     |
|    std                  | 3.63        |
|    value_loss           | 0.0143      |
-----------------------------------------
----------------------------------------
| rollout/                |            |
|    ep_len_mean          | 972        |
|    ep_rew_mean          | 7.16e+03   |
| time/                   |            |
|    fps                  | 958        |
|    iterations           | 254        |
|    time_elapsed         | 26036      |
|    total_timesteps      | 24969216   |
| train/                  |            |
|    approx_kl            | 0.02081705 |
|    clip_fraction        | 0.345      |
|    clip_range           | 0.15       |
|    entropy_loss         | -45        |
|    explained_variance   | 0.838      |
|    learning_rate        | 0.0001     |
|    loss                 | -0.466     |
|    n_updates            | 3795       |
|    policy_gradient_loss | -0.0182    |
|    std                  | 3.66       |
|    value_loss           | 0.0131     |
----------------------------------------

------ Evaluating terrain: plain ------
Eval num_timesteps=24999600, episode_reward=15698.59 +/- 70.66
Episode length: 2000.00 +/- 0.00
-----------------------------------------
| eval/                   |             |
|    mean_ep_length       | 2e+03       |
|    mean_reward          | 1.57e+04    |
| time/                   |             |
|    total_timesteps      | 24999600    |
| train/                  |             |
|    approx_kl            | 0.021316523 |
|    clip_fraction        | 0.348       |
|    clip_range           | 0.15        |
|    entropy_loss         | -45.1       |
|    explained_variance   | 0.828       |
|    learning_rate        | 0.0001      |
|    loss                 | -0.473      |
|    n_updates            | 3810        |
|    policy_gradient_loss | -0.0187     |
|    std                  | 3.69        |
|    value_loss           | 0.0162      |
-----------------------------------------
New best mean reward!
Summary terrain plain: success: 0 / 10 (0.00 %)
    average progress: 0.00 %
    runs progress: [0.000, 0.000, 0.000, 0.000, 0.000, 0.000, 0.000, 0.000, 0.000, 0.000]
---------------------------------
| rollout/           |          |
|    ep_len_mean     | 1.14e+03 |
|    ep_rew_mean     | 8.45e+03 |
| time/              |          |
|    fps             | 958      |
|    iterations      | 255      |
|    time_elapsed    | 26155    |
|    total_timesteps | 25067520 |
---------------------------------
-----------------------------------------
| rollout/                |             |
|    ep_len_mean          | 1.47e+03    |
|    ep_rew_mean          | 1.1e+04     |
| time/                   |             |
|    fps                  | 958         |
|    iterations           | 256         |
|    time_elapsed         | 26252       |
|    total_timesteps      | 25165824    |
| train/                  |             |
|    approx_kl            | 0.021441078 |
|    clip_fraction        | 0.351       |
|    clip_range           | 0.15        |
|    entropy_loss         | -45.3       |
|    explained_variance   | 0.832       |
|    learning_rate        | 0.0001      |
|    loss                 | -0.472      |
|    n_updates            | 3825        |
|    policy_gradient_loss | -0.0184     |
|    std                  | 3.71        |
|    value_loss           | 0.013       |
-----------------------------------------
-----------------------------------------
| rollout/                |             |
|    ep_len_mean          | 1.36e+03    |
|    ep_rew_mean          | 1.02e+04    |
| time/                   |             |
|    fps                  | 958         |
|    iterations           | 257         |
|    time_elapsed         | 26349       |
|    total_timesteps      | 25264128    |
| train/                  |             |
|    approx_kl            | 0.021570342 |
|    clip_fraction        | 0.348       |
|    clip_range           | 0.15        |
|    entropy_loss         | -45.4       |
|    explained_variance   | 0.828       |
|    learning_rate        | 0.0001      |
|    loss                 | -0.477      |
|    n_updates            | 3840        |
|    policy_gradient_loss | -0.0189     |
|    std                  | 3.74        |
|    value_loss           | 0.0129      |
-----------------------------------------
-----------------------------------------
| rollout/                |             |
|    ep_len_mean          | 1.61e+03    |
|    ep_rew_mean          | 1.21e+04    |
| time/                   |             |
|    fps                  | 959         |
|    iterations           | 258         |
|    time_elapsed         | 26445       |
|    total_timesteps      | 25362432    |
| train/                  |             |
|    approx_kl            | 0.020747041 |
|    clip_fraction        | 0.349       |
|    clip_range           | 0.15        |
|    entropy_loss         | -45.5       |
|    explained_variance   | 0.82        |
|    learning_rate        | 0.0001      |
|    loss                 | -0.472      |
|    n_updates            | 3855        |
|    policy_gradient_loss | -0.0179     |
|    std                  | 3.77        |
|    value_loss           | 0.0111      |
-----------------------------------------
-----------------------------------------
| rollout/                |             |
|    ep_len_mean          | 1.7e+03     |
|    ep_rew_mean          | 1.27e+04    |
| time/                   |             |
|    fps                  | 959         |
|    iterations           | 259         |
|    time_elapsed         | 26541       |
|    total_timesteps      | 25460736    |
| train/                  |             |
|    approx_kl            | 0.020662224 |
|    clip_fraction        | 0.345       |
|    clip_range           | 0.15        |
|    entropy_loss         | -45.6       |
|    explained_variance   | 0.832       |
|    learning_rate        | 0.0001      |
|    loss                 | -0.473      |
|    n_updates            | 3870        |
|    policy_gradient_loss | -0.0175     |
|    std                  | 3.8         |
|    value_loss           | 0.00897     |
-----------------------------------------

------ Evaluating terrain: plain ------
Eval num_timesteps=25499592, episode_reward=15752.43 +/- 80.42
Episode length: 2000.00 +/- 0.00
-----------------------------------------
| eval/                   |             |
|    mean_ep_length       | 2e+03       |
|    mean_reward          | 1.58e+04    |
| time/                   |             |
|    total_timesteps      | 25499592    |
| train/                  |             |
|    approx_kl            | 0.021204466 |
|    clip_fraction        | 0.349       |
|    clip_range           | 0.15        |
|    entropy_loss         | -45.7       |
|    explained_variance   | 0.847       |
|    learning_rate        | 0.0001      |
|    loss                 | -0.472      |
|    n_updates            | 3885        |
|    policy_gradient_loss | -0.0179     |
|    std                  | 3.83        |
|    value_loss           | 0.00949     |
-----------------------------------------
New best mean reward!
Summary terrain plain: success: 0 / 10 (0.00 %)
    average progress: 0.00 %
    runs progress: [0.000, 0.000, 0.000, 0.000, 0.000, 0.000, 0.000, 0.000, 0.000, 0.000]
---------------------------------
| rollout/           |          |
|    ep_len_mean     | 1.64e+03 |
|    ep_rew_mean     | 1.23e+04 |
| time/              |          |
|    fps             | 958      |
|    iterations      | 260      |
|    time_elapsed    | 26655    |
|    total_timesteps | 25559040 |
---------------------------------
-----------------------------------------
| rollout/                |             |
|    ep_len_mean          | 1.66e+03    |
|    ep_rew_mean          | 1.25e+04    |
| time/                   |             |
|    fps                  | 959         |
|    iterations           | 261         |
|    time_elapsed         | 26749       |
|    total_timesteps      | 25657344    |
| train/                  |             |
|    approx_kl            | 0.020014245 |
|    clip_fraction        | 0.346       |
|    clip_range           | 0.15        |
|    entropy_loss         | -45.9       |
|    explained_variance   | 0.808       |
|    learning_rate        | 0.0001      |
|    loss                 | -0.479      |
|    n_updates            | 3900        |
|    policy_gradient_loss | -0.0168     |
|    std                  | 3.86        |
|    value_loss           | 0.00923     |
-----------------------------------------
-----------------------------------------
| rollout/                |             |
|    ep_len_mean          | 1.67e+03    |
|    ep_rew_mean          | 1.25e+04    |
| time/                   |             |
|    fps                  | 959         |
|    iterations           | 262         |
|    time_elapsed         | 26846       |
|    total_timesteps      | 25755648    |
| train/                  |             |
|    approx_kl            | 0.020685265 |
|    clip_fraction        | 0.347       |
|    clip_range           | 0.15        |
|    entropy_loss         | -46         |
|    explained_variance   | 0.81        |
|    learning_rate        | 0.0001      |
|    loss                 | -0.473      |
|    n_updates            | 3915        |
|    policy_gradient_loss | -0.0171     |
|    std                  | 3.9         |
|    value_loss           | 0.00752     |
-----------------------------------------
-----------------------------------------
| rollout/                |             |
|    ep_len_mean          | 1.22e+03    |
|    ep_rew_mean          | 9.11e+03    |
| time/                   |             |
|    fps                  | 959         |
|    iterations           | 263         |
|    time_elapsed         | 26943       |
|    total_timesteps      | 25853952    |
| train/                  |             |
|    approx_kl            | 0.021568686 |
|    clip_fraction        | 0.357       |
|    clip_range           | 0.15        |
|    entropy_loss         | -46.1       |
|    explained_variance   | 0.836       |
|    learning_rate        | 0.0001      |
|    loss                 | -0.481      |
|    n_updates            | 3930        |
|    policy_gradient_loss | -0.018      |
|    std                  | 3.93        |
|    value_loss           | 0.0111      |
-----------------------------------------
-----------------------------------------
| rollout/                |             |
|    ep_len_mean          | 1.43e+03    |
|    ep_rew_mean          | 1.07e+04    |
| time/                   |             |
|    fps                  | 959         |
|    iterations           | 264         |
|    time_elapsed         | 27041       |
|    total_timesteps      | 25952256    |
| train/                  |             |
|    approx_kl            | 0.020900896 |
|    clip_fraction        | 0.347       |
|    clip_range           | 0.15        |
|    entropy_loss         | -46.3       |
|    explained_variance   | 0.858       |
|    learning_rate        | 0.0001      |
|    loss                 | -0.476      |
|    n_updates            | 3945        |
|    policy_gradient_loss | -0.0188     |
|    std                  | 3.97        |
|    value_loss           | 0.0116      |
-----------------------------------------

------ Evaluating terrain: plain ------
Eval num_timesteps=25999584, episode_reward=15874.47 +/- 45.05
Episode length: 2000.00 +/- 0.00
-----------------------------------------
| eval/                   |             |
|    mean_ep_length       | 2e+03       |
|    mean_reward          | 1.59e+04    |
| time/                   |             |
|    total_timesteps      | 25999584    |
| train/                  |             |
|    approx_kl            | 0.021339064 |
|    clip_fraction        | 0.35        |
|    clip_range           | 0.15        |
|    entropy_loss         | -46.4       |
|    explained_variance   | 0.845       |
|    learning_rate        | 0.0001      |
|    loss                 | -0.492      |
|    n_updates            | 3960        |
|    policy_gradient_loss | -0.0182     |
|    std                  | 4           |
|    value_loss           | 0.0106      |
-----------------------------------------
New best mean reward!
Summary terrain plain: success: 0 / 10 (0.00 %)
    average progress: 0.00 %
    runs progress: [0.000, 0.000, 0.000, 0.000, 0.000, 0.000, 0.000, 0.000, 0.000, 0.000]
---------------------------------
| rollout/           |          |
|    ep_len_mean     | 1.55e+03 |
|    ep_rew_mean     | 1.16e+04 |
| time/              |          |
|    fps             | 959      |
|    iterations      | 265      |
|    time_elapsed    | 27156    |
|    total_timesteps | 26050560 |
---------------------------------
----------------------------------------
| rollout/                |            |
|    ep_len_mean          | 1.73e+03   |
|    ep_rew_mean          | 1.3e+04    |
| time/                   |            |
|    fps                  | 959        |
|    iterations           | 266        |
|    time_elapsed         | 27253      |
|    total_timesteps      | 26148864   |
| train/                  |            |
|    approx_kl            | 0.02162609 |
|    clip_fraction        | 0.351      |
|    clip_range           | 0.15       |
|    entropy_loss         | -46.6      |
|    explained_variance   | 0.833      |
|    learning_rate        | 0.0001     |
|    loss                 | -0.483     |
|    n_updates            | 3975       |
|    policy_gradient_loss | -0.0186    |
|    std                  | 4.04       |
|    value_loss           | 0.0109     |
----------------------------------------
-----------------------------------------
| rollout/                |             |
|    ep_len_mean          | 1.46e+03    |
|    ep_rew_mean          | 1.1e+04     |
| time/                   |             |
|    fps                  | 959         |
|    iterations           | 267         |
|    time_elapsed         | 27350       |
|    total_timesteps      | 26247168    |
| train/                  |             |
|    approx_kl            | 0.020718805 |
|    clip_fraction        | 0.348       |
|    clip_range           | 0.15        |
|    entropy_loss         | -46.7       |
|    explained_variance   | 0.802       |
|    learning_rate        | 0.0001      |
|    loss                 | -0.479      |
|    n_updates            | 3990        |
|    policy_gradient_loss | -0.0181     |
|    std                  | 4.07        |
|    value_loss           | 0.0118      |
-----------------------------------------
----------------------------------------
| rollout/                |            |
|    ep_len_mean          | 1.76e+03   |
|    ep_rew_mean          | 1.33e+04   |
| time/                   |            |
|    fps                  | 959        |
|    iterations           | 268        |
|    time_elapsed         | 27446      |
|    total_timesteps      | 26345472   |
| train/                  |            |
|    approx_kl            | 0.01982004 |
|    clip_fraction        | 0.34       |
|    clip_range           | 0.15       |
|    entropy_loss         | -46.8      |
|    explained_variance   | 0.831      |
|    learning_rate        | 0.0001     |
|    loss                 | -0.492     |
|    n_updates            | 4005       |
|    policy_gradient_loss | -0.0177    |
|    std                  | 4.1        |
|    value_loss           | 0.0104     |
----------------------------------------
----------------------------------------
| rollout/                |            |
|    ep_len_mean          | 1.54e+03   |
|    ep_rew_mean          | 1.16e+04   |
| time/                   |            |
|    fps                  | 959        |
|    iterations           | 269        |
|    time_elapsed         | 27546      |
|    total_timesteps      | 26443776   |
| train/                  |            |
|    approx_kl            | 0.02041948 |
|    clip_fraction        | 0.345      |
|    clip_range           | 0.15       |
|    entropy_loss         | -46.9      |
|    explained_variance   | 0.813      |
|    learning_rate        | 0.0001     |
|    loss                 | -0.487     |
|    n_updates            | 4020       |
|    policy_gradient_loss | -0.0175    |
|    std                  | 4.13       |
|    value_loss           | 0.00977    |
----------------------------------------

------ Evaluating terrain: plain ------
Eval num_timesteps=26499576, episode_reward=15974.20 +/- 77.40
Episode length: 2000.00 +/- 0.00
-----------------------------------------
| eval/                   |             |
|    mean_ep_length       | 2e+03       |
|    mean_reward          | 1.6e+04     |
| time/                   |             |
|    total_timesteps      | 26499576    |
| train/                  |             |
|    approx_kl            | 0.020902535 |
|    clip_fraction        | 0.346       |
|    clip_range           | 0.15        |
|    entropy_loss         | -47         |
|    explained_variance   | 0.843       |
|    learning_rate        | 0.0001      |
|    loss                 | -0.489      |
|    n_updates            | 4035        |
|    policy_gradient_loss | -0.0177     |
|    std                  | 4.17        |
|    value_loss           | 0.0112      |
-----------------------------------------
New best mean reward!
Summary terrain plain: success: 0 / 10 (0.00 %)
    average progress: 0.00 %
    runs progress: [0.000, 0.000, 0.000, 0.000, 0.000, 0.000, 0.000, 0.000, 0.000, 0.000]
---------------------------------
| rollout/           |          |
|    ep_len_mean     | 1.47e+03 |
|    ep_rew_mean     | 1.11e+04 |
| time/              |          |
|    fps             | 959      |
|    iterations      | 270      |
|    time_elapsed    | 27660    |
|    total_timesteps | 26542080 |
---------------------------------
----------------------------------------
| rollout/                |            |
|    ep_len_mean          | 1.74e+03   |
|    ep_rew_mean          | 1.32e+04   |
| time/                   |            |
|    fps                  | 959        |
|    iterations           | 271        |
|    time_elapsed         | 27758      |
|    total_timesteps      | 26640384   |
| train/                  |            |
|    approx_kl            | 0.02066256 |
|    clip_fraction        | 0.346      |
|    clip_range           | 0.15       |
|    entropy_loss         | -47.2      |
|    explained_variance   | 0.832      |
|    learning_rate        | 0.0001     |
|    loss                 | -0.488     |
|    n_updates            | 4050       |
|    policy_gradient_loss | -0.017     |
|    std                  | 4.21       |
|    value_loss           | 0.0087     |
----------------------------------------
----------------------------------------
| rollout/                |            |
|    ep_len_mean          | 1.46e+03   |
|    ep_rew_mean          | 1.11e+04   |
| time/                   |            |
|    fps                  | 959        |
|    iterations           | 272        |
|    time_elapsed         | 27857      |
|    total_timesteps      | 26738688   |
| train/                  |            |
|    approx_kl            | 0.02019228 |
|    clip_fraction        | 0.34       |
|    clip_range           | 0.15       |
|    entropy_loss         | -47.3      |
|    explained_variance   | 0.833      |
|    learning_rate        | 0.0001     |
|    loss                 | -0.48      |
|    n_updates            | 4065       |
|    policy_gradient_loss | -0.0178    |
|    std                  | 4.24       |
|    value_loss           | 0.0103     |
----------------------------------------
-----------------------------------------
| rollout/                |             |
|    ep_len_mean          | 1.67e+03    |
|    ep_rew_mean          | 1.27e+04    |
| time/                   |             |
|    fps                  | 960         |
|    iterations           | 273         |
|    time_elapsed         | 27950       |
|    total_timesteps      | 26836992    |
| train/                  |             |
|    approx_kl            | 0.020862982 |
|    clip_fraction        | 0.346       |
|    clip_range           | 0.15        |
|    entropy_loss         | -47.5       |
|    explained_variance   | 0.84        |
|    learning_rate        | 0.0001      |
|    loss                 | -0.486      |
|    n_updates            | 4080        |
|    policy_gradient_loss | -0.0176     |
|    std                  | 4.28        |
|    value_loss           | 0.0113      |
-----------------------------------------
-----------------------------------------
| rollout/                |             |
|    ep_len_mean          | 1.25e+03    |
|    ep_rew_mean          | 9.49e+03    |
| time/                   |             |
|    fps                  | 960         |
|    iterations           | 274         |
|    time_elapsed         | 28047       |
|    total_timesteps      | 26935296    |
| train/                  |             |
|    approx_kl            | 0.019856824 |
|    clip_fraction        | 0.342       |
|    clip_range           | 0.15        |
|    entropy_loss         | -47.6       |
|    explained_variance   | 0.759       |
|    learning_rate        | 0.0001      |
|    loss                 | -0.495      |
|    n_updates            | 4095        |
|    policy_gradient_loss | -0.016      |
|    std                  | 4.32        |
|    value_loss           | 0.00793     |
-----------------------------------------

------ Evaluating terrain: plain ------
Eval num_timesteps=26999568, episode_reward=16081.37 +/- 94.36
Episode length: 2000.00 +/- 0.00
-----------------------------------------
| eval/                   |             |
|    mean_ep_length       | 2e+03       |
|    mean_reward          | 1.61e+04    |
| time/                   |             |
|    total_timesteps      | 26999568    |
| train/                  |             |
|    approx_kl            | 0.020557562 |
|    clip_fraction        | 0.348       |
|    clip_range           | 0.15        |
|    entropy_loss         | -47.7       |
|    explained_variance   | 0.814       |
|    learning_rate        | 0.0001      |
|    loss                 | -0.488      |
|    n_updates            | 4110        |
|    policy_gradient_loss | -0.0177     |
|    std                  | 4.35        |
|    value_loss           | 0.0132      |
-----------------------------------------
New best mean reward!
Summary terrain plain: success: 0 / 10 (0.00 %)
    average progress: 0.00 %
    runs progress: [0.000, 0.000, 0.000, 0.000, 0.000, 0.000, 0.000, 0.000, 0.000, 0.000]
---------------------------------
| rollout/           |          |
|    ep_len_mean     | 1.35e+03 |
|    ep_rew_mean     | 1.03e+04 |
| time/              |          |
|    fps             | 959      |
|    iterations      | 275      |
|    time_elapsed    | 28165    |
|    total_timesteps | 27033600 |
---------------------------------
-----------------------------------------
| rollout/                |             |
|    ep_len_mean          | 1.44e+03    |
|    ep_rew_mean          | 1.1e+04     |
| time/                   |             |
|    fps                  | 959         |
|    iterations           | 276         |
|    time_elapsed         | 28262       |
|    total_timesteps      | 27131904    |
| train/                  |             |
|    approx_kl            | 0.021449134 |
|    clip_fraction        | 0.351       |
|    clip_range           | 0.15        |
|    entropy_loss         | -47.9       |
|    explained_variance   | 0.797       |
|    learning_rate        | 0.0001      |
|    loss                 | -0.497      |
|    n_updates            | 4125        |
|    policy_gradient_loss | -0.0181     |
|    std                  | 4.39        |
|    value_loss           | 0.0127      |
-----------------------------------------
-----------------------------------------
| rollout/                |             |
|    ep_len_mean          | 1.5e+03     |
|    ep_rew_mean          | 1.15e+04    |
| time/                   |             |
|    fps                  | 960         |
|    iterations           | 277         |
|    time_elapsed         | 28356       |
|    total_timesteps      | 27230208    |
| train/                  |             |
|    approx_kl            | 0.020887846 |
|    clip_fraction        | 0.347       |
|    clip_range           | 0.15        |
|    entropy_loss         | -48         |
|    explained_variance   | 0.821       |
|    learning_rate        | 0.0001      |
|    loss                 | -0.499      |
|    n_updates            | 4140        |
|    policy_gradient_loss | -0.0181     |
|    std                  | 4.43        |
|    value_loss           | 0.0125      |
-----------------------------------------
-----------------------------------------
| rollout/                |             |
|    ep_len_mean          | 1.32e+03    |
|    ep_rew_mean          | 1.02e+04    |
| time/                   |             |
|    fps                  | 960         |
|    iterations           | 278         |
|    time_elapsed         | 28457       |
|    total_timesteps      | 27328512    |
| train/                  |             |
|    approx_kl            | 0.020496322 |
|    clip_fraction        | 0.344       |
|    clip_range           | 0.15        |
|    entropy_loss         | -48.2       |
|    explained_variance   | 0.809       |
|    learning_rate        | 0.0001      |
|    loss                 | -0.497      |
|    n_updates            | 4155        |
|    policy_gradient_loss | -0.0173     |
|    std                  | 4.47        |
|    value_loss           | 0.0097      |
-----------------------------------------
-----------------------------------------
| rollout/                |             |
|    ep_len_mean          | 957         |
|    ep_rew_mean          | 7.26e+03    |
| time/                   |             |
|    fps                  | 960         |
|    iterations           | 279         |
|    time_elapsed         | 28557       |
|    total_timesteps      | 27426816    |
| train/                  |             |
|    approx_kl            | 0.021328202 |
|    clip_fraction        | 0.354       |
|    clip_range           | 0.15        |
|    entropy_loss         | -48.3       |
|    explained_variance   | 0.799       |
|    learning_rate        | 0.0001      |
|    loss                 | -0.495      |
|    n_updates            | 4170        |
|    policy_gradient_loss | -0.0174     |
|    std                  | 4.52        |
|    value_loss           | 0.014       |
-----------------------------------------

------ Evaluating terrain: plain ------
Eval num_timesteps=27499560, episode_reward=14504.21 +/- 4677.05
Episode length: 1809.70 +/- 570.90
-----------------------------------------
| eval/                   |             |
|    mean_ep_length       | 1.81e+03    |
|    mean_reward          | 1.45e+04    |
| time/                   |             |
|    total_timesteps      | 27499560    |
| train/                  |             |
|    approx_kl            | 0.020402135 |
|    clip_fraction        | 0.342       |
|    clip_range           | 0.15        |
|    entropy_loss         | -48.4       |
|    explained_variance   | 0.83        |
|    learning_rate        | 0.0001      |
|    loss                 | -0.501      |
|    n_updates            | 4185        |
|    policy_gradient_loss | -0.018      |
|    std                  | 4.56        |
|    value_loss           | 0.014       |
-----------------------------------------
Summary terrain plain: success: 0 / 10 (0.00 %)
    average progress: 0.00 %
    runs progress: [0.000, 0.000, 0.000, 0.000, 0.000, 0.000, 0.000, 0.000, 0.000, 0.000]
---------------------------------
| rollout/           |          |
|    ep_len_mean     | 1.36e+03 |
|    ep_rew_mean     | 1.04e+04 |
| time/              |          |
|    fps             | 959      |
|    iterations      | 280      |
|    time_elapsed    | 28672    |
|    total_timesteps | 27525120 |
---------------------------------
-----------------------------------------
| rollout/                |             |
|    ep_len_mean          | 1.32e+03    |
|    ep_rew_mean          | 1.01e+04    |
| time/                   |             |
|    fps                  | 960         |
|    iterations           | 281         |
|    time_elapsed         | 28768       |
|    total_timesteps      | 27623424    |
| train/                  |             |
|    approx_kl            | 0.019918922 |
|    clip_fraction        | 0.341       |
|    clip_range           | 0.15        |
|    entropy_loss         | -48.6       |
|    explained_variance   | 0.807       |
|    learning_rate        | 0.0001      |
|    loss                 | -0.504      |
|    n_updates            | 4200        |
|    policy_gradient_loss | -0.0174     |
|    std                  | 4.59        |
|    value_loss           | 0.0148      |
-----------------------------------------
-----------------------------------------
| rollout/                |             |
|    ep_len_mean          | 1.31e+03    |
|    ep_rew_mean          | 1.01e+04    |
| time/                   |             |
|    fps                  | 960         |
|    iterations           | 282         |
|    time_elapsed         | 28868       |
|    total_timesteps      | 27721728    |
| train/                  |             |
|    approx_kl            | 0.020645298 |
|    clip_fraction        | 0.346       |
|    clip_range           | 0.15        |
|    entropy_loss         | -48.7       |
|    explained_variance   | 0.81        |
|    learning_rate        | 0.0001      |
|    loss                 | -0.505      |
|    n_updates            | 4215        |
|    policy_gradient_loss | -0.017      |
|    std                  | 4.64        |
|    value_loss           | 0.0113      |
-----------------------------------------
--------------------------------------
| rollout/                |          |
|    ep_len_mean          | 1.31e+03 |
|    ep_rew_mean          | 1.01e+04 |
| time/                   |          |
|    fps                  | 960      |
|    iterations           | 283      |
|    time_elapsed         | 28965    |
|    total_timesteps      | 27820032 |
| train/                  |          |
|    approx_kl            | 0.020717 |
|    clip_fraction        | 0.34     |
|    clip_range           | 0.15     |
|    entropy_loss         | -48.8    |
|    explained_variance   | 0.83     |
|    learning_rate        | 0.0001   |
|    loss                 | -0.491   |
|    n_updates            | 4230     |
|    policy_gradient_loss | -0.0182  |
|    std                  | 4.67     |
|    value_loss           | 0.016    |
--------------------------------------
-----------------------------------------
| rollout/                |             |
|    ep_len_mean          | 1.53e+03    |
|    ep_rew_mean          | 1.18e+04    |
| time/                   |             |
|    fps                  | 960         |
|    iterations           | 284         |
|    time_elapsed         | 29062       |
|    total_timesteps      | 27918336    |
| train/                  |             |
|    approx_kl            | 0.020475693 |
|    clip_fraction        | 0.345       |
|    clip_range           | 0.15        |
|    entropy_loss         | -48.9       |
|    explained_variance   | 0.822       |
|    learning_rate        | 0.0001      |
|    loss                 | -0.505      |
|    n_updates            | 4245        |
|    policy_gradient_loss | -0.0178     |
|    std                  | 4.71        |
|    value_loss           | 0.0124      |
-----------------------------------------

------ Evaluating terrain: plain ------
Eval num_timesteps=27999552, episode_reward=16012.43 +/- 50.75
Episode length: 2000.00 +/- 0.00
----------------------------------------
| eval/                   |            |
|    mean_ep_length       | 2e+03      |
|    mean_reward          | 1.6e+04    |
| time/                   |            |
|    total_timesteps      | 27999552   |
| train/                  |            |
|    approx_kl            | 0.02125143 |
|    clip_fraction        | 0.347      |
|    clip_range           | 0.15       |
|    entropy_loss         | -49.1      |
|    explained_variance   | 0.794      |
|    learning_rate        | 0.0001     |
|    loss                 | -0.507     |
|    n_updates            | 4260       |
|    policy_gradient_loss | -0.0181    |
|    std                  | 4.75       |
|    value_loss           | 0.0116     |
----------------------------------------
Summary terrain plain: success: 0 / 10 (0.00 %)
    average progress: 0.00 %
    runs progress: [0.000, 0.000, 0.000, 0.000, 0.000, 0.000, 0.000, 0.000, 0.000, 0.000]
---------------------------------
| rollout/           |          |
|    ep_len_mean     | 1.66e+03 |
|    ep_rew_mean     | 1.28e+04 |
| time/              |          |
|    fps             | 960      |
|    iterations      | 285      |
|    time_elapsed    | 29175    |
|    total_timesteps | 28016640 |
---------------------------------
-----------------------------------------
| rollout/                |             |
|    ep_len_mean          | 1.92e+03    |
|    ep_rew_mean          | 1.49e+04    |
| time/                   |             |
|    fps                  | 960         |
|    iterations           | 286         |
|    time_elapsed         | 29269       |
|    total_timesteps      | 28114944    |
| train/                  |             |
|    approx_kl            | 0.019182958 |
|    clip_fraction        | 0.33        |
|    clip_range           | 0.15        |
|    entropy_loss         | -49.2       |
|    explained_variance   | 0.803       |
|    learning_rate        | 0.0001      |
|    loss                 | -0.511      |
|    n_updates            | 4275        |
|    policy_gradient_loss | -0.0167     |
|    std                  | 4.78        |
|    value_loss           | 0.00802     |
-----------------------------------------
-----------------------------------------
| rollout/                |             |
|    ep_len_mean          | 2.21e+03    |
|    ep_rew_mean          | 1.71e+04    |
| time/                   |             |
|    fps                  | 960         |
|    iterations           | 287         |
|    time_elapsed         | 29366       |
|    total_timesteps      | 28213248    |
| train/                  |             |
|    approx_kl            | 0.020374449 |
|    clip_fraction        | 0.343       |
|    clip_range           | 0.15        |
|    entropy_loss         | -49.3       |
|    explained_variance   | 0.786       |
|    learning_rate        | 0.0001      |
|    loss                 | -0.512      |
|    n_updates            | 4290        |
|    policy_gradient_loss | -0.0165     |
|    std                  | 4.83        |
|    value_loss           | 0.00659     |
-----------------------------------------
-----------------------------------------
| rollout/                |             |
|    ep_len_mean          | 1.49e+03    |
|    ep_rew_mean          | 1.15e+04    |
| time/                   |             |
|    fps                  | 960         |
|    iterations           | 288         |
|    time_elapsed         | 29465       |
|    total_timesteps      | 28311552    |
| train/                  |             |
|    approx_kl            | 0.020371644 |
|    clip_fraction        | 0.343       |
|    clip_range           | 0.15        |
|    entropy_loss         | -49.5       |
|    explained_variance   | 0.762       |
|    learning_rate        | 0.0001      |
|    loss                 | -0.509      |
|    n_updates            | 4305        |
|    policy_gradient_loss | -0.0161     |
|    std                  | 4.87        |
|    value_loss           | 0.00942     |
-----------------------------------------
-----------------------------------------
| rollout/                |             |
|    ep_len_mean          | 1.71e+03    |
|    ep_rew_mean          | 1.33e+04    |
| time/                   |             |
|    fps                  | 961         |
|    iterations           | 289         |
|    time_elapsed         | 29561       |
|    total_timesteps      | 28409856    |
| train/                  |             |
|    approx_kl            | 0.020548204 |
|    clip_fraction        | 0.342       |
|    clip_range           | 0.15        |
|    entropy_loss         | -49.6       |
|    explained_variance   | 0.83        |
|    learning_rate        | 0.0001      |
|    loss                 | -0.509      |
|    n_updates            | 4320        |
|    policy_gradient_loss | -0.0175     |
|    std                  | 4.92        |
|    value_loss           | 0.0101      |
-----------------------------------------

------ Evaluating terrain: plain ------
Eval num_timesteps=28499544, episode_reward=16227.58 +/- 57.69
Episode length: 2000.00 +/- 0.00
-----------------------------------------
| eval/                   |             |
|    mean_ep_length       | 2e+03       |
|    mean_reward          | 1.62e+04    |
| time/                   |             |
|    total_timesteps      | 28499544    |
| train/                  |             |
|    approx_kl            | 0.020650258 |
|    clip_fraction        | 0.349       |
|    clip_range           | 0.15        |
|    entropy_loss         | -49.8       |
|    explained_variance   | 0.748       |
|    learning_rate        | 0.0001      |
|    loss                 | -0.511      |
|    n_updates            | 4335        |
|    policy_gradient_loss | -0.0162     |
|    std                  | 4.97        |
|    value_loss           | 0.00936     |
-----------------------------------------
New best mean reward!
Summary terrain plain: success: 0 / 10 (0.00 %)
    average progress: 0.00 %
    runs progress: [0.000, 0.000, 0.000, 0.000, 0.000, 0.000, 0.000, 0.000, 0.000, 0.000]
---------------------------------
| rollout/           |          |
|    ep_len_mean     | 1.52e+03 |
|    ep_rew_mean     | 1.18e+04 |
| time/              |          |
|    fps             | 960      |
|    iterations      | 290      |
|    time_elapsed    | 29677    |
|    total_timesteps | 28508160 |
---------------------------------
-----------------------------------------
| rollout/                |             |
|    ep_len_mean          | 1.27e+03    |
|    ep_rew_mean          | 9.77e+03    |
| time/                   |             |
|    fps                  | 960         |
|    iterations           | 291         |
|    time_elapsed         | 29775       |
|    total_timesteps      | 28606464    |
| train/                  |             |
|    approx_kl            | 0.020434095 |
|    clip_fraction        | 0.343       |
|    clip_range           | 0.15        |
|    entropy_loss         | -49.9       |
|    explained_variance   | 0.818       |
|    learning_rate        | 0.0001      |
|    loss                 | -0.507      |
|    n_updates            | 4350        |
|    policy_gradient_loss | -0.0179     |
|    std                  | 5.01        |
|    value_loss           | 0.012       |
-----------------------------------------
-----------------------------------------
| rollout/                |             |
|    ep_len_mean          | 1.3e+03     |
|    ep_rew_mean          | 1.01e+04    |
| time/                   |             |
|    fps                  | 960         |
|    iterations           | 292         |
|    time_elapsed         | 29874       |
|    total_timesteps      | 28704768    |
| train/                  |             |
|    approx_kl            | 0.019954322 |
|    clip_fraction        | 0.337       |
|    clip_range           | 0.15        |
|    entropy_loss         | -50         |
|    explained_variance   | 0.811       |
|    learning_rate        | 0.0001      |
|    loss                 | -0.518      |
|    n_updates            | 4365        |
|    policy_gradient_loss | -0.0172     |
|    std                  | 5.05        |
|    value_loss           | 0.0119      |
-----------------------------------------
-----------------------------------------
| rollout/                |             |
|    ep_len_mean          | 1.28e+03    |
|    ep_rew_mean          | 9.93e+03    |
| time/                   |             |
|    fps                  | 960         |
|    iterations           | 293         |
|    time_elapsed         | 29972       |
|    total_timesteps      | 28803072    |
| train/                  |             |
|    approx_kl            | 0.019814404 |
|    clip_fraction        | 0.334       |
|    clip_range           | 0.15        |
|    entropy_loss         | -50.1       |
|    explained_variance   | 0.797       |
|    learning_rate        | 0.0001      |
|    loss                 | -0.501      |
|    n_updates            | 4380        |
|    policy_gradient_loss | -0.017      |
|    std                  | 5.09        |
|    value_loss           | 0.013       |
-----------------------------------------
-----------------------------------------
| rollout/                |             |
|    ep_len_mean          | 1.34e+03    |
|    ep_rew_mean          | 1.04e+04    |
| time/                   |             |
|    fps                  | 961         |
|    iterations           | 294         |
|    time_elapsed         | 30069       |
|    total_timesteps      | 28901376    |
| train/                  |             |
|    approx_kl            | 0.021075608 |
|    clip_fraction        | 0.346       |
|    clip_range           | 0.15        |
|    entropy_loss         | -50.3       |
|    explained_variance   | 0.787       |
|    learning_rate        | 0.0001      |
|    loss                 | -0.512      |
|    n_updates            | 4395        |
|    policy_gradient_loss | -0.0172     |
|    std                  | 5.14        |
|    value_loss           | 0.0126      |
-----------------------------------------

------ Evaluating terrain: plain ------
Eval num_timesteps=28999536, episode_reward=16227.33 +/- 81.70
Episode length: 2000.00 +/- 0.00
----------------------------------------
| eval/                   |            |
|    mean_ep_length       | 2e+03      |
|    mean_reward          | 1.62e+04   |
| time/                   |            |
|    total_timesteps      | 28999536   |
| train/                  |            |
|    approx_kl            | 0.02067236 |
|    clip_fraction        | 0.342      |
|    clip_range           | 0.15       |
|    entropy_loss         | -50.4      |
|    explained_variance   | 0.79       |
|    learning_rate        | 0.0001     |
|    loss                 | -0.519     |
|    n_updates            | 4410       |
|    policy_gradient_loss | -0.018     |
|    std                  | 5.18       |
|    value_loss           | 0.0154     |
----------------------------------------
Summary terrain plain: success: 0 / 10 (0.00 %)
    average progress: 0.00 %
    runs progress: [0.000, 0.000, 0.000, 0.000, 0.000, 0.000, 0.000, 0.000, 0.000, 0.000]
---------------------------------
| rollout/           |          |
|    ep_len_mean     | 1.57e+03 |
|    ep_rew_mean     | 1.22e+04 |
| time/              |          |
|    fps             | 960      |
|    iterations      | 295      |
|    time_elapsed    | 30182    |
|    total_timesteps | 28999680 |
---------------------------------
----------------------------------------
| rollout/                |            |
|    ep_len_mean          | 1.98e+03   |
|    ep_rew_mean          | 1.55e+04   |
| time/                   |            |
|    fps                  | 960        |
|    iterations           | 296        |
|    time_elapsed         | 30280      |
|    total_timesteps      | 29097984   |
| train/                  |            |
|    approx_kl            | 0.02017471 |
|    clip_fraction        | 0.338      |
|    clip_range           | 0.15       |
|    entropy_loss         | -50.5      |
|    explained_variance   | 0.763      |
|    learning_rate        | 0.0001     |
|    loss                 | -0.513     |
|    n_updates            | 4425       |
|    policy_gradient_loss | -0.0167    |
|    std                  | 5.23       |
|    value_loss           | 0.0109     |
----------------------------------------
---------------------------------------
| rollout/                |           |
|    ep_len_mean          | 1.86e+03  |
|    ep_rew_mean          | 1.46e+04  |
| time/                   |           |
|    fps                  | 961       |
|    iterations           | 297       |
|    time_elapsed         | 30376     |
|    total_timesteps      | 29196288  |
| train/                  |           |
|    approx_kl            | 0.0199303 |
|    clip_fraction        | 0.337     |
|    clip_range           | 0.15      |
|    entropy_loss         | -50.7     |
|    explained_variance   | 0.764     |
|    learning_rate        | 0.0001    |
|    loss                 | -0.523    |
|    n_updates            | 4440      |
|    policy_gradient_loss | -0.0165   |
|    std                  | 5.28      |
|    value_loss           | 0.00871   |
---------------------------------------
-----------------------------------------
| rollout/                |             |
|    ep_len_mean          | 1.73e+03    |
|    ep_rew_mean          | 1.35e+04    |
| time/                   |             |
|    fps                  | 961         |
|    iterations           | 298         |
|    time_elapsed         | 30471       |
|    total_timesteps      | 29294592    |
| train/                  |             |
|    approx_kl            | 0.020084627 |
|    clip_fraction        | 0.34        |
|    clip_range           | 0.15        |
|    entropy_loss         | -50.8       |
|    explained_variance   | 0.765       |
|    learning_rate        | 0.0001      |
|    loss                 | -0.525      |
|    n_updates            | 4455        |
|    policy_gradient_loss | -0.0167     |
|    std                  | 5.33        |
|    value_loss           | 0.011       |
-----------------------------------------
-----------------------------------------
| rollout/                |             |
|    ep_len_mean          | 1.88e+03    |
|    ep_rew_mean          | 1.47e+04    |
| time/                   |             |
|    fps                  | 961         |
|    iterations           | 299         |
|    time_elapsed         | 30566       |
|    total_timesteps      | 29392896    |
| train/                  |             |
|    approx_kl            | 0.019545114 |
|    clip_fraction        | 0.331       |
|    clip_range           | 0.15        |
|    entropy_loss         | -50.9       |
|    explained_variance   | 0.783       |
|    learning_rate        | 0.0001      |
|    loss                 | -0.525      |
|    n_updates            | 4470        |
|    policy_gradient_loss | -0.0166     |
|    std                  | 5.37        |
|    value_loss           | 0.00842     |
-----------------------------------------
-----------------------------------------
| rollout/                |             |
|    ep_len_mean          | 1.29e+03    |
|    ep_rew_mean          | 1e+04       |
| time/                   |             |
|    fps                  | 961         |
|    iterations           | 300         |
|    time_elapsed         | 30664       |
|    total_timesteps      | 29491200    |
| train/                  |             |
|    approx_kl            | 0.019522274 |
|    clip_fraction        | 0.335       |
|    clip_range           | 0.15        |
|    entropy_loss         | -51.1       |
|    explained_variance   | 0.785       |
|    learning_rate        | 0.0001      |
|    loss                 | -0.532      |
|    n_updates            | 4485        |
|    policy_gradient_loss | -0.016      |
|    std                  | 5.42        |
|    value_loss           | 0.0102      |
-----------------------------------------

------ Evaluating terrain: plain ------
Eval num_timesteps=29499528, episode_reward=16471.50 +/- 53.21
Episode length: 2000.00 +/- 0.00
---------------------------------------
| eval/                   |           |
|    mean_ep_length       | 2e+03     |
|    mean_reward          | 1.65e+04  |
| time/                   |           |
|    total_timesteps      | 29499528  |
| train/                  |           |
|    approx_kl            | 0.0203633 |
|    clip_fraction        | 0.341     |
|    clip_range           | 0.15      |
|    entropy_loss         | -51.2     |
|    explained_variance   | 0.804     |
|    learning_rate        | 0.0001    |
|    loss                 | -0.523    |
|    n_updates            | 4500      |
|    policy_gradient_loss | -0.0172   |
|    std                  | 5.47      |
|    value_loss           | 0.0127    |
---------------------------------------
New best mean reward!
Summary terrain plain: success: 0 / 10 (0.00 %)
    average progress: 0.00 %
    runs progress: [0.000, 0.000, 0.000, 0.000, 0.000, 0.000, 0.000, 0.000, 0.000, 0.000]
---------------------------------
| rollout/           |          |
|    ep_len_mean     | 1.35e+03 |
|    ep_rew_mean     | 1.05e+04 |
| time/              |          |
|    fps             | 961      |
|    iterations      | 301      |
|    time_elapsed    | 30782    |
|    total_timesteps | 29589504 |
---------------------------------
-----------------------------------------
| rollout/                |             |
|    ep_len_mean          | 1.33e+03    |
|    ep_rew_mean          | 1.04e+04    |
| time/                   |             |
|    fps                  | 961         |
|    iterations           | 302         |
|    time_elapsed         | 30878       |
|    total_timesteps      | 29687808    |
| train/                  |             |
|    approx_kl            | 0.020671954 |
|    clip_fraction        | 0.337       |
|    clip_range           | 0.15        |
|    entropy_loss         | -51.3       |
|    explained_variance   | 0.785       |
|    learning_rate        | 0.0001      |
|    loss                 | -0.527      |
|    n_updates            | 4515        |
|    policy_gradient_loss | -0.0178     |
|    std                  | 5.51        |
|    value_loss           | 0.0164      |
-----------------------------------------
----------------------------------------
| rollout/                |            |
|    ep_len_mean          | 1.41e+03   |
|    ep_rew_mean          | 1.11e+04   |
| time/                   |            |
|    fps                  | 961        |
|    iterations           | 303        |
|    time_elapsed         | 30977      |
|    total_timesteps      | 29786112   |
| train/                  |            |
|    approx_kl            | 0.02047488 |
|    clip_fraction        | 0.34       |
|    clip_range           | 0.15       |
|    entropy_loss         | -51.5      |
|    explained_variance   | 0.792      |
|    learning_rate        | 0.0001     |
|    loss                 | -0.531     |
|    n_updates            | 4530       |
|    policy_gradient_loss | -0.018     |
|    std                  | 5.56       |
|    value_loss           | 0.0143     |
----------------------------------------
----------------------------------------
| rollout/                |            |
|    ep_len_mean          | 1.36e+03   |
|    ep_rew_mean          | 1.06e+04   |
| time/                   |            |
|    fps                  | 961        |
|    iterations           | 304        |
|    time_elapsed         | 31072      |
|    total_timesteps      | 29884416   |
| train/                  |            |
|    approx_kl            | 0.02008901 |
|    clip_fraction        | 0.343      |
|    clip_range           | 0.15       |
|    entropy_loss         | -51.6      |
|    explained_variance   | 0.773      |
|    learning_rate        | 0.0001     |
|    loss                 | -0.535     |
|    n_updates            | 4545       |
|    policy_gradient_loss | -0.0171    |
|    std                  | 5.6        |
|    value_loss           | 0.0135     |
----------------------------------------
-----------------------------------------
| rollout/                |             |
|    ep_len_mean          | 1.88e+03    |
|    ep_rew_mean          | 1.49e+04    |
| time/                   |             |
|    fps                  | 962         |
|    iterations           | 305         |
|    time_elapsed         | 31166       |
|    total_timesteps      | 29982720    |
| train/                  |             |
|    approx_kl            | 0.020253332 |
|    clip_fraction        | 0.338       |
|    clip_range           | 0.15        |
|    entropy_loss         | -51.7       |
|    explained_variance   | 0.788       |
|    learning_rate        | 0.0001      |
|    loss                 | -0.535      |
|    n_updates            | 4560        |
|    policy_gradient_loss | -0.0169     |
|    std                  | 5.65        |
|    value_loss           | 0.0128      |
-----------------------------------------

------ Evaluating terrain: plain ------
Eval num_timesteps=29999520, episode_reward=14953.38 +/- 4683.59
Episode length: 1815.20 +/- 554.40
-----------------------------------------
| eval/                   |             |
|    mean_ep_length       | 1.82e+03    |
|    mean_reward          | 1.5e+04     |
| time/                   |             |
|    total_timesteps      | 29999520    |
| train/                  |             |
|    approx_kl            | 0.019492662 |
|    clip_fraction        | 0.337       |
|    clip_range           | 0.15        |
|    entropy_loss         | -51.8       |
|    explained_variance   | 0.756       |
|    learning_rate        | 0.0001      |
|    loss                 | -0.537      |
|    n_updates            | 4575        |
|    policy_gradient_loss | -0.0164     |
|    std                  | 5.7         |
|    value_loss           | 0.0098      |
-----------------------------------------
Summary terrain plain: success: 0 / 10 (0.00 %)
    average progress: 0.00 %
    runs progress: [0.000, 0.000, 0.000, 0.000, 0.000, 0.000, 0.000, 0.000, 0.000, 0.000]
---------------------------------
| rollout/           |          |
|    ep_len_mean     | 1.97e+03 |
|    ep_rew_mean     | 1.56e+04 |
| time/              |          |
|    fps             | 961      |
|    iterations      | 306      |
|    time_elapsed    | 31280    |
|    total_timesteps | 30081024 |
---------------------------------
-----------------------------------------
| rollout/                |             |
|    ep_len_mean          | 1.64e+03    |
|    ep_rew_mean          | 1.3e+04     |
| time/                   |             |
|    fps                  | 961         |
|    iterations           | 307         |
|    time_elapsed         | 31376       |
|    total_timesteps      | 30179328    |
| train/                  |             |
|    approx_kl            | 0.019782552 |
|    clip_fraction        | 0.343       |
|    clip_range           | 0.15        |
|    entropy_loss         | -52         |
|    explained_variance   | 0.756       |
|    learning_rate        | 0.0001      |
|    loss                 | -0.51       |
|    n_updates            | 4590        |
|    policy_gradient_loss | -0.016      |
|    std                  | 5.77        |
|    value_loss           | 0.0108      |
-----------------------------------------
-----------------------------------------
| rollout/                |             |
|    ep_len_mean          | 1.16e+03    |
|    ep_rew_mean          | 9.1e+03     |
| time/                   |             |
|    fps                  | 961         |
|    iterations           | 308         |
|    time_elapsed         | 31477       |
|    total_timesteps      | 30277632    |
| train/                  |             |
|    approx_kl            | 0.020172803 |
|    clip_fraction        | 0.339       |
|    clip_range           | 0.15        |
|    entropy_loss         | -52.2       |
|    explained_variance   | 0.776       |
|    learning_rate        | 0.0001      |
|    loss                 | -0.533      |
|    n_updates            | 4605        |
|    policy_gradient_loss | -0.0166     |
|    std                  | 5.82        |
|    value_loss           | 0.0132      |
-----------------------------------------
-----------------------------------------
| rollout/                |             |
|    ep_len_mean          | 1.27e+03    |
|    ep_rew_mean          | 9.97e+03    |
| time/                   |             |
|    fps                  | 962         |
|    iterations           | 309         |
|    time_elapsed         | 31574       |
|    total_timesteps      | 30375936    |
| train/                  |             |
|    approx_kl            | 0.020780494 |
|    clip_fraction        | 0.341       |
|    clip_range           | 0.15        |
|    entropy_loss         | -52.3       |
|    explained_variance   | 0.8         |
|    learning_rate        | 0.0001      |
|    loss                 | -0.542      |
|    n_updates            | 4620        |
|    policy_gradient_loss | -0.0175     |
|    std                  | 5.87        |
|    value_loss           | 0.0148      |
-----------------------------------------
-----------------------------------------
| rollout/                |             |
|    ep_len_mean          | 1.55e+03    |
|    ep_rew_mean          | 1.22e+04    |
| time/                   |             |
|    fps                  | 962         |
|    iterations           | 310         |
|    time_elapsed         | 31671       |
|    total_timesteps      | 30474240    |
| train/                  |             |
|    approx_kl            | 0.020162636 |
|    clip_fraction        | 0.336       |
|    clip_range           | 0.15        |
|    entropy_loss         | -52.4       |
|    explained_variance   | 0.829       |
|    learning_rate        | 0.0001      |
|    loss                 | -0.537      |
|    n_updates            | 4635        |
|    policy_gradient_loss | -0.0176     |
|    std                  | 5.93        |
|    value_loss           | 0.014       |
-----------------------------------------

------ Evaluating terrain: plain ------
Eval num_timesteps=30499512, episode_reward=16546.74 +/- 49.15
Episode length: 2000.00 +/- 0.00
-----------------------------------------
| eval/                   |             |
|    mean_ep_length       | 2e+03       |
|    mean_reward          | 1.65e+04    |
| time/                   |             |
|    total_timesteps      | 30499512    |
| train/                  |             |
|    approx_kl            | 0.020026766 |
|    clip_fraction        | 0.342       |
|    clip_range           | 0.15        |
|    entropy_loss         | -52.5       |
|    explained_variance   | 0.782       |
|    learning_rate        | 0.0001      |
|    loss                 | -0.533      |
|    n_updates            | 4650        |
|    policy_gradient_loss | -0.0173     |
|    std                  | 5.98        |
|    value_loss           | 0.0106      |
-----------------------------------------
New best mean reward!
Summary terrain plain: success: 0 / 10 (0.00 %)
    average progress: 0.00 %
    runs progress: [0.000, 0.000, 0.000, 0.000, 0.000, 0.000, 0.000, 0.000, 0.000, 0.000]
---------------------------------
| rollout/           |          |
|    ep_len_mean     | 1.65e+03 |
|    ep_rew_mean     | 1.3e+04  |
| time/              |          |
|    fps             | 961      |
|    iterations      | 311      |
|    time_elapsed    | 31787    |
|    total_timesteps | 30572544 |
---------------------------------
-----------------------------------------
| rollout/                |             |
|    ep_len_mean          | 1.69e+03    |
|    ep_rew_mean          | 1.34e+04    |
| time/                   |             |
|    fps                  | 962         |
|    iterations           | 312         |
|    time_elapsed         | 31880       |
|    total_timesteps      | 30670848    |
| train/                  |             |
|    approx_kl            | 0.020311767 |
|    clip_fraction        | 0.338       |
|    clip_range           | 0.15        |
|    entropy_loss         | -52.6       |
|    explained_variance   | 0.777       |
|    learning_rate        | 0.0001      |
|    loss                 | -0.547      |
|    n_updates            | 4665        |
|    policy_gradient_loss | -0.0171     |
|    std                  | 6.02        |
|    value_loss           | 0.0132      |
-----------------------------------------
-----------------------------------------
| rollout/                |             |
|    ep_len_mean          | 2.21e+03    |
|    ep_rew_mean          | 1.76e+04    |
| time/                   |             |
|    fps                  | 962         |
|    iterations           | 313         |
|    time_elapsed         | 31973       |
|    total_timesteps      | 30769152    |
| train/                  |             |
|    approx_kl            | 0.019577831 |
|    clip_fraction        | 0.337       |
|    clip_range           | 0.15        |
|    entropy_loss         | -52.8       |
|    explained_variance   | 0.789       |
|    learning_rate        | 0.0001      |
|    loss                 | -0.545      |
|    n_updates            | 4680        |
|    policy_gradient_loss | -0.0162     |
|    std                  | 6.08        |
|    value_loss           | 0.00843     |
-----------------------------------------
-----------------------------------------
| rollout/                |             |
|    ep_len_mean          | 2.13e+03    |
|    ep_rew_mean          | 1.69e+04    |
| time/                   |             |
|    fps                  | 962         |
|    iterations           | 314         |
|    time_elapsed         | 32069       |
|    total_timesteps      | 30867456    |
| train/                  |             |
|    approx_kl            | 0.019135661 |
|    clip_fraction        | 0.33        |
|    clip_range           | 0.15        |
|    entropy_loss         | -52.9       |
|    explained_variance   | 0.761       |
|    learning_rate        | 0.0001      |
|    loss                 | -0.55       |
|    n_updates            | 4695        |
|    policy_gradient_loss | -0.0164     |
|    std                  | 6.13        |
|    value_loss           | 0.00901     |
-----------------------------------------
-----------------------------------------
| rollout/                |             |
|    ep_len_mean          | 1.64e+03    |
|    ep_rew_mean          | 1.3e+04     |
| time/                   |             |
|    fps                  | 962         |
|    iterations           | 315         |
|    time_elapsed         | 32167       |
|    total_timesteps      | 30965760    |
| train/                  |             |
|    approx_kl            | 0.020049252 |
|    clip_fraction        | 0.337       |
|    clip_range           | 0.15        |
|    entropy_loss         | -53.1       |
|    explained_variance   | 0.734       |
|    learning_rate        | 0.0001      |
|    loss                 | -0.546      |
|    n_updates            | 4710        |
|    policy_gradient_loss | -0.0164     |
|    std                  | 6.2         |
|    value_loss           | 0.0107      |
-----------------------------------------

------ Evaluating terrain: plain ------
Eval num_timesteps=30999504, episode_reward=16616.77 +/- 89.62
Episode length: 2000.00 +/- 0.00
----------------------------------------
| eval/                   |            |
|    mean_ep_length       | 2e+03      |
|    mean_reward          | 1.66e+04   |
| time/                   |            |
|    total_timesteps      | 30999504   |
| train/                  |            |
|    approx_kl            | 0.01928942 |
|    clip_fraction        | 0.329      |
|    clip_range           | 0.15       |
|    entropy_loss         | -53.2      |
|    explained_variance   | 0.799      |
|    learning_rate        | 0.0001     |
|    loss                 | -0.541     |
|    n_updates            | 4725       |
|    policy_gradient_loss | -0.017     |
|    std                  | 6.25       |
|    value_loss           | 0.0111     |
----------------------------------------
New best mean reward!
Summary terrain plain: success: 0 / 10 (0.00 %)
    average progress: 0.00 %
    runs progress: [0.000, 0.000, 0.000, 0.000, 0.000, 0.000, 0.000, 0.000, 0.000, 0.000]
---------------------------------
| rollout/           |          |
|    ep_len_mean     | 1.64e+03 |
|    ep_rew_mean     | 1.3e+04  |
| time/              |          |
|    fps             | 962      |
|    iterations      | 316      |
|    time_elapsed    | 32280    |
|    total_timesteps | 31064064 |
---------------------------------
----------------------------------------
| rollout/                |            |
|    ep_len_mean          | 1.94e+03   |
|    ep_rew_mean          | 1.54e+04   |
| time/                   |            |
|    fps                  | 962        |
|    iterations           | 317        |
|    time_elapsed         | 32375      |
|    total_timesteps      | 31162368   |
| train/                  |            |
|    approx_kl            | 0.01911174 |
|    clip_fraction        | 0.327      |
|    clip_range           | 0.15       |
|    entropy_loss         | -53.4      |
|    explained_variance   | 0.756      |
|    learning_rate        | 0.0001     |
|    loss                 | -0.554     |
|    n_updates            | 4740       |
|    policy_gradient_loss | -0.0163    |
|    std                  | 6.31       |
|    value_loss           | 0.009      |
----------------------------------------
-----------------------------------------
| rollout/                |             |
|    ep_len_mean          | 1.64e+03    |
|    ep_rew_mean          | 1.31e+04    |
| time/                   |             |
|    fps                  | 962         |
|    iterations           | 318         |
|    time_elapsed         | 32472       |
|    total_timesteps      | 31260672    |
| train/                  |             |
|    approx_kl            | 0.019592732 |
|    clip_fraction        | 0.331       |
|    clip_range           | 0.15        |
|    entropy_loss         | -53.5       |
|    explained_variance   | 0.768       |
|    learning_rate        | 0.0001      |
|    loss                 | -0.552      |
|    n_updates            | 4755        |
|    policy_gradient_loss | -0.016      |
|    std                  | 6.37        |
|    value_loss           | 0.00903     |
-----------------------------------------
-----------------------------------------
| rollout/                |             |
|    ep_len_mean          | 1.43e+03    |
|    ep_rew_mean          | 1.14e+04    |
| time/                   |             |
|    fps                  | 962         |
|    iterations           | 319         |
|    time_elapsed         | 32567       |
|    total_timesteps      | 31358976    |
| train/                  |             |
|    approx_kl            | 0.020105394 |
|    clip_fraction        | 0.34        |
|    clip_range           | 0.15        |
|    entropy_loss         | -53.7       |
|    explained_variance   | 0.789       |
|    learning_rate        | 0.0001      |
|    loss                 | -0.548      |
|    n_updates            | 4770        |
|    policy_gradient_loss | -0.0171     |
|    std                  | 6.43        |
|    value_loss           | 0.0135      |
-----------------------------------------
-----------------------------------------
| rollout/                |             |
|    ep_len_mean          | 1.38e+03    |
|    ep_rew_mean          | 1.1e+04     |
| time/                   |             |
|    fps                  | 962         |
|    iterations           | 320         |
|    time_elapsed         | 32666       |
|    total_timesteps      | 31457280    |
| train/                  |             |
|    approx_kl            | 0.019635469 |
|    clip_fraction        | 0.331       |
|    clip_range           | 0.15        |
|    entropy_loss         | -53.8       |
|    explained_variance   | 0.775       |
|    learning_rate        | 0.0001      |
|    loss                 | -0.549      |
|    n_updates            | 4785        |
|    policy_gradient_loss | -0.0162     |
|    std                  | 6.49        |
|    value_loss           | 0.012       |
-----------------------------------------

------ Evaluating terrain: plain ------
Eval num_timesteps=31499496, episode_reward=16629.74 +/- 61.55
Episode length: 2000.00 +/- 0.00
-----------------------------------------
| eval/                   |             |
|    mean_ep_length       | 2e+03       |
|    mean_reward          | 1.66e+04    |
| time/                   |             |
|    total_timesteps      | 31499496    |
| train/                  |             |
|    approx_kl            | 0.019555768 |
|    clip_fraction        | 0.33        |
|    clip_range           | 0.15        |
|    entropy_loss         | -53.9       |
|    explained_variance   | 0.804       |
|    learning_rate        | 0.0001      |
|    loss                 | -0.551      |
|    n_updates            | 4800        |
|    policy_gradient_loss | -0.0175     |
|    std                  | 6.55        |
|    value_loss           | 0.0142      |
-----------------------------------------
New best mean reward!
Summary terrain plain: success: 0 / 10 (0.00 %)
    average progress: 0.00 %
    runs progress: [0.000, 0.000, 0.000, 0.000, 0.000, 0.000, 0.000, 0.000, 0.000, 0.000]
---------------------------------
| rollout/           |          |
|    ep_len_mean     | 1.4e+03  |
|    ep_rew_mean     | 1.12e+04 |
| time/              |          |
|    fps             | 962      |
|    iterations      | 321      |
|    time_elapsed    | 32782    |
|    total_timesteps | 31555584 |
---------------------------------
-----------------------------------------
| rollout/                |             |
|    ep_len_mean          | 1.26e+03    |
|    ep_rew_mean          | 1e+04       |
| time/                   |             |
|    fps                  | 962         |
|    iterations           | 322         |
|    time_elapsed         | 32878       |
|    total_timesteps      | 31653888    |
| train/                  |             |
|    approx_kl            | 0.019181684 |
|    clip_fraction        | 0.327       |
|    clip_range           | 0.15        |
|    entropy_loss         | -54.1       |
|    explained_variance   | 0.834       |
|    learning_rate        | 0.0001      |
|    loss                 | -0.563      |
|    n_updates            | 4815        |
|    policy_gradient_loss | -0.0174     |
|    std                  | 6.61        |
|    value_loss           | 0.0114      |
-----------------------------------------
-----------------------------------------
| rollout/                |             |
|    ep_len_mean          | 1.14e+03    |
|    ep_rew_mean          | 9.09e+03    |
| time/                   |             |
|    fps                  | 962         |
|    iterations           | 323         |
|    time_elapsed         | 32980       |
|    total_timesteps      | 31752192    |
| train/                  |             |
|    approx_kl            | 0.020412995 |
|    clip_fraction        | 0.335       |
|    clip_range           | 0.15        |
|    entropy_loss         | -54.2       |
|    explained_variance   | 0.815       |
|    learning_rate        | 0.0001      |
|    loss                 | -0.548      |
|    n_updates            | 4830        |
|    policy_gradient_loss | -0.0173     |
|    std                  | 6.67        |
|    value_loss           | 0.0118      |
-----------------------------------------
-----------------------------------------
| rollout/                |             |
|    ep_len_mean          | 1.28e+03    |
|    ep_rew_mean          | 1.02e+04    |
| time/                   |             |
|    fps                  | 962         |
|    iterations           | 324         |
|    time_elapsed         | 33075       |
|    total_timesteps      | 31850496    |
| train/                  |             |
|    approx_kl            | 0.019451357 |
|    clip_fraction        | 0.332       |
|    clip_range           | 0.15        |
|    entropy_loss         | -54.3       |
|    explained_variance   | 0.79        |
|    learning_rate        | 0.0001      |
|    loss                 | -0.548      |
|    n_updates            | 4845        |
|    policy_gradient_loss | -0.0177     |
|    std                  | 6.72        |
|    value_loss           | 0.0173      |
-----------------------------------------
-----------------------------------------
| rollout/                |             |
|    ep_len_mean          | 1.55e+03    |
|    ep_rew_mean          | 1.24e+04    |
| time/                   |             |
|    fps                  | 963         |
|    iterations           | 325         |
|    time_elapsed         | 33176       |
|    total_timesteps      | 31948800    |
| train/                  |             |
|    approx_kl            | 0.020223811 |
|    clip_fraction        | 0.338       |
|    clip_range           | 0.15        |
|    entropy_loss         | -54.5       |
|    explained_variance   | 0.818       |
|    learning_rate        | 0.0001      |
|    loss                 | -0.569      |
|    n_updates            | 4860        |
|    policy_gradient_loss | -0.017      |
|    std                  | 6.78        |
|    value_loss           | 0.0137      |
-----------------------------------------

------ Evaluating terrain: plain ------
Eval num_timesteps=31999488, episode_reward=15972.47 +/- 1931.30
Episode length: 1924.80 +/- 225.60
-----------------------------------------
| eval/                   |             |
|    mean_ep_length       | 1.92e+03    |
|    mean_reward          | 1.6e+04     |
| time/                   |             |
|    total_timesteps      | 31999488    |
| train/                  |             |
|    approx_kl            | 0.019535437 |
|    clip_fraction        | 0.333       |
|    clip_range           | 0.15        |
|    entropy_loss         | -54.6       |
|    explained_variance   | 0.797       |
|    learning_rate        | 0.0001      |
|    loss                 | -0.565      |
|    n_updates            | 4875        |
|    policy_gradient_loss | -0.0175     |
|    std                  | 6.84        |
|    value_loss           | 0.0146      |
-----------------------------------------
Summary terrain plain: success: 0 / 10 (0.00 %)
    average progress: 0.00 %
    runs progress: [0.000, 0.000, 0.000, 0.000, 0.000, 0.000, 0.000, 0.000, 0.000, 0.000]
---------------------------------
| rollout/           |          |
|    ep_len_mean     | 1.61e+03 |
|    ep_rew_mean     | 1.29e+04 |
| time/              |          |
|    fps             | 962      |
|    iterations      | 326      |
|    time_elapsed    | 33292    |
|    total_timesteps | 32047104 |
---------------------------------
----------------------------------------
| rollout/                |            |
|    ep_len_mean          | 1.59e+03   |
|    ep_rew_mean          | 1.28e+04   |
| time/                   |            |
|    fps                  | 962        |
|    iterations           | 327        |
|    time_elapsed         | 33386      |
|    total_timesteps      | 32145408   |
| train/                  |            |
|    approx_kl            | 0.02048618 |
|    clip_fraction        | 0.335      |
|    clip_range           | 0.15       |
|    entropy_loss         | -54.7      |
|    explained_variance   | 0.757      |
|    learning_rate        | 0.0001     |
|    loss                 | -0.56      |
|    n_updates            | 4890       |
|    policy_gradient_loss | -0.0173    |
|    std                  | 6.89       |
|    value_loss           | 0.013      |
----------------------------------------
-----------------------------------------
| rollout/                |             |
|    ep_len_mean          | 1.22e+03    |
|    ep_rew_mean          | 9.71e+03    |
| time/                   |             |
|    fps                  | 962         |
|    iterations           | 328         |
|    time_elapsed         | 33483       |
|    total_timesteps      | 32243712    |
| train/                  |             |
|    approx_kl            | 0.019608842 |
|    clip_fraction        | 0.334       |
|    clip_range           | 0.15        |
|    entropy_loss         | -54.8       |
|    explained_variance   | 0.796       |
|    learning_rate        | 0.0001      |
|    loss                 | -0.569      |
|    n_updates            | 4905        |
|    policy_gradient_loss | -0.0176     |
|    std                  | 6.95        |
|    value_loss           | 0.0146      |
-----------------------------------------
-----------------------------------------
| rollout/                |             |
|    ep_len_mean          | 1.02e+03    |
|    ep_rew_mean          | 8.1e+03     |
| time/                   |             |
|    fps                  | 963         |
|    iterations           | 329         |
|    time_elapsed         | 33582       |
|    total_timesteps      | 32342016    |
| train/                  |             |
|    approx_kl            | 0.019060837 |
|    clip_fraction        | 0.322       |
|    clip_range           | 0.15        |
|    entropy_loss         | -54.9       |
|    explained_variance   | 0.808       |
|    learning_rate        | 0.0001      |
|    loss                 | -0.564      |
|    n_updates            | 4920        |
|    policy_gradient_loss | -0.0169     |
|    std                  | 7           |
|    value_loss           | 0.016       |
-----------------------------------------
-----------------------------------------
| rollout/                |             |
|    ep_len_mean          | 915         |
|    ep_rew_mean          | 7.23e+03    |
| time/                   |             |
|    fps                  | 963         |
|    iterations           | 330         |
|    time_elapsed         | 33680       |
|    total_timesteps      | 32440320    |
| train/                  |             |
|    approx_kl            | 0.019743757 |
|    clip_fraction        | 0.331       |
|    clip_range           | 0.15        |
|    entropy_loss         | -55.1       |
|    explained_variance   | 0.808       |
|    learning_rate        | 0.0001      |
|    loss                 | -0.561      |
|    n_updates            | 4935        |
|    policy_gradient_loss | -0.0178     |
|    std                  | 7.06        |
|    value_loss           | 0.0174      |
-----------------------------------------

------ Evaluating terrain: plain ------
Eval num_timesteps=32499480, episode_reward=16682.67 +/- 45.69
Episode length: 2000.00 +/- 0.00
-----------------------------------------
| eval/                   |             |
|    mean_ep_length       | 2e+03       |
|    mean_reward          | 1.67e+04    |
| time/                   |             |
|    total_timesteps      | 32499480    |
| train/                  |             |
|    approx_kl            | 0.020449633 |
|    clip_fraction        | 0.339       |
|    clip_range           | 0.15        |
|    entropy_loss         | -55.2       |
|    explained_variance   | 0.812       |
|    learning_rate        | 0.0001      |
|    loss                 | -0.559      |
|    n_updates            | 4950        |
|    policy_gradient_loss | -0.0181     |
|    std                  | 7.12        |
|    value_loss           | 0.0161      |
-----------------------------------------
New best mean reward!
Summary terrain plain: success: 0 / 10 (0.00 %)
    average progress: 0.00 %
    runs progress: [0.000, 0.000, 0.000, 0.000, 0.000, 0.000, 0.000, 0.000, 0.000, 0.000]
---------------------------------
| rollout/           |          |
|    ep_len_mean     | 1.67e+03 |
|    ep_rew_mean     | 1.34e+04 |
| time/              |          |
|    fps             | 962      |
|    iterations      | 331      |
|    time_elapsed    | 33794    |
|    total_timesteps | 32538624 |
---------------------------------
-----------------------------------------
| rollout/                |             |
|    ep_len_mean          | 2.1e+03     |
|    ep_rew_mean          | 1.69e+04    |
| time/                   |             |
|    fps                  | 963         |
|    iterations           | 332         |
|    time_elapsed         | 33889       |
|    total_timesteps      | 32636928    |
| train/                  |             |
|    approx_kl            | 0.019232204 |
|    clip_fraction        | 0.323       |
|    clip_range           | 0.15        |
|    entropy_loss         | -55.3       |
|    explained_variance   | 0.822       |
|    learning_rate        | 0.0001      |
|    loss                 | -0.573      |
|    n_updates            | 4965        |
|    policy_gradient_loss | -0.0175     |
|    std                  | 7.18        |
|    value_loss           | 0.0122      |
-----------------------------------------
-----------------------------------------
| rollout/                |             |
|    ep_len_mean          | 1.85e+03    |
|    ep_rew_mean          | 1.49e+04    |
| time/                   |             |
|    fps                  | 963         |
|    iterations           | 333         |
|    time_elapsed         | 33985       |
|    total_timesteps      | 32735232    |
| train/                  |             |
|    approx_kl            | 0.019231286 |
|    clip_fraction        | 0.329       |
|    clip_range           | 0.15        |
|    entropy_loss         | -55.4       |
|    explained_variance   | 0.77        |
|    learning_rate        | 0.0001      |
|    loss                 | -0.572      |
|    n_updates            | 4980        |
|    policy_gradient_loss | -0.0165     |
|    std                  | 7.23        |
|    value_loss           | 0.00872     |
-----------------------------------------
-----------------------------------------
| rollout/                |             |
|    ep_len_mean          | 1.57e+03    |
|    ep_rew_mean          | 1.26e+04    |
| time/                   |             |
|    fps                  | 963         |
|    iterations           | 334         |
|    time_elapsed         | 34082       |
|    total_timesteps      | 32833536    |
| train/                  |             |
|    approx_kl            | 0.019228285 |
|    clip_fraction        | 0.323       |
|    clip_range           | 0.15        |
|    entropy_loss         | -55.6       |
|    explained_variance   | 0.791       |
|    learning_rate        | 0.0001      |
|    loss                 | -0.58       |
|    n_updates            | 4995        |
|    policy_gradient_loss | -0.0163     |
|    std                  | 7.3         |
|    value_loss           | 0.0111      |
-----------------------------------------
-----------------------------------------
| rollout/                |             |
|    ep_len_mean          | 1.72e+03    |
|    ep_rew_mean          | 1.39e+04    |
| time/                   |             |
|    fps                  | 963         |
|    iterations           | 335         |
|    time_elapsed         | 34178       |
|    total_timesteps      | 32931840    |
| train/                  |             |
|    approx_kl            | 0.019809833 |
|    clip_fraction        | 0.335       |
|    clip_range           | 0.15        |
|    entropy_loss         | -55.7       |
|    explained_variance   | 0.779       |
|    learning_rate        | 0.0001      |
|    loss                 | -0.572      |
|    n_updates            | 5010        |
|    policy_gradient_loss | -0.0166     |
|    std                  | 7.37        |
|    value_loss           | 0.0131      |
-----------------------------------------

------ Evaluating terrain: plain ------
Eval num_timesteps=32999472, episode_reward=16703.69 +/- 68.65
Episode length: 2000.00 +/- 0.00
-----------------------------------------
| eval/                   |             |
|    mean_ep_length       | 2e+03       |
|    mean_reward          | 1.67e+04    |
| time/                   |             |
|    total_timesteps      | 32999472    |
| train/                  |             |
|    approx_kl            | 0.019587776 |
|    clip_fraction        | 0.334       |
|    clip_range           | 0.15        |
|    entropy_loss         | -55.8       |
|    explained_variance   | 0.793       |
|    learning_rate        | 0.0001      |
|    loss                 | -0.576      |
|    n_updates            | 5025        |
|    policy_gradient_loss | -0.0172     |
|    std                  | 7.43        |
|    value_loss           | 0.0123      |
-----------------------------------------
New best mean reward!
Summary terrain plain: success: 0 / 10 (0.00 %)
    average progress: 0.00 %
    runs progress: [0.000, 0.000, 0.000, 0.000, 0.000, 0.000, 0.000, 0.000, 0.000, 0.000]
---------------------------------
| rollout/           |          |
|    ep_len_mean     | 1.97e+03 |
|    ep_rew_mean     | 1.59e+04 |
| time/              |          |
|    fps             | 963      |
|    iterations      | 336      |
|    time_elapsed    | 34292    |
|    total_timesteps | 33030144 |
---------------------------------
-----------------------------------------
| rollout/                |             |
|    ep_len_mean          | 2.04e+03    |
|    ep_rew_mean          | 1.65e+04    |
| time/                   |             |
|    fps                  | 963         |
|    iterations           | 337         |
|    time_elapsed         | 34387       |
|    total_timesteps      | 33128448    |
| train/                  |             |
|    approx_kl            | 0.019168885 |
|    clip_fraction        | 0.325       |
|    clip_range           | 0.15        |
|    entropy_loss         | -56         |
|    explained_variance   | 0.733       |
|    learning_rate        | 0.0001      |
|    loss                 | -0.562      |
|    n_updates            | 5040        |
|    policy_gradient_loss | -0.0161     |
|    std                  | 7.5         |
|    value_loss           | 0.00923     |
-----------------------------------------
-----------------------------------------
| rollout/                |             |
|    ep_len_mean          | 2.16e+03    |
|    ep_rew_mean          | 1.74e+04    |
| time/                   |             |
|    fps                  | 963         |
|    iterations           | 338         |
|    time_elapsed         | 34480       |
|    total_timesteps      | 33226752    |
| train/                  |             |
|    approx_kl            | 0.019053295 |
|    clip_fraction        | 0.322       |
|    clip_range           | 0.15        |
|    entropy_loss         | -56.1       |
|    explained_variance   | 0.807       |
|    learning_rate        | 0.0001      |
|    loss                 | -0.576      |
|    n_updates            | 5055        |
|    policy_gradient_loss | -0.0165     |
|    std                  | 7.56        |
|    value_loss           | 0.00895     |
-----------------------------------------
-----------------------------------------
| rollout/                |             |
|    ep_len_mean          | 2.27e+03    |
|    ep_rew_mean          | 1.84e+04    |
| time/                   |             |
|    fps                  | 963         |
|    iterations           | 339         |
|    time_elapsed         | 34573       |
|    total_timesteps      | 33325056    |
| train/                  |             |
|    approx_kl            | 0.018630585 |
|    clip_fraction        | 0.327       |
|    clip_range           | 0.15        |
|    entropy_loss         | -56.3       |
|    explained_variance   | 0.761       |
|    learning_rate        | 0.0001      |
|    loss                 | -0.577      |
|    n_updates            | 5070        |
|    policy_gradient_loss | -0.0158     |
|    std                  | 7.65        |
|    value_loss           | 0.00673     |
-----------------------------------------
-----------------------------------------
| rollout/                |             |
|    ep_len_mean          | 1.37e+03    |
|    ep_rew_mean          | 1.1e+04     |
| time/                   |             |
|    fps                  | 964         |
|    iterations           | 340         |
|    time_elapsed         | 34670       |
|    total_timesteps      | 33423360    |
| train/                  |             |
|    approx_kl            | 0.019333558 |
|    clip_fraction        | 0.331       |
|    clip_range           | 0.15        |
|    entropy_loss         | -56.4       |
|    explained_variance   | 0.757       |
|    learning_rate        | 0.0001      |
|    loss                 | -0.578      |
|    n_updates            | 5085        |
|    policy_gradient_loss | -0.016      |
|    std                  | 7.73        |
|    value_loss           | 0.00792     |
-----------------------------------------

------ Evaluating terrain: plain ------
Eval num_timesteps=33499464, episode_reward=16909.11 +/- 56.20
Episode length: 2000.00 +/- 0.00
-----------------------------------------
| eval/                   |             |
|    mean_ep_length       | 2e+03       |
|    mean_reward          | 1.69e+04    |
| time/                   |             |
|    total_timesteps      | 33499464    |
| train/                  |             |
|    approx_kl            | 0.018948788 |
|    clip_fraction        | 0.319       |
|    clip_range           | 0.15        |
|    entropy_loss         | -56.6       |
|    explained_variance   | 0.828       |
|    learning_rate        | 0.0001      |
|    loss                 | -0.569      |
|    n_updates            | 5100        |
|    policy_gradient_loss | -0.0178     |
|    std                  | 7.8         |
|    value_loss           | 0.0125      |
-----------------------------------------
New best mean reward!
Summary terrain plain: success: 0 / 10 (0.00 %)
    average progress: 0.00 %
    runs progress: [0.000, 0.000, 0.000, 0.000, 0.000, 0.000, 0.000, 0.000, 0.000, 0.000]
---------------------------------
| rollout/           |          |
|    ep_len_mean     | 1.38e+03 |
|    ep_rew_mean     | 1.11e+04 |
| time/              |          |
|    fps             | 963      |
|    iterations      | 341      |
|    time_elapsed    | 34786    |
|    total_timesteps | 33521664 |
---------------------------------
-----------------------------------------
| rollout/                |             |
|    ep_len_mean          | 1.26e+03    |
|    ep_rew_mean          | 1.01e+04    |
| time/                   |             |
|    fps                  | 963         |
|    iterations           | 342         |
|    time_elapsed         | 34882       |
|    total_timesteps      | 33619968    |
| train/                  |             |
|    approx_kl            | 0.019510528 |
|    clip_fraction        | 0.327       |
|    clip_range           | 0.15        |
|    entropy_loss         | -56.7       |
|    explained_variance   | 0.762       |
|    learning_rate        | 0.0001      |
|    loss                 | -0.59       |
|    n_updates            | 5115        |
|    policy_gradient_loss | -0.0168     |
|    std                  | 7.87        |
|    value_loss           | 0.0146      |
-----------------------------------------
-----------------------------------------
| rollout/                |             |
|    ep_len_mean          | 1.25e+03    |
|    ep_rew_mean          | 1.01e+04    |
| time/                   |             |
|    fps                  | 963         |
|    iterations           | 343         |
|    time_elapsed         | 34980       |
|    total_timesteps      | 33718272    |
| train/                  |             |
|    approx_kl            | 0.018882528 |
|    clip_fraction        | 0.32        |
|    clip_range           | 0.15        |
|    entropy_loss         | -56.8       |
|    explained_variance   | 0.793       |
|    learning_rate        | 0.0001      |
|    loss                 | -0.584      |
|    n_updates            | 5130        |
|    policy_gradient_loss | -0.0173     |
|    std                  | 7.94        |
|    value_loss           | 0.0151      |
-----------------------------------------
-----------------------------------------
| rollout/                |             |
|    ep_len_mean          | 1.36e+03    |
|    ep_rew_mean          | 1.1e+04     |
| time/                   |             |
|    fps                  | 964         |
|    iterations           | 344         |
|    time_elapsed         | 35076       |
|    total_timesteps      | 33816576    |
| train/                  |             |
|    approx_kl            | 0.019473083 |
|    clip_fraction        | 0.324       |
|    clip_range           | 0.15        |
|    entropy_loss         | -56.9       |
|    explained_variance   | 0.756       |
|    learning_rate        | 0.0001      |
|    loss                 | -0.577      |
|    n_updates            | 5145        |
|    policy_gradient_loss | -0.0172     |
|    std                  | 8           |
|    value_loss           | 0.0158      |
-----------------------------------------
-----------------------------------------
| rollout/                |             |
|    ep_len_mean          | 1.46e+03    |
|    ep_rew_mean          | 1.19e+04    |
| time/                   |             |
|    fps                  | 964         |
|    iterations           | 345         |
|    time_elapsed         | 35176       |
|    total_timesteps      | 33914880    |
| train/                  |             |
|    approx_kl            | 0.018862618 |
|    clip_fraction        | 0.324       |
|    clip_range           | 0.15        |
|    entropy_loss         | -57.1       |
|    explained_variance   | 0.799       |
|    learning_rate        | 0.0001      |
|    loss                 | -0.59       |
|    n_updates            | 5160        |
|    policy_gradient_loss | -0.0172     |
|    std                  | 8.07        |
|    value_loss           | 0.0127      |
-----------------------------------------

------ Evaluating terrain: plain ------
Eval num_timesteps=33999456, episode_reward=17127.34 +/- 70.86
Episode length: 2000.00 +/- 0.00
-----------------------------------------
| eval/                   |             |
|    mean_ep_length       | 2e+03       |
|    mean_reward          | 1.71e+04    |
| time/                   |             |
|    total_timesteps      | 33999456    |
| train/                  |             |
|    approx_kl            | 0.019050865 |
|    clip_fraction        | 0.322       |
|    clip_range           | 0.15        |
|    entropy_loss         | -57.2       |
|    explained_variance   | 0.801       |
|    learning_rate        | 0.0001      |
|    loss                 | -0.587      |
|    n_updates            | 5175        |
|    policy_gradient_loss | -0.0177     |
|    std                  | 8.13        |
|    value_loss           | 0.0138      |
-----------------------------------------
New best mean reward!
Summary terrain plain: success: 0 / 10 (0.00 %)
    average progress: 0.00 %
    runs progress: [0.000, 0.000, 0.000, 0.000, 0.000, 0.000, 0.000, 0.000, 0.000, 0.000]
---------------------------------
| rollout/           |          |
|    ep_len_mean     | 1.52e+03 |
|    ep_rew_mean     | 1.23e+04 |
| time/              |          |
|    fps             | 963      |
|    iterations      | 346      |
|    time_elapsed    | 35291    |
|    total_timesteps | 34013184 |
---------------------------------
-----------------------------------------
| rollout/                |             |
|    ep_len_mean          | 1.55e+03    |
|    ep_rew_mean          | 1.26e+04    |
| time/                   |             |
|    fps                  | 963         |
|    iterations           | 347         |
|    time_elapsed         | 35389       |
|    total_timesteps      | 34111488    |
| train/                  |             |
|    approx_kl            | 0.019207256 |
|    clip_fraction        | 0.324       |
|    clip_range           | 0.15        |
|    entropy_loss         | -57.3       |
|    explained_variance   | 0.786       |
|    learning_rate        | 0.0001      |
|    loss                 | -0.584      |
|    n_updates            | 5190        |
|    policy_gradient_loss | -0.0172     |
|    std                  | 8.19        |
|    value_loss           | 0.012       |
-----------------------------------------
-----------------------------------------
| rollout/                |             |
|    ep_len_mean          | 1.19e+03    |
|    ep_rew_mean          | 9.58e+03    |
| time/                   |             |
|    fps                  | 963         |
|    iterations           | 348         |
|    time_elapsed         | 35488       |
|    total_timesteps      | 34209792    |
| train/                  |             |
|    approx_kl            | 0.018868135 |
|    clip_fraction        | 0.323       |
|    clip_range           | 0.15        |
|    entropy_loss         | -57.4       |
|    explained_variance   | 0.767       |
|    learning_rate        | 0.0001      |
|    loss                 | -0.581      |
|    n_updates            | 5205        |
|    policy_gradient_loss | -0.0167     |
|    std                  | 8.27        |
|    value_loss           | 0.0126      |
-----------------------------------------
-----------------------------------------
| rollout/                |             |
|    ep_len_mean          | 1.28e+03    |
|    ep_rew_mean          | 1.04e+04    |
| time/                   |             |
|    fps                  | 964         |
|    iterations           | 349         |
|    time_elapsed         | 35584       |
|    total_timesteps      | 34308096    |
| train/                  |             |
|    approx_kl            | 0.020032719 |
|    clip_fraction        | 0.331       |
|    clip_range           | 0.15        |
|    entropy_loss         | -57.6       |
|    explained_variance   | 0.796       |
|    learning_rate        | 0.0001      |
|    loss                 | -0.591      |
|    n_updates            | 5220        |
|    policy_gradient_loss | -0.018      |
|    std                  | 8.35        |
|    value_loss           | 0.0178      |
-----------------------------------------
-----------------------------------------
| rollout/                |             |
|    ep_len_mean          | 1.04e+03    |
|    ep_rew_mean          | 8.4e+03     |
| time/                   |             |
|    fps                  | 964         |
|    iterations           | 350         |
|    time_elapsed         | 35685       |
|    total_timesteps      | 34406400    |
| train/                  |             |
|    approx_kl            | 0.018995425 |
|    clip_fraction        | 0.321       |
|    clip_range           | 0.15        |
|    entropy_loss         | -57.7       |
|    explained_variance   | 0.79        |
|    learning_rate        | 0.0001      |
|    loss                 | -0.582      |
|    n_updates            | 5235        |
|    policy_gradient_loss | -0.0168     |
|    std                  | 8.41        |
|    value_loss           | 0.0139      |
-----------------------------------------

------ Evaluating terrain: plain ------
Eval num_timesteps=34499448, episode_reward=17243.85 +/- 60.30
Episode length: 2000.00 +/- 0.00
----------------------------------------
| eval/                   |            |
|    mean_ep_length       | 2e+03      |
|    mean_reward          | 1.72e+04   |
| time/                   |            |
|    total_timesteps      | 34499448   |
| train/                  |            |
|    approx_kl            | 0.01895518 |
|    clip_fraction        | 0.32       |
|    clip_range           | 0.15       |
|    entropy_loss         | -57.8      |
|    explained_variance   | 0.801      |
|    learning_rate        | 0.0001     |
|    loss                 | -0.585     |
|    n_updates            | 5250       |
|    policy_gradient_loss | -0.0179    |
|    std                  | 8.48       |
|    value_loss           | 0.0181     |
----------------------------------------
New best mean reward!
Summary terrain plain: success: 0 / 10 (0.00 %)
    average progress: 0.00 %
    runs progress: [0.000, 0.000, 0.000, 0.000, 0.000, 0.000, 0.000, 0.000, 0.000, 0.000]
---------------------------------
| rollout/           |          |
|    ep_len_mean     | 1.21e+03 |
|    ep_rew_mean     | 9.81e+03 |
| time/              |          |
|    fps             | 963      |
|    iterations      | 351      |
|    time_elapsed    | 35799    |
|    total_timesteps | 34504704 |
---------------------------------
-----------------------------------------
| rollout/                |             |
|    ep_len_mean          | 1.55e+03    |
|    ep_rew_mean          | 1.27e+04    |
| time/                   |             |
|    fps                  | 963         |
|    iterations           | 352         |
|    time_elapsed         | 35896       |
|    total_timesteps      | 34603008    |
| train/                  |             |
|    approx_kl            | 0.019424682 |
|    clip_fraction        | 0.322       |
|    clip_range           | 0.15        |
|    entropy_loss         | -57.9       |
|    explained_variance   | 0.767       |
|    learning_rate        | 0.0001      |
|    loss                 | -0.587      |
|    n_updates            | 5265        |
|    policy_gradient_loss | -0.0173     |
|    std                  | 8.55        |
|    value_loss           | 0.0147      |
-----------------------------------------
-----------------------------------------
| rollout/                |             |
|    ep_len_mean          | 1.46e+03    |
|    ep_rew_mean          | 1.19e+04    |
| time/                   |             |
|    fps                  | 964         |
|    iterations           | 353         |
|    time_elapsed         | 35991       |
|    total_timesteps      | 34701312    |
| train/                  |             |
|    approx_kl            | 0.018934777 |
|    clip_fraction        | 0.321       |
|    clip_range           | 0.15        |
|    entropy_loss         | -58         |
|    explained_variance   | 0.744       |
|    learning_rate        | 0.0001      |
|    loss                 | -0.602      |
|    n_updates            | 5280        |
|    policy_gradient_loss | -0.0172     |
|    std                  | 8.61        |
|    value_loss           | 0.0123      |
-----------------------------------------
-----------------------------------------
| rollout/                |             |
|    ep_len_mean          | 1.71e+03    |
|    ep_rew_mean          | 1.4e+04     |
| time/                   |             |
|    fps                  | 964         |
|    iterations           | 354         |
|    time_elapsed         | 36086       |
|    total_timesteps      | 34799616    |
| train/                  |             |
|    approx_kl            | 0.019563561 |
|    clip_fraction        | 0.327       |
|    clip_range           | 0.15        |
|    entropy_loss         | -58.1       |
|    explained_variance   | 0.8         |
|    learning_rate        | 0.0001      |
|    loss                 | -0.598      |
|    n_updates            | 5295        |
|    policy_gradient_loss | -0.0173     |
|    std                  | 8.68        |
|    value_loss           | 0.0137      |
-----------------------------------------
-----------------------------------------
| rollout/                |             |
|    ep_len_mean          | 1.97e+03    |
|    ep_rew_mean          | 1.63e+04    |
| time/                   |             |
|    fps                  | 964         |
|    iterations           | 355         |
|    time_elapsed         | 36182       |
|    total_timesteps      | 34897920    |
| train/                  |             |
|    approx_kl            | 0.019150434 |
|    clip_fraction        | 0.324       |
|    clip_range           | 0.15        |
|    entropy_loss         | -58.3       |
|    explained_variance   | 0.787       |
|    learning_rate        | 0.0001      |
|    loss                 | -0.597      |
|    n_updates            | 5310        |
|    policy_gradient_loss | -0.0166     |
|    std                  | 8.75        |
|    value_loss           | 0.00987     |
-----------------------------------------
-----------------------------------------
| rollout/                |             |
|    ep_len_mean          | 1.82e+03    |
|    ep_rew_mean          | 1.49e+04    |
| time/                   |             |
|    fps                  | 964         |
|    iterations           | 356         |
|    time_elapsed         | 36278       |
|    total_timesteps      | 34996224    |
| train/                  |             |
|    approx_kl            | 0.018873418 |
|    clip_fraction        | 0.322       |
|    clip_range           | 0.15        |
|    entropy_loss         | -58.4       |
|    explained_variance   | 0.758       |
|    learning_rate        | 0.0001      |
|    loss                 | -0.596      |
|    n_updates            | 5325        |
|    policy_gradient_loss | -0.0164     |
|    std                  | 8.83        |
|    value_loss           | 0.0111      |
-----------------------------------------

------ Evaluating terrain: plain ------
Eval num_timesteps=34999440, episode_reward=17282.03 +/- 111.88
Episode length: 2000.00 +/- 0.00
-----------------------------------------
| eval/                   |             |
|    mean_ep_length       | 2e+03       |
|    mean_reward          | 1.73e+04    |
| time/                   |             |
|    total_timesteps      | 34999440    |
| train/                  |             |
|    approx_kl            | 0.018482633 |
|    clip_fraction        | 0.321       |
|    clip_range           | 0.15        |
|    entropy_loss         | -58.5       |
|    explained_variance   | 0.778       |
|    learning_rate        | 0.0001      |
|    loss                 | -0.596      |
|    n_updates            | 5340        |
|    policy_gradient_loss | -0.0166     |
|    std                  | 8.91        |
|    value_loss           | 0.0103      |
-----------------------------------------
New best mean reward!
Summary terrain plain: success: 0 / 10 (0.00 %)
    average progress: 0.00 %
    runs progress: [0.000, 0.000, 0.000, 0.000, 0.000, 0.000, 0.000, 0.000, 0.000, 0.000]
---------------------------------
| rollout/           |          |
|    ep_len_mean     | 1.56e+03 |
|    ep_rew_mean     | 1.28e+04 |
| time/              |          |
|    fps             | 964      |
|    iterations      | 357      |
|    time_elapsed    | 36393    |
|    total_timesteps | 35094528 |
---------------------------------
-----------------------------------------
| rollout/                |             |
|    ep_len_mean          | 1.68e+03    |
|    ep_rew_mean          | 1.38e+04    |
| time/                   |             |
|    fps                  | 964         |
|    iterations           | 358         |
|    time_elapsed         | 36486       |
|    total_timesteps      | 35192832    |
| train/                  |             |
|    approx_kl            | 0.018559879 |
|    clip_fraction        | 0.32        |
|    clip_range           | 0.15        |
|    entropy_loss         | -58.6       |
|    explained_variance   | 0.798       |
|    learning_rate        | 0.0001      |
|    loss                 | -0.605      |
|    n_updates            | 5355        |
|    policy_gradient_loss | -0.0167     |
|    std                  | 8.98        |
|    value_loss           | 0.0126      |
-----------------------------------------
---------------------------------------
| rollout/                |           |
|    ep_len_mean          | 1.46e+03  |
|    ep_rew_mean          | 1.2e+04   |
| time/                   |           |
|    fps                  | 964       |
|    iterations           | 359       |
|    time_elapsed         | 36584     |
|    total_timesteps      | 35291136  |
| train/                  |           |
|    approx_kl            | 0.0190699 |
|    clip_fraction        | 0.323     |
|    clip_range           | 0.15      |
|    entropy_loss         | -58.8     |
|    explained_variance   | 0.796     |
|    learning_rate        | 0.0001    |
|    loss                 | -0.603    |
|    n_updates            | 5370      |
|    policy_gradient_loss | -0.0161   |
|    std                  | 9.07      |
|    value_loss           | 0.00896   |
---------------------------------------
-----------------------------------------
| rollout/                |             |
|    ep_len_mean          | 1.31e+03    |
|    ep_rew_mean          | 1.08e+04    |
| time/                   |             |
|    fps                  | 964         |
|    iterations           | 360         |
|    time_elapsed         | 36683       |
|    total_timesteps      | 35389440    |
| train/                  |             |
|    approx_kl            | 0.019620592 |
|    clip_fraction        | 0.328       |
|    clip_range           | 0.15        |
|    entropy_loss         | -58.9       |
|    explained_variance   | 0.781       |
|    learning_rate        | 0.0001      |
|    loss                 | -0.605      |
|    n_updates            | 5385        |
|    policy_gradient_loss | -0.0171     |
|    std                  | 9.14        |
|    value_loss           | 0.016       |
-----------------------------------------
-----------------------------------------
| rollout/                |             |
|    ep_len_mean          | 1.4e+03     |
|    ep_rew_mean          | 1.15e+04    |
| time/                   |             |
|    fps                  | 964         |
|    iterations           | 361         |
|    time_elapsed         | 36777       |
|    total_timesteps      | 35487744    |
| train/                  |             |
|    approx_kl            | 0.019730574 |
|    clip_fraction        | 0.325       |
|    clip_range           | 0.15        |
|    entropy_loss         | -59         |
|    explained_variance   | 0.789       |
|    learning_rate        | 0.0001      |
|    loss                 | -0.591      |
|    n_updates            | 5400        |
|    policy_gradient_loss | -0.0176     |
|    std                  | 9.22        |
|    value_loss           | 0.0157      |
-----------------------------------------

------ Evaluating terrain: plain ------
Eval num_timesteps=35499432, episode_reward=17309.07 +/- 66.78
Episode length: 2000.00 +/- 0.00
-----------------------------------------
| eval/                   |             |
|    mean_ep_length       | 2e+03       |
|    mean_reward          | 1.73e+04    |
| time/                   |             |
|    total_timesteps      | 35499432    |
| train/                  |             |
|    approx_kl            | 0.018955013 |
|    clip_fraction        | 0.324       |
|    clip_range           | 0.15        |
|    entropy_loss         | -59.2       |
|    explained_variance   | 0.792       |
|    learning_rate        | 0.0001      |
|    loss                 | -0.604      |
|    n_updates            | 5415        |
|    policy_gradient_loss | -0.0173     |
|    std                  | 9.3         |
|    value_loss           | 0.013       |
-----------------------------------------
New best mean reward!
Summary terrain plain: success: 0 / 10 (0.00 %)
    average progress: 0.00 %
    runs progress: [0.000, 0.000, 0.000, 0.000, 0.000, 0.000, 0.000, 0.000, 0.000, 0.000]
---------------------------------
| rollout/           |          |
|    ep_len_mean     | 1.54e+03 |
|    ep_rew_mean     | 1.27e+04 |
| time/              |          |
|    fps             | 964      |
|    iterations      | 362      |
|    time_elapsed    | 36890    |
|    total_timesteps | 35586048 |
---------------------------------
-----------------------------------------
| rollout/                |             |
|    ep_len_mean          | 1.64e+03    |
|    ep_rew_mean          | 1.35e+04    |
| time/                   |             |
|    fps                  | 964         |
|    iterations           | 363         |
|    time_elapsed         | 36986       |
|    total_timesteps      | 35684352    |
| train/                  |             |
|    approx_kl            | 0.018964276 |
|    clip_fraction        | 0.323       |
|    clip_range           | 0.15        |
|    entropy_loss         | -59.3       |
|    explained_variance   | 0.796       |
|    learning_rate        | 0.0001      |
|    loss                 | -0.605      |
|    n_updates            | 5430        |
|    policy_gradient_loss | -0.0171     |
|    std                  | 9.38        |
|    value_loss           | 0.0125      |
-----------------------------------------
----------------------------------------
| rollout/                |            |
|    ep_len_mean          | 1.75e+03   |
|    ep_rew_mean          | 1.45e+04   |
| time/                   |            |
|    fps                  | 964        |
|    iterations           | 364        |
|    time_elapsed         | 37085      |
|    total_timesteps      | 35782656   |
| train/                  |            |
|    approx_kl            | 0.01965219 |
|    clip_fraction        | 0.33       |
|    clip_range           | 0.15       |
|    entropy_loss         | -59.4      |
|    explained_variance   | 0.767      |
|    learning_rate        | 0.0001     |
|    loss                 | -0.612     |
|    n_updates            | 5445       |
|    policy_gradient_loss | -0.0163    |
|    std                  | 9.46       |
|    value_loss           | 0.0117     |
----------------------------------------
-----------------------------------------
| rollout/                |             |
|    ep_len_mean          | 1.36e+03    |
|    ep_rew_mean          | 1.12e+04    |
| time/                   |             |
|    fps                  | 965         |
|    iterations           | 365         |
|    time_elapsed         | 37180       |
|    total_timesteps      | 35880960    |
| train/                  |             |
|    approx_kl            | 0.019305885 |
|    clip_fraction        | 0.324       |
|    clip_range           | 0.15        |
|    entropy_loss         | -59.6       |
|    explained_variance   | 0.78        |
|    learning_rate        | 0.0001      |
|    loss                 | -0.612      |
|    n_updates            | 5460        |
|    policy_gradient_loss | -0.0166     |
|    std                  | 9.55        |
|    value_loss           | 0.0129      |
-----------------------------------------
----------------------------------------
| rollout/                |            |
|    ep_len_mean          | 1.46e+03   |
|    ep_rew_mean          | 1.2e+04    |
| time/                   |            |
|    fps                  | 965        |
|    iterations           | 366        |
|    time_elapsed         | 37277      |
|    total_timesteps      | 35979264   |
| train/                  |            |
|    approx_kl            | 0.01969257 |
|    clip_fraction        | 0.325      |
|    clip_range           | 0.15       |
|    entropy_loss         | -59.7      |
|    explained_variance   | 0.809      |
|    learning_rate        | 0.0001     |
|    loss                 | -0.613     |
|    n_updates            | 5475       |
|    policy_gradient_loss | -0.018     |
|    std                  | 9.63       |
|    value_loss           | 0.0133     |
----------------------------------------

------ Evaluating terrain: plain ------
Eval num_timesteps=35999424, episode_reward=17380.54 +/- 82.57
Episode length: 2000.00 +/- 0.00
-----------------------------------------
| eval/                   |             |
|    mean_ep_length       | 2e+03       |
|    mean_reward          | 1.74e+04    |
| time/                   |             |
|    total_timesteps      | 35999424    |
| train/                  |             |
|    approx_kl            | 0.018519482 |
|    clip_fraction        | 0.317       |
|    clip_range           | 0.15        |
|    entropy_loss         | -59.8       |
|    explained_variance   | 0.769       |
|    learning_rate        | 0.0001      |
|    loss                 | -0.608      |
|    n_updates            | 5490        |
|    policy_gradient_loss | -0.0168     |
|    std                  | 9.71        |
|    value_loss           | 0.0132      |
-----------------------------------------
New best mean reward!
Summary terrain plain: success: 0 / 10 (0.00 %)
    average progress: 0.00 %
    runs progress: [0.000, 0.000, 0.000, 0.000, 0.000, 0.000, 0.000, 0.000, 0.000, 0.000]
---------------------------------
| rollout/           |          |
|    ep_len_mean     | 1.31e+03 |
|    ep_rew_mean     | 1.07e+04 |
| time/              |          |
|    fps             | 964      |
|    iterations      | 367      |
|    time_elapsed    | 37390    |
|    total_timesteps | 36077568 |
---------------------------------
-----------------------------------------
| rollout/                |             |
|    ep_len_mean          | 1.25e+03    |
|    ep_rew_mean          | 1.03e+04    |
| time/                   |             |
|    fps                  | 965         |
|    iterations           | 368         |
|    time_elapsed         | 37487       |
|    total_timesteps      | 36175872    |
| train/                  |             |
|    approx_kl            | 0.019149274 |
|    clip_fraction        | 0.326       |
|    clip_range           | 0.15        |
|    entropy_loss         | -59.9       |
|    explained_variance   | 0.794       |
|    learning_rate        | 0.0001      |
|    loss                 | -0.624      |
|    n_updates            | 5505        |
|    policy_gradient_loss | -0.0164     |
|    std                  | 9.81        |
|    value_loss           | 0.0114      |
-----------------------------------------
-----------------------------------------
| rollout/                |             |
|    ep_len_mean          | 1.55e+03    |
|    ep_rew_mean          | 1.28e+04    |
| time/                   |             |
|    fps                  | 965         |
|    iterations           | 369         |
|    time_elapsed         | 37583       |
|    total_timesteps      | 36274176    |
| train/                  |             |
|    approx_kl            | 0.019261172 |
|    clip_fraction        | 0.322       |
|    clip_range           | 0.15        |
|    entropy_loss         | -60.1       |
|    explained_variance   | 0.804       |
|    learning_rate        | 0.0001      |
|    loss                 | -0.619      |
|    n_updates            | 5520        |
|    policy_gradient_loss | -0.0175     |
|    std                  | 9.9         |
|    value_loss           | 0.0149      |
-----------------------------------------
----------------------------------------
| rollout/                |            |
|    ep_len_mean          | 1.54e+03   |
|    ep_rew_mean          | 1.27e+04   |
| time/                   |            |
|    fps                  | 965        |
|    iterations           | 370        |
|    time_elapsed         | 37681      |
|    total_timesteps      | 36372480   |
| train/                  |            |
|    approx_kl            | 0.01970168 |
|    clip_fraction        | 0.326      |
|    clip_range           | 0.15       |
|    entropy_loss         | -60.2      |
|    explained_variance   | 0.78       |
|    learning_rate        | 0.0001     |
|    loss                 | -0.614     |
|    n_updates            | 5535       |
|    policy_gradient_loss | -0.0172    |
|    std                  | 9.99       |
|    value_loss           | 0.0128     |
----------------------------------------
-----------------------------------------
| rollout/                |             |
|    ep_len_mean          | 1.63e+03    |
|    ep_rew_mean          | 1.35e+04    |
| time/                   |             |
|    fps                  | 965         |
|    iterations           | 371         |
|    time_elapsed         | 37775       |
|    total_timesteps      | 36470784    |
| train/                  |             |
|    approx_kl            | 0.018858133 |
|    clip_fraction        | 0.324       |
|    clip_range           | 0.15        |
|    entropy_loss         | -60.4       |
|    explained_variance   | 0.809       |
|    learning_rate        | 0.0001      |
|    loss                 | -0.625      |
|    n_updates            | 5550        |
|    policy_gradient_loss | -0.0167     |
|    std                  | 10.1        |
|    value_loss           | 0.0122      |
-----------------------------------------

------ Evaluating terrain: plain ------
Eval num_timesteps=36499416, episode_reward=17416.49 +/- 106.92
Episode length: 2000.00 +/- 0.00
----------------------------------------
| eval/                   |            |
|    mean_ep_length       | 2e+03      |
|    mean_reward          | 1.74e+04   |
| time/                   |            |
|    total_timesteps      | 36499416   |
| train/                  |            |
|    approx_kl            | 0.01884784 |
|    clip_fraction        | 0.319      |
|    clip_range           | 0.15       |
|    entropy_loss         | -60.5      |
|    explained_variance   | 0.82       |
|    learning_rate        | 0.0001     |
|    loss                 | -0.62      |
|    n_updates            | 5565       |
|    policy_gradient_loss | -0.0167    |
|    std                  | 10.2       |
|    value_loss           | 0.00989    |
----------------------------------------
New best mean reward!
Summary terrain plain: success: 0 / 10 (0.00 %)
    average progress: 0.00 %
    runs progress: [0.000, 0.000, 0.000, 0.000, 0.000, 0.000, 0.000, 0.000, 0.000, 0.000]
---------------------------------
| rollout/           |          |
|    ep_len_mean     | 1.82e+03 |
|    ep_rew_mean     | 1.51e+04 |
| time/              |          |
|    fps             | 965      |
|    iterations      | 372      |
|    time_elapsed    | 37888    |
|    total_timesteps | 36569088 |
---------------------------------
-----------------------------------------
| rollout/                |             |
|    ep_len_mean          | 1.75e+03    |
|    ep_rew_mean          | 1.45e+04    |
| time/                   |             |
|    fps                  | 965         |
|    iterations           | 373         |
|    time_elapsed         | 37985       |
|    total_timesteps      | 36667392    |
| train/                  |             |
|    approx_kl            | 0.019300124 |
|    clip_fraction        | 0.322       |
|    clip_range           | 0.15        |
|    entropy_loss         | -60.6       |
|    explained_variance   | 0.774       |
|    learning_rate        | 0.0001      |
|    loss                 | -0.623      |
|    n_updates            | 5580        |
|    policy_gradient_loss | -0.0169     |
|    std                  | 10.3        |
|    value_loss           | 0.0124      |
-----------------------------------------
-----------------------------------------
| rollout/                |             |
|    ep_len_mean          | 1.81e+03    |
|    ep_rew_mean          | 1.51e+04    |
| time/                   |             |
|    fps                  | 965         |
|    iterations           | 374         |
|    time_elapsed         | 38080       |
|    total_timesteps      | 36765696    |
| train/                  |             |
|    approx_kl            | 0.018405564 |
|    clip_fraction        | 0.316       |
|    clip_range           | 0.15        |
|    entropy_loss         | -60.8       |
|    explained_variance   | 0.772       |
|    learning_rate        | 0.0001      |
|    loss                 | -0.63       |
|    n_updates            | 5595        |
|    policy_gradient_loss | -0.0163     |
|    std                  | 10.4        |
|    value_loss           | 0.0113      |
-----------------------------------------
-----------------------------------------
| rollout/                |             |
|    ep_len_mean          | 1.47e+03    |
|    ep_rew_mean          | 1.21e+04    |
| time/                   |             |
|    fps                  | 965         |
|    iterations           | 375         |
|    time_elapsed         | 38177       |
|    total_timesteps      | 36864000    |
| train/                  |             |
|    approx_kl            | 0.019510895 |
|    clip_fraction        | 0.325       |
|    clip_range           | 0.15        |
|    entropy_loss         | -60.9       |
|    explained_variance   | 0.784       |
|    learning_rate        | 0.0001      |
|    loss                 | -0.624      |
|    n_updates            | 5610        |
|    policy_gradient_loss | -0.017      |
|    std                  | 10.5        |
|    value_loss           | 0.0111      |
-----------------------------------------
-----------------------------------------
| rollout/                |             |
|    ep_len_mean          | 1.61e+03    |
|    ep_rew_mean          | 1.34e+04    |
| time/                   |             |
|    fps                  | 965         |
|    iterations           | 376         |
|    time_elapsed         | 38274       |
|    total_timesteps      | 36962304    |
| train/                  |             |
|    approx_kl            | 0.019272303 |
|    clip_fraction        | 0.321       |
|    clip_range           | 0.15        |
|    entropy_loss         | -61         |
|    explained_variance   | 0.78        |
|    learning_rate        | 0.0001      |
|    loss                 | -0.621      |
|    n_updates            | 5625        |
|    policy_gradient_loss | -0.0172     |
|    std                  | 10.6        |
|    value_loss           | 0.016       |
-----------------------------------------

------ Evaluating terrain: plain ------
Eval num_timesteps=36999408, episode_reward=17497.60 +/- 68.52
Episode length: 2000.00 +/- 0.00
-----------------------------------------
| eval/                   |             |
|    mean_ep_length       | 2e+03       |
|    mean_reward          | 1.75e+04    |
| time/                   |             |
|    total_timesteps      | 36999408    |
| train/                  |             |
|    approx_kl            | 0.018667497 |
|    clip_fraction        | 0.316       |
|    clip_range           | 0.15        |
|    entropy_loss         | -61.2       |
|    explained_variance   | 0.796       |
|    learning_rate        | 0.0001      |
|    loss                 | -0.624      |
|    n_updates            | 5640        |
|    policy_gradient_loss | -0.0163     |
|    std                  | 10.7        |
|    value_loss           | 0.0103      |
-----------------------------------------
New best mean reward!
Summary terrain plain: success: 0 / 10 (0.00 %)
    average progress: 0.00 %
    runs progress: [0.000, 0.000, 0.000, 0.000, 0.000, 0.000, 0.000, 0.000, 0.000, 0.000]
---------------------------------
| rollout/           |          |
|    ep_len_mean     | 1.87e+03 |
|    ep_rew_mean     | 1.55e+04 |
| time/              |          |
|    fps             | 965      |
|    iterations      | 377      |
|    time_elapsed    | 38387    |
|    total_timesteps | 37060608 |
---------------------------------
-----------------------------------------
| rollout/                |             |
|    ep_len_mean          | 1.66e+03    |
|    ep_rew_mean          | 1.37e+04    |
| time/                   |             |
|    fps                  | 965         |
|    iterations           | 378         |
|    time_elapsed         | 38484       |
|    total_timesteps      | 37158912    |
| train/                  |             |
|    approx_kl            | 0.018532088 |
|    clip_fraction        | 0.315       |
|    clip_range           | 0.15        |
|    entropy_loss         | -61.3       |
|    explained_variance   | 0.779       |
|    learning_rate        | 0.0001      |
|    loss                 | -0.627      |
|    n_updates            | 5655        |
|    policy_gradient_loss | -0.0164     |
|    std                  | 10.7        |
|    value_loss           | 0.0119      |
-----------------------------------------
-----------------------------------------
| rollout/                |             |
|    ep_len_mean          | 1.91e+03    |
|    ep_rew_mean          | 1.59e+04    |
| time/                   |             |
|    fps                  | 965         |
|    iterations           | 379         |
|    time_elapsed         | 38578       |
|    total_timesteps      | 37257216    |
| train/                  |             |
|    approx_kl            | 0.019443242 |
|    clip_fraction        | 0.324       |
|    clip_range           | 0.15        |
|    entropy_loss         | -61.4       |
|    explained_variance   | 0.781       |
|    learning_rate        | 0.0001      |
|    loss                 | -0.631      |
|    n_updates            | 5670        |
|    policy_gradient_loss | -0.0166     |
|    std                  | 10.8        |
|    value_loss           | 0.012       |
-----------------------------------------
-----------------------------------------
| rollout/                |             |
|    ep_len_mean          | 2.01e+03    |
|    ep_rew_mean          | 1.67e+04    |
| time/                   |             |
|    fps                  | 965         |
|    iterations           | 380         |
|    time_elapsed         | 38674       |
|    total_timesteps      | 37355520    |
| train/                  |             |
|    approx_kl            | 0.018123297 |
|    clip_fraction        | 0.313       |
|    clip_range           | 0.15        |
|    entropy_loss         | -61.5       |
|    explained_variance   | 0.767       |
|    learning_rate        | 0.0001      |
|    loss                 | -0.628      |
|    n_updates            | 5685        |
|    policy_gradient_loss | -0.0161     |
|    std                  | 10.9        |
|    value_loss           | 0.00999     |
-----------------------------------------
-----------------------------------------
| rollout/                |             |
|    ep_len_mean          | 1.68e+03    |
|    ep_rew_mean          | 1.4e+04     |
| time/                   |             |
|    fps                  | 966         |
|    iterations           | 381         |
|    time_elapsed         | 38771       |
|    total_timesteps      | 37453824    |
| train/                  |             |
|    approx_kl            | 0.018822195 |
|    clip_fraction        | 0.317       |
|    clip_range           | 0.15        |
|    entropy_loss         | -61.7       |
|    explained_variance   | 0.765       |
|    learning_rate        | 0.0001      |
|    loss                 | -0.633      |
|    n_updates            | 5700        |
|    policy_gradient_loss | -0.0162     |
|    std                  | 11          |
|    value_loss           | 0.0122      |
-----------------------------------------

------ Evaluating terrain: plain ------
Eval num_timesteps=37499400, episode_reward=17581.32 +/- 89.62
Episode length: 2000.00 +/- 0.00
-----------------------------------------
| eval/                   |             |
|    mean_ep_length       | 2e+03       |
|    mean_reward          | 1.76e+04    |
| time/                   |             |
|    total_timesteps      | 37499400    |
| train/                  |             |
|    approx_kl            | 0.018863885 |
|    clip_fraction        | 0.318       |
|    clip_range           | 0.15        |
|    entropy_loss         | -61.8       |
|    explained_variance   | 0.758       |
|    learning_rate        | 0.0001      |
|    loss                 | -0.64       |
|    n_updates            | 5715        |
|    policy_gradient_loss | -0.0164     |
|    std                  | 11.1        |
|    value_loss           | 0.0115      |
-----------------------------------------
New best mean reward!
Summary terrain plain: success: 0 / 10 (0.00 %)
    average progress: 0.00 %
    runs progress: [0.000, 0.000, 0.000, 0.000, 0.000, 0.000, 0.000, 0.000, 0.000, 0.000]
---------------------------------
| rollout/           |          |
|    ep_len_mean     | 1.59e+03 |
|    ep_rew_mean     | 1.32e+04 |
| time/              |          |
|    fps             | 965      |
|    iterations      | 382      |
|    time_elapsed    | 38886    |
|    total_timesteps | 37552128 |
---------------------------------
-----------------------------------------
| rollout/                |             |
|    ep_len_mean          | 1.4e+03     |
|    ep_rew_mean          | 1.16e+04    |
| time/                   |             |
|    fps                  | 965         |
|    iterations           | 383         |
|    time_elapsed         | 38983       |
|    total_timesteps      | 37650432    |
| train/                  |             |
|    approx_kl            | 0.018789798 |
|    clip_fraction        | 0.317       |
|    clip_range           | 0.15        |
|    entropy_loss         | -62         |
|    explained_variance   | 0.795       |
|    learning_rate        | 0.0001      |
|    loss                 | -0.628      |
|    n_updates            | 5730        |
|    policy_gradient_loss | -0.0172     |
|    std                  | 11.2        |
|    value_loss           | 0.0156      |
-----------------------------------------
-----------------------------------------
| rollout/                |             |
|    ep_len_mean          | 1.54e+03    |
|    ep_rew_mean          | 1.28e+04    |
| time/                   |             |
|    fps                  | 966         |
|    iterations           | 384         |
|    time_elapsed         | 39076       |
|    total_timesteps      | 37748736    |
| train/                  |             |
|    approx_kl            | 0.019031184 |
|    clip_fraction        | 0.317       |
|    clip_range           | 0.15        |
|    entropy_loss         | -62.1       |
|    explained_variance   | 0.802       |
|    learning_rate        | 0.0001      |
|    loss                 | -0.641      |
|    n_updates            | 5745        |
|    policy_gradient_loss | -0.0175     |
|    std                  | 11.3        |
|    value_loss           | 0.0143      |
-----------------------------------------
-----------------------------------------
| rollout/                |             |
|    ep_len_mean          | 1.57e+03    |
|    ep_rew_mean          | 1.3e+04     |
| time/                   |             |
|    fps                  | 966         |
|    iterations           | 385         |
|    time_elapsed         | 39172       |
|    total_timesteps      | 37847040    |
| train/                  |             |
|    approx_kl            | 0.017888427 |
|    clip_fraction        | 0.308       |
|    clip_range           | 0.15        |
|    entropy_loss         | -62.2       |
|    explained_variance   | 0.802       |
|    learning_rate        | 0.0001      |
|    loss                 | -0.628      |
|    n_updates            | 5760        |
|    policy_gradient_loss | -0.0168     |
|    std                  | 11.4        |
|    value_loss           | 0.0102      |
-----------------------------------------
-----------------------------------------
| rollout/                |             |
|    ep_len_mean          | 1.41e+03    |
|    ep_rew_mean          | 1.17e+04    |
| time/                   |             |
|    fps                  | 966         |
|    iterations           | 386         |
|    time_elapsed         | 39270       |
|    total_timesteps      | 37945344    |
| train/                  |             |
|    approx_kl            | 0.019345224 |
|    clip_fraction        | 0.318       |
|    clip_range           | 0.15        |
|    entropy_loss         | -62.3       |
|    explained_variance   | 0.797       |
|    learning_rate        | 0.0001      |
|    loss                 | -0.625      |
|    n_updates            | 5775        |
|    policy_gradient_loss | -0.017      |
|    std                  | 11.5        |
|    value_loss           | 0.0132      |
-----------------------------------------

------ Evaluating terrain: plain ------
Eval num_timesteps=37999392, episode_reward=17585.74 +/- 62.43
Episode length: 2000.00 +/- 0.00
-----------------------------------------
| eval/                   |             |
|    mean_ep_length       | 2e+03       |
|    mean_reward          | 1.76e+04    |
| time/                   |             |
|    total_timesteps      | 37999392    |
| train/                  |             |
|    approx_kl            | 0.019039895 |
|    clip_fraction        | 0.322       |
|    clip_range           | 0.15        |
|    entropy_loss         | -62.5       |
|    explained_variance   | 0.799       |
|    learning_rate        | 0.0001      |
|    loss                 | -0.64       |
|    n_updates            | 5790        |
|    policy_gradient_loss | -0.0169     |
|    std                  | 11.6        |
|    value_loss           | 0.0162      |
-----------------------------------------
New best mean reward!
Summary terrain plain: success: 0 / 10 (0.00 %)
    average progress: 0.00 %
    runs progress: [0.000, 0.000, 0.000, 0.000, 0.000, 0.000, 0.000, 0.000, 0.000, 0.000]
---------------------------------
| rollout/           |          |
|    ep_len_mean     | 1.58e+03 |
|    ep_rew_mean     | 1.31e+04 |
| time/              |          |
|    fps             | 965      |
|    iterations      | 387      |
|    time_elapsed    | 39383    |
|    total_timesteps | 38043648 |
---------------------------------
-----------------------------------------
| rollout/                |             |
|    ep_len_mean          | 1.57e+03    |
|    ep_rew_mean          | 1.31e+04    |
| time/                   |             |
|    fps                  | 966         |
|    iterations           | 388         |
|    time_elapsed         | 39479       |
|    total_timesteps      | 38141952    |
| train/                  |             |
|    approx_kl            | 0.018135026 |
|    clip_fraction        | 0.314       |
|    clip_range           | 0.15        |
|    entropy_loss         | -62.6       |
|    explained_variance   | 0.816       |
|    learning_rate        | 0.0001      |
|    loss                 | -0.64       |
|    n_updates            | 5805        |
|    policy_gradient_loss | -0.0172     |
|    std                  | 11.7        |
|    value_loss           | 0.012       |
-----------------------------------------
-----------------------------------------
| rollout/                |             |
|    ep_len_mean          | 1.72e+03    |
|    ep_rew_mean          | 1.43e+04    |
| time/                   |             |
|    fps                  | 966         |
|    iterations           | 389         |
|    time_elapsed         | 39574       |
|    total_timesteps      | 38240256    |
| train/                  |             |
|    approx_kl            | 0.018772835 |
|    clip_fraction        | 0.319       |
|    clip_range           | 0.15        |
|    entropy_loss         | -62.7       |
|    explained_variance   | 0.77        |
|    learning_rate        | 0.0001      |
|    loss                 | -0.641      |
|    n_updates            | 5820        |
|    policy_gradient_loss | -0.0165     |
|    std                  | 11.8        |
|    value_loss           | 0.0103      |
-----------------------------------------
-----------------------------------------
| rollout/                |             |
|    ep_len_mean          | 2e+03       |
|    ep_rew_mean          | 1.68e+04    |
| time/                   |             |
|    fps                  | 966         |
|    iterations           | 390         |
|    time_elapsed         | 39670       |
|    total_timesteps      | 38338560    |
| train/                  |             |
|    approx_kl            | 0.018387934 |
|    clip_fraction        | 0.312       |
|    clip_range           | 0.15        |
|    entropy_loss         | -62.8       |
|    explained_variance   | 0.774       |
|    learning_rate        | 0.0001      |
|    loss                 | -0.644      |
|    n_updates            | 5835        |
|    policy_gradient_loss | -0.0161     |
|    std                  | 11.9        |
|    value_loss           | 0.00923     |
-----------------------------------------
----------------------------------------
| rollout/                |            |
|    ep_len_mean          | 1.61e+03   |
|    ep_rew_mean          | 1.35e+04   |
| time/                   |            |
|    fps                  | 966        |
|    iterations           | 391        |
|    time_elapsed         | 39770      |
|    total_timesteps      | 38436864   |
| train/                  |            |
|    approx_kl            | 0.01799378 |
|    clip_fraction        | 0.308      |
|    clip_range           | 0.15       |
|    entropy_loss         | -63        |
|    explained_variance   | 0.777      |
|    learning_rate        | 0.0001     |
|    loss                 | -0.644     |
|    n_updates            | 5850       |
|    policy_gradient_loss | -0.0165    |
|    std                  | 12         |
|    value_loss           | 0.0105     |
----------------------------------------

------ Evaluating terrain: plain ------
Eval num_timesteps=38499384, episode_reward=17622.11 +/- 98.97
Episode length: 2000.00 +/- 0.00
-----------------------------------------
| eval/                   |             |
|    mean_ep_length       | 2e+03       |
|    mean_reward          | 1.76e+04    |
| time/                   |             |
|    total_timesteps      | 38499384    |
| train/                  |             |
|    approx_kl            | 0.018361725 |
|    clip_fraction        | 0.316       |
|    clip_range           | 0.15        |
|    entropy_loss         | -63.1       |
|    explained_variance   | 0.804       |
|    learning_rate        | 0.0001      |
|    loss                 | -0.641      |
|    n_updates            | 5865        |
|    policy_gradient_loss | -0.017      |
|    std                  | 12.1        |
|    value_loss           | 0.0139      |
-----------------------------------------
New best mean reward!
Summary terrain plain: success: 0 / 10 (0.00 %)
    average progress: 0.00 %
    runs progress: [0.000, 0.000, 0.000, 0.000, 0.000, 0.000, 0.000, 0.000, 0.000, 0.000]
---------------------------------
| rollout/           |          |
|    ep_len_mean     | 1.47e+03 |
|    ep_rew_mean     | 1.23e+04 |
| time/              |          |
|    fps             | 966      |
|    iterations      | 392      |
|    time_elapsed    | 39885    |
|    total_timesteps | 38535168 |
---------------------------------
-----------------------------------------
| rollout/                |             |
|    ep_len_mean          | 1.35e+03    |
|    ep_rew_mean          | 1.12e+04    |
| time/                   |             |
|    fps                  | 966         |
|    iterations           | 393         |
|    time_elapsed         | 39982       |
|    total_timesteps      | 38633472    |
| train/                  |             |
|    approx_kl            | 0.018068394 |
|    clip_fraction        | 0.314       |
|    clip_range           | 0.15        |
|    entropy_loss         | -63.2       |
|    explained_variance   | 0.802       |
|    learning_rate        | 0.0001      |
|    loss                 | -0.647      |
|    n_updates            | 5880        |
|    policy_gradient_loss | -0.0161     |
|    std                  | 12.3        |
|    value_loss           | 0.0113      |
-----------------------------------------
-----------------------------------------
| rollout/                |             |
|    ep_len_mean          | 1.5e+03     |
|    ep_rew_mean          | 1.25e+04    |
| time/                   |             |
|    fps                  | 966         |
|    iterations           | 394         |
|    time_elapsed         | 40077       |
|    total_timesteps      | 38731776    |
| train/                  |             |
|    approx_kl            | 0.019201674 |
|    clip_fraction        | 0.324       |
|    clip_range           | 0.15        |
|    entropy_loss         | -63.4       |
|    explained_variance   | 0.77        |
|    learning_rate        | 0.0001      |
|    loss                 | -0.641      |
|    n_updates            | 5895        |
|    policy_gradient_loss | -0.0171     |
|    std                  | 12.4        |
|    value_loss           | 0.0181      |
-----------------------------------------
-----------------------------------------
| rollout/                |             |
|    ep_len_mean          | 1.25e+03    |
|    ep_rew_mean          | 1.04e+04    |
| time/                   |             |
|    fps                  | 966         |
|    iterations           | 395         |
|    time_elapsed         | 40175       |
|    total_timesteps      | 38830080    |
| train/                  |             |
|    approx_kl            | 0.018907579 |
|    clip_fraction        | 0.316       |
|    clip_range           | 0.15        |
|    entropy_loss         | -63.5       |
|    explained_variance   | 0.799       |
|    learning_rate        | 0.0001      |
|    loss                 | -0.651      |
|    n_updates            | 5910        |
|    policy_gradient_loss | -0.0171     |
|    std                  | 12.5        |
|    value_loss           | 0.0138      |
-----------------------------------------
-----------------------------------------
| rollout/                |             |
|    ep_len_mean          | 1.37e+03    |
|    ep_rew_mean          | 1.14e+04    |
| time/                   |             |
|    fps                  | 966         |
|    iterations           | 396         |
|    time_elapsed         | 40270       |
|    total_timesteps      | 38928384    |
| train/                  |             |
|    approx_kl            | 0.018725595 |
|    clip_fraction        | 0.313       |
|    clip_range           | 0.15        |
|    entropy_loss         | -63.6       |
|    explained_variance   | 0.812       |
|    learning_rate        | 0.0001      |
|    loss                 | -0.644      |
|    n_updates            | 5925        |
|    policy_gradient_loss | -0.0175     |
|    std                  | 12.6        |
|    value_loss           | 0.0157      |
-----------------------------------------

------ Evaluating terrain: plain ------
Eval num_timesteps=38999376, episode_reward=17689.03 +/- 88.15
Episode length: 2000.00 +/- 0.00
-----------------------------------------
| eval/                   |             |
|    mean_ep_length       | 2e+03       |
|    mean_reward          | 1.77e+04    |
| time/                   |             |
|    total_timesteps      | 38999376    |
| train/                  |             |
|    approx_kl            | 0.018548405 |
|    clip_fraction        | 0.316       |
|    clip_range           | 0.15        |
|    entropy_loss         | -63.8       |
|    explained_variance   | 0.786       |
|    learning_rate        | 0.0001      |
|    loss                 | -0.657      |
|    n_updates            | 5940        |
|    policy_gradient_loss | -0.0168     |
|    std                  | 12.7        |
|    value_loss           | 0.0157      |
-----------------------------------------
New best mean reward!
Summary terrain plain: success: 0 / 10 (0.00 %)
    average progress: 0.00 %
    runs progress: [0.000, 0.000, 0.000, 0.000, 0.000, 0.000, 0.000, 0.000, 0.000, 0.000]
---------------------------------
| rollout/           |          |
|    ep_len_mean     | 1.47e+03 |
|    ep_rew_mean     | 1.22e+04 |
| time/              |          |
|    fps             | 966      |
|    iterations      | 397      |
|    time_elapsed    | 40386    |
|    total_timesteps | 39026688 |
---------------------------------
-----------------------------------------
| rollout/                |             |
|    ep_len_mean          | 1.53e+03    |
|    ep_rew_mean          | 1.28e+04    |
| time/                   |             |
|    fps                  | 966         |
|    iterations           | 398         |
|    time_elapsed         | 40482       |
|    total_timesteps      | 39124992    |
| train/                  |             |
|    approx_kl            | 0.017882885 |
|    clip_fraction        | 0.308       |
|    clip_range           | 0.15        |
|    entropy_loss         | -63.9       |
|    explained_variance   | 0.815       |
|    learning_rate        | 0.0001      |
|    loss                 | -0.664      |
|    n_updates            | 5955        |
|    policy_gradient_loss | -0.0171     |
|    std                  | 12.8        |
|    value_loss           | 0.0133      |
-----------------------------------------
-----------------------------------------
| rollout/                |             |
|    ep_len_mean          | 1.5e+03     |
|    ep_rew_mean          | 1.26e+04    |
| time/                   |             |
|    fps                  | 966         |
|    iterations           | 399         |
|    time_elapsed         | 40581       |
|    total_timesteps      | 39223296    |
| train/                  |             |
|    approx_kl            | 0.018946078 |
|    clip_fraction        | 0.31        |
|    clip_range           | 0.15        |
|    entropy_loss         | -64         |
|    explained_variance   | 0.783       |
|    learning_rate        | 0.0001      |
|    loss                 | -0.652      |
|    n_updates            | 5970        |
|    policy_gradient_loss | -0.0171     |
|    std                  | 12.9        |
|    value_loss           | 0.0139      |
-----------------------------------------
-----------------------------------------
| rollout/                |             |
|    ep_len_mean          | 1.3e+03     |
|    ep_rew_mean          | 1.08e+04    |
| time/                   |             |
|    fps                  | 966         |
|    iterations           | 400         |
|    time_elapsed         | 40676       |
|    total_timesteps      | 39321600    |
| train/                  |             |
|    approx_kl            | 0.018470865 |
|    clip_fraction        | 0.311       |
|    clip_range           | 0.15        |
|    entropy_loss         | -64.1       |
|    explained_variance   | 0.768       |
|    learning_rate        | 0.0001      |
|    loss                 | -0.661      |
|    n_updates            | 5985        |
|    policy_gradient_loss | -0.0173     |
|    std                  | 13          |
|    value_loss           | 0.0163      |
-----------------------------------------
---------------------------------------
| rollout/                |           |
|    ep_len_mean          | 1.44e+03  |
|    ep_rew_mean          | 1.2e+04   |
| time/                   |           |
|    fps                  | 966       |
|    iterations           | 401       |
|    time_elapsed         | 40771     |
|    total_timesteps      | 39419904  |
| train/                  |           |
|    approx_kl            | 0.0184887 |
|    clip_fraction        | 0.307     |
|    clip_range           | 0.15      |
|    entropy_loss         | -64.2     |
|    explained_variance   | 0.776     |
|    learning_rate        | 0.0001    |
|    loss                 | -0.65     |
|    n_updates            | 6000      |
|    policy_gradient_loss | -0.0169   |
|    std                  | 13.1      |
|    value_loss           | 0.0138    |
---------------------------------------

------ Evaluating terrain: plain ------
Eval num_timesteps=39499368, episode_reward=17745.31 +/- 40.19
Episode length: 2000.00 +/- 0.00
-----------------------------------------
| eval/                   |             |
|    mean_ep_length       | 2e+03       |
|    mean_reward          | 1.77e+04    |
| time/                   |             |
|    total_timesteps      | 39499368    |
| train/                  |             |
|    approx_kl            | 0.018102126 |
|    clip_fraction        | 0.306       |
|    clip_range           | 0.15        |
|    entropy_loss         | -64.3       |
|    explained_variance   | 0.781       |
|    learning_rate        | 0.0001      |
|    loss                 | -0.631      |
|    n_updates            | 6015        |
|    policy_gradient_loss | -0.017      |
|    std                  | 13.2        |
|    value_loss           | 0.0119      |
-----------------------------------------
New best mean reward!
Summary terrain plain: success: 0 / 10 (0.00 %)
    average progress: 0.00 %
    runs progress: [0.000, 0.000, 0.000, 0.000, 0.000, 0.000, 0.000, 0.000, 0.000, 0.000]
---------------------------------
| rollout/           |          |
|    ep_len_mean     | 1.56e+03 |
|    ep_rew_mean     | 1.3e+04  |
| time/              |          |
|    fps             | 966      |
|    iterations      | 402      |
|    time_elapsed    | 40881    |
|    total_timesteps | 39518208 |
---------------------------------
-----------------------------------------
| rollout/                |             |
|    ep_len_mean          | 1.56e+03    |
|    ep_rew_mean          | 1.31e+04    |
| time/                   |             |
|    fps                  | 966         |
|    iterations           | 403         |
|    time_elapsed         | 40979       |
|    total_timesteps      | 39616512    |
| train/                  |             |
|    approx_kl            | 0.018401405 |
|    clip_fraction        | 0.312       |
|    clip_range           | 0.15        |
|    entropy_loss         | -64.5       |
|    explained_variance   | 0.809       |
|    learning_rate        | 0.0001      |
|    loss                 | -0.661      |
|    n_updates            | 6030        |
|    policy_gradient_loss | -0.0164     |
|    std                  | 13.3        |
|    value_loss           | 0.01        |
-----------------------------------------
-----------------------------------------
| rollout/                |             |
|    ep_len_mean          | 1.08e+03    |
|    ep_rew_mean          | 8.95e+03    |
| time/                   |             |
|    fps                  | 966         |
|    iterations           | 404         |
|    time_elapsed         | 41078       |
|    total_timesteps      | 39714816    |
| train/                  |             |
|    approx_kl            | 0.018347144 |
|    clip_fraction        | 0.306       |
|    clip_range           | 0.15        |
|    entropy_loss         | -64.6       |
|    explained_variance   | 0.786       |
|    learning_rate        | 0.0001      |
|    loss                 | -0.648      |
|    n_updates            | 6045        |
|    policy_gradient_loss | -0.0166     |
|    std                  | 13.5        |
|    value_loss           | 0.0163      |
-----------------------------------------
-----------------------------------------
| rollout/                |             |
|    ep_len_mean          | 1.05e+03    |
|    ep_rew_mean          | 8.69e+03    |
| time/                   |             |
|    fps                  | 966         |
|    iterations           | 405         |
|    time_elapsed         | 41175       |
|    total_timesteps      | 39813120    |
| train/                  |             |
|    approx_kl            | 0.018873295 |
|    clip_fraction        | 0.313       |
|    clip_range           | 0.15        |
|    entropy_loss         | -64.7       |
|    explained_variance   | 0.802       |
|    learning_rate        | 0.0001      |
|    loss                 | -0.655      |
|    n_updates            | 6060        |
|    policy_gradient_loss | -0.0183     |
|    std                  | 13.5        |
|    value_loss           | 0.0208      |
-----------------------------------------
-----------------------------------------
| rollout/                |             |
|    ep_len_mean          | 1.32e+03    |
|    ep_rew_mean          | 1.11e+04    |
| time/                   |             |
|    fps                  | 967         |
|    iterations           | 406         |
|    time_elapsed         | 41271       |
|    total_timesteps      | 39911424    |
| train/                  |             |
|    approx_kl            | 0.019073343 |
|    clip_fraction        | 0.312       |
|    clip_range           | 0.15        |
|    entropy_loss         | -64.8       |
|    explained_variance   | 0.795       |
|    learning_rate        | 0.0001      |
|    loss                 | -0.662      |
|    n_updates            | 6075        |
|    policy_gradient_loss | -0.0181     |
|    std                  | 13.7        |
|    value_loss           | 0.0181      |
-----------------------------------------

------ Evaluating terrain: plain ------
Eval num_timesteps=39999360, episode_reward=17884.52 +/- 64.89
Episode length: 2000.00 +/- 0.00
-----------------------------------------
| eval/                   |             |
|    mean_ep_length       | 2e+03       |
|    mean_reward          | 1.79e+04    |
| time/                   |             |
|    total_timesteps      | 39999360    |
| train/                  |             |
|    approx_kl            | 0.018728478 |
|    clip_fraction        | 0.311       |
|    clip_range           | 0.15        |
|    entropy_loss         | -64.9       |
|    explained_variance   | 0.777       |
|    learning_rate        | 0.0001      |
|    loss                 | -0.67       |
|    n_updates            | 6090        |
|    policy_gradient_loss | -0.0173     |
|    std                  | 13.8        |
|    value_loss           | 0.0156      |
-----------------------------------------
New best mean reward!
Summary terrain plain: success: 0 / 10 (0.00 %)
    average progress: 0.00 %
    runs progress: [0.000, 0.000, 0.000, 0.000, 0.000, 0.000, 0.000, 0.000, 0.000, 0.000]
---------------------------------
| rollout/           |          |
|    ep_len_mean     | 1.62e+03 |
|    ep_rew_mean     | 1.37e+04 |
| time/              |          |
|    fps             | 966      |
|    iterations      | 407      |
|    time_elapsed    | 41382    |
|    total_timesteps | 40009728 |
---------------------------------
-----------------------------------------
| rollout/                |             |
|    ep_len_mean          | 1.41e+03    |
|    ep_rew_mean          | 1.19e+04    |
| time/                   |             |
|    fps                  | 966         |
|    iterations           | 408         |
|    time_elapsed         | 41479       |
|    total_timesteps      | 40108032    |
| train/                  |             |
|    approx_kl            | 0.019138047 |
|    clip_fraction        | 0.316       |
|    clip_range           | 0.15        |
|    entropy_loss         | -65         |
|    explained_variance   | 0.763       |
|    learning_rate        | 0.0001      |
|    loss                 | -0.664      |
|    n_updates            | 6105        |
|    policy_gradient_loss | -0.0168     |
|    std                  | 13.9        |
|    value_loss           | 0.0135      |
-----------------------------------------
----------------------------------------
| rollout/                |            |
|    ep_len_mean          | 1.44e+03   |
|    ep_rew_mean          | 1.21e+04   |
| time/                   |            |
|    fps                  | 967        |
|    iterations           | 409        |
|    time_elapsed         | 41574      |
|    total_timesteps      | 40206336   |
| train/                  |            |
|    approx_kl            | 0.01972085 |
|    clip_fraction        | 0.316      |
|    clip_range           | 0.15       |
|    entropy_loss         | -65.2      |
|    explained_variance   | 0.803      |
|    learning_rate        | 0.0001     |
|    loss                 | -0.657     |
|    n_updates            | 6120       |
|    policy_gradient_loss | -0.0178    |
|    std                  | 14         |
|    value_loss           | 0.018      |
----------------------------------------
-----------------------------------------
| rollout/                |             |
|    ep_len_mean          | 1.8e+03     |
|    ep_rew_mean          | 1.52e+04    |
| time/                   |             |
|    fps                  | 967         |
|    iterations           | 410         |
|    time_elapsed         | 41669       |
|    total_timesteps      | 40304640    |
| train/                  |             |
|    approx_kl            | 0.018195447 |
|    clip_fraction        | 0.303       |
|    clip_range           | 0.15        |
|    entropy_loss         | -65.3       |
|    explained_variance   | 0.799       |
|    learning_rate        | 0.0001      |
|    loss                 | -0.67       |
|    n_updates            | 6135        |
|    policy_gradient_loss | -0.0172     |
|    std                  | 14.1        |
|    value_loss           | 0.0113      |
-----------------------------------------
-----------------------------------------
| rollout/                |             |
|    ep_len_mean          | 1.89e+03    |
|    ep_rew_mean          | 1.6e+04     |
| time/                   |             |
|    fps                  | 967         |
|    iterations           | 411         |
|    time_elapsed         | 41763       |
|    total_timesteps      | 40402944    |
| train/                  |             |
|    approx_kl            | 0.018229933 |
|    clip_fraction        | 0.308       |
|    clip_range           | 0.15        |
|    entropy_loss         | -65.4       |
|    explained_variance   | 0.8         |
|    learning_rate        | 0.0001      |
|    loss                 | -0.668      |
|    n_updates            | 6150        |
|    policy_gradient_loss | -0.017      |
|    std                  | 14.2        |
|    value_loss           | 0.0112      |
-----------------------------------------

------ Evaluating terrain: plain ------
Eval num_timesteps=40499352, episode_reward=17875.20 +/- 69.19
Episode length: 2000.00 +/- 0.00
-----------------------------------------
| eval/                   |             |
|    mean_ep_length       | 2e+03       |
|    mean_reward          | 1.79e+04    |
| time/                   |             |
|    total_timesteps      | 40499352    |
| train/                  |             |
|    approx_kl            | 0.018131414 |
|    clip_fraction        | 0.31        |
|    clip_range           | 0.15        |
|    entropy_loss         | -65.5       |
|    explained_variance   | 0.793       |
|    learning_rate        | 0.0001      |
|    loss                 | -0.661      |
|    n_updates            | 6165        |
|    policy_gradient_loss | -0.0167     |
|    std                  | 14.4        |
|    value_loss           | 0.0114      |
-----------------------------------------
Summary terrain plain: success: 0 / 10 (0.00 %)
    average progress: 0.00 %
    runs progress: [0.000, 0.000, 0.000, 0.000, 0.000, 0.000, 0.000, 0.000, 0.000, 0.000]
---------------------------------
| rollout/           |          |
|    ep_len_mean     | 1.9e+03  |
|    ep_rew_mean     | 1.62e+04 |
| time/              |          |
|    fps             | 967      |
|    iterations      | 412      |
|    time_elapsed    | 41875    |
|    total_timesteps | 40501248 |
---------------------------------
-----------------------------------------
| rollout/                |             |
|    ep_len_mean          | 1.96e+03    |
|    ep_rew_mean          | 1.67e+04    |
| time/                   |             |
|    fps                  | 967         |
|    iterations           | 413         |
|    time_elapsed         | 41970       |
|    total_timesteps      | 40599552    |
| train/                  |             |
|    approx_kl            | 0.018451164 |
|    clip_fraction        | 0.311       |
|    clip_range           | 0.15        |
|    entropy_loss         | -65.6       |
|    explained_variance   | 0.795       |
|    learning_rate        | 0.0001      |
|    loss                 | -0.677      |
|    n_updates            | 6180        |
|    policy_gradient_loss | -0.0164     |
|    std                  | 14.5        |
|    value_loss           | 0.0101      |
-----------------------------------------
-----------------------------------------
| rollout/                |             |
|    ep_len_mean          | 1.38e+03    |
|    ep_rew_mean          | 1.16e+04    |
| time/                   |             |
|    fps                  | 967         |
|    iterations           | 414         |
|    time_elapsed         | 42066       |
|    total_timesteps      | 40697856    |
| train/                  |             |
|    approx_kl            | 0.018079652 |
|    clip_fraction        | 0.309       |
|    clip_range           | 0.15        |
|    entropy_loss         | -65.8       |
|    explained_variance   | 0.751       |
|    learning_rate        | 0.0001      |
|    loss                 | -0.675      |
|    n_updates            | 6195        |
|    policy_gradient_loss | -0.0161     |
|    std                  | 14.6        |
|    value_loss           | 0.0132      |
-----------------------------------------
----------------------------------------
| rollout/                |            |
|    ep_len_mean          | 1.47e+03   |
|    ep_rew_mean          | 1.24e+04   |
| time/                   |            |
|    fps                  | 967        |
|    iterations           | 415        |
|    time_elapsed         | 42159      |
|    total_timesteps      | 40796160   |
| train/                  |            |
|    approx_kl            | 0.01876877 |
|    clip_fraction        | 0.313      |
|    clip_range           | 0.15       |
|    entropy_loss         | -65.9      |
|    explained_variance   | 0.774      |
|    learning_rate        | 0.0001     |
|    loss                 | -0.67      |
|    n_updates            | 6210       |
|    policy_gradient_loss | -0.017     |
|    std                  | 14.7       |
|    value_loss           | 0.0147     |
----------------------------------------
-----------------------------------------
| rollout/                |             |
|    ep_len_mean          | 1.99e+03    |
|    ep_rew_mean          | 1.7e+04     |
| time/                   |             |
|    fps                  | 967         |
|    iterations           | 416         |
|    time_elapsed         | 42253       |
|    total_timesteps      | 40894464    |
| train/                  |             |
|    approx_kl            | 0.018253118 |
|    clip_fraction        | 0.312       |
|    clip_range           | 0.15        |
|    entropy_loss         | -66         |
|    explained_variance   | 0.763       |
|    learning_rate        | 0.0001      |
|    loss                 | -0.679      |
|    n_updates            | 6225        |
|    policy_gradient_loss | -0.016      |
|    std                  | 14.9        |
|    value_loss           | 0.011       |
-----------------------------------------
-----------------------------------------
| rollout/                |             |
|    ep_len_mean          | 2.29e+03    |
|    ep_rew_mean          | 1.96e+04    |
| time/                   |             |
|    fps                  | 968         |
|    iterations           | 417         |
|    time_elapsed         | 42346       |
|    total_timesteps      | 40992768    |
| train/                  |             |
|    approx_kl            | 0.017753953 |
|    clip_fraction        | 0.311       |
|    clip_range           | 0.15        |
|    entropy_loss         | -66.2       |
|    explained_variance   | 0.745       |
|    learning_rate        | 0.0001      |
|    loss                 | -0.683      |
|    n_updates            | 6240        |
|    policy_gradient_loss | -0.0159     |
|    std                  | 15          |
|    value_loss           | 0.00981     |
-----------------------------------------

------ Evaluating terrain: plain ------
Eval num_timesteps=40999344, episode_reward=17767.60 +/- 50.42
Episode length: 2000.00 +/- 0.00
-----------------------------------------
| eval/                   |             |
|    mean_ep_length       | 2e+03       |
|    mean_reward          | 1.78e+04    |
| time/                   |             |
|    total_timesteps      | 40999344    |
| train/                  |             |
|    approx_kl            | 0.018376647 |
|    clip_fraction        | 0.314       |
|    clip_range           | 0.15        |
|    entropy_loss         | -66.3       |
|    explained_variance   | 0.693       |
|    learning_rate        | 0.0001      |
|    loss                 | -0.687      |
|    n_updates            | 6255        |
|    policy_gradient_loss | -0.0151     |
|    std                  | 15.2        |
|    value_loss           | 0.00944     |
-----------------------------------------
Summary terrain plain: success: 0 / 10 (0.00 %)
    average progress: 0.00 %
    runs progress: [0.000, 0.000, 0.000, 0.000, 0.000, 0.000, 0.000, 0.000, 0.000, 0.000]
---------------------------------
| rollout/           |          |
|    ep_len_mean     | 1.99e+03 |
|    ep_rew_mean     | 1.69e+04 |
| time/              |          |
|    fps             | 967      |
|    iterations      | 418      |
|    time_elapsed    | 42459    |
|    total_timesteps | 41091072 |
---------------------------------
-----------------------------------------
| rollout/                |             |
|    ep_len_mean          | 1.43e+03    |
|    ep_rew_mean          | 1.21e+04    |
| time/                   |             |
|    fps                  | 967         |
|    iterations           | 419         |
|    time_elapsed         | 42553       |
|    total_timesteps      | 41189376    |
| train/                  |             |
|    approx_kl            | 0.019373674 |
|    clip_fraction        | 0.317       |
|    clip_range           | 0.15        |
|    entropy_loss         | -66.5       |
|    explained_variance   | 0.783       |
|    learning_rate        | 0.0001      |
|    loss                 | -0.683      |
|    n_updates            | 6270        |
|    policy_gradient_loss | -0.017      |
|    std                  | 15.3        |
|    value_loss           | 0.0124      |
-----------------------------------------
----------------------------------------
| rollout/                |            |
|    ep_len_mean          | 1.48e+03   |
|    ep_rew_mean          | 1.25e+04   |
| time/                   |            |
|    fps                  | 968        |
|    iterations           | 420        |
|    time_elapsed         | 42650      |
|    total_timesteps      | 41287680   |
| train/                  |            |
|    approx_kl            | 0.01819991 |
|    clip_fraction        | 0.308      |
|    clip_range           | 0.15       |
|    entropy_loss         | -66.6      |
|    explained_variance   | 0.783      |
|    learning_rate        | 0.0001     |
|    loss                 | -0.688     |
|    n_updates            | 6285       |
|    policy_gradient_loss | -0.0164    |
|    std                  | 15.5       |
|    value_loss           | 0.0137     |
----------------------------------------
-----------------------------------------
| rollout/                |             |
|    ep_len_mean          | 1.19e+03    |
|    ep_rew_mean          | 1e+04       |
| time/                   |             |
|    fps                  | 968         |
|    iterations           | 421         |
|    time_elapsed         | 42745       |
|    total_timesteps      | 41385984    |
| train/                  |             |
|    approx_kl            | 0.019521536 |
|    clip_fraction        | 0.318       |
|    clip_range           | 0.15        |
|    entropy_loss         | -66.7       |
|    explained_variance   | 0.771       |
|    learning_rate        | 0.0001      |
|    loss                 | -0.672      |
|    n_updates            | 6300        |
|    policy_gradient_loss | -0.0173     |
|    std                  | 15.6        |
|    value_loss           | 0.0166      |
-----------------------------------------
----------------------------------------
| rollout/                |            |
|    ep_len_mean          | 1.57e+03   |
|    ep_rew_mean          | 1.34e+04   |
| time/                   |            |
|    fps                  | 968        |
|    iterations           | 422        |
|    time_elapsed         | 42840      |
|    total_timesteps      | 41484288   |
| train/                  |            |
|    approx_kl            | 0.01898908 |
|    clip_fraction        | 0.316      |
|    clip_range           | 0.15       |
|    entropy_loss         | -66.8      |
|    explained_variance   | 0.808      |
|    learning_rate        | 0.0001     |
|    loss                 | -0.678     |
|    n_updates            | 6315       |
|    policy_gradient_loss | -0.0176    |
|    std                  | 15.8       |
|    value_loss           | 0.0143     |
----------------------------------------

------ Evaluating terrain: plain ------
Eval num_timesteps=41499336, episode_reward=17816.61 +/- 81.35
Episode length: 2000.00 +/- 0.00
-----------------------------------------
| eval/                   |             |
|    mean_ep_length       | 2e+03       |
|    mean_reward          | 1.78e+04    |
| time/                   |             |
|    total_timesteps      | 41499336    |
| train/                  |             |
|    approx_kl            | 0.018441036 |
|    clip_fraction        | 0.306       |
|    clip_range           | 0.15        |
|    entropy_loss         | -67         |
|    explained_variance   | 0.795       |
|    learning_rate        | 0.0001      |
|    loss                 | -0.683      |
|    n_updates            | 6330        |
|    policy_gradient_loss | -0.0172     |
|    std                  | 15.9        |
|    value_loss           | 0.0144      |
-----------------------------------------
Summary terrain plain: success: 0 / 10 (0.00 %)
    average progress: 0.00 %
    runs progress: [0.000, 0.000, 0.000, 0.000, 0.000, 0.000, 0.000, 0.000, 0.000, 0.000]
---------------------------------
| rollout/           |          |
|    ep_len_mean     | 1.05e+03 |
|    ep_rew_mean     | 8.78e+03 |
| time/              |          |
|    fps             | 967      |
|    iterations      | 423      |
|    time_elapsed    | 42958    |
|    total_timesteps | 41582592 |
---------------------------------
-----------------------------------------
| rollout/                |             |
|    ep_len_mean          | 1.24e+03    |
|    ep_rew_mean          | 1.05e+04    |
| time/                   |             |
|    fps                  | 968         |
|    iterations           | 424         |
|    time_elapsed         | 43054       |
|    total_timesteps      | 41680896    |
| train/                  |             |
|    approx_kl            | 0.018762438 |
|    clip_fraction        | 0.311       |
|    clip_range           | 0.15        |
|    entropy_loss         | -67.1       |
|    explained_variance   | 0.795       |
|    learning_rate        | 0.0001      |
|    loss                 | -0.679      |
|    n_updates            | 6345        |
|    policy_gradient_loss | -0.0178     |
|    std                  | 16          |
|    value_loss           | 0.0187      |
-----------------------------------------
-----------------------------------------
| rollout/                |             |
|    ep_len_mean          | 1.3e+03     |
|    ep_rew_mean          | 1.1e+04     |
| time/                   |             |
|    fps                  | 968         |
|    iterations           | 425         |
|    time_elapsed         | 43149       |
|    total_timesteps      | 41779200    |
| train/                  |             |
|    approx_kl            | 0.018738735 |
|    clip_fraction        | 0.311       |
|    clip_range           | 0.15        |
|    entropy_loss         | -67.2       |
|    explained_variance   | 0.814       |
|    learning_rate        | 0.0001      |
|    loss                 | -0.685      |
|    n_updates            | 6360        |
|    policy_gradient_loss | -0.0177     |
|    std                  | 16.1        |
|    value_loss           | 0.0183      |
-----------------------------------------
-----------------------------------------
| rollout/                |             |
|    ep_len_mean          | 1.55e+03    |
|    ep_rew_mean          | 1.31e+04    |
| time/                   |             |
|    fps                  | 968         |
|    iterations           | 426         |
|    time_elapsed         | 43241       |
|    total_timesteps      | 41877504    |
| train/                  |             |
|    approx_kl            | 0.018111883 |
|    clip_fraction        | 0.304       |
|    clip_range           | 0.15        |
|    entropy_loss         | -67.3       |
|    explained_variance   | 0.797       |
|    learning_rate        | 0.0001      |
|    loss                 | -0.689      |
|    n_updates            | 6375        |
|    policy_gradient_loss | -0.0175     |
|    std                  | 16.3        |
|    value_loss           | 0.0142      |
-----------------------------------------
-----------------------------------------
| rollout/                |             |
|    ep_len_mean          | 2.08e+03    |
|    ep_rew_mean          | 1.78e+04    |
| time/                   |             |
|    fps                  | 968         |
|    iterations           | 427         |
|    time_elapsed         | 43336       |
|    total_timesteps      | 41975808    |
| train/                  |             |
|    approx_kl            | 0.018386783 |
|    clip_fraction        | 0.308       |
|    clip_range           | 0.15        |
|    entropy_loss         | -67.4       |
|    explained_variance   | 0.782       |
|    learning_rate        | 0.0001      |
|    loss                 | -0.691      |
|    n_updates            | 6390        |
|    policy_gradient_loss | -0.0164     |
|    std                  | 16.4        |
|    value_loss           | 0.0119      |
-----------------------------------------

------ Evaluating terrain: plain ------
Eval num_timesteps=41999328, episode_reward=17724.69 +/- 90.13
Episode length: 2000.00 +/- 0.00
----------------------------------------
| eval/                   |            |
|    mean_ep_length       | 2e+03      |
|    mean_reward          | 1.77e+04   |
| time/                   |            |
|    total_timesteps      | 41999328   |
| train/                  |            |
|    approx_kl            | 0.01798781 |
|    clip_fraction        | 0.303      |
|    clip_range           | 0.15       |
|    entropy_loss         | -67.5      |
|    explained_variance   | 0.792      |
|    learning_rate        | 0.0001     |
|    loss                 | -0.696     |
|    n_updates            | 6405       |
|    policy_gradient_loss | -0.0167    |
|    std                  | 16.5       |
|    value_loss           | 0.00862    |
----------------------------------------
Summary terrain plain: success: 0 / 10 (0.00 %)
    average progress: 0.00 %
    runs progress: [0.000, 0.000, 0.000, 0.000, 0.000, 0.000, 0.000, 0.000, 0.000, 0.000]
---------------------------------
| rollout/           |          |
|    ep_len_mean     | 2.29e+03 |
|    ep_rew_mean     | 1.96e+04 |
| time/              |          |
|    fps             | 968      |
|    iterations      | 428      |
|    time_elapsed    | 43448    |
|    total_timesteps | 42074112 |
---------------------------------
-----------------------------------------
| rollout/                |             |
|    ep_len_mean          | 1.82e+03    |
|    ep_rew_mean          | 1.55e+04    |
| time/                   |             |
|    fps                  | 968         |
|    iterations           | 429         |
|    time_elapsed         | 43543       |
|    total_timesteps      | 42172416    |
| train/                  |             |
|    approx_kl            | 0.018338976 |
|    clip_fraction        | 0.31        |
|    clip_range           | 0.15        |
|    entropy_loss         | -67.7       |
|    explained_variance   | 0.822       |
|    learning_rate        | 0.0001      |
|    loss                 | -0.691      |
|    n_updates            | 6420        |
|    policy_gradient_loss | -0.0165     |
|    std                  | 16.7        |
|    value_loss           | 0.00823     |
-----------------------------------------
-----------------------------------------
| rollout/                |             |
|    ep_len_mean          | 1.67e+03    |
|    ep_rew_mean          | 1.42e+04    |
| time/                   |             |
|    fps                  | 968         |
|    iterations           | 430         |
|    time_elapsed         | 43639       |
|    total_timesteps      | 42270720    |
| train/                  |             |
|    approx_kl            | 0.017710082 |
|    clip_fraction        | 0.307       |
|    clip_range           | 0.15        |
|    entropy_loss         | -67.8       |
|    explained_variance   | 0.797       |
|    learning_rate        | 0.0001      |
|    loss                 | -0.696      |
|    n_updates            | 6435        |
|    policy_gradient_loss | -0.0166     |
|    std                  | 16.9        |
|    value_loss           | 0.0106      |
-----------------------------------------
-----------------------------------------
| rollout/                |             |
|    ep_len_mean          | 1.74e+03    |
|    ep_rew_mean          | 1.48e+04    |
| time/                   |             |
|    fps                  | 968         |
|    iterations           | 431         |
|    time_elapsed         | 43736       |
|    total_timesteps      | 42369024    |
| train/                  |             |
|    approx_kl            | 0.018145494 |
|    clip_fraction        | 0.308       |
|    clip_range           | 0.15        |
|    entropy_loss         | -68         |
|    explained_variance   | 0.785       |
|    learning_rate        | 0.0001      |
|    loss                 | -0.695      |
|    n_updates            | 6450        |
|    policy_gradient_loss | -0.0157     |
|    std                  | 17          |
|    value_loss           | 0.0118      |
-----------------------------------------
-----------------------------------------
| rollout/                |             |
|    ep_len_mean          | 1.81e+03    |
|    ep_rew_mean          | 1.54e+04    |
| time/                   |             |
|    fps                  | 968         |
|    iterations           | 432         |
|    time_elapsed         | 43831       |
|    total_timesteps      | 42467328    |
| train/                  |             |
|    approx_kl            | 0.018999385 |
|    clip_fraction        | 0.314       |
|    clip_range           | 0.15        |
|    entropy_loss         | -68.1       |
|    explained_variance   | 0.759       |
|    learning_rate        | 0.0001      |
|    loss                 | -0.692      |
|    n_updates            | 6465        |
|    policy_gradient_loss | -0.0169     |
|    std                  | 17.2        |
|    value_loss           | 0.014       |
-----------------------------------------

------ Evaluating terrain: plain ------
Eval num_timesteps=42499320, episode_reward=17952.98 +/- 139.10
Episode length: 2000.00 +/- 0.00
-----------------------------------------
| eval/                   |             |
|    mean_ep_length       | 2e+03       |
|    mean_reward          | 1.8e+04     |
| time/                   |             |
|    total_timesteps      | 42499320    |
| train/                  |             |
|    approx_kl            | 0.018618004 |
|    clip_fraction        | 0.31        |
|    clip_range           | 0.15        |
|    entropy_loss         | -68.2       |
|    explained_variance   | 0.756       |
|    learning_rate        | 0.0001      |
|    loss                 | -0.685      |
|    n_updates            | 6480        |
|    policy_gradient_loss | -0.0166     |
|    std                  | 17.3        |
|    value_loss           | 0.0147      |
-----------------------------------------
New best mean reward!
Summary terrain plain: success: 0 / 10 (0.00 %)
    average progress: 0.00 %
    runs progress: [0.000, 0.000, 0.000, 0.000, 0.000, 0.000, 0.000, 0.000, 0.000, 0.000]
---------------------------------
| rollout/           |          |
|    ep_len_mean     | 1.79e+03 |
|    ep_rew_mean     | 1.53e+04 |
| time/              |          |
|    fps             | 968      |
|    iterations      | 433      |
|    time_elapsed    | 43945    |
|    total_timesteps | 42565632 |
---------------------------------
-----------------------------------------
| rollout/                |             |
|    ep_len_mean          | 1.43e+03    |
|    ep_rew_mean          | 1.21e+04    |
| time/                   |             |
|    fps                  | 968         |
|    iterations           | 434         |
|    time_elapsed         | 44040       |
|    total_timesteps      | 42663936    |
| train/                  |             |
|    approx_kl            | 0.018567339 |
|    clip_fraction        | 0.313       |
|    clip_range           | 0.15        |
|    entropy_loss         | -68.3       |
|    explained_variance   | 0.772       |
|    learning_rate        | 0.0001      |
|    loss                 | -0.698      |
|    n_updates            | 6495        |
|    policy_gradient_loss | -0.0169     |
|    std                  | 17.4        |
|    value_loss           | 0.0139      |
-----------------------------------------
----------------------------------------
| rollout/                |            |
|    ep_len_mean          | 1.42e+03   |
|    ep_rew_mean          | 1.21e+04   |
| time/                   |            |
|    fps                  | 968        |
|    iterations           | 435        |
|    time_elapsed         | 44138      |
|    total_timesteps      | 42762240   |
| train/                  |            |
|    approx_kl            | 0.01799038 |
|    clip_fraction        | 0.308      |
|    clip_range           | 0.15       |
|    entropy_loss         | -68.5      |
|    explained_variance   | 0.778      |
|    learning_rate        | 0.0001     |
|    loss                 | -0.698     |
|    n_updates            | 6510       |
|    policy_gradient_loss | -0.0165    |
|    std                  | 17.6       |
|    value_loss           | 0.0137     |
----------------------------------------
-----------------------------------------
| rollout/                |             |
|    ep_len_mean          | 1.79e+03    |
|    ep_rew_mean          | 1.53e+04    |
| time/                   |             |
|    fps                  | 968         |
|    iterations           | 436         |
|    time_elapsed         | 44232       |
|    total_timesteps      | 42860544    |
| train/                  |             |
|    approx_kl            | 0.018952189 |
|    clip_fraction        | 0.314       |
|    clip_range           | 0.15        |
|    entropy_loss         | -68.6       |
|    explained_variance   | 0.794       |
|    learning_rate        | 0.0001      |
|    loss                 | -0.7        |
|    n_updates            | 6525        |
|    policy_gradient_loss | -0.0168     |
|    std                  | 17.8        |
|    value_loss           | 0.0143      |
-----------------------------------------
-----------------------------------------
| rollout/                |             |
|    ep_len_mean          | 1.88e+03    |
|    ep_rew_mean          | 1.61e+04    |
| time/                   |             |
|    fps                  | 969         |
|    iterations           | 437         |
|    time_elapsed         | 44324       |
|    total_timesteps      | 42958848    |
| train/                  |             |
|    approx_kl            | 0.018070707 |
|    clip_fraction        | 0.307       |
|    clip_range           | 0.15        |
|    entropy_loss         | -68.7       |
|    explained_variance   | 0.801       |
|    learning_rate        | 0.0001      |
|    loss                 | -0.699      |
|    n_updates            | 6540        |
|    policy_gradient_loss | -0.0171     |
|    std                  | 17.9        |
|    value_loss           | 0.0123      |
-----------------------------------------

------ Evaluating terrain: plain ------
Eval num_timesteps=42999312, episode_reward=17847.91 +/- 98.17
Episode length: 2000.00 +/- 0.00
-----------------------------------------
| eval/                   |             |
|    mean_ep_length       | 2e+03       |
|    mean_reward          | 1.78e+04    |
| time/                   |             |
|    total_timesteps      | 42999312    |
| train/                  |             |
|    approx_kl            | 0.018378725 |
|    clip_fraction        | 0.303       |
|    clip_range           | 0.15        |
|    entropy_loss         | -68.8       |
|    explained_variance   | 0.781       |
|    learning_rate        | 0.0001      |
|    loss                 | -0.7        |
|    n_updates            | 6555        |
|    policy_gradient_loss | -0.0165     |
|    std                  | 18.1        |
|    value_loss           | 0.0123      |
-----------------------------------------
Summary terrain plain: success: 0 / 10 (0.00 %)
    average progress: 0.00 %
    runs progress: [0.000, 0.000, 0.000, 0.000, 0.000, 0.000, 0.000, 0.000, 0.000, 0.000]
---------------------------------
| rollout/           |          |
|    ep_len_mean     | 1.65e+03 |
|    ep_rew_mean     | 1.41e+04 |
| time/              |          |
|    fps             | 968      |
|    iterations      | 438      |
|    time_elapsed    | 44437    |
|    total_timesteps | 43057152 |
---------------------------------
-----------------------------------------
| rollout/                |             |
|    ep_len_mean          | 1.62e+03    |
|    ep_rew_mean          | 1.38e+04    |
| time/                   |             |
|    fps                  | 968         |
|    iterations           | 439         |
|    time_elapsed         | 44536       |
|    total_timesteps      | 43155456    |
| train/                  |             |
|    approx_kl            | 0.018034598 |
|    clip_fraction        | 0.305       |
|    clip_range           | 0.15        |
|    entropy_loss         | -68.9       |
|    explained_variance   | 0.809       |
|    learning_rate        | 0.0001      |
|    loss                 | -0.701      |
|    n_updates            | 6570        |
|    policy_gradient_loss | -0.0164     |
|    std                  | 18.2        |
|    value_loss           | 0.012       |
-----------------------------------------
-----------------------------------------
| rollout/                |             |
|    ep_len_mean          | 1.46e+03    |
|    ep_rew_mean          | 1.24e+04    |
| time/                   |             |
|    fps                  | 969         |
|    iterations           | 440         |
|    time_elapsed         | 44632       |
|    total_timesteps      | 43253760    |
| train/                  |             |
|    approx_kl            | 0.018645423 |
|    clip_fraction        | 0.309       |
|    clip_range           | 0.15        |
|    entropy_loss         | -69         |
|    explained_variance   | 0.784       |
|    learning_rate        | 0.0001      |
|    loss                 | -0.709      |
|    n_updates            | 6585        |
|    policy_gradient_loss | -0.0167     |
|    std                  | 18.4        |
|    value_loss           | 0.0131      |
-----------------------------------------
-----------------------------------------
| rollout/                |             |
|    ep_len_mean          | 1.77e+03    |
|    ep_rew_mean          | 1.5e+04     |
| time/                   |             |
|    fps                  | 969         |
|    iterations           | 441         |
|    time_elapsed         | 44724       |
|    total_timesteps      | 43352064    |
| train/                  |             |
|    approx_kl            | 0.018408604 |
|    clip_fraction        | 0.312       |
|    clip_range           | 0.15        |
|    entropy_loss         | -69.2       |
|    explained_variance   | 0.809       |
|    learning_rate        | 0.0001      |
|    loss                 | -0.709      |
|    n_updates            | 6600        |
|    policy_gradient_loss | -0.0167     |
|    std                  | 18.5        |
|    value_loss           | 0.0127      |
-----------------------------------------
-----------------------------------------
| rollout/                |             |
|    ep_len_mean          | 1.6e+03     |
|    ep_rew_mean          | 1.36e+04    |
| time/                   |             |
|    fps                  | 969         |
|    iterations           | 442         |
|    time_elapsed         | 44821       |
|    total_timesteps      | 43450368    |
| train/                  |             |
|    approx_kl            | 0.018754994 |
|    clip_fraction        | 0.31        |
|    clip_range           | 0.15        |
|    entropy_loss         | -69.3       |
|    explained_variance   | 0.793       |
|    learning_rate        | 0.0001      |
|    loss                 | -0.702      |
|    n_updates            | 6615        |
|    policy_gradient_loss | -0.0166     |
|    std                  | 18.7        |
|    value_loss           | 0.00938     |
-----------------------------------------

------ Evaluating terrain: plain ------
Eval num_timesteps=43499304, episode_reward=17854.11 +/- 114.52
Episode length: 2000.00 +/- 0.00
-----------------------------------------
| eval/                   |             |
|    mean_ep_length       | 2e+03       |
|    mean_reward          | 1.79e+04    |
| time/                   |             |
|    total_timesteps      | 43499304    |
| train/                  |             |
|    approx_kl            | 0.018287195 |
|    clip_fraction        | 0.307       |
|    clip_range           | 0.15        |
|    entropy_loss         | -69.4       |
|    explained_variance   | 0.828       |
|    learning_rate        | 0.0001      |
|    loss                 | -0.701      |
|    n_updates            | 6630        |
|    policy_gradient_loss | -0.0169     |
|    std                  | 18.9        |
|    value_loss           | 0.0127      |
-----------------------------------------
Summary terrain plain: success: 0 / 10 (0.00 %)
    average progress: 0.00 %
    runs progress: [0.000, 0.000, 0.000, 0.000, 0.000, 0.000, 0.000, 0.000, 0.000, 0.000]
---------------------------------
| rollout/           |          |
|    ep_len_mean     | 1.6e+03  |
|    ep_rew_mean     | 1.36e+04 |
| time/              |          |
|    fps             | 969      |
|    iterations      | 443      |
|    time_elapsed    | 44932    |
|    total_timesteps | 43548672 |
---------------------------------
-----------------------------------------
| rollout/                |             |
|    ep_len_mean          | 1.93e+03    |
|    ep_rew_mean          | 1.65e+04    |
| time/                   |             |
|    fps                  | 969         |
|    iterations           | 444         |
|    time_elapsed         | 45026       |
|    total_timesteps      | 43646976    |
| train/                  |             |
|    approx_kl            | 0.019060602 |
|    clip_fraction        | 0.315       |
|    clip_range           | 0.15        |
|    entropy_loss         | -69.6       |
|    explained_variance   | 0.79        |
|    learning_rate        | 0.0001      |
|    loss                 | -0.709      |
|    n_updates            | 6645        |
|    policy_gradient_loss | -0.016      |
|    std                  | 19          |
|    value_loss           | 0.0121      |
-----------------------------------------
-----------------------------------------
| rollout/                |             |
|    ep_len_mean          | 2.1e+03     |
|    ep_rew_mean          | 1.8e+04     |
| time/                   |             |
|    fps                  | 969         |
|    iterations           | 445         |
|    time_elapsed         | 45121       |
|    total_timesteps      | 43745280    |
| train/                  |             |
|    approx_kl            | 0.017979959 |
|    clip_fraction        | 0.302       |
|    clip_range           | 0.15        |
|    entropy_loss         | -69.7       |
|    explained_variance   | 0.795       |
|    learning_rate        | 0.0001      |
|    loss                 | -0.707      |
|    n_updates            | 6660        |
|    policy_gradient_loss | -0.0154     |
|    std                  | 19.2        |
|    value_loss           | 0.00818     |
-----------------------------------------
-----------------------------------------
| rollout/                |             |
|    ep_len_mean          | 1.87e+03    |
|    ep_rew_mean          | 1.59e+04    |
| time/                   |             |
|    fps                  | 969         |
|    iterations           | 446         |
|    time_elapsed         | 45217       |
|    total_timesteps      | 43843584    |
| train/                  |             |
|    approx_kl            | 0.017981818 |
|    clip_fraction        | 0.308       |
|    clip_range           | 0.15        |
|    entropy_loss         | -69.9       |
|    explained_variance   | 0.797       |
|    learning_rate        | 0.0001      |
|    loss                 | -0.711      |
|    n_updates            | 6675        |
|    policy_gradient_loss | -0.0156     |
|    std                  | 19.4        |
|    value_loss           | 0.0104      |
-----------------------------------------
----------------------------------------
| rollout/                |            |
|    ep_len_mean          | 1.74e+03   |
|    ep_rew_mean          | 1.48e+04   |
| time/                   |            |
|    fps                  | 969        |
|    iterations           | 447        |
|    time_elapsed         | 45309      |
|    total_timesteps      | 43941888   |
| train/                  |            |
|    approx_kl            | 0.01839521 |
|    clip_fraction        | 0.305      |
|    clip_range           | 0.15       |
|    entropy_loss         | -70        |
|    explained_variance   | 0.774      |
|    learning_rate        | 0.0001     |
|    loss                 | -0.717     |
|    n_updates            | 6690       |
|    policy_gradient_loss | -0.0155    |
|    std                  | 19.6       |
|    value_loss           | 0.0119     |
----------------------------------------

------ Evaluating terrain: plain ------
Eval num_timesteps=43999296, episode_reward=17887.94 +/- 58.03
Episode length: 2000.00 +/- 0.00
-----------------------------------------
| eval/                   |             |
|    mean_ep_length       | 2e+03       |
|    mean_reward          | 1.79e+04    |
| time/                   |             |
|    total_timesteps      | 43999296    |
| train/                  |             |
|    approx_kl            | 0.018449698 |
|    clip_fraction        | 0.307       |
|    clip_range           | 0.15        |
|    entropy_loss         | -70.1       |
|    explained_variance   | 0.782       |
|    learning_rate        | 0.0001      |
|    loss                 | -0.716      |
|    n_updates            | 6705        |
|    policy_gradient_loss | -0.0161     |
|    std                  | 19.8        |
|    value_loss           | 0.00931     |
-----------------------------------------
Summary terrain plain: success: 0 / 10 (0.00 %)
    average progress: 0.00 %
    runs progress: [0.000, 0.000, 0.000, 0.000, 0.000, 0.000, 0.000, 0.000, 0.000, 0.000]
---------------------------------
| rollout/           |          |
|    ep_len_mean     | 2.09e+03 |
|    ep_rew_mean     | 1.79e+04 |
| time/              |          |
|    fps             | 969      |
|    iterations      | 448      |
|    time_elapsed    | 45415    |
|    total_timesteps | 44040192 |
---------------------------------
-----------------------------------------
| rollout/                |             |
|    ep_len_mean          | 2.6e+03     |
|    ep_rew_mean          | 2.24e+04    |
| time/                   |             |
|    fps                  | 969         |
|    iterations           | 449         |
|    time_elapsed         | 45508       |
|    total_timesteps      | 44138496    |
| train/                  |             |
|    approx_kl            | 0.017073475 |
|    clip_fraction        | 0.296       |
|    clip_range           | 0.15        |
|    entropy_loss         | -70.2       |
|    explained_variance   | 0.761       |
|    learning_rate        | 0.0001      |
|    loss                 | -0.713      |
|    n_updates            | 6720        |
|    policy_gradient_loss | -0.0152     |
|    std                  | 20          |
|    value_loss           | 0.00555     |
-----------------------------------------
----------------------------------------
| rollout/                |            |
|    ep_len_mean          | 2.37e+03   |
|    ep_rew_mean          | 2.04e+04   |
| time/                   |            |
|    fps                  | 970        |
|    iterations           | 450        |
|    time_elapsed         | 45600      |
|    total_timesteps      | 44236800   |
| train/                  |            |
|    approx_kl            | 0.01872381 |
|    clip_fraction        | 0.312      |
|    clip_range           | 0.15       |
|    entropy_loss         | -70.4      |
|    explained_variance   | 0.731      |
|    learning_rate        | 0.0001     |
|    loss                 | -0.709     |
|    n_updates            | 6735       |
|    policy_gradient_loss | -0.0157    |
|    std                  | 20.2       |
|    value_loss           | 0.01       |
----------------------------------------
-----------------------------------------
| rollout/                |             |
|    ep_len_mean          | 2.24e+03    |
|    ep_rew_mean          | 1.93e+04    |
| time/                   |             |
|    fps                  | 970         |
|    iterations           | 451         |
|    time_elapsed         | 45697       |
|    total_timesteps      | 44335104    |
| train/                  |             |
|    approx_kl            | 0.017535863 |
|    clip_fraction        | 0.31        |
|    clip_range           | 0.15        |
|    entropy_loss         | -70.5       |
|    explained_variance   | 0.797       |
|    learning_rate        | 0.0001      |
|    loss                 | -0.726      |
|    n_updates            | 6750        |
|    policy_gradient_loss | -0.0154     |
|    std                  | 20.4        |
|    value_loss           | 0.0086      |
-----------------------------------------
-----------------------------------------
| rollout/                |             |
|    ep_len_mean          | 1.64e+03    |
|    ep_rew_mean          | 1.4e+04     |
| time/                   |             |
|    fps                  | 970         |
|    iterations           | 452         |
|    time_elapsed         | 45794       |
|    total_timesteps      | 44433408    |
| train/                  |             |
|    approx_kl            | 0.017838644 |
|    clip_fraction        | 0.305       |
|    clip_range           | 0.15        |
|    entropy_loss         | -70.7       |
|    explained_variance   | 0.803       |
|    learning_rate        | 0.0001      |
|    loss                 | -0.73       |
|    n_updates            | 6765        |
|    policy_gradient_loss | -0.0162     |
|    std                  | 20.6        |
|    value_loss           | 0.0107      |
-----------------------------------------

------ Evaluating terrain: plain ------
Eval num_timesteps=44499288, episode_reward=17902.36 +/- 124.56
Episode length: 2000.00 +/- 0.00
-----------------------------------------
| eval/                   |             |
|    mean_ep_length       | 2e+03       |
|    mean_reward          | 1.79e+04    |
| time/                   |             |
|    total_timesteps      | 44499288    |
| train/                  |             |
|    approx_kl            | 0.019163562 |
|    clip_fraction        | 0.31        |
|    clip_range           | 0.15        |
|    entropy_loss         | -70.8       |
|    explained_variance   | 0.824       |
|    learning_rate        | 0.0001      |
|    loss                 | -0.725      |
|    n_updates            | 6780        |
|    policy_gradient_loss | -0.017      |
|    std                  | 20.8        |
|    value_loss           | 0.0144      |
-----------------------------------------
Summary terrain plain: success: 0 / 10 (0.00 %)
    average progress: 0.00 %
    runs progress: [0.000, 0.000, 0.000, 0.000, 0.000, 0.000, 0.000, 0.000, 0.000, 0.000]
---------------------------------
| rollout/           |          |
|    ep_len_mean     | 1.58e+03 |
|    ep_rew_mean     | 1.35e+04 |
| time/              |          |
|    fps             | 970      |
|    iterations      | 453      |
|    time_elapsed    | 45906    |
|    total_timesteps | 44531712 |
---------------------------------
-----------------------------------------
| rollout/                |             |
|    ep_len_mean          | 1.79e+03    |
|    ep_rew_mean          | 1.53e+04    |
| time/                   |             |
|    fps                  | 970         |
|    iterations           | 454         |
|    time_elapsed         | 46000       |
|    total_timesteps      | 44630016    |
| train/                  |             |
|    approx_kl            | 0.018657567 |
|    clip_fraction        | 0.31        |
|    clip_range           | 0.15        |
|    entropy_loss         | -70.9       |
|    explained_variance   | 0.795       |
|    learning_rate        | 0.0001      |
|    loss                 | -0.729      |
|    n_updates            | 6795        |
|    policy_gradient_loss | -0.0168     |
|    std                  | 20.9        |
|    value_loss           | 0.0133      |
-----------------------------------------
-----------------------------------------
| rollout/                |             |
|    ep_len_mean          | 1.6e+03     |
|    ep_rew_mean          | 1.37e+04    |
| time/                   |             |
|    fps                  | 970         |
|    iterations           | 455         |
|    time_elapsed         | 46096       |
|    total_timesteps      | 44728320    |
| train/                  |             |
|    approx_kl            | 0.018726924 |
|    clip_fraction        | 0.307       |
|    clip_range           | 0.15        |
|    entropy_loss         | -71         |
|    explained_variance   | 0.781       |
|    learning_rate        | 0.0001      |
|    loss                 | -0.721      |
|    n_updates            | 6810        |
|    policy_gradient_loss | -0.0174     |
|    std                  | 21.1        |
|    value_loss           | 0.0143      |
-----------------------------------------
-----------------------------------------
| rollout/                |             |
|    ep_len_mean          | 1.44e+03    |
|    ep_rew_mean          | 1.23e+04    |
| time/                   |             |
|    fps                  | 970         |
|    iterations           | 456         |
|    time_elapsed         | 46190       |
|    total_timesteps      | 44826624    |
| train/                  |             |
|    approx_kl            | 0.018548857 |
|    clip_fraction        | 0.31        |
|    clip_range           | 0.15        |
|    entropy_loss         | -71.2       |
|    explained_variance   | 0.802       |
|    learning_rate        | 0.0001      |
|    loss                 | -0.717      |
|    n_updates            | 6825        |
|    policy_gradient_loss | -0.017      |
|    std                  | 21.3        |
|    value_loss           | 0.0153      |
-----------------------------------------
----------------------------------------
| rollout/                |            |
|    ep_len_mean          | 1.88e+03   |
|    ep_rew_mean          | 1.62e+04   |
| time/                   |            |
|    fps                  | 970        |
|    iterations           | 457        |
|    time_elapsed         | 46281      |
|    total_timesteps      | 44924928   |
| train/                  |            |
|    approx_kl            | 0.01863155 |
|    clip_fraction        | 0.31       |
|    clip_range           | 0.15       |
|    entropy_loss         | -71.3      |
|    explained_variance   | 0.773      |
|    learning_rate        | 0.0001     |
|    loss                 | -0.731     |
|    n_updates            | 6840       |
|    policy_gradient_loss | -0.0163    |
|    std                  | 21.5       |
|    value_loss           | 0.013      |
----------------------------------------

------ Evaluating terrain: plain ------
Eval num_timesteps=44999280, episode_reward=18008.35 +/- 80.20
Episode length: 2000.00 +/- 0.00
----------------------------------------
| eval/                   |            |
|    mean_ep_length       | 2e+03      |
|    mean_reward          | 1.8e+04    |
| time/                   |            |
|    total_timesteps      | 44999280   |
| train/                  |            |
|    approx_kl            | 0.01792091 |
|    clip_fraction        | 0.304      |
|    clip_range           | 0.15       |
|    entropy_loss         | -71.4      |
|    explained_variance   | 0.765      |
|    learning_rate        | 0.0001     |
|    loss                 | -0.726     |
|    n_updates            | 6855       |
|    policy_gradient_loss | -0.0163    |
|    std                  | 21.6       |
|    value_loss           | 0.0106     |
----------------------------------------
New best mean reward!
Summary terrain plain: success: 0 / 10 (0.00 %)
    average progress: 0.00 %
    runs progress: [0.000, 0.000, 0.000, 0.000, 0.000, 0.000, 0.000, 0.000, 0.000, 0.000]
---------------------------------
| rollout/           |          |
|    ep_len_mean     | 2.23e+03 |
|    ep_rew_mean     | 1.92e+04 |
| time/              |          |
|    fps             | 970      |
|    iterations      | 458      |
|    time_elapsed    | 46390    |
|    total_timesteps | 45023232 |
---------------------------------
-----------------------------------------
| rollout/                |             |
|    ep_len_mean          | 1.58e+03    |
|    ep_rew_mean          | 1.35e+04    |
| time/                   |             |
|    fps                  | 970         |
|    iterations           | 459         |
|    time_elapsed         | 46487       |
|    total_timesteps      | 45121536    |
| train/                  |             |
|    approx_kl            | 0.017312117 |
|    clip_fraction        | 0.298       |
|    clip_range           | 0.15        |
|    entropy_loss         | -71.5       |
|    explained_variance   | 0.756       |
|    learning_rate        | 0.0001      |
|    loss                 | -0.731      |
|    n_updates            | 6870        |
|    policy_gradient_loss | -0.0151     |
|    std                  | 21.8        |
|    value_loss           | 0.00774     |
-----------------------------------------
-----------------------------------------
| rollout/                |             |
|    ep_len_mean          | 1.53e+03    |
|    ep_rew_mean          | 1.31e+04    |
| time/                   |             |
|    fps                  | 970         |
|    iterations           | 460         |
|    time_elapsed         | 46581       |
|    total_timesteps      | 45219840    |
| train/                  |             |
|    approx_kl            | 0.017698597 |
|    clip_fraction        | 0.302       |
|    clip_range           | 0.15        |
|    entropy_loss         | -71.6       |
|    explained_variance   | 0.815       |
|    learning_rate        | 0.0001      |
|    loss                 | -0.732      |
|    n_updates            | 6885        |
|    policy_gradient_loss | -0.0169     |
|    std                  | 22          |
|    value_loss           | 0.0147      |
-----------------------------------------
-----------------------------------------
| rollout/                |             |
|    ep_len_mean          | 1.67e+03    |
|    ep_rew_mean          | 1.43e+04    |
| time/                   |             |
|    fps                  | 970         |
|    iterations           | 461         |
|    time_elapsed         | 46675       |
|    total_timesteps      | 45318144    |
| train/                  |             |
|    approx_kl            | 0.018154982 |
|    clip_fraction        | 0.301       |
|    clip_range           | 0.15        |
|    entropy_loss         | -71.8       |
|    explained_variance   | 0.807       |
|    learning_rate        | 0.0001      |
|    loss                 | -0.728      |
|    n_updates            | 6900        |
|    policy_gradient_loss | -0.0163     |
|    std                  | 22.2        |
|    value_loss           | 0.0117      |
-----------------------------------------
-----------------------------------------
| rollout/                |             |
|    ep_len_mean          | 1.74e+03    |
|    ep_rew_mean          | 1.49e+04    |
| time/                   |             |
|    fps                  | 971         |
|    iterations           | 462         |
|    time_elapsed         | 46770       |
|    total_timesteps      | 45416448    |
| train/                  |             |
|    approx_kl            | 0.018255675 |
|    clip_fraction        | 0.301       |
|    clip_range           | 0.15        |
|    entropy_loss         | -71.9       |
|    explained_variance   | 0.79        |
|    learning_rate        | 0.0001      |
|    loss                 | -0.733      |
|    n_updates            | 6915        |
|    policy_gradient_loss | -0.0166     |
|    std                  | 22.4        |
|    value_loss           | 0.0117      |
-----------------------------------------

------ Evaluating terrain: plain ------
Eval num_timesteps=45499272, episode_reward=18067.65 +/- 52.92
Episode length: 2000.00 +/- 0.00
-----------------------------------------
| eval/                   |             |
|    mean_ep_length       | 2e+03       |
|    mean_reward          | 1.81e+04    |
| time/                   |             |
|    total_timesteps      | 45499272    |
| train/                  |             |
|    approx_kl            | 0.018079089 |
|    clip_fraction        | 0.303       |
|    clip_range           | 0.15        |
|    entropy_loss         | -72         |
|    explained_variance   | 0.788       |
|    learning_rate        | 0.0001      |
|    loss                 | -0.733      |
|    n_updates            | 6930        |
|    policy_gradient_loss | -0.0163     |
|    std                  | 22.6        |
|    value_loss           | 0.011       |
-----------------------------------------
New best mean reward!
Summary terrain plain: success: 0 / 10 (0.00 %)
    average progress: 0.00 %
    runs progress: [0.000, 0.000, 0.000, 0.000, 0.000, 0.000, 0.000, 0.000, 0.000, 0.000]
---------------------------------
| rollout/           |          |
|    ep_len_mean     | 2.12e+03 |
|    ep_rew_mean     | 1.83e+04 |
| time/              |          |
|    fps             | 970      |
|    iterations      | 463      |
|    time_elapsed    | 46879    |
|    total_timesteps | 45514752 |
---------------------------------
-----------------------------------------
| rollout/                |             |
|    ep_len_mean          | 2.09e+03    |
|    ep_rew_mean          | 1.81e+04    |
| time/                   |             |
|    fps                  | 971         |
|    iterations           | 464         |
|    time_elapsed         | 46973       |
|    total_timesteps      | 45613056    |
| train/                  |             |
|    approx_kl            | 0.017070329 |
|    clip_fraction        | 0.296       |
|    clip_range           | 0.15        |
|    entropy_loss         | -72.1       |
|    explained_variance   | 0.817       |
|    learning_rate        | 0.0001      |
|    loss                 | -0.745      |
|    n_updates            | 6945        |
|    policy_gradient_loss | -0.0159     |
|    std                  | 22.8        |
|    value_loss           | 0.00769     |
-----------------------------------------
-----------------------------------------
| rollout/                |             |
|    ep_len_mean          | 1.66e+03    |
|    ep_rew_mean          | 1.43e+04    |
| time/                   |             |
|    fps                  | 971         |
|    iterations           | 465         |
|    time_elapsed         | 47067       |
|    total_timesteps      | 45711360    |
| train/                  |             |
|    approx_kl            | 0.018013157 |
|    clip_fraction        | 0.308       |
|    clip_range           | 0.15        |
|    entropy_loss         | -72.3       |
|    explained_variance   | 0.769       |
|    learning_rate        | 0.0001      |
|    loss                 | -0.741      |
|    n_updates            | 6960        |
|    policy_gradient_loss | -0.0155     |
|    std                  | 23          |
|    value_loss           | 0.0121      |
-----------------------------------------
-----------------------------------------
| rollout/                |             |
|    ep_len_mean          | 1.61e+03    |
|    ep_rew_mean          | 1.38e+04    |
| time/                   |             |
|    fps                  | 971         |
|    iterations           | 466         |
|    time_elapsed         | 47163       |
|    total_timesteps      | 45809664    |
| train/                  |             |
|    approx_kl            | 0.018455977 |
|    clip_fraction        | 0.306       |
|    clip_range           | 0.15        |
|    entropy_loss         | -72.4       |
|    explained_variance   | 0.789       |
|    learning_rate        | 0.0001      |
|    loss                 | -0.743      |
|    n_updates            | 6975        |
|    policy_gradient_loss | -0.0161     |
|    std                  | 23.2        |
|    value_loss           | 0.0133      |
-----------------------------------------
-----------------------------------------
| rollout/                |             |
|    ep_len_mean          | 1.18e+03    |
|    ep_rew_mean          | 1.01e+04    |
| time/                   |             |
|    fps                  | 971         |
|    iterations           | 467         |
|    time_elapsed         | 47261       |
|    total_timesteps      | 45907968    |
| train/                  |             |
|    approx_kl            | 0.018056696 |
|    clip_fraction        | 0.298       |
|    clip_range           | 0.15        |
|    entropy_loss         | -72.5       |
|    explained_variance   | 0.793       |
|    learning_rate        | 0.0001      |
|    loss                 | -0.725      |
|    n_updates            | 6990        |
|    policy_gradient_loss | -0.0165     |
|    std                  | 23.4        |
|    value_loss           | 0.0155      |
-----------------------------------------

------ Evaluating terrain: plain ------
Eval num_timesteps=45999264, episode_reward=18141.44 +/- 108.27
Episode length: 2000.00 +/- 0.00
-----------------------------------------
| eval/                   |             |
|    mean_ep_length       | 2e+03       |
|    mean_reward          | 1.81e+04    |
| time/                   |             |
|    total_timesteps      | 45999264    |
| train/                  |             |
|    approx_kl            | 0.018240578 |
|    clip_fraction        | 0.309       |
|    clip_range           | 0.15        |
|    entropy_loss         | -72.7       |
|    explained_variance   | 0.795       |
|    learning_rate        | 0.0001      |
|    loss                 | -0.742      |
|    n_updates            | 7005        |
|    policy_gradient_loss | -0.0165     |
|    std                  | 23.6        |
|    value_loss           | 0.0156      |
-----------------------------------------
New best mean reward!
Summary terrain plain: success: 0 / 10 (0.00 %)
    average progress: 0.00 %
    runs progress: [0.000, 0.000, 0.000, 0.000, 0.000, 0.000, 0.000, 0.000, 0.000, 0.000]
---------------------------------
| rollout/           |          |
|    ep_len_mean     | 1.35e+03 |
|    ep_rew_mean     | 1.16e+04 |
| time/              |          |
|    fps             | 971      |
|    iterations      | 468      |
|    time_elapsed    | 47375    |
|    total_timesteps | 46006272 |
---------------------------------
----------------------------------------
| rollout/                |            |
|    ep_len_mean          | 1.33e+03   |
|    ep_rew_mean          | 1.14e+04   |
| time/                   |            |
|    fps                  | 971        |
|    iterations           | 469        |
|    time_elapsed         | 47472      |
|    total_timesteps      | 46104576   |
| train/                  |            |
|    approx_kl            | 0.01853112 |
|    clip_fraction        | 0.306      |
|    clip_range           | 0.15       |
|    entropy_loss         | -72.8      |
|    explained_variance   | 0.779      |
|    learning_rate        | 0.0001     |
|    loss                 | -0.734     |
|    n_updates            | 7020       |
|    policy_gradient_loss | -0.0171    |
|    std                  | 23.8       |
|    value_loss           | 0.0175     |
----------------------------------------
----------------------------------------
| rollout/                |            |
|    ep_len_mean          | 1.45e+03   |
|    ep_rew_mean          | 1.25e+04   |
| time/                   |            |
|    fps                  | 971        |
|    iterations           | 470        |
|    time_elapsed         | 47572      |
|    total_timesteps      | 46202880   |
| train/                  |            |
|    approx_kl            | 0.01861119 |
|    clip_fraction        | 0.31       |
|    clip_range           | 0.15       |
|    entropy_loss         | -72.9      |
|    explained_variance   | 0.792      |
|    learning_rate        | 0.0001     |
|    loss                 | -0.731     |
|    n_updates            | 7035       |
|    policy_gradient_loss | -0.0164    |
|    std                  | 24         |
|    value_loss           | 0.0166     |
----------------------------------------
---------------------------------------
| rollout/                |           |
|    ep_len_mean          | 1.61e+03  |
|    ep_rew_mean          | 1.39e+04  |
| time/                   |           |
|    fps                  | 971       |
|    iterations           | 471       |
|    time_elapsed         | 47666     |
|    total_timesteps      | 46301184  |
| train/                  |           |
|    approx_kl            | 0.0187228 |
|    clip_fraction        | 0.309     |
|    clip_range           | 0.15      |
|    entropy_loss         | -73       |
|    explained_variance   | 0.779     |
|    learning_rate        | 0.0001    |
|    loss                 | -0.725    |
|    n_updates            | 7050      |
|    policy_gradient_loss | -0.0163   |
|    std                  | 24.2      |
|    value_loss           | 0.016     |
---------------------------------------
-----------------------------------------
| rollout/                |             |
|    ep_len_mean          | 1.67e+03    |
|    ep_rew_mean          | 1.44e+04    |
| time/                   |             |
|    fps                  | 971         |
|    iterations           | 472         |
|    time_elapsed         | 47758       |
|    total_timesteps      | 46399488    |
| train/                  |             |
|    approx_kl            | 0.018378414 |
|    clip_fraction        | 0.307       |
|    clip_range           | 0.15        |
|    entropy_loss         | -73.2       |
|    explained_variance   | 0.807       |
|    learning_rate        | 0.0001      |
|    loss                 | -0.757      |
|    n_updates            | 7065        |
|    policy_gradient_loss | -0.0164     |
|    std                  | 24.5        |
|    value_loss           | 0.0117      |
-----------------------------------------
-----------------------------------------
| rollout/                |             |
|    ep_len_mean          | 2.04e+03    |
|    ep_rew_mean          | 1.77e+04    |
| time/                   |             |
|    fps                  | 971         |
|    iterations           | 473         |
|    time_elapsed         | 47852       |
|    total_timesteps      | 46497792    |
| train/                  |             |
|    approx_kl            | 0.017921729 |
|    clip_fraction        | 0.301       |
|    clip_range           | 0.15        |
|    entropy_loss         | -73.3       |
|    explained_variance   | 0.767       |
|    learning_rate        | 0.0001      |
|    loss                 | -0.734      |
|    n_updates            | 7080        |
|    policy_gradient_loss | -0.0157     |
|    std                  | 24.7        |
|    value_loss           | 0.00948     |
-----------------------------------------

------ Evaluating terrain: plain ------
Eval num_timesteps=46499256, episode_reward=18199.42 +/- 79.59
Episode length: 2000.00 +/- 0.00
-----------------------------------------
| eval/                   |             |
|    mean_ep_length       | 2e+03       |
|    mean_reward          | 1.82e+04    |
| time/                   |             |
|    total_timesteps      | 46499256    |
| train/                  |             |
|    approx_kl            | 0.017964661 |
|    clip_fraction        | 0.302       |
|    clip_range           | 0.15        |
|    entropy_loss         | -73.4       |
|    explained_variance   | 0.802       |
|    learning_rate        | 0.0001      |
|    loss                 | -0.751      |
|    n_updates            | 7095        |
|    policy_gradient_loss | -0.0163     |
|    std                  | 24.9        |
|    value_loss           | 0.00917     |
-----------------------------------------
New best mean reward!
Summary terrain plain: success: 0 / 10 (0.00 %)
    average progress: 0.00 %
    runs progress: [0.000, 0.000, 0.000, 0.000, 0.000, 0.000, 0.000, 0.000, 0.000, 0.000]
---------------------------------
| rollout/           |          |
|    ep_len_mean     | 1.8e+03  |
|    ep_rew_mean     | 1.56e+04 |
| time/              |          |
|    fps             | 971      |
|    iterations      | 474      |
|    time_elapsed    | 47965    |
|    total_timesteps | 46596096 |
---------------------------------
-----------------------------------------
| rollout/                |             |
|    ep_len_mean          | 1.23e+03    |
|    ep_rew_mean          | 1.05e+04    |
| time/                   |             |
|    fps                  | 971         |
|    iterations           | 475         |
|    time_elapsed         | 48062       |
|    total_timesteps      | 46694400    |
| train/                  |             |
|    approx_kl            | 0.018539988 |
|    clip_fraction        | 0.306       |
|    clip_range           | 0.15        |
|    entropy_loss         | -73.5       |
|    explained_variance   | 0.79        |
|    learning_rate        | 0.0001      |
|    loss                 | -0.744      |
|    n_updates            | 7110        |
|    policy_gradient_loss | -0.0169     |
|    std                  | 25.1        |
|    value_loss           | 0.0153      |
-----------------------------------------
-----------------------------------------
| rollout/                |             |
|    ep_len_mean          | 1.25e+03    |
|    ep_rew_mean          | 1.07e+04    |
| time/                   |             |
|    fps                  | 971         |
|    iterations           | 476         |
|    time_elapsed         | 48158       |
|    total_timesteps      | 46792704    |
| train/                  |             |
|    approx_kl            | 0.018251553 |
|    clip_fraction        | 0.304       |
|    clip_range           | 0.15        |
|    entropy_loss         | -73.6       |
|    explained_variance   | 0.805       |
|    learning_rate        | 0.0001      |
|    loss                 | -0.748      |
|    n_updates            | 7125        |
|    policy_gradient_loss | -0.0171     |
|    std                  | 25.3        |
|    value_loss           | 0.0165      |
-----------------------------------------
-----------------------------------------
| rollout/                |             |
|    ep_len_mean          | 1.13e+03    |
|    ep_rew_mean          | 9.67e+03    |
| time/                   |             |
|    fps                  | 971         |
|    iterations           | 477         |
|    time_elapsed         | 48252       |
|    total_timesteps      | 46891008    |
| train/                  |             |
|    approx_kl            | 0.018380323 |
|    clip_fraction        | 0.302       |
|    clip_range           | 0.15        |
|    entropy_loss         | -73.8       |
|    explained_variance   | 0.816       |
|    learning_rate        | 0.0001      |
|    loss                 | -0.755      |
|    n_updates            | 7140        |
|    policy_gradient_loss | -0.0171     |
|    std                  | 25.5        |
|    value_loss           | 0.0174      |
-----------------------------------------
----------------------------------------
| rollout/                |            |
|    ep_len_mean          | 1.52e+03   |
|    ep_rew_mean          | 1.31e+04   |
| time/                   |            |
|    fps                  | 971        |
|    iterations           | 478        |
|    time_elapsed         | 48345      |
|    total_timesteps      | 46989312   |
| train/                  |            |
|    approx_kl            | 0.01865022 |
|    clip_fraction        | 0.309      |
|    clip_range           | 0.15       |
|    entropy_loss         | -73.9      |
|    explained_variance   | 0.787      |
|    learning_rate        | 0.0001     |
|    loss                 | -0.747     |
|    n_updates            | 7155       |
|    policy_gradient_loss | -0.0159    |
|    std                  | 25.8       |
|    value_loss           | 0.0144     |
----------------------------------------

------ Evaluating terrain: plain ------
Eval num_timesteps=46999248, episode_reward=18293.47 +/- 96.13
Episode length: 2000.00 +/- 0.00
-----------------------------------------
| eval/                   |             |
|    mean_ep_length       | 2e+03       |
|    mean_reward          | 1.83e+04    |
| time/                   |             |
|    total_timesteps      | 46999248    |
| train/                  |             |
|    approx_kl            | 0.018266702 |
|    clip_fraction        | 0.305       |
|    clip_range           | 0.15        |
|    entropy_loss         | -74         |
|    explained_variance   | 0.769       |
|    learning_rate        | 0.0001      |
|    loss                 | -0.753      |
|    n_updates            | 7170        |
|    policy_gradient_loss | -0.0168     |
|    std                  | 26          |
|    value_loss           | 0.0148      |
-----------------------------------------
New best mean reward!
Summary terrain plain: success: 0 / 10 (0.00 %)
    average progress: 0.00 %
    runs progress: [0.000, 0.000, 0.000, 0.000, 0.000, 0.000, 0.000, 0.000, 0.000, 0.000]
---------------------------------
| rollout/           |          |
|    ep_len_mean     | 1.56e+03 |
|    ep_rew_mean     | 1.35e+04 |
| time/              |          |
|    fps             | 971      |
|    iterations      | 479      |
|    time_elapsed    | 48457    |
|    total_timesteps | 47087616 |
---------------------------------
----------------------------------------
| rollout/                |            |
|    ep_len_mean          | 1.52e+03   |
|    ep_rew_mean          | 1.32e+04   |
| time/                   |            |
|    fps                  | 971        |
|    iterations           | 480        |
|    time_elapsed         | 48552      |
|    total_timesteps      | 47185920   |
| train/                  |            |
|    approx_kl            | 0.01883871 |
|    clip_fraction        | 0.313      |
|    clip_range           | 0.15       |
|    entropy_loss         | -74.1      |
|    explained_variance   | 0.784      |
|    learning_rate        | 0.0001     |
|    loss                 | -0.757     |
|    n_updates            | 7185       |
|    policy_gradient_loss | -0.0165    |
|    std                  | 26.2       |
|    value_loss           | 0.0156     |
----------------------------------------
-----------------------------------------
| rollout/                |             |
|    ep_len_mean          | 1.62e+03    |
|    ep_rew_mean          | 1.4e+04     |
| time/                   |             |
|    fps                  | 972         |
|    iterations           | 481         |
|    time_elapsed         | 48646       |
|    total_timesteps      | 47284224    |
| train/                  |             |
|    approx_kl            | 0.018511549 |
|    clip_fraction        | 0.307       |
|    clip_range           | 0.15        |
|    entropy_loss         | -74.2       |
|    explained_variance   | 0.758       |
|    learning_rate        | 0.0001      |
|    loss                 | -0.761      |
|    n_updates            | 7200        |
|    policy_gradient_loss | -0.0159     |
|    std                  | 26.4        |
|    value_loss           | 0.0126      |
-----------------------------------------
-----------------------------------------
| rollout/                |             |
|    ep_len_mean          | 1.52e+03    |
|    ep_rew_mean          | 1.31e+04    |
| time/                   |             |
|    fps                  | 972         |
|    iterations           | 482         |
|    time_elapsed         | 48743       |
|    total_timesteps      | 47382528    |
| train/                  |             |
|    approx_kl            | 0.018512659 |
|    clip_fraction        | 0.303       |
|    clip_range           | 0.15        |
|    entropy_loss         | -74.3       |
|    explained_variance   | 0.8         |
|    learning_rate        | 0.0001      |
|    loss                 | -0.756      |
|    n_updates            | 7215        |
|    policy_gradient_loss | -0.0173     |
|    std                  | 26.6        |
|    value_loss           | 0.0151      |
-----------------------------------------
-----------------------------------------
| rollout/                |             |
|    ep_len_mean          | 1.41e+03    |
|    ep_rew_mean          | 1.21e+04    |
| time/                   |             |
|    fps                  | 972         |
|    iterations           | 483         |
|    time_elapsed         | 48839       |
|    total_timesteps      | 47480832    |
| train/                  |             |
|    approx_kl            | 0.018481227 |
|    clip_fraction        | 0.303       |
|    clip_range           | 0.15        |
|    entropy_loss         | -74.5       |
|    explained_variance   | 0.786       |
|    learning_rate        | 0.0001      |
|    loss                 | -0.759      |
|    n_updates            | 7230        |
|    policy_gradient_loss | -0.0161     |
|    std                  | 26.8        |
|    value_loss           | 0.0146      |
-----------------------------------------

------ Evaluating terrain: plain ------
Eval num_timesteps=47499240, episode_reward=18358.77 +/- 68.54
Episode length: 2000.00 +/- 0.00
----------------------------------------
| eval/                   |            |
|    mean_ep_length       | 2e+03      |
|    mean_reward          | 1.84e+04   |
| time/                   |            |
|    total_timesteps      | 47499240   |
| train/                  |            |
|    approx_kl            | 0.01849355 |
|    clip_fraction        | 0.308      |
|    clip_range           | 0.15       |
|    entropy_loss         | -74.6      |
|    explained_variance   | 0.795      |
|    learning_rate        | 0.0001     |
|    loss                 | -0.756     |
|    n_updates            | 7245       |
|    policy_gradient_loss | -0.0171    |
|    std                  | 27         |
|    value_loss           | 0.0151     |
----------------------------------------
New best mean reward!
Summary terrain plain: success: 0 / 10 (0.00 %)
    average progress: 0.00 %
    runs progress: [0.000, 0.000, 0.000, 0.000, 0.000, 0.000, 0.000, 0.000, 0.000, 0.000]
---------------------------------
| rollout/           |          |
|    ep_len_mean     | 1.54e+03 |
|    ep_rew_mean     | 1.34e+04 |
| time/              |          |
|    fps             | 971      |
|    iterations      | 484      |
|    time_elapsed    | 48953    |
|    total_timesteps | 47579136 |
---------------------------------
-----------------------------------------
| rollout/                |             |
|    ep_len_mean          | 1.6e+03     |
|    ep_rew_mean          | 1.39e+04    |
| time/                   |             |
|    fps                  | 972         |
|    iterations           | 485         |
|    time_elapsed         | 49045       |
|    total_timesteps      | 47677440    |
| train/                  |             |
|    approx_kl            | 0.018233543 |
|    clip_fraction        | 0.303       |
|    clip_range           | 0.15        |
|    entropy_loss         | -74.7       |
|    explained_variance   | 0.832       |
|    learning_rate        | 0.0001      |
|    loss                 | -0.754      |
|    n_updates            | 7260        |
|    policy_gradient_loss | -0.0166     |
|    std                  | 27.3        |
|    value_loss           | 0.013       |
-----------------------------------------
-----------------------------------------
| rollout/                |             |
|    ep_len_mean          | 1.43e+03    |
|    ep_rew_mean          | 1.23e+04    |
| time/                   |             |
|    fps                  | 972         |
|    iterations           | 486         |
|    time_elapsed         | 49141       |
|    total_timesteps      | 47775744    |
| train/                  |             |
|    approx_kl            | 0.018402405 |
|    clip_fraction        | 0.302       |
|    clip_range           | 0.15        |
|    entropy_loss         | -74.8       |
|    explained_variance   | 0.793       |
|    learning_rate        | 0.0001      |
|    loss                 | -0.758      |
|    n_updates            | 7275        |
|    policy_gradient_loss | -0.0171     |
|    std                  | 27.5        |
|    value_loss           | 0.0144      |
-----------------------------------------
-----------------------------------------
| rollout/                |             |
|    ep_len_mean          | 1e+03       |
|    ep_rew_mean          | 8.52e+03    |
| time/                   |             |
|    fps                  | 972         |
|    iterations           | 487         |
|    time_elapsed         | 49240       |
|    total_timesteps      | 47874048    |
| train/                  |             |
|    approx_kl            | 0.018190803 |
|    clip_fraction        | 0.298       |
|    clip_range           | 0.15        |
|    entropy_loss         | -75         |
|    explained_variance   | 0.818       |
|    learning_rate        | 0.0001      |
|    loss                 | -0.766      |
|    n_updates            | 7290        |
|    policy_gradient_loss | -0.0167     |
|    std                  | 27.7        |
|    value_loss           | 0.0166      |
-----------------------------------------
-----------------------------------------
| rollout/                |             |
|    ep_len_mean          | 1.5e+03     |
|    ep_rew_mean          | 1.3e+04     |
| time/                   |             |
|    fps                  | 972         |
|    iterations           | 488         |
|    time_elapsed         | 49333       |
|    total_timesteps      | 47972352    |
| train/                  |             |
|    approx_kl            | 0.018621823 |
|    clip_fraction        | 0.302       |
|    clip_range           | 0.15        |
|    entropy_loss         | -75.1       |
|    explained_variance   | 0.776       |
|    learning_rate        | 0.0001      |
|    loss                 | -0.743      |
|    n_updates            | 7305        |
|    policy_gradient_loss | -0.0171     |
|    std                  | 28          |
|    value_loss           | 0.0199      |
-----------------------------------------

------ Evaluating terrain: plain ------
Eval num_timesteps=47999232, episode_reward=18310.07 +/- 46.30
Episode length: 2000.00 +/- 0.00
----------------------------------------
| eval/                   |            |
|    mean_ep_length       | 2e+03      |
|    mean_reward          | 1.83e+04   |
| time/                   |            |
|    total_timesteps      | 47999232   |
| train/                  |            |
|    approx_kl            | 0.01773209 |
|    clip_fraction        | 0.301      |
|    clip_range           | 0.15       |
|    entropy_loss         | -75.2      |
|    explained_variance   | 0.809      |
|    learning_rate        | 0.0001     |
|    loss                 | -0.748     |
|    n_updates            | 7320       |
|    policy_gradient_loss | -0.0166    |
|    std                  | 28.2       |
|    value_loss           | 0.0141     |
----------------------------------------
Summary terrain plain: success: 0 / 10 (0.00 %)
    average progress: 0.00 %
    runs progress: [0.000, 0.000, 0.000, 0.000, 0.000, 0.000, 0.000, 0.000, 0.000, 0.000]
---------------------------------
| rollout/           |          |
|    ep_len_mean     | 1.67e+03 |
|    ep_rew_mean     | 1.45e+04 |
| time/              |          |
|    fps             | 972      |
|    iterations      | 489      |
|    time_elapsed    | 49448    |
|    total_timesteps | 48070656 |
---------------------------------
-----------------------------------------
| rollout/                |             |
|    ep_len_mean          | 1.36e+03    |
|    ep_rew_mean          | 1.17e+04    |
| time/                   |             |
|    fps                  | 972         |
|    iterations           | 490         |
|    time_elapsed         | 49541       |
|    total_timesteps      | 48168960    |
| train/                  |             |
|    approx_kl            | 0.018911218 |
|    clip_fraction        | 0.301       |
|    clip_range           | 0.15        |
|    entropy_loss         | -75.3       |
|    explained_variance   | 0.803       |
|    learning_rate        | 0.0001      |
|    loss                 | -0.763      |
|    n_updates            | 7335        |
|    policy_gradient_loss | -0.0177     |
|    std                  | 28.4        |
|    value_loss           | 0.0167      |
-----------------------------------------
-----------------------------------------
| rollout/                |             |
|    ep_len_mean          | 1.68e+03    |
|    ep_rew_mean          | 1.46e+04    |
| time/                   |             |
|    fps                  | 972         |
|    iterations           | 491         |
|    time_elapsed         | 49637       |
|    total_timesteps      | 48267264    |
| train/                  |             |
|    approx_kl            | 0.017503545 |
|    clip_fraction        | 0.294       |
|    clip_range           | 0.15        |
|    entropy_loss         | -75.4       |
|    explained_variance   | 0.784       |
|    learning_rate        | 0.0001      |
|    loss                 | -0.768      |
|    n_updates            | 7350        |
|    policy_gradient_loss | -0.0164     |
|    std                  | 28.7        |
|    value_loss           | 0.0112      |
-----------------------------------------
-----------------------------------------
| rollout/                |             |
|    ep_len_mean          | 1.68e+03    |
|    ep_rew_mean          | 1.46e+04    |
| time/                   |             |
|    fps                  | 972         |
|    iterations           | 492         |
|    time_elapsed         | 49730       |
|    total_timesteps      | 48365568    |
| train/                  |             |
|    approx_kl            | 0.017944222 |
|    clip_fraction        | 0.3         |
|    clip_range           | 0.15        |
|    entropy_loss         | -75.5       |
|    explained_variance   | 0.778       |
|    learning_rate        | 0.0001      |
|    loss                 | -0.761      |
|    n_updates            | 7365        |
|    policy_gradient_loss | -0.0163     |
|    std                  | 28.9        |
|    value_loss           | 0.0146      |
-----------------------------------------
----------------------------------------
| rollout/                |            |
|    ep_len_mean          | 1.96e+03   |
|    ep_rew_mean          | 1.71e+04   |
| time/                   |            |
|    fps                  | 972        |
|    iterations           | 493        |
|    time_elapsed         | 49823      |
|    total_timesteps      | 48463872   |
| train/                  |            |
|    approx_kl            | 0.01793946 |
|    clip_fraction        | 0.294      |
|    clip_range           | 0.15       |
|    entropy_loss         | -75.6      |
|    explained_variance   | 0.803      |
|    learning_rate        | 0.0001     |
|    loss                 | -0.779     |
|    n_updates            | 7380       |
|    policy_gradient_loss | -0.016     |
|    std                  | 29.2       |
|    value_loss           | 0.0122     |
----------------------------------------

------ Evaluating terrain: plain ------
Eval num_timesteps=48499224, episode_reward=18188.53 +/- 32.10
Episode length: 2000.00 +/- 0.00
-----------------------------------------
| eval/                   |             |
|    mean_ep_length       | 2e+03       |
|    mean_reward          | 1.82e+04    |
| time/                   |             |
|    total_timesteps      | 48499224    |
| train/                  |             |
|    approx_kl            | 0.017805956 |
|    clip_fraction        | 0.297       |
|    clip_range           | 0.15        |
|    entropy_loss         | -75.8       |
|    explained_variance   | 0.804       |
|    learning_rate        | 0.0001      |
|    loss                 | -0.772      |
|    n_updates            | 7395        |
|    policy_gradient_loss | -0.0163     |
|    std                  | 29.5        |
|    value_loss           | 0.0113      |
-----------------------------------------
Summary terrain plain: success: 0 / 10 (0.00 %)
    average progress: 0.00 %
    runs progress: [0.000, 0.000, 0.000, 0.000, 0.000, 0.000, 0.000, 0.000, 0.000, 0.000]
---------------------------------
| rollout/           |          |
|    ep_len_mean     | 1.68e+03 |
|    ep_rew_mean     | 1.46e+04 |
| time/              |          |
|    fps             | 972      |
|    iterations      | 494      |
|    time_elapsed    | 49935    |
|    total_timesteps | 48562176 |
---------------------------------
-----------------------------------------
| rollout/                |             |
|    ep_len_mean          | 1.66e+03    |
|    ep_rew_mean          | 1.44e+04    |
| time/                   |             |
|    fps                  | 972         |
|    iterations           | 495         |
|    time_elapsed         | 50032       |
|    total_timesteps      | 48660480    |
| train/                  |             |
|    approx_kl            | 0.018275801 |
|    clip_fraction        | 0.301       |
|    clip_range           | 0.15        |
|    entropy_loss         | -75.9       |
|    explained_variance   | 0.763       |
|    learning_rate        | 0.0001      |
|    loss                 | -0.772      |
|    n_updates            | 7410        |
|    policy_gradient_loss | -0.0166     |
|    std                  | 29.7        |
|    value_loss           | 0.0135      |
-----------------------------------------
-----------------------------------------
| rollout/                |             |
|    ep_len_mean          | 1.63e+03    |
|    ep_rew_mean          | 1.41e+04    |
| time/                   |             |
|    fps                  | 972         |
|    iterations           | 496         |
|    time_elapsed         | 50126       |
|    total_timesteps      | 48758784    |
| train/                  |             |
|    approx_kl            | 0.018284334 |
|    clip_fraction        | 0.301       |
|    clip_range           | 0.15        |
|    entropy_loss         | -76         |
|    explained_variance   | 0.807       |
|    learning_rate        | 0.0001      |
|    loss                 | -0.785      |
|    n_updates            | 7425        |
|    policy_gradient_loss | -0.0169     |
|    std                  | 29.9        |
|    value_loss           | 0.0147      |
-----------------------------------------
-----------------------------------------
| rollout/                |             |
|    ep_len_mean          | 1.76e+03    |
|    ep_rew_mean          | 1.54e+04    |
| time/                   |             |
|    fps                  | 972         |
|    iterations           | 497         |
|    time_elapsed         | 50223       |
|    total_timesteps      | 48857088    |
| train/                  |             |
|    approx_kl            | 0.018448332 |
|    clip_fraction        | 0.305       |
|    clip_range           | 0.15        |
|    entropy_loss         | -76.2       |
|    explained_variance   | 0.772       |
|    learning_rate        | 0.0001      |
|    loss                 | -0.776      |
|    n_updates            | 7440        |
|    policy_gradient_loss | -0.0163     |
|    std                  | 30.2        |
|    value_loss           | 0.0133      |
-----------------------------------------
-----------------------------------------
| rollout/                |             |
|    ep_len_mean          | 1.58e+03    |
|    ep_rew_mean          | 1.37e+04    |
| time/                   |             |
|    fps                  | 972         |
|    iterations           | 498         |
|    time_elapsed         | 50317       |
|    total_timesteps      | 48955392    |
| train/                  |             |
|    approx_kl            | 0.017742207 |
|    clip_fraction        | 0.294       |
|    clip_range           | 0.15        |
|    entropy_loss         | -76.3       |
|    explained_variance   | 0.789       |
|    learning_rate        | 0.0001      |
|    loss                 | -0.775      |
|    n_updates            | 7455        |
|    policy_gradient_loss | -0.0167     |
|    std                  | 30.5        |
|    value_loss           | 0.0124      |
-----------------------------------------

------ Evaluating terrain: plain ------
Eval num_timesteps=48999216, episode_reward=18231.31 +/- 55.32
Episode length: 2000.00 +/- 0.00
-----------------------------------------
| eval/                   |             |
|    mean_ep_length       | 2e+03       |
|    mean_reward          | 1.82e+04    |
| time/                   |             |
|    total_timesteps      | 48999216    |
| train/                  |             |
|    approx_kl            | 0.017219862 |
|    clip_fraction        | 0.293       |
|    clip_range           | 0.15        |
|    entropy_loss         | -76.4       |
|    explained_variance   | 0.826       |
|    learning_rate        | 0.0001      |
|    loss                 | -0.775      |
|    n_updates            | 7470        |
|    policy_gradient_loss | -0.0163     |
|    std                  | 30.7        |
|    value_loss           | 0.0131      |
-----------------------------------------
Summary terrain plain: success: 0 / 10 (0.00 %)
    average progress: 0.00 %
    runs progress: [0.000, 0.000, 0.000, 0.000, 0.000, 0.000, 0.000, 0.000, 0.000, 0.000]
---------------------------------
| rollout/           |          |
|    ep_len_mean     | 1.68e+03 |
|    ep_rew_mean     | 1.46e+04 |
| time/              |          |
|    fps             | 972      |
|    iterations      | 499      |
|    time_elapsed    | 50428    |
|    total_timesteps | 49053696 |
---------------------------------
-----------------------------------------
| rollout/                |             |
|    ep_len_mean          | 2.01e+03    |
|    ep_rew_mean          | 1.75e+04    |
| time/                   |             |
|    fps                  | 972         |
|    iterations           | 500         |
|    time_elapsed         | 50522       |
|    total_timesteps      | 49152000    |
| train/                  |             |
|    approx_kl            | 0.018668089 |
|    clip_fraction        | 0.303       |
|    clip_range           | 0.15        |
|    entropy_loss         | -76.5       |
|    explained_variance   | 0.786       |
|    learning_rate        | 0.0001      |
|    loss                 | -0.783      |
|    n_updates            | 7485        |
|    policy_gradient_loss | -0.0165     |
|    std                  | 31          |
|    value_loss           | 0.0115      |
-----------------------------------------
-----------------------------------------
| rollout/                |             |
|    ep_len_mean          | 1.75e+03    |
|    ep_rew_mean          | 1.53e+04    |
| time/                   |             |
|    fps                  | 973         |
|    iterations           | 501         |
|    time_elapsed         | 50614       |
|    total_timesteps      | 49250304    |
| train/                  |             |
|    approx_kl            | 0.017640488 |
|    clip_fraction        | 0.299       |
|    clip_range           | 0.15        |
|    entropy_loss         | -76.7       |
|    explained_variance   | 0.787       |
|    learning_rate        | 0.0001      |
|    loss                 | -0.772      |
|    n_updates            | 7500        |
|    policy_gradient_loss | -0.0165     |
|    std                  | 31.3        |
|    value_loss           | 0.012       |
-----------------------------------------
-----------------------------------------
| rollout/                |             |
|    ep_len_mean          | 1.7e+03     |
|    ep_rew_mean          | 1.48e+04    |
| time/                   |             |
|    fps                  | 973         |
|    iterations           | 502         |
|    time_elapsed         | 50709       |
|    total_timesteps      | 49348608    |
| train/                  |             |
|    approx_kl            | 0.018289192 |
|    clip_fraction        | 0.298       |
|    clip_range           | 0.15        |
|    entropy_loss         | -76.8       |
|    explained_variance   | 0.773       |
|    learning_rate        | 0.0001      |
|    loss                 | -0.786      |
|    n_updates            | 7515        |
|    policy_gradient_loss | -0.0162     |
|    std                  | 31.5        |
|    value_loss           | 0.0115      |
-----------------------------------------
-----------------------------------------
| rollout/                |             |
|    ep_len_mean          | 1.95e+03    |
|    ep_rew_mean          | 1.7e+04     |
| time/                   |             |
|    fps                  | 973         |
|    iterations           | 503         |
|    time_elapsed         | 50804       |
|    total_timesteps      | 49446912    |
| train/                  |             |
|    approx_kl            | 0.017587582 |
|    clip_fraction        | 0.297       |
|    clip_range           | 0.15        |
|    entropy_loss         | -76.9       |
|    explained_variance   | 0.778       |
|    learning_rate        | 0.0001      |
|    loss                 | -0.78       |
|    n_updates            | 7530        |
|    policy_gradient_loss | -0.016      |
|    std                  | 31.8        |
|    value_loss           | 0.0117      |
-----------------------------------------

------ Evaluating terrain: plain ------
Eval num_timesteps=49499208, episode_reward=18253.49 +/- 75.32
Episode length: 2000.00 +/- 0.00
-----------------------------------------
| eval/                   |             |
|    mean_ep_length       | 2e+03       |
|    mean_reward          | 1.83e+04    |
| time/                   |             |
|    total_timesteps      | 49499208    |
| train/                  |             |
|    approx_kl            | 0.017459905 |
|    clip_fraction        | 0.299       |
|    clip_range           | 0.15        |
|    entropy_loss         | -77         |
|    explained_variance   | 0.83        |
|    learning_rate        | 0.0001      |
|    loss                 | -0.782      |
|    n_updates            | 7545        |
|    policy_gradient_loss | -0.016      |
|    std                  | 32.1        |
|    value_loss           | 0.0107      |
-----------------------------------------
Summary terrain plain: success: 0 / 10 (0.00 %)
    average progress: 0.00 %
    runs progress: [0.000, 0.000, 0.000, 0.000, 0.000, 0.000, 0.000, 0.000, 0.000, 0.000]
---------------------------------
| rollout/           |          |
|    ep_len_mean     | 1.91e+03 |
|    ep_rew_mean     | 1.67e+04 |
| time/              |          |
|    fps             | 973      |
|    iterations      | 504      |
|    time_elapsed    | 50914    |
|    total_timesteps | 49545216 |
---------------------------------
-----------------------------------------
| rollout/                |             |
|    ep_len_mean          | 1.88e+03    |
|    ep_rew_mean          | 1.64e+04    |
| time/                   |             |
|    fps                  | 973         |
|    iterations           | 505         |
|    time_elapsed         | 51008       |
|    total_timesteps      | 49643520    |
| train/                  |             |
|    approx_kl            | 0.017485715 |
|    clip_fraction        | 0.293       |
|    clip_range           | 0.15        |
|    entropy_loss         | -77.2       |
|    explained_variance   | 0.822       |
|    learning_rate        | 0.0001      |
|    loss                 | -0.789      |
|    n_updates            | 7560        |
|    policy_gradient_loss | -0.0157     |
|    std                  | 32.4        |
|    value_loss           | 0.00903     |
-----------------------------------------
----------------------------------------
| rollout/                |            |
|    ep_len_mean          | 1.84e+03   |
|    ep_rew_mean          | 1.61e+04   |
| time/                   |            |
|    fps                  | 973        |
|    iterations           | 506        |
|    time_elapsed         | 51104      |
|    total_timesteps      | 49741824   |
| train/                  |            |
|    approx_kl            | 0.01781231 |
|    clip_fraction        | 0.299      |
|    clip_range           | 0.15       |
|    entropy_loss         | -77.3      |
|    explained_variance   | 0.812      |
|    learning_rate        | 0.0001     |
|    loss                 | -0.783     |
|    n_updates            | 7575       |
|    policy_gradient_loss | -0.0157    |
|    std                  | 32.7       |
|    value_loss           | 0.0108     |
----------------------------------------
-----------------------------------------
| rollout/                |             |
|    ep_len_mean          | 1.62e+03    |
|    ep_rew_mean          | 1.41e+04    |
| time/                   |             |
|    fps                  | 973         |
|    iterations           | 507         |
|    time_elapsed         | 51197       |
|    total_timesteps      | 49840128    |
| train/                  |             |
|    approx_kl            | 0.017666258 |
|    clip_fraction        | 0.301       |
|    clip_range           | 0.15        |
|    entropy_loss         | -77.4       |
|    explained_variance   | 0.797       |
|    learning_rate        | 0.0001      |
|    loss                 | -0.788      |
|    n_updates            | 7590        |
|    policy_gradient_loss | -0.0152     |
|    std                  | 33          |
|    value_loss           | 0.0125      |
-----------------------------------------
----------------------------------------
| rollout/                |            |
|    ep_len_mean          | 1.88e+03   |
|    ep_rew_mean          | 1.64e+04   |
| time/                   |            |
|    fps                  | 973        |
|    iterations           | 508        |
|    time_elapsed         | 51292      |
|    total_timesteps      | 49938432   |
| train/                  |            |
|    approx_kl            | 0.01776503 |
|    clip_fraction        | 0.296      |
|    clip_range           | 0.15       |
|    entropy_loss         | -77.6      |
|    explained_variance   | 0.758      |
|    learning_rate        | 0.0001     |
|    loss                 | -0.793     |
|    n_updates            | 7605       |
|    policy_gradient_loss | -0.0161    |
|    std                  | 33.3       |
|    value_loss           | 0.0125     |
----------------------------------------

------ Evaluating terrain: plain ------
Eval num_timesteps=49999200, episode_reward=18340.97 +/- 68.48
Episode length: 2000.00 +/- 0.00
-----------------------------------------
| eval/                   |             |
|    mean_ep_length       | 2e+03       |
|    mean_reward          | 1.83e+04    |
| time/                   |             |
|    total_timesteps      | 49999200    |
| train/                  |             |
|    approx_kl            | 0.018724585 |
|    clip_fraction        | 0.304       |
|    clip_range           | 0.15        |
|    entropy_loss         | -77.7       |
|    explained_variance   | 0.747       |
|    learning_rate        | 0.0001      |
|    loss                 | -0.788      |
|    n_updates            | 7620        |
|    policy_gradient_loss | -0.0161     |
|    std                  | 33.6        |
|    value_loss           | 0.0141      |
-----------------------------------------
Summary terrain plain: success: 0 / 10 (0.00 %)
    average progress: 0.00 %
    runs progress: [0.000, 0.000, 0.000, 0.000, 0.000, 0.000, 0.000, 0.000, 0.000, 0.000]
---------------------------------
| rollout/           |          |
|    ep_len_mean     | 1.37e+03 |
|    ep_rew_mean     | 1.19e+04 |
| time/              |          |
|    fps             | 973      |
|    iterations      | 509      |
|    time_elapsed    | 51406    |
|    total_timesteps | 50036736 |
---------------------------------
