Using cpu device
---------------------------------
| rollout/           |          |
|    ep_len_mean     | 21.8     |
|    ep_rew_mean     | 97.9     |
| time/              |          |
|    fps             | 2296     |
|    iterations      | 1        |
|    time_elapsed    | 28       |
|    total_timesteps | 65536    |
---------------------------------
-----------------------------------------
| rollout/                |             |
|    ep_len_mean          | 21.8        |
|    ep_rew_mean          | 98.4        |
| time/                   |             |
|    fps                  | 1910        |
|    iterations           | 2           |
|    time_elapsed         | 68          |
|    total_timesteps      | 131072      |
| train/                  |             |
|    approx_kl            | 0.007956467 |
|    clip_fraction        | 0.164       |
|    clip_range           | 0.15        |
|    entropy_loss         | -24.2       |
|    explained_variance   | -0.486      |
|    learning_rate        | 0.0001      |
|    loss                 | -0.223      |
|    n_updates            | 15          |
|    policy_gradient_loss | -0.0146     |
|    std                  | 1           |
|    value_loss           | 0.119       |
-----------------------------------------
-----------------------------------------
| rollout/                |             |
|    ep_len_mean          | 24.1        |
|    ep_rew_mean          | 109         |
| time/                   |             |
|    fps                  | 1799        |
|    iterations           | 3           |
|    time_elapsed         | 109         |
|    total_timesteps      | 196608      |
| train/                  |             |
|    approx_kl            | 0.008140106 |
|    clip_fraction        | 0.18        |
|    clip_range           | 0.15        |
|    entropy_loss         | -24.2       |
|    explained_variance   | 0.665       |
|    learning_rate        | 0.0001      |
|    loss                 | -0.237      |
|    n_updates            | 30          |
|    policy_gradient_loss | -0.0198     |
|    std                  | 1.01        |
|    value_loss           | 0.0386      |
-----------------------------------------
-----------------------------------------
| rollout/                |             |
|    ep_len_mean          | 25.6        |
|    ep_rew_mean          | 116         |
| time/                   |             |
|    fps                  | 1752        |
|    iterations           | 4           |
|    time_elapsed         | 149         |
|    total_timesteps      | 262144      |
| train/                  |             |
|    approx_kl            | 0.010591481 |
|    clip_fraction        | 0.241       |
|    clip_range           | 0.15        |
|    entropy_loss         | -24.2       |
|    explained_variance   | 0.823       |
|    learning_rate        | 0.0001      |
|    loss                 | -0.211      |
|    n_updates            | 45          |
|    policy_gradient_loss | -0.0276     |
|    std                  | 1.01        |
|    value_loss           | 0.0665      |
-----------------------------------------
-----------------------------------------
| rollout/                |             |
|    ep_len_mean          | 30.7        |
|    ep_rew_mean          | 141         |
| time/                   |             |
|    fps                  | 1713        |
|    iterations           | 5           |
|    time_elapsed         | 191         |
|    total_timesteps      | 327680      |
| train/                  |             |
|    approx_kl            | 0.012234097 |
|    clip_fraction        | 0.273       |
|    clip_range           | 0.15        |
|    entropy_loss         | -24.3       |
|    explained_variance   | 0.839       |
|    learning_rate        | 0.0001      |
|    loss                 | -0.202      |
|    n_updates            | 60          |
|    policy_gradient_loss | -0.0313     |
|    std                  | 1.01        |
|    value_loss           | 0.103       |
-----------------------------------------
------------------------------------------
| rollout/                |              |
|    ep_len_mean          | 36.2         |
|    ep_rew_mean          | 166          |
| time/                   |              |
|    fps                  | 1686         |
|    iterations           | 6            |
|    time_elapsed         | 233          |
|    total_timesteps      | 393216       |
| train/                  |              |
|    approx_kl            | 0.0127236815 |
|    clip_fraction        | 0.285        |
|    clip_range           | 0.15         |
|    entropy_loss         | -24.3        |
|    explained_variance   | 0.841        |
|    learning_rate        | 0.0001       |
|    loss                 | -0.163       |
|    n_updates            | 75           |
|    policy_gradient_loss | -0.032       |
|    std                  | 1.01         |
|    value_loss           | 0.133        |
------------------------------------------
-----------------------------------------
| rollout/                |             |
|    ep_len_mean          | 40.9        |
|    ep_rew_mean          | 189         |
| time/                   |             |
|    fps                  | 1656        |
|    iterations           | 7           |
|    time_elapsed         | 276         |
|    total_timesteps      | 458752      |
| train/                  |             |
|    approx_kl            | 0.012416625 |
|    clip_fraction        | 0.28        |
|    clip_range           | 0.15        |
|    entropy_loss         | -24.3       |
|    explained_variance   | 0.849       |
|    learning_rate        | 0.0001      |
|    loss                 | -0.173      |
|    n_updates            | 90          |
|    policy_gradient_loss | -0.0314     |
|    std                  | 1.01        |
|    value_loss           | 0.132       |
-----------------------------------------
----------------------------------------
| rollout/                |            |
|    ep_len_mean          | 49.8       |
|    ep_rew_mean          | 230        |
| time/                   |            |
|    fps                  | 1643       |
|    iterations           | 8          |
|    time_elapsed         | 318        |
|    total_timesteps      | 524288     |
| train/                  |            |
|    approx_kl            | 0.01240431 |
|    clip_fraction        | 0.271      |
|    clip_range           | 0.15       |
|    entropy_loss         | -24.3      |
|    explained_variance   | 0.856      |
|    learning_rate        | 0.0001     |
|    loss                 | -0.14      |
|    n_updates            | 105        |
|    policy_gradient_loss | -0.0307    |
|    std                  | 1.01       |
|    value_loss           | 0.135      |
----------------------------------------
-----------------------------------------
| rollout/                |             |
|    ep_len_mean          | 56.7        |
|    ep_rew_mean          | 263         |
| time/                   |             |
|    fps                  | 1629        |
|    iterations           | 9           |
|    time_elapsed         | 361         |
|    total_timesteps      | 589824      |
| train/                  |             |
|    approx_kl            | 0.012240844 |
|    clip_fraction        | 0.267       |
|    clip_range           | 0.15        |
|    entropy_loss         | -24.3       |
|    explained_variance   | 0.877       |
|    learning_rate        | 0.0001      |
|    loss                 | -0.159      |
|    n_updates            | 120         |
|    policy_gradient_loss | -0.0299     |
|    std                  | 1.01        |
|    value_loss           | 0.116       |
-----------------------------------------
-----------------------------------------
| rollout/                |             |
|    ep_len_mean          | 60.4        |
|    ep_rew_mean          | 284         |
| time/                   |             |
|    fps                  | 1621        |
|    iterations           | 10          |
|    time_elapsed         | 404         |
|    total_timesteps      | 655360      |
| train/                  |             |
|    approx_kl            | 0.011380658 |
|    clip_fraction        | 0.254       |
|    clip_range           | 0.15        |
|    entropy_loss         | -24.3       |
|    explained_variance   | 0.897       |
|    learning_rate        | 0.0001      |
|    loss                 | -0.205      |
|    n_updates            | 135         |
|    policy_gradient_loss | -0.0289     |
|    std                  | 1.01        |
|    value_loss           | 0.0932      |
-----------------------------------------
-----------------------------------------
| rollout/                |             |
|    ep_len_mean          | 66.5        |
|    ep_rew_mean          | 317         |
| time/                   |             |
|    fps                  | 1608        |
|    iterations           | 11          |
|    time_elapsed         | 448         |
|    total_timesteps      | 720896      |
| train/                  |             |
|    approx_kl            | 0.011113664 |
|    clip_fraction        | 0.239       |
|    clip_range           | 0.15        |
|    entropy_loss         | -24.3       |
|    explained_variance   | 0.92        |
|    learning_rate        | 0.0001      |
|    loss                 | -0.217      |
|    n_updates            | 150         |
|    policy_gradient_loss | -0.0265     |
|    std                  | 1.01        |
|    value_loss           | 0.0721      |
-----------------------------------------
-----------------------------------------
| rollout/                |             |
|    ep_len_mean          | 68.6        |
|    ep_rew_mean          | 331         |
| time/                   |             |
|    fps                  | 1594        |
|    iterations           | 12          |
|    time_elapsed         | 493         |
|    total_timesteps      | 786432      |
| train/                  |             |
|    approx_kl            | 0.010745766 |
|    clip_fraction        | 0.229       |
|    clip_range           | 0.15        |
|    entropy_loss         | -24.3       |
|    explained_variance   | 0.936       |
|    learning_rate        | 0.0001      |
|    loss                 | -0.222      |
|    n_updates            | 165         |
|    policy_gradient_loss | -0.0253     |
|    std                  | 1.01        |
|    value_loss           | 0.0596      |
-----------------------------------------
-----------------------------------------
| rollout/                |             |
|    ep_len_mean          | 71.2        |
|    ep_rew_mean          | 342         |
| time/                   |             |
|    fps                  | 1585        |
|    iterations           | 13          |
|    time_elapsed         | 537         |
|    total_timesteps      | 851968      |
| train/                  |             |
|    approx_kl            | 0.010217378 |
|    clip_fraction        | 0.217       |
|    clip_range           | 0.15        |
|    entropy_loss         | -24.3       |
|    explained_variance   | 0.948       |
|    learning_rate        | 0.0001      |
|    loss                 | -0.221      |
|    n_updates            | 180         |
|    policy_gradient_loss | -0.024      |
|    std                  | 1.01        |
|    value_loss           | 0.0482      |
-----------------------------------------
-----------------------------------------
| rollout/                |             |
|    ep_len_mean          | 74.6        |
|    ep_rew_mean          | 356         |
| time/                   |             |
|    fps                  | 1577        |
|    iterations           | 14          |
|    time_elapsed         | 581         |
|    total_timesteps      | 917504      |
| train/                  |             |
|    approx_kl            | 0.010143878 |
|    clip_fraction        | 0.213       |
|    clip_range           | 0.15        |
|    entropy_loss         | -24.4       |
|    explained_variance   | 0.957       |
|    learning_rate        | 0.0001      |
|    loss                 | -0.241      |
|    n_updates            | 195         |
|    policy_gradient_loss | -0.0231     |
|    std                  | 1.02        |
|    value_loss           | 0.0408      |
-----------------------------------------
-----------------------------------------
| rollout/                |             |
|    ep_len_mean          | 73          |
|    ep_rew_mean          | 352         |
| time/                   |             |
|    fps                  | 1570        |
|    iterations           | 15          |
|    time_elapsed         | 625         |
|    total_timesteps      | 983040      |
| train/                  |             |
|    approx_kl            | 0.010434043 |
|    clip_fraction        | 0.213       |
|    clip_range           | 0.15        |
|    entropy_loss         | -24.4       |
|    explained_variance   | 0.961       |
|    learning_rate        | 0.0001      |
|    loss                 | -0.242      |
|    n_updates            | 210         |
|    policy_gradient_loss | -0.0234     |
|    std                  | 1.02        |
|    value_loss           | 0.036       |
-----------------------------------------
-----------------------------------------
| rollout/                |             |
|    ep_len_mean          | 74.8        |
|    ep_rew_mean          | 363         |
| time/                   |             |
|    fps                  | 1561        |
|    iterations           | 16          |
|    time_elapsed         | 671         |
|    total_timesteps      | 1048576     |
| train/                  |             |
|    approx_kl            | 0.010259394 |
|    clip_fraction        | 0.209       |
|    clip_range           | 0.15        |
|    entropy_loss         | -24.4       |
|    explained_variance   | 0.964       |
|    learning_rate        | 0.0001      |
|    loss                 | -0.259      |
|    n_updates            | 225         |
|    policy_gradient_loss | -0.0226     |
|    std                  | 1.02        |
|    value_loss           | 0.0329      |
-----------------------------------------
-----------------------------------------
| rollout/                |             |
|    ep_len_mean          | 77.9        |
|    ep_rew_mean          | 377         |
| time/                   |             |
|    fps                  | 1553        |
|    iterations           | 17          |
|    time_elapsed         | 717         |
|    total_timesteps      | 1114112     |
| train/                  |             |
|    approx_kl            | 0.010690909 |
|    clip_fraction        | 0.216       |
|    clip_range           | 0.15        |
|    entropy_loss         | -24.5       |
|    explained_variance   | 0.966       |
|    learning_rate        | 0.0001      |
|    loss                 | -0.249      |
|    n_updates            | 240         |
|    policy_gradient_loss | -0.0225     |
|    std                  | 1.02        |
|    value_loss           | 0.031       |
-----------------------------------------
----------------------------------------
| rollout/                |            |
|    ep_len_mean          | 83.6       |
|    ep_rew_mean          | 405        |
| time/                   |            |
|    fps                  | 1553       |
|    iterations           | 18         |
|    time_elapsed         | 759        |
|    total_timesteps      | 1179648    |
| train/                  |            |
|    approx_kl            | 0.01064655 |
|    clip_fraction        | 0.217      |
|    clip_range           | 0.15       |
|    entropy_loss         | -24.5      |
|    explained_variance   | 0.967      |
|    learning_rate        | 0.0001     |
|    loss                 | -0.247     |
|    n_updates            | 255        |
|    policy_gradient_loss | -0.0219    |
|    std                  | 1.02       |
|    value_loss           | 0.03       |
----------------------------------------
-----------------------------------------
| rollout/                |             |
|    ep_len_mean          | 80.8        |
|    ep_rew_mean          | 393         |
| time/                   |             |
|    fps                  | 1546        |
|    iterations           | 19          |
|    time_elapsed         | 804         |
|    total_timesteps      | 1245184     |
| train/                  |             |
|    approx_kl            | 0.010939125 |
|    clip_fraction        | 0.222       |
|    clip_range           | 0.15        |
|    entropy_loss         | -24.5       |
|    explained_variance   | 0.967       |
|    learning_rate        | 0.0001      |
|    loss                 | -0.265      |
|    n_updates            | 270         |
|    policy_gradient_loss | -0.0222     |
|    std                  | 1.03        |
|    value_loss           | 0.0295      |
-----------------------------------------
-----------------------------------------
| rollout/                |             |
|    ep_len_mean          | 78.4        |
|    ep_rew_mean          | 383         |
| time/                   |             |
|    fps                  | 1542        |
|    iterations           | 20          |
|    time_elapsed         | 849         |
|    total_timesteps      | 1310720     |
| train/                  |             |
|    approx_kl            | 0.010645796 |
|    clip_fraction        | 0.215       |
|    clip_range           | 0.15        |
|    entropy_loss         | -24.6       |
|    explained_variance   | 0.967       |
|    learning_rate        | 0.0001      |
|    loss                 | -0.26       |
|    n_updates            | 285         |
|    policy_gradient_loss | -0.0219     |
|    std                  | 1.03        |
|    value_loss           | 0.0281      |
-----------------------------------------
-----------------------------------------
| rollout/                |             |
|    ep_len_mean          | 85.4        |
|    ep_rew_mean          | 412         |
| time/                   |             |
|    fps                  | 1537        |
|    iterations           | 21          |
|    time_elapsed         | 894         |
|    total_timesteps      | 1376256     |
| train/                  |             |
|    approx_kl            | 0.010981434 |
|    clip_fraction        | 0.219       |
|    clip_range           | 0.15        |
|    entropy_loss         | -24.6       |
|    explained_variance   | 0.969       |
|    learning_rate        | 0.0001      |
|    loss                 | -0.25       |
|    n_updates            | 300         |
|    policy_gradient_loss | -0.0217     |
|    std                  | 1.03        |
|    value_loss           | 0.0272      |
-----------------------------------------
-----------------------------------------
| rollout/                |             |
|    ep_len_mean          | 80.8        |
|    ep_rew_mean          | 394         |
| time/                   |             |
|    fps                  | 1532        |
|    iterations           | 22          |
|    time_elapsed         | 940         |
|    total_timesteps      | 1441792     |
| train/                  |             |
|    approx_kl            | 0.010960799 |
|    clip_fraction        | 0.221       |
|    clip_range           | 0.15        |
|    entropy_loss         | -24.6       |
|    explained_variance   | 0.97        |
|    learning_rate        | 0.0001      |
|    loss                 | -0.251      |
|    n_updates            | 315         |
|    policy_gradient_loss | -0.0214     |
|    std                  | 1.03        |
|    value_loss           | 0.0257      |
-----------------------------------------
------------------------------------------
| rollout/                |              |
|    ep_len_mean          | 87.5         |
|    ep_rew_mean          | 429          |
| time/                   |              |
|    fps                  | 1528         |
|    iterations           | 23           |
|    time_elapsed         | 986          |
|    total_timesteps      | 1507328      |
| train/                  |              |
|    approx_kl            | 0.0111399535 |
|    clip_fraction        | 0.223        |
|    clip_range           | 0.15         |
|    entropy_loss         | -24.7        |
|    explained_variance   | 0.97         |
|    learning_rate        | 0.0001       |
|    loss                 | -0.261       |
|    n_updates            | 330          |
|    policy_gradient_loss | -0.0216      |
|    std                  | 1.04         |
|    value_loss           | 0.0252       |
------------------------------------------
-----------------------------------------
| rollout/                |             |
|    ep_len_mean          | 87.8        |
|    ep_rew_mean          | 427         |
| time/                   |             |
|    fps                  | 1526        |
|    iterations           | 24          |
|    time_elapsed         | 1030        |
|    total_timesteps      | 1572864     |
| train/                  |             |
|    approx_kl            | 0.011563934 |
|    clip_fraction        | 0.232       |
|    clip_range           | 0.15        |
|    entropy_loss         | -24.7       |
|    explained_variance   | 0.97        |
|    learning_rate        | 0.0001      |
|    loss                 | -0.253      |
|    n_updates            | 345         |
|    policy_gradient_loss | -0.0221     |
|    std                  | 1.04        |
|    value_loss           | 0.0246      |
-----------------------------------------
-----------------------------------------
| rollout/                |             |
|    ep_len_mean          | 88.5        |
|    ep_rew_mean          | 437         |
| time/                   |             |
|    fps                  | 1522        |
|    iterations           | 25          |
|    time_elapsed         | 1076        |
|    total_timesteps      | 1638400     |
| train/                  |             |
|    approx_kl            | 0.011285942 |
|    clip_fraction        | 0.228       |
|    clip_range           | 0.15        |
|    entropy_loss         | -24.8       |
|    explained_variance   | 0.971       |
|    learning_rate        | 0.0001      |
|    loss                 | -0.265      |
|    n_updates            | 360         |
|    policy_gradient_loss | -0.0216     |
|    std                  | 1.04        |
|    value_loss           | 0.0243      |
-----------------------------------------
-----------------------------------------
| rollout/                |             |
|    ep_len_mean          | 85.9        |
|    ep_rew_mean          | 417         |
| time/                   |             |
|    fps                  | 1521        |
|    iterations           | 26          |
|    time_elapsed         | 1120        |
|    total_timesteps      | 1703936     |
| train/                  |             |
|    approx_kl            | 0.011698633 |
|    clip_fraction        | 0.233       |
|    clip_range           | 0.15        |
|    entropy_loss         | -24.8       |
|    explained_variance   | 0.972       |
|    learning_rate        | 0.0001      |
|    loss                 | -0.26       |
|    n_updates            | 375         |
|    policy_gradient_loss | -0.0219     |
|    std                  | 1.04        |
|    value_loss           | 0.0231      |
-----------------------------------------
-----------------------------------------
| rollout/                |             |
|    ep_len_mean          | 94.7        |
|    ep_rew_mean          | 459         |
| time/                   |             |
|    fps                  | 1518        |
|    iterations           | 27          |
|    time_elapsed         | 1165        |
|    total_timesteps      | 1769472     |
| train/                  |             |
|    approx_kl            | 0.011600209 |
|    clip_fraction        | 0.23        |
|    clip_range           | 0.15        |
|    entropy_loss         | -24.8       |
|    explained_variance   | 0.972       |
|    learning_rate        | 0.0001      |
|    loss                 | -0.242      |
|    n_updates            | 390         |
|    policy_gradient_loss | -0.0218     |
|    std                  | 1.05        |
|    value_loss           | 0.0232      |
-----------------------------------------
-----------------------------------------
| rollout/                |             |
|    ep_len_mean          | 92.4        |
|    ep_rew_mean          | 452         |
| time/                   |             |
|    fps                  | 1517        |
|    iterations           | 28          |
|    time_elapsed         | 1209        |
|    total_timesteps      | 1835008     |
| train/                  |             |
|    approx_kl            | 0.011731252 |
|    clip_fraction        | 0.232       |
|    clip_range           | 0.15        |
|    entropy_loss         | -24.9       |
|    explained_variance   | 0.971       |
|    learning_rate        | 0.0001      |
|    loss                 | -0.246      |
|    n_updates            | 405         |
|    policy_gradient_loss | -0.0217     |
|    std                  | 1.05        |
|    value_loss           | 0.0237      |
-----------------------------------------
-----------------------------------------
| rollout/                |             |
|    ep_len_mean          | 95.6        |
|    ep_rew_mean          | 462         |
| time/                   |             |
|    fps                  | 1516        |
|    iterations           | 29          |
|    time_elapsed         | 1253        |
|    total_timesteps      | 1900544     |
| train/                  |             |
|    approx_kl            | 0.012084462 |
|    clip_fraction        | 0.239       |
|    clip_range           | 0.15        |
|    entropy_loss         | -24.9       |
|    explained_variance   | 0.972       |
|    learning_rate        | 0.0001      |
|    loss                 | -0.261      |
|    n_updates            | 420         |
|    policy_gradient_loss | -0.0222     |
|    std                  | 1.05        |
|    value_loss           | 0.0222      |
-----------------------------------------
-----------------------------------------
| rollout/                |             |
|    ep_len_mean          | 94.4        |
|    ep_rew_mean          | 464         |
| time/                   |             |
|    fps                  | 1515        |
|    iterations           | 30          |
|    time_elapsed         | 1297        |
|    total_timesteps      | 1966080     |
| train/                  |             |
|    approx_kl            | 0.011985835 |
|    clip_fraction        | 0.243       |
|    clip_range           | 0.15        |
|    entropy_loss         | -25         |
|    explained_variance   | 0.971       |
|    learning_rate        | 0.0001      |
|    loss                 | -0.256      |
|    n_updates            | 435         |
|    policy_gradient_loss | -0.0226     |
|    std                  | 1.05        |
|    value_loss           | 0.0232      |
-----------------------------------------
-----------------------------------------
| rollout/                |             |
|    ep_len_mean          | 96          |
|    ep_rew_mean          | 471         |
| time/                   |             |
|    fps                  | 1515        |
|    iterations           | 31          |
|    time_elapsed         | 1340        |
|    total_timesteps      | 2031616     |
| train/                  |             |
|    approx_kl            | 0.012294076 |
|    clip_fraction        | 0.243       |
|    clip_range           | 0.15        |
|    entropy_loss         | -25         |
|    explained_variance   | 0.972       |
|    learning_rate        | 0.0001      |
|    loss                 | -0.265      |
|    n_updates            | 450         |
|    policy_gradient_loss | -0.0226     |
|    std                  | 1.06        |
|    value_loss           | 0.0224      |
-----------------------------------------
-----------------------------------------
| rollout/                |             |
|    ep_len_mean          | 96.4        |
|    ep_rew_mean          | 475         |
| time/                   |             |
|    fps                  | 1510        |
|    iterations           | 32          |
|    time_elapsed         | 1388        |
|    total_timesteps      | 2097152     |
| train/                  |             |
|    approx_kl            | 0.012163255 |
|    clip_fraction        | 0.24        |
|    clip_range           | 0.15        |
|    entropy_loss         | -25         |
|    explained_variance   | 0.972       |
|    learning_rate        | 0.0001      |
|    loss                 | -0.262      |
|    n_updates            | 465         |
|    policy_gradient_loss | -0.0219     |
|    std                  | 1.06        |
|    value_loss           | 0.0216      |
-----------------------------------------
-----------------------------------------
| rollout/                |             |
|    ep_len_mean          | 98.2        |
|    ep_rew_mean          | 484         |
| time/                   |             |
|    fps                  | 1508        |
|    iterations           | 33          |
|    time_elapsed         | 1433        |
|    total_timesteps      | 2162688     |
| train/                  |             |
|    approx_kl            | 0.012817285 |
|    clip_fraction        | 0.25        |
|    clip_range           | 0.15        |
|    entropy_loss         | -25.1       |
|    explained_variance   | 0.972       |
|    learning_rate        | 0.0001      |
|    loss                 | -0.255      |
|    n_updates            | 480         |
|    policy_gradient_loss | -0.0228     |
|    std                  | 1.06        |
|    value_loss           | 0.0213      |
-----------------------------------------
-----------------------------------------
| rollout/                |             |
|    ep_len_mean          | 100         |
|    ep_rew_mean          | 496         |
| time/                   |             |
|    fps                  | 1507        |
|    iterations           | 34          |
|    time_elapsed         | 1478        |
|    total_timesteps      | 2228224     |
| train/                  |             |
|    approx_kl            | 0.012415437 |
|    clip_fraction        | 0.245       |
|    clip_range           | 0.15        |
|    entropy_loss         | -25.1       |
|    explained_variance   | 0.973       |
|    learning_rate        | 0.0001      |
|    loss                 | -0.253      |
|    n_updates            | 495         |
|    policy_gradient_loss | -0.0223     |
|    std                  | 1.06        |
|    value_loss           | 0.0211      |
-----------------------------------------
-----------------------------------------
| rollout/                |             |
|    ep_len_mean          | 102         |
|    ep_rew_mean          | 503         |
| time/                   |             |
|    fps                  | 1506        |
|    iterations           | 35          |
|    time_elapsed         | 1522        |
|    total_timesteps      | 2293760     |
| train/                  |             |
|    approx_kl            | 0.012472694 |
|    clip_fraction        | 0.25        |
|    clip_range           | 0.15        |
|    entropy_loss         | -25.2       |
|    explained_variance   | 0.973       |
|    learning_rate        | 0.0001      |
|    loss                 | -0.269      |
|    n_updates            | 510         |
|    policy_gradient_loss | -0.0229     |
|    std                  | 1.07        |
|    value_loss           | 0.0209      |
-----------------------------------------
-----------------------------------------
| rollout/                |             |
|    ep_len_mean          | 98.8        |
|    ep_rew_mean          | 491         |
| time/                   |             |
|    fps                  | 1507        |
|    iterations           | 36          |
|    time_elapsed         | 1564        |
|    total_timesteps      | 2359296     |
| train/                  |             |
|    approx_kl            | 0.012656533 |
|    clip_fraction        | 0.251       |
|    clip_range           | 0.15        |
|    entropy_loss         | -25.2       |
|    explained_variance   | 0.973       |
|    learning_rate        | 0.0001      |
|    loss                 | -0.256      |
|    n_updates            | 525         |
|    policy_gradient_loss | -0.0227     |
|    std                  | 1.07        |
|    value_loss           | 0.0202      |
-----------------------------------------
-----------------------------------------
| rollout/                |             |
|    ep_len_mean          | 103         |
|    ep_rew_mean          | 514         |
| time/                   |             |
|    fps                  | 1505        |
|    iterations           | 37          |
|    time_elapsed         | 1610        |
|    total_timesteps      | 2424832     |
| train/                  |             |
|    approx_kl            | 0.012767142 |
|    clip_fraction        | 0.252       |
|    clip_range           | 0.15        |
|    entropy_loss         | -25.2       |
|    explained_variance   | 0.972       |
|    learning_rate        | 0.0001      |
|    loss                 | -0.265      |
|    n_updates            | 540         |
|    policy_gradient_loss | -0.0224     |
|    std                  | 1.07        |
|    value_loss           | 0.0211      |
-----------------------------------------
-----------------------------------------
| rollout/                |             |
|    ep_len_mean          | 106         |
|    ep_rew_mean          | 535         |
| time/                   |             |
|    fps                  | 1504        |
|    iterations           | 38          |
|    time_elapsed         | 1654        |
|    total_timesteps      | 2490368     |
| train/                  |             |
|    approx_kl            | 0.013046729 |
|    clip_fraction        | 0.254       |
|    clip_range           | 0.15        |
|    entropy_loss         | -25.3       |
|    explained_variance   | 0.973       |
|    learning_rate        | 0.0001      |
|    loss                 | -0.276      |
|    n_updates            | 555         |
|    policy_gradient_loss | -0.0231     |
|    std                  | 1.07        |
|    value_loss           | 0.0198      |
-----------------------------------------
-----------------------------------------
| rollout/                |             |
|    ep_len_mean          | 110         |
|    ep_rew_mean          | 542         |
| time/                   |             |
|    fps                  | 1503        |
|    iterations           | 39          |
|    time_elapsed         | 1699        |
|    total_timesteps      | 2555904     |
| train/                  |             |
|    approx_kl            | 0.013327017 |
|    clip_fraction        | 0.256       |
|    clip_range           | 0.15        |
|    entropy_loss         | -25.3       |
|    explained_variance   | 0.973       |
|    learning_rate        | 0.0001      |
|    loss                 | -0.278      |
|    n_updates            | 570         |
|    policy_gradient_loss | -0.0232     |
|    std                  | 1.08        |
|    value_loss           | 0.0204      |
-----------------------------------------
-----------------------------------------
| rollout/                |             |
|    ep_len_mean          | 111         |
|    ep_rew_mean          | 547         |
| time/                   |             |
|    fps                  | 1502        |
|    iterations           | 40          |
|    time_elapsed         | 1744        |
|    total_timesteps      | 2621440     |
| train/                  |             |
|    approx_kl            | 0.013219506 |
|    clip_fraction        | 0.255       |
|    clip_range           | 0.15        |
|    entropy_loss         | -25.4       |
|    explained_variance   | 0.973       |
|    learning_rate        | 0.0001      |
|    loss                 | -0.262      |
|    n_updates            | 585         |
|    policy_gradient_loss | -0.023      |
|    std                  | 1.08        |
|    value_loss           | 0.0213      |
-----------------------------------------
----------------------------------------
| rollout/                |            |
|    ep_len_mean          | 112        |
|    ep_rew_mean          | 556        |
| time/                   |            |
|    fps                  | 1499       |
|    iterations           | 41         |
|    time_elapsed         | 1792       |
|    total_timesteps      | 2686976    |
| train/                  |            |
|    approx_kl            | 0.01344127 |
|    clip_fraction        | 0.263      |
|    clip_range           | 0.15       |
|    entropy_loss         | -25.4      |
|    explained_variance   | 0.973      |
|    learning_rate        | 0.0001     |
|    loss                 | -0.256     |
|    n_updates            | 600        |
|    policy_gradient_loss | -0.0238    |
|    std                  | 1.08       |
|    value_loss           | 0.0204     |
----------------------------------------
-----------------------------------------
| rollout/                |             |
|    ep_len_mean          | 112         |
|    ep_rew_mean          | 553         |
| time/                   |             |
|    fps                  | 1499        |
|    iterations           | 42          |
|    time_elapsed         | 1836        |
|    total_timesteps      | 2752512     |
| train/                  |             |
|    approx_kl            | 0.013148259 |
|    clip_fraction        | 0.256       |
|    clip_range           | 0.15        |
|    entropy_loss         | -25.4       |
|    explained_variance   | 0.972       |
|    learning_rate        | 0.0001      |
|    loss                 | -0.262      |
|    n_updates            | 615         |
|    policy_gradient_loss | -0.0227     |
|    std                  | 1.08        |
|    value_loss           | 0.0217      |
-----------------------------------------
-----------------------------------------
| rollout/                |             |
|    ep_len_mean          | 119         |
|    ep_rew_mean          | 591         |
| time/                   |             |
|    fps                  | 1499        |
|    iterations           | 43          |
|    time_elapsed         | 1879        |
|    total_timesteps      | 2818048     |
| train/                  |             |
|    approx_kl            | 0.013397504 |
|    clip_fraction        | 0.26        |
|    clip_range           | 0.15        |
|    entropy_loss         | -25.5       |
|    explained_variance   | 0.973       |
|    learning_rate        | 0.0001      |
|    loss                 | -0.258      |
|    n_updates            | 630         |
|    policy_gradient_loss | -0.0227     |
|    std                  | 1.09        |
|    value_loss           | 0.0205      |
-----------------------------------------
-----------------------------------------
| rollout/                |             |
|    ep_len_mean          | 114         |
|    ep_rew_mean          | 579         |
| time/                   |             |
|    fps                  | 1498        |
|    iterations           | 44          |
|    time_elapsed         | 1924        |
|    total_timesteps      | 2883584     |
| train/                  |             |
|    approx_kl            | 0.013576474 |
|    clip_fraction        | 0.265       |
|    clip_range           | 0.15        |
|    entropy_loss         | -25.5       |
|    explained_variance   | 0.972       |
|    learning_rate        | 0.0001      |
|    loss                 | -0.269      |
|    n_updates            | 645         |
|    policy_gradient_loss | -0.0232     |
|    std                  | 1.09        |
|    value_loss           | 0.0213      |
-----------------------------------------
----------------------------------------
| rollout/                |            |
|    ep_len_mean          | 119        |
|    ep_rew_mean          | 597        |
| time/                   |            |
|    fps                  | 1497       |
|    iterations           | 45         |
|    time_elapsed         | 1969       |
|    total_timesteps      | 2949120    |
| train/                  |            |
|    approx_kl            | 0.01359722 |
|    clip_fraction        | 0.263      |
|    clip_range           | 0.15       |
|    entropy_loss         | -25.6      |
|    explained_variance   | 0.972      |
|    learning_rate        | 0.0001     |
|    loss                 | -0.26      |
|    n_updates            | 660        |
|    policy_gradient_loss | -0.023     |
|    std                  | 1.09       |
|    value_loss           | 0.0219     |
----------------------------------------
-----------------------------------------
| rollout/                |             |
|    ep_len_mean          | 123         |
|    ep_rew_mean          | 615         |
| time/                   |             |
|    fps                  | 1495        |
|    iterations           | 46          |
|    time_elapsed         | 2015        |
|    total_timesteps      | 3014656     |
| train/                  |             |
|    approx_kl            | 0.013682179 |
|    clip_fraction        | 0.262       |
|    clip_range           | 0.15        |
|    entropy_loss         | -25.6       |
|    explained_variance   | 0.973       |
|    learning_rate        | 0.0001      |
|    loss                 | -0.267      |
|    n_updates            | 675         |
|    policy_gradient_loss | -0.0231     |
|    std                  | 1.1         |
|    value_loss           | 0.021       |
-----------------------------------------
-----------------------------------------
| rollout/                |             |
|    ep_len_mean          | 125         |
|    ep_rew_mean          | 636         |
| time/                   |             |
|    fps                  | 1495        |
|    iterations           | 47          |
|    time_elapsed         | 2059        |
|    total_timesteps      | 3080192     |
| train/                  |             |
|    approx_kl            | 0.014332218 |
|    clip_fraction        | 0.269       |
|    clip_range           | 0.15        |
|    entropy_loss         | -25.7       |
|    explained_variance   | 0.974       |
|    learning_rate        | 0.0001      |
|    loss                 | -0.26       |
|    n_updates            | 690         |
|    policy_gradient_loss | -0.0242     |
|    std                  | 1.1         |
|    value_loss           | 0.0198      |
-----------------------------------------
-----------------------------------------
| rollout/                |             |
|    ep_len_mean          | 118         |
|    ep_rew_mean          | 597         |
| time/                   |             |
|    fps                  | 1493        |
|    iterations           | 48          |
|    time_elapsed         | 2105        |
|    total_timesteps      | 3145728     |
| train/                  |             |
|    approx_kl            | 0.014019297 |
|    clip_fraction        | 0.269       |
|    clip_range           | 0.15        |
|    entropy_loss         | -25.7       |
|    explained_variance   | 0.974       |
|    learning_rate        | 0.0001      |
|    loss                 | -0.276      |
|    n_updates            | 705         |
|    policy_gradient_loss | -0.0232     |
|    std                  | 1.1         |
|    value_loss           | 0.02        |
-----------------------------------------
-----------------------------------------
| rollout/                |             |
|    ep_len_mean          | 124         |
|    ep_rew_mean          | 629         |
| time/                   |             |
|    fps                  | 1493        |
|    iterations           | 49          |
|    time_elapsed         | 2150        |
|    total_timesteps      | 3211264     |
| train/                  |             |
|    approx_kl            | 0.013968451 |
|    clip_fraction        | 0.267       |
|    clip_range           | 0.15        |
|    entropy_loss         | -25.8       |
|    explained_variance   | 0.973       |
|    learning_rate        | 0.0001      |
|    loss                 | -0.263      |
|    n_updates            | 720         |
|    policy_gradient_loss | -0.0226     |
|    std                  | 1.11        |
|    value_loss           | 0.0207      |
-----------------------------------------
-----------------------------------------
| rollout/                |             |
|    ep_len_mean          | 124         |
|    ep_rew_mean          | 626         |
| time/                   |             |
|    fps                  | 1493        |
|    iterations           | 50          |
|    time_elapsed         | 2194        |
|    total_timesteps      | 3276800     |
| train/                  |             |
|    approx_kl            | 0.013948834 |
|    clip_fraction        | 0.269       |
|    clip_range           | 0.15        |
|    entropy_loss         | -25.8       |
|    explained_variance   | 0.973       |
|    learning_rate        | 0.0001      |
|    loss                 | -0.263      |
|    n_updates            | 735         |
|    policy_gradient_loss | -0.0232     |
|    std                  | 1.11        |
|    value_loss           | 0.0204      |
-----------------------------------------
-----------------------------------------
| rollout/                |             |
|    ep_len_mean          | 127         |
|    ep_rew_mean          | 649         |
| time/                   |             |
|    fps                  | 1491        |
|    iterations           | 51          |
|    time_elapsed         | 2240        |
|    total_timesteps      | 3342336     |
| train/                  |             |
|    approx_kl            | 0.014687952 |
|    clip_fraction        | 0.276       |
|    clip_range           | 0.15        |
|    entropy_loss         | -25.8       |
|    explained_variance   | 0.973       |
|    learning_rate        | 0.0001      |
|    loss                 | -0.275      |
|    n_updates            | 750         |
|    policy_gradient_loss | -0.0239     |
|    std                  | 1.11        |
|    value_loss           | 0.0209      |
-----------------------------------------
-----------------------------------------
| rollout/                |             |
|    ep_len_mean          | 133         |
|    ep_rew_mean          | 672         |
| time/                   |             |
|    fps                  | 1490        |
|    iterations           | 52          |
|    time_elapsed         | 2286        |
|    total_timesteps      | 3407872     |
| train/                  |             |
|    approx_kl            | 0.014409613 |
|    clip_fraction        | 0.273       |
|    clip_range           | 0.15        |
|    entropy_loss         | -25.9       |
|    explained_variance   | 0.973       |
|    learning_rate        | 0.0001      |
|    loss                 | -0.278      |
|    n_updates            | 765         |
|    policy_gradient_loss | -0.0235     |
|    std                  | 1.11        |
|    value_loss           | 0.0208      |
-----------------------------------------
-----------------------------------------
| rollout/                |             |
|    ep_len_mean          | 125         |
|    ep_rew_mean          | 634         |
| time/                   |             |
|    fps                  | 1490        |
|    iterations           | 53          |
|    time_elapsed         | 2330        |
|    total_timesteps      | 3473408     |
| train/                  |             |
|    approx_kl            | 0.014546816 |
|    clip_fraction        | 0.275       |
|    clip_range           | 0.15        |
|    entropy_loss         | -25.9       |
|    explained_variance   | 0.972       |
|    learning_rate        | 0.0001      |
|    loss                 | -0.275      |
|    n_updates            | 780         |
|    policy_gradient_loss | -0.0232     |
|    std                  | 1.12        |
|    value_loss           | 0.0216      |
-----------------------------------------
-----------------------------------------
| rollout/                |             |
|    ep_len_mean          | 133         |
|    ep_rew_mean          | 680         |
| time/                   |             |
|    fps                  | 1489        |
|    iterations           | 54          |
|    time_elapsed         | 2376        |
|    total_timesteps      | 3538944     |
| train/                  |             |
|    approx_kl            | 0.014441626 |
|    clip_fraction        | 0.273       |
|    clip_range           | 0.15        |
|    entropy_loss         | -26         |
|    explained_variance   | 0.972       |
|    learning_rate        | 0.0001      |
|    loss                 | -0.264      |
|    n_updates            | 795         |
|    policy_gradient_loss | -0.0231     |
|    std                  | 1.12        |
|    value_loss           | 0.0213      |
-----------------------------------------
-----------------------------------------
| rollout/                |             |
|    ep_len_mean          | 138         |
|    ep_rew_mean          | 708         |
| time/                   |             |
|    fps                  | 1488        |
|    iterations           | 55          |
|    time_elapsed         | 2422        |
|    total_timesteps      | 3604480     |
| train/                  |             |
|    approx_kl            | 0.014653005 |
|    clip_fraction        | 0.276       |
|    clip_range           | 0.15        |
|    entropy_loss         | -26         |
|    explained_variance   | 0.972       |
|    learning_rate        | 0.0001      |
|    loss                 | -0.269      |
|    n_updates            | 810         |
|    policy_gradient_loss | -0.0236     |
|    std                  | 1.12        |
|    value_loss           | 0.0218      |
-----------------------------------------
-----------------------------------------
| rollout/                |             |
|    ep_len_mean          | 139         |
|    ep_rew_mean          | 709         |
| time/                   |             |
|    fps                  | 1487        |
|    iterations           | 56          |
|    time_elapsed         | 2466        |
|    total_timesteps      | 3670016     |
| train/                  |             |
|    approx_kl            | 0.014445039 |
|    clip_fraction        | 0.273       |
|    clip_range           | 0.15        |
|    entropy_loss         | -26         |
|    explained_variance   | 0.972       |
|    learning_rate        | 0.0001      |
|    loss                 | -0.268      |
|    n_updates            | 825         |
|    policy_gradient_loss | -0.0232     |
|    std                  | 1.12        |
|    value_loss           | 0.0217      |
-----------------------------------------
-----------------------------------------
| rollout/                |             |
|    ep_len_mean          | 130         |
|    ep_rew_mean          | 666         |
| time/                   |             |
|    fps                  | 1486        |
|    iterations           | 57          |
|    time_elapsed         | 2512        |
|    total_timesteps      | 3735552     |
| train/                  |             |
|    approx_kl            | 0.014687316 |
|    clip_fraction        | 0.276       |
|    clip_range           | 0.15        |
|    entropy_loss         | -26.1       |
|    explained_variance   | 0.972       |
|    learning_rate        | 0.0001      |
|    loss                 | -0.275      |
|    n_updates            | 840         |
|    policy_gradient_loss | -0.023      |
|    std                  | 1.13        |
|    value_loss           | 0.0211      |
-----------------------------------------
-----------------------------------------
| rollout/                |             |
|    ep_len_mean          | 143         |
|    ep_rew_mean          | 731         |
| time/                   |             |
|    fps                  | 1487        |
|    iterations           | 58          |
|    time_elapsed         | 2556        |
|    total_timesteps      | 3801088     |
| train/                  |             |
|    approx_kl            | 0.014611347 |
|    clip_fraction        | 0.277       |
|    clip_range           | 0.15        |
|    entropy_loss         | -26.1       |
|    explained_variance   | 0.972       |
|    learning_rate        | 0.0001      |
|    loss                 | -0.265      |
|    n_updates            | 855         |
|    policy_gradient_loss | -0.0236     |
|    std                  | 1.13        |
|    value_loss           | 0.0206      |
-----------------------------------------
-----------------------------------------
| rollout/                |             |
|    ep_len_mean          | 141         |
|    ep_rew_mean          | 732         |
| time/                   |             |
|    fps                  | 1485        |
|    iterations           | 59          |
|    time_elapsed         | 2602        |
|    total_timesteps      | 3866624     |
| train/                  |             |
|    approx_kl            | 0.014738133 |
|    clip_fraction        | 0.279       |
|    clip_range           | 0.15        |
|    entropy_loss         | -26.2       |
|    explained_variance   | 0.972       |
|    learning_rate        | 0.0001      |
|    loss                 | -0.279      |
|    n_updates            | 870         |
|    policy_gradient_loss | -0.0234     |
|    std                  | 1.13        |
|    value_loss           | 0.0206      |
-----------------------------------------
----------------------------------------
| rollout/                |            |
|    ep_len_mean          | 140        |
|    ep_rew_mean          | 724        |
| time/                   |            |
|    fps                  | 1485       |
|    iterations           | 60         |
|    time_elapsed         | 2647       |
|    total_timesteps      | 3932160    |
| train/                  |            |
|    approx_kl            | 0.01511951 |
|    clip_fraction        | 0.281      |
|    clip_range           | 0.15       |
|    entropy_loss         | -26.2      |
|    explained_variance   | 0.972      |
|    learning_rate        | 0.0001     |
|    loss                 | -0.272     |
|    n_updates            | 885        |
|    policy_gradient_loss | -0.0238    |
|    std                  | 1.14       |
|    value_loss           | 0.0207     |
----------------------------------------
-----------------------------------------
| rollout/                |             |
|    ep_len_mean          | 150         |
|    ep_rew_mean          | 779         |
| time/                   |             |
|    fps                  | 1485        |
|    iterations           | 61          |
|    time_elapsed         | 2691        |
|    total_timesteps      | 3997696     |
| train/                  |             |
|    approx_kl            | 0.015556396 |
|    clip_fraction        | 0.288       |
|    clip_range           | 0.15        |
|    entropy_loss         | -26.3       |
|    explained_variance   | 0.972       |
|    learning_rate        | 0.0001      |
|    loss                 | -0.277      |
|    n_updates            | 900         |
|    policy_gradient_loss | -0.0241     |
|    std                  | 1.14        |
|    value_loss           | 0.0211      |
-----------------------------------------
-----------------------------------------
| rollout/                |             |
|    ep_len_mean          | 148         |
|    ep_rew_mean          | 758         |
| time/                   |             |
|    fps                  | 1485        |
|    iterations           | 62          |
|    time_elapsed         | 2735        |
|    total_timesteps      | 4063232     |
| train/                  |             |
|    approx_kl            | 0.014723087 |
|    clip_fraction        | 0.28        |
|    clip_range           | 0.15        |
|    entropy_loss         | -26.3       |
|    explained_variance   | 0.971       |
|    learning_rate        | 0.0001      |
|    loss                 | -0.266      |
|    n_updates            | 915         |
|    policy_gradient_loss | -0.0234     |
|    std                  | 1.14        |
|    value_loss           | 0.0212      |
-----------------------------------------
-----------------------------------------
| rollout/                |             |
|    ep_len_mean          | 151         |
|    ep_rew_mean          | 779         |
| time/                   |             |
|    fps                  | 1484        |
|    iterations           | 63          |
|    time_elapsed         | 2780        |
|    total_timesteps      | 4128768     |
| train/                  |             |
|    approx_kl            | 0.015468964 |
|    clip_fraction        | 0.286       |
|    clip_range           | 0.15        |
|    entropy_loss         | -26.4       |
|    explained_variance   | 0.971       |
|    learning_rate        | 0.0001      |
|    loss                 | -0.275      |
|    n_updates            | 930         |
|    policy_gradient_loss | -0.0236     |
|    std                  | 1.15        |
|    value_loss           | 0.0215      |
-----------------------------------------
-----------------------------------------
| rollout/                |             |
|    ep_len_mean          | 156         |
|    ep_rew_mean          | 812         |
| time/                   |             |
|    fps                  | 1484        |
|    iterations           | 64          |
|    time_elapsed         | 2824        |
|    total_timesteps      | 4194304     |
| train/                  |             |
|    approx_kl            | 0.014932251 |
|    clip_fraction        | 0.284       |
|    clip_range           | 0.15        |
|    entropy_loss         | -26.4       |
|    explained_variance   | 0.971       |
|    learning_rate        | 0.0001      |
|    loss                 | -0.275      |
|    n_updates            | 945         |
|    policy_gradient_loss | -0.0237     |
|    std                  | 1.15        |
|    value_loss           | 0.022       |
-----------------------------------------
-----------------------------------------
| rollout/                |             |
|    ep_len_mean          | 145         |
|    ep_rew_mean          | 757         |
| time/                   |             |
|    fps                  | 1484        |
|    iterations           | 65          |
|    time_elapsed         | 2869        |
|    total_timesteps      | 4259840     |
| train/                  |             |
|    approx_kl            | 0.015782177 |
|    clip_fraction        | 0.288       |
|    clip_range           | 0.15        |
|    entropy_loss         | -26.5       |
|    explained_variance   | 0.97        |
|    learning_rate        | 0.0001      |
|    loss                 | -0.272      |
|    n_updates            | 960         |
|    policy_gradient_loss | -0.024      |
|    std                  | 1.15        |
|    value_loss           | 0.0224      |
-----------------------------------------
-----------------------------------------
| rollout/                |             |
|    ep_len_mean          | 151         |
|    ep_rew_mean          | 797         |
| time/                   |             |
|    fps                  | 1484        |
|    iterations           | 66          |
|    time_elapsed         | 2914        |
|    total_timesteps      | 4325376     |
| train/                  |             |
|    approx_kl            | 0.015506502 |
|    clip_fraction        | 0.289       |
|    clip_range           | 0.15        |
|    entropy_loss         | -26.5       |
|    explained_variance   | 0.971       |
|    learning_rate        | 0.0001      |
|    loss                 | -0.279      |
|    n_updates            | 975         |
|    policy_gradient_loss | -0.0235     |
|    std                  | 1.16        |
|    value_loss           | 0.0223      |
-----------------------------------------
-----------------------------------------
| rollout/                |             |
|    ep_len_mean          | 156         |
|    ep_rew_mean          | 821         |
| time/                   |             |
|    fps                  | 1483        |
|    iterations           | 67          |
|    time_elapsed         | 2960        |
|    total_timesteps      | 4390912     |
| train/                  |             |
|    approx_kl            | 0.015563037 |
|    clip_fraction        | 0.286       |
|    clip_range           | 0.15        |
|    entropy_loss         | -26.5       |
|    explained_variance   | 0.971       |
|    learning_rate        | 0.0001      |
|    loss                 | -0.282      |
|    n_updates            | 990         |
|    policy_gradient_loss | -0.0237     |
|    std                  | 1.16        |
|    value_loss           | 0.0218      |
-----------------------------------------
-----------------------------------------
| rollout/                |             |
|    ep_len_mean          | 153         |
|    ep_rew_mean          | 797         |
| time/                   |             |
|    fps                  | 1483        |
|    iterations           | 68          |
|    time_elapsed         | 3004        |
|    total_timesteps      | 4456448     |
| train/                  |             |
|    approx_kl            | 0.015578711 |
|    clip_fraction        | 0.287       |
|    clip_range           | 0.15        |
|    entropy_loss         | -26.6       |
|    explained_variance   | 0.969       |
|    learning_rate        | 0.0001      |
|    loss                 | -0.278      |
|    n_updates            | 1005        |
|    policy_gradient_loss | -0.0236     |
|    std                  | 1.16        |
|    value_loss           | 0.023       |
-----------------------------------------
----------------------------------------
| rollout/                |            |
|    ep_len_mean          | 161        |
|    ep_rew_mean          | 842        |
| time/                   |            |
|    fps                  | 1482       |
|    iterations           | 69         |
|    time_elapsed         | 3050       |
|    total_timesteps      | 4521984    |
| train/                  |            |
|    approx_kl            | 0.01564226 |
|    clip_fraction        | 0.287      |
|    clip_range           | 0.15       |
|    entropy_loss         | -26.6      |
|    explained_variance   | 0.97       |
|    learning_rate        | 0.0001     |
|    loss                 | -0.291     |
|    n_updates            | 1020       |
|    policy_gradient_loss | -0.0237    |
|    std                  | 1.17       |
|    value_loss           | 0.0223     |
----------------------------------------
-----------------------------------------
| rollout/                |             |
|    ep_len_mean          | 166         |
|    ep_rew_mean          | 878         |
| time/                   |             |
|    fps                  | 1481        |
|    iterations           | 70          |
|    time_elapsed         | 3096        |
|    total_timesteps      | 4587520     |
| train/                  |             |
|    approx_kl            | 0.015793942 |
|    clip_fraction        | 0.29        |
|    clip_range           | 0.15        |
|    entropy_loss         | -26.7       |
|    explained_variance   | 0.969       |
|    learning_rate        | 0.0001      |
|    loss                 | -0.272      |
|    n_updates            | 1035        |
|    policy_gradient_loss | -0.0239     |
|    std                  | 1.17        |
|    value_loss           | 0.0226      |
-----------------------------------------
-----------------------------------------
| rollout/                |             |
|    ep_len_mean          | 163         |
|    ep_rew_mean          | 859         |
| time/                   |             |
|    fps                  | 1481        |
|    iterations           | 71          |
|    time_elapsed         | 3141        |
|    total_timesteps      | 4653056     |
| train/                  |             |
|    approx_kl            | 0.015965493 |
|    clip_fraction        | 0.295       |
|    clip_range           | 0.15        |
|    entropy_loss         | -26.7       |
|    explained_variance   | 0.97        |
|    learning_rate        | 0.0001      |
|    loss                 | -0.27       |
|    n_updates            | 1050        |
|    policy_gradient_loss | -0.0244     |
|    std                  | 1.17        |
|    value_loss           | 0.022       |
-----------------------------------------
-----------------------------------------
| rollout/                |             |
|    ep_len_mean          | 166         |
|    ep_rew_mean          | 880         |
| time/                   |             |
|    fps                  | 1480        |
|    iterations           | 72          |
|    time_elapsed         | 3186        |
|    total_timesteps      | 4718592     |
| train/                  |             |
|    approx_kl            | 0.016029282 |
|    clip_fraction        | 0.294       |
|    clip_range           | 0.15        |
|    entropy_loss         | -26.8       |
|    explained_variance   | 0.969       |
|    learning_rate        | 0.0001      |
|    loss                 | -0.294      |
|    n_updates            | 1065        |
|    policy_gradient_loss | -0.0241     |
|    std                  | 1.17        |
|    value_loss           | 0.0222      |
-----------------------------------------
----------------------------------------
| rollout/                |            |
|    ep_len_mean          | 162        |
|    ep_rew_mean          | 858        |
| time/                   |            |
|    fps                  | 1479       |
|    iterations           | 73         |
|    time_elapsed         | 3232       |
|    total_timesteps      | 4784128    |
| train/                  |            |
|    approx_kl            | 0.01590811 |
|    clip_fraction        | 0.292      |
|    clip_range           | 0.15       |
|    entropy_loss         | -26.8      |
|    explained_variance   | 0.968      |
|    learning_rate        | 0.0001     |
|    loss                 | -0.279     |
|    n_updates            | 1080       |
|    policy_gradient_loss | -0.0241    |
|    std                  | 1.18       |
|    value_loss           | 0.023      |
----------------------------------------
----------------------------------------
| rollout/                |            |
|    ep_len_mean          | 185        |
|    ep_rew_mean          | 989        |
| time/                   |            |
|    fps                  | 1479       |
|    iterations           | 74         |
|    time_elapsed         | 3277       |
|    total_timesteps      | 4849664    |
| train/                  |            |
|    approx_kl            | 0.01645198 |
|    clip_fraction        | 0.299      |
|    clip_range           | 0.15       |
|    entropy_loss         | -26.9      |
|    explained_variance   | 0.969      |
|    learning_rate        | 0.0001     |
|    loss                 | -0.277     |
|    n_updates            | 1095       |
|    policy_gradient_loss | -0.0244    |
|    std                  | 1.18       |
|    value_loss           | 0.0222     |
----------------------------------------
-----------------------------------------
| rollout/                |             |
|    ep_len_mean          | 194         |
|    ep_rew_mean          | 1.03e+03    |
| time/                   |             |
|    fps                  | 1478        |
|    iterations           | 75          |
|    time_elapsed         | 3323        |
|    total_timesteps      | 4915200     |
| train/                  |             |
|    approx_kl            | 0.016044443 |
|    clip_fraction        | 0.295       |
|    clip_range           | 0.15        |
|    entropy_loss         | -26.9       |
|    explained_variance   | 0.968       |
|    learning_rate        | 0.0001      |
|    loss                 | -0.293      |
|    n_updates            | 1110        |
|    policy_gradient_loss | -0.0237     |
|    std                  | 1.19        |
|    value_loss           | 0.0231      |
-----------------------------------------
----------------------------------------
| rollout/                |            |
|    ep_len_mean          | 173        |
|    ep_rew_mean          | 914        |
| time/                   |            |
|    fps                  | 1479       |
|    iterations           | 76         |
|    time_elapsed         | 3366       |
|    total_timesteps      | 4980736    |
| train/                  |            |
|    approx_kl            | 0.01673539 |
|    clip_fraction        | 0.299      |
|    clip_range           | 0.15       |
|    entropy_loss         | -26.9      |
|    explained_variance   | 0.969      |
|    learning_rate        | 0.0001     |
|    loss                 | -0.28      |
|    n_updates            | 1125       |
|    policy_gradient_loss | -0.0244    |
|    std                  | 1.19       |
|    value_loss           | 0.0222     |
----------------------------------------
----------------------------------------
| rollout/                |            |
|    ep_len_mean          | 177        |
|    ep_rew_mean          | 937        |
| time/                   |            |
|    fps                  | 1479       |
|    iterations           | 77         |
|    time_elapsed         | 3411       |
|    total_timesteps      | 5046272    |
| train/                  |            |
|    approx_kl            | 0.01614974 |
|    clip_fraction        | 0.296      |
|    clip_range           | 0.15       |
|    entropy_loss         | -27        |
|    explained_variance   | 0.968      |
|    learning_rate        | 0.0001     |
|    loss                 | -0.287     |
|    n_updates            | 1140       |
|    policy_gradient_loss | -0.0243    |
|    std                  | 1.19       |
|    value_loss           | 0.0219     |
----------------------------------------
-----------------------------------------
| rollout/                |             |
|    ep_len_mean          | 178         |
|    ep_rew_mean          | 941         |
| time/                   |             |
|    fps                  | 1478        |
|    iterations           | 78          |
|    time_elapsed         | 3457        |
|    total_timesteps      | 5111808     |
| train/                  |             |
|    approx_kl            | 0.016141944 |
|    clip_fraction        | 0.297       |
|    clip_range           | 0.15        |
|    entropy_loss         | -27         |
|    explained_variance   | 0.969       |
|    learning_rate        | 0.0001      |
|    loss                 | -0.283      |
|    n_updates            | 1155        |
|    policy_gradient_loss | -0.0237     |
|    std                  | 1.2         |
|    value_loss           | 0.0214      |
-----------------------------------------
-----------------------------------------
| rollout/                |             |
|    ep_len_mean          | 193         |
|    ep_rew_mean          | 1.04e+03    |
| time/                   |             |
|    fps                  | 1478        |
|    iterations           | 79          |
|    time_elapsed         | 3501        |
|    total_timesteps      | 5177344     |
| train/                  |             |
|    approx_kl            | 0.016197458 |
|    clip_fraction        | 0.296       |
|    clip_range           | 0.15        |
|    entropy_loss         | -27.1       |
|    explained_variance   | 0.97        |
|    learning_rate        | 0.0001      |
|    loss                 | -0.269      |
|    n_updates            | 1170        |
|    policy_gradient_loss | -0.0242     |
|    std                  | 1.2         |
|    value_loss           | 0.0213      |
-----------------------------------------
-----------------------------------------
| rollout/                |             |
|    ep_len_mean          | 196         |
|    ep_rew_mean          | 1.06e+03    |
| time/                   |             |
|    fps                  | 1478        |
|    iterations           | 80          |
|    time_elapsed         | 3546        |
|    total_timesteps      | 5242880     |
| train/                  |             |
|    approx_kl            | 0.016726894 |
|    clip_fraction        | 0.301       |
|    clip_range           | 0.15        |
|    entropy_loss         | -27.1       |
|    explained_variance   | 0.966       |
|    learning_rate        | 0.0001      |
|    loss                 | -0.286      |
|    n_updates            | 1185        |
|    policy_gradient_loss | -0.0244     |
|    std                  | 1.2         |
|    value_loss           | 0.0231      |
-----------------------------------------
-----------------------------------------
| rollout/                |             |
|    ep_len_mean          | 197         |
|    ep_rew_mean          | 1.06e+03    |
| time/                   |             |
|    fps                  | 1476        |
|    iterations           | 81          |
|    time_elapsed         | 3594        |
|    total_timesteps      | 5308416     |
| train/                  |             |
|    approx_kl            | 0.016229698 |
|    clip_fraction        | 0.295       |
|    clip_range           | 0.15        |
|    entropy_loss         | -27.2       |
|    explained_variance   | 0.969       |
|    learning_rate        | 0.0001      |
|    loss                 | -0.281      |
|    n_updates            | 1200        |
|    policy_gradient_loss | -0.0234     |
|    std                  | 1.2         |
|    value_loss           | 0.022       |
-----------------------------------------
-----------------------------------------
| rollout/                |             |
|    ep_len_mean          | 203         |
|    ep_rew_mean          | 1.11e+03    |
| time/                   |             |
|    fps                  | 1476        |
|    iterations           | 82          |
|    time_elapsed         | 3639        |
|    total_timesteps      | 5373952     |
| train/                  |             |
|    approx_kl            | 0.016999511 |
|    clip_fraction        | 0.308       |
|    clip_range           | 0.15        |
|    entropy_loss         | -27.2       |
|    explained_variance   | 0.966       |
|    learning_rate        | 0.0001      |
|    loss                 | -0.295      |
|    n_updates            | 1215        |
|    policy_gradient_loss | -0.0248     |
|    std                  | 1.21        |
|    value_loss           | 0.0231      |
-----------------------------------------
-----------------------------------------
| rollout/                |             |
|    ep_len_mean          | 211         |
|    ep_rew_mean          | 1.14e+03    |
| time/                   |             |
|    fps                  | 1476        |
|    iterations           | 83          |
|    time_elapsed         | 3684        |
|    total_timesteps      | 5439488     |
| train/                  |             |
|    approx_kl            | 0.017250936 |
|    clip_fraction        | 0.311       |
|    clip_range           | 0.15        |
|    entropy_loss         | -27.3       |
|    explained_variance   | 0.964       |
|    learning_rate        | 0.0001      |
|    loss                 | -0.296      |
|    n_updates            | 1230        |
|    policy_gradient_loss | -0.0244     |
|    std                  | 1.21        |
|    value_loss           | 0.0236      |
-----------------------------------------
-----------------------------------------
| rollout/                |             |
|    ep_len_mean          | 186         |
|    ep_rew_mean          | 1e+03       |
| time/                   |             |
|    fps                  | 1476        |
|    iterations           | 84          |
|    time_elapsed         | 3728        |
|    total_timesteps      | 5505024     |
| train/                  |             |
|    approx_kl            | 0.016750896 |
|    clip_fraction        | 0.304       |
|    clip_range           | 0.15        |
|    entropy_loss         | -27.3       |
|    explained_variance   | 0.966       |
|    learning_rate        | 0.0001      |
|    loss                 | -0.297      |
|    n_updates            | 1245        |
|    policy_gradient_loss | -0.024      |
|    std                  | 1.22        |
|    value_loss           | 0.0231      |
-----------------------------------------
-----------------------------------------
| rollout/                |             |
|    ep_len_mean          | 194         |
|    ep_rew_mean          | 1.05e+03    |
| time/                   |             |
|    fps                  | 1476        |
|    iterations           | 85          |
|    time_elapsed         | 3772        |
|    total_timesteps      | 5570560     |
| train/                  |             |
|    approx_kl            | 0.016952548 |
|    clip_fraction        | 0.305       |
|    clip_range           | 0.15        |
|    entropy_loss         | -27.4       |
|    explained_variance   | 0.967       |
|    learning_rate        | 0.0001      |
|    loss                 | -0.277      |
|    n_updates            | 1260        |
|    policy_gradient_loss | -0.0241     |
|    std                  | 1.22        |
|    value_loss           | 0.0229      |
-----------------------------------------
-----------------------------------------
| rollout/                |             |
|    ep_len_mean          | 197         |
|    ep_rew_mean          | 1.07e+03    |
| time/                   |             |
|    fps                  | 1477        |
|    iterations           | 86          |
|    time_elapsed         | 3815        |
|    total_timesteps      | 5636096     |
| train/                  |             |
|    approx_kl            | 0.016838709 |
|    clip_fraction        | 0.306       |
|    clip_range           | 0.15        |
|    entropy_loss         | -27.4       |
|    explained_variance   | 0.966       |
|    learning_rate        | 0.0001      |
|    loss                 | -0.297      |
|    n_updates            | 1275        |
|    policy_gradient_loss | -0.0236     |
|    std                  | 1.22        |
|    value_loss           | 0.0232      |
-----------------------------------------
-----------------------------------------
| rollout/                |             |
|    ep_len_mean          | 206         |
|    ep_rew_mean          | 1.12e+03    |
| time/                   |             |
|    fps                  | 1476        |
|    iterations           | 87          |
|    time_elapsed         | 3860        |
|    total_timesteps      | 5701632     |
| train/                  |             |
|    approx_kl            | 0.016819477 |
|    clip_fraction        | 0.307       |
|    clip_range           | 0.15        |
|    entropy_loss         | -27.4       |
|    explained_variance   | 0.965       |
|    learning_rate        | 0.0001      |
|    loss                 | -0.289      |
|    n_updates            | 1290        |
|    policy_gradient_loss | -0.0241     |
|    std                  | 1.23        |
|    value_loss           | 0.0232      |
-----------------------------------------
-----------------------------------------
| rollout/                |             |
|    ep_len_mean          | 209         |
|    ep_rew_mean          | 1.14e+03    |
| time/                   |             |
|    fps                  | 1477        |
|    iterations           | 88          |
|    time_elapsed         | 3904        |
|    total_timesteps      | 5767168     |
| train/                  |             |
|    approx_kl            | 0.017121986 |
|    clip_fraction        | 0.308       |
|    clip_range           | 0.15        |
|    entropy_loss         | -27.5       |
|    explained_variance   | 0.963       |
|    learning_rate        | 0.0001      |
|    loss                 | -0.301      |
|    n_updates            | 1305        |
|    policy_gradient_loss | -0.0242     |
|    std                  | 1.23        |
|    value_loss           | 0.0237      |
-----------------------------------------
-----------------------------------------
| rollout/                |             |
|    ep_len_mean          | 228         |
|    ep_rew_mean          | 1.24e+03    |
| time/                   |             |
|    fps                  | 1476        |
|    iterations           | 89          |
|    time_elapsed         | 3951        |
|    total_timesteps      | 5832704     |
| train/                  |             |
|    approx_kl            | 0.017067563 |
|    clip_fraction        | 0.307       |
|    clip_range           | 0.15        |
|    entropy_loss         | -27.5       |
|    explained_variance   | 0.964       |
|    learning_rate        | 0.0001      |
|    loss                 | -0.277      |
|    n_updates            | 1320        |
|    policy_gradient_loss | -0.0239     |
|    std                  | 1.23        |
|    value_loss           | 0.0238      |
-----------------------------------------
-----------------------------------------
| rollout/                |             |
|    ep_len_mean          | 202         |
|    ep_rew_mean          | 1.11e+03    |
| time/                   |             |
|    fps                  | 1475        |
|    iterations           | 90          |
|    time_elapsed         | 3996        |
|    total_timesteps      | 5898240     |
| train/                  |             |
|    approx_kl            | 0.017400749 |
|    clip_fraction        | 0.31        |
|    clip_range           | 0.15        |
|    entropy_loss         | -27.6       |
|    explained_variance   | 0.965       |
|    learning_rate        | 0.0001      |
|    loss                 | -0.282      |
|    n_updates            | 1335        |
|    policy_gradient_loss | -0.024      |
|    std                  | 1.24        |
|    value_loss           | 0.0224      |
-----------------------------------------
-----------------------------------------
| rollout/                |             |
|    ep_len_mean          | 227         |
|    ep_rew_mean          | 1.25e+03    |
| time/                   |             |
|    fps                  | 1476        |
|    iterations           | 91          |
|    time_elapsed         | 4039        |
|    total_timesteps      | 5963776     |
| train/                  |             |
|    approx_kl            | 0.017315116 |
|    clip_fraction        | 0.309       |
|    clip_range           | 0.15        |
|    entropy_loss         | -27.6       |
|    explained_variance   | 0.963       |
|    learning_rate        | 0.0001      |
|    loss                 | -0.278      |
|    n_updates            | 1350        |
|    policy_gradient_loss | -0.0241     |
|    std                  | 1.24        |
|    value_loss           | 0.0232      |
-----------------------------------------
-----------------------------------------
| rollout/                |             |
|    ep_len_mean          | 224         |
|    ep_rew_mean          | 1.24e+03    |
| time/                   |             |
|    fps                  | 1477        |
|    iterations           | 92          |
|    time_elapsed         | 4081        |
|    total_timesteps      | 6029312     |
| train/                  |             |
|    approx_kl            | 0.017255276 |
|    clip_fraction        | 0.306       |
|    clip_range           | 0.15        |
|    entropy_loss         | -27.6       |
|    explained_variance   | 0.961       |
|    learning_rate        | 0.0001      |
|    loss                 | -0.289      |
|    n_updates            | 1365        |
|    policy_gradient_loss | -0.0243     |
|    std                  | 1.24        |
|    value_loss           | 0.0234      |
-----------------------------------------
-----------------------------------------
| rollout/                |             |
|    ep_len_mean          | 224         |
|    ep_rew_mean          | 1.23e+03    |
| time/                   |             |
|    fps                  | 1477        |
|    iterations           | 93          |
|    time_elapsed         | 4126        |
|    total_timesteps      | 6094848     |
| train/                  |             |
|    approx_kl            | 0.017513124 |
|    clip_fraction        | 0.31        |
|    clip_range           | 0.15        |
|    entropy_loss         | -27.7       |
|    explained_variance   | 0.962       |
|    learning_rate        | 0.0001      |
|    loss                 | -0.287      |
|    n_updates            | 1380        |
|    policy_gradient_loss | -0.0245     |
|    std                  | 1.25        |
|    value_loss           | 0.0234      |
-----------------------------------------
-----------------------------------------
| rollout/                |             |
|    ep_len_mean          | 236         |
|    ep_rew_mean          | 1.32e+03    |
| time/                   |             |
|    fps                  | 1476        |
|    iterations           | 94          |
|    time_elapsed         | 4171        |
|    total_timesteps      | 6160384     |
| train/                  |             |
|    approx_kl            | 0.017723233 |
|    clip_fraction        | 0.319       |
|    clip_range           | 0.15        |
|    entropy_loss         | -27.7       |
|    explained_variance   | 0.964       |
|    learning_rate        | 0.0001      |
|    loss                 | -0.287      |
|    n_updates            | 1395        |
|    policy_gradient_loss | -0.025      |
|    std                  | 1.25        |
|    value_loss           | 0.0223      |
-----------------------------------------
-----------------------------------------
| rollout/                |             |
|    ep_len_mean          | 234         |
|    ep_rew_mean          | 1.29e+03    |
| time/                   |             |
|    fps                  | 1476        |
|    iterations           | 95          |
|    time_elapsed         | 4217        |
|    total_timesteps      | 6225920     |
| train/                  |             |
|    approx_kl            | 0.017408032 |
|    clip_fraction        | 0.314       |
|    clip_range           | 0.15        |
|    entropy_loss         | -27.8       |
|    explained_variance   | 0.96        |
|    learning_rate        | 0.0001      |
|    loss                 | -0.295      |
|    n_updates            | 1410        |
|    policy_gradient_loss | -0.0243     |
|    std                  | 1.25        |
|    value_loss           | 0.0245      |
-----------------------------------------
-----------------------------------------
| rollout/                |             |
|    ep_len_mean          | 249         |
|    ep_rew_mean          | 1.38e+03    |
| time/                   |             |
|    fps                  | 1476        |
|    iterations           | 96          |
|    time_elapsed         | 4260        |
|    total_timesteps      | 6291456     |
| train/                  |             |
|    approx_kl            | 0.018208524 |
|    clip_fraction        | 0.32        |
|    clip_range           | 0.15        |
|    entropy_loss         | -27.8       |
|    explained_variance   | 0.96        |
|    learning_rate        | 0.0001      |
|    loss                 | -0.284      |
|    n_updates            | 1425        |
|    policy_gradient_loss | -0.0246     |
|    std                  | 1.26        |
|    value_loss           | 0.0245      |
-----------------------------------------
-----------------------------------------
| rollout/                |             |
|    ep_len_mean          | 250         |
|    ep_rew_mean          | 1.39e+03    |
| time/                   |             |
|    fps                  | 1476        |
|    iterations           | 97          |
|    time_elapsed         | 4306        |
|    total_timesteps      | 6356992     |
| train/                  |             |
|    approx_kl            | 0.018289275 |
|    clip_fraction        | 0.322       |
|    clip_range           | 0.15        |
|    entropy_loss         | -27.9       |
|    explained_variance   | 0.961       |
|    learning_rate        | 0.0001      |
|    loss                 | -0.3        |
|    n_updates            | 1440        |
|    policy_gradient_loss | -0.0246     |
|    std                  | 1.26        |
|    value_loss           | 0.0236      |
-----------------------------------------
----------------------------------------
| rollout/                |            |
|    ep_len_mean          | 262        |
|    ep_rew_mean          | 1.47e+03   |
| time/                   |            |
|    fps                  | 1475       |
|    iterations           | 98         |
|    time_elapsed         | 4351       |
|    total_timesteps      | 6422528    |
| train/                  |            |
|    approx_kl            | 0.01790436 |
|    clip_fraction        | 0.315      |
|    clip_range           | 0.15       |
|    entropy_loss         | -28        |
|    explained_variance   | 0.961      |
|    learning_rate        | 0.0001     |
|    loss                 | -0.288     |
|    n_updates            | 1455       |
|    policy_gradient_loss | -0.0241    |
|    std                  | 1.27       |
|    value_loss           | 0.0236     |
----------------------------------------
----------------------------------------
| rollout/                |            |
|    ep_len_mean          | 260        |
|    ep_rew_mean          | 1.45e+03   |
| time/                   |            |
|    fps                  | 1475       |
|    iterations           | 99         |
|    time_elapsed         | 4395       |
|    total_timesteps      | 6488064    |
| train/                  |            |
|    approx_kl            | 0.01775806 |
|    clip_fraction        | 0.316      |
|    clip_range           | 0.15       |
|    entropy_loss         | -28        |
|    explained_variance   | 0.959      |
|    learning_rate        | 0.0001     |
|    loss                 | -0.3       |
|    n_updates            | 1470       |
|    policy_gradient_loss | -0.0242    |
|    std                  | 1.27       |
|    value_loss           | 0.0236     |
----------------------------------------
-----------------------------------------
| rollout/                |             |
|    ep_len_mean          | 260         |
|    ep_rew_mean          | 1.45e+03    |
| time/                   |             |
|    fps                  | 1475        |
|    iterations           | 100         |
|    time_elapsed         | 4440        |
|    total_timesteps      | 6553600     |
| train/                  |             |
|    approx_kl            | 0.018191893 |
|    clip_fraction        | 0.319       |
|    clip_range           | 0.15        |
|    entropy_loss         | -28.1       |
|    explained_variance   | 0.961       |
|    learning_rate        | 0.0001      |
|    loss                 | -0.288      |
|    n_updates            | 1485        |
|    policy_gradient_loss | -0.0242     |
|    std                  | 1.27        |
|    value_loss           | 0.0224      |
-----------------------------------------
-----------------------------------------
| rollout/                |             |
|    ep_len_mean          | 283         |
|    ep_rew_mean          | 1.59e+03    |
| time/                   |             |
|    fps                  | 1476        |
|    iterations           | 101         |
|    time_elapsed         | 4482        |
|    total_timesteps      | 6619136     |
| train/                  |             |
|    approx_kl            | 0.018134711 |
|    clip_fraction        | 0.319       |
|    clip_range           | 0.15        |
|    entropy_loss         | -28.1       |
|    explained_variance   | 0.958       |
|    learning_rate        | 0.0001      |
|    loss                 | -0.282      |
|    n_updates            | 1500        |
|    policy_gradient_loss | -0.024      |
|    std                  | 1.28        |
|    value_loss           | 0.0231      |
-----------------------------------------
----------------------------------------
| rollout/                |            |
|    ep_len_mean          | 277        |
|    ep_rew_mean          | 1.55e+03   |
| time/                   |            |
|    fps                  | 1476       |
|    iterations           | 102        |
|    time_elapsed         | 4527       |
|    total_timesteps      | 6684672    |
| train/                  |            |
|    approx_kl            | 0.01864494 |
|    clip_fraction        | 0.324      |
|    clip_range           | 0.15       |
|    entropy_loss         | -28.2      |
|    explained_variance   | 0.956      |
|    learning_rate        | 0.0001     |
|    loss                 | -0.296     |
|    n_updates            | 1515       |
|    policy_gradient_loss | -0.0246    |
|    std                  | 1.28       |
|    value_loss           | 0.0238     |
----------------------------------------
----------------------------------------
| rollout/                |            |
|    ep_len_mean          | 268        |
|    ep_rew_mean          | 1.51e+03   |
| time/                   |            |
|    fps                  | 1476       |
|    iterations           | 103        |
|    time_elapsed         | 4572       |
|    total_timesteps      | 6750208    |
| train/                  |            |
|    approx_kl            | 0.01825859 |
|    clip_fraction        | 0.32       |
|    clip_range           | 0.15       |
|    entropy_loss         | -28.2      |
|    explained_variance   | 0.959      |
|    learning_rate        | 0.0001     |
|    loss                 | -0.298     |
|    n_updates            | 1530       |
|    policy_gradient_loss | -0.0239    |
|    std                  | 1.29       |
|    value_loss           | 0.0222     |
----------------------------------------
-----------------------------------------
| rollout/                |             |
|    ep_len_mean          | 283         |
|    ep_rew_mean          | 1.58e+03    |
| time/                   |             |
|    fps                  | 1475        |
|    iterations           | 104         |
|    time_elapsed         | 4617        |
|    total_timesteps      | 6815744     |
| train/                  |             |
|    approx_kl            | 0.018037016 |
|    clip_fraction        | 0.318       |
|    clip_range           | 0.15        |
|    entropy_loss         | -28.3       |
|    explained_variance   | 0.959       |
|    learning_rate        | 0.0001      |
|    loss                 | -0.291      |
|    n_updates            | 1545        |
|    policy_gradient_loss | -0.0239     |
|    std                  | 1.29        |
|    value_loss           | 0.0228      |
-----------------------------------------
-----------------------------------------
| rollout/                |             |
|    ep_len_mean          | 290         |
|    ep_rew_mean          | 1.65e+03    |
| time/                   |             |
|    fps                  | 1476        |
|    iterations           | 105         |
|    time_elapsed         | 4660        |
|    total_timesteps      | 6881280     |
| train/                  |             |
|    approx_kl            | 0.018612133 |
|    clip_fraction        | 0.324       |
|    clip_range           | 0.15        |
|    entropy_loss         | -28.3       |
|    explained_variance   | 0.957       |
|    learning_rate        | 0.0001      |
|    loss                 | -0.29       |
|    n_updates            | 1560        |
|    policy_gradient_loss | -0.0245     |
|    std                  | 1.29        |
|    value_loss           | 0.024       |
-----------------------------------------
----------------------------------------
| rollout/                |            |
|    ep_len_mean          | 305        |
|    ep_rew_mean          | 1.73e+03   |
| time/                   |            |
|    fps                  | 1475       |
|    iterations           | 106        |
|    time_elapsed         | 4707       |
|    total_timesteps      | 6946816    |
| train/                  |            |
|    approx_kl            | 0.01867963 |
|    clip_fraction        | 0.324      |
|    clip_range           | 0.15       |
|    entropy_loss         | -28.3      |
|    explained_variance   | 0.956      |
|    learning_rate        | 0.0001     |
|    loss                 | -0.294     |
|    n_updates            | 1575       |
|    policy_gradient_loss | -0.0245    |
|    std                  | 1.3        |
|    value_loss           | 0.0229     |
----------------------------------------
-----------------------------------------
| rollout/                |             |
|    ep_len_mean          | 285         |
|    ep_rew_mean          | 1.62e+03    |
| time/                   |             |
|    fps                  | 1475        |
|    iterations           | 107         |
|    time_elapsed         | 4751        |
|    total_timesteps      | 7012352     |
| train/                  |             |
|    approx_kl            | 0.018659912 |
|    clip_fraction        | 0.324       |
|    clip_range           | 0.15        |
|    entropy_loss         | -28.4       |
|    explained_variance   | 0.954       |
|    learning_rate        | 0.0001      |
|    loss                 | -0.298      |
|    n_updates            | 1590        |
|    policy_gradient_loss | -0.0245     |
|    std                  | 1.3         |
|    value_loss           | 0.0231      |
-----------------------------------------
-----------------------------------------
| rollout/                |             |
|    ep_len_mean          | 310         |
|    ep_rew_mean          | 1.77e+03    |
| time/                   |             |
|    fps                  | 1476        |
|    iterations           | 108         |
|    time_elapsed         | 4792        |
|    total_timesteps      | 7077888     |
| train/                  |             |
|    approx_kl            | 0.018422946 |
|    clip_fraction        | 0.324       |
|    clip_range           | 0.15        |
|    entropy_loss         | -28.4       |
|    explained_variance   | 0.955       |
|    learning_rate        | 0.0001      |
|    loss                 | -0.292      |
|    n_updates            | 1605        |
|    policy_gradient_loss | -0.0235     |
|    std                  | 1.31        |
|    value_loss           | 0.0229      |
-----------------------------------------
-----------------------------------------
| rollout/                |             |
|    ep_len_mean          | 329         |
|    ep_rew_mean          | 1.88e+03    |
| time/                   |             |
|    fps                  | 1476        |
|    iterations           | 109         |
|    time_elapsed         | 4838        |
|    total_timesteps      | 7143424     |
| train/                  |             |
|    approx_kl            | 0.018650776 |
|    clip_fraction        | 0.325       |
|    clip_range           | 0.15        |
|    entropy_loss         | -28.5       |
|    explained_variance   | 0.954       |
|    learning_rate        | 0.0001      |
|    loss                 | -0.299      |
|    n_updates            | 1620        |
|    policy_gradient_loss | -0.024      |
|    std                  | 1.31        |
|    value_loss           | 0.0231      |
-----------------------------------------
-----------------------------------------
| rollout/                |             |
|    ep_len_mean          | 344         |
|    ep_rew_mean          | 1.98e+03    |
| time/                   |             |
|    fps                  | 1475        |
|    iterations           | 110         |
|    time_elapsed         | 4884        |
|    total_timesteps      | 7208960     |
| train/                  |             |
|    approx_kl            | 0.018745083 |
|    clip_fraction        | 0.326       |
|    clip_range           | 0.15        |
|    entropy_loss         | -28.6       |
|    explained_variance   | 0.957       |
|    learning_rate        | 0.0001      |
|    loss                 | -0.29       |
|    n_updates            | 1635        |
|    policy_gradient_loss | -0.0239     |
|    std                  | 1.32        |
|    value_loss           | 0.0213      |
-----------------------------------------
-----------------------------------------
| rollout/                |             |
|    ep_len_mean          | 336         |
|    ep_rew_mean          | 1.93e+03    |
| time/                   |             |
|    fps                  | 1476        |
|    iterations           | 111         |
|    time_elapsed         | 4928        |
|    total_timesteps      | 7274496     |
| train/                  |             |
|    approx_kl            | 0.019061567 |
|    clip_fraction        | 0.33        |
|    clip_range           | 0.15        |
|    entropy_loss         | -28.6       |
|    explained_variance   | 0.955       |
|    learning_rate        | 0.0001      |
|    loss                 | -0.29       |
|    n_updates            | 1650        |
|    policy_gradient_loss | -0.025      |
|    std                  | 1.32        |
|    value_loss           | 0.0215      |
-----------------------------------------
-----------------------------------------
| rollout/                |             |
|    ep_len_mean          | 353         |
|    ep_rew_mean          | 2.04e+03    |
| time/                   |             |
|    fps                  | 1476        |
|    iterations           | 112         |
|    time_elapsed         | 4972        |
|    total_timesteps      | 7340032     |
| train/                  |             |
|    approx_kl            | 0.019297771 |
|    clip_fraction        | 0.331       |
|    clip_range           | 0.15        |
|    entropy_loss         | -28.7       |
|    explained_variance   | 0.954       |
|    learning_rate        | 0.0001      |
|    loss                 | -0.299      |
|    n_updates            | 1665        |
|    policy_gradient_loss | -0.0245     |
|    std                  | 1.32        |
|    value_loss           | 0.0218      |
-----------------------------------------
-----------------------------------------
| rollout/                |             |
|    ep_len_mean          | 325         |
|    ep_rew_mean          | 1.87e+03    |
| time/                   |             |
|    fps                  | 1476        |
|    iterations           | 113         |
|    time_elapsed         | 5017        |
|    total_timesteps      | 7405568     |
| train/                  |             |
|    approx_kl            | 0.018863507 |
|    clip_fraction        | 0.331       |
|    clip_range           | 0.15        |
|    entropy_loss         | -28.7       |
|    explained_variance   | 0.953       |
|    learning_rate        | 0.0001      |
|    loss                 | -0.301      |
|    n_updates            | 1680        |
|    policy_gradient_loss | -0.0245     |
|    std                  | 1.33        |
|    value_loss           | 0.0217      |
-----------------------------------------
-----------------------------------------
| rollout/                |             |
|    ep_len_mean          | 353         |
|    ep_rew_mean          | 2.03e+03    |
| time/                   |             |
|    fps                  | 1475        |
|    iterations           | 114         |
|    time_elapsed         | 5062        |
|    total_timesteps      | 7471104     |
| train/                  |             |
|    approx_kl            | 0.019043397 |
|    clip_fraction        | 0.333       |
|    clip_range           | 0.15        |
|    entropy_loss         | -28.7       |
|    explained_variance   | 0.955       |
|    learning_rate        | 0.0001      |
|    loss                 | -0.304      |
|    n_updates            | 1695        |
|    policy_gradient_loss | -0.0246     |
|    std                  | 1.33        |
|    value_loss           | 0.0208      |
-----------------------------------------
-----------------------------------------
| rollout/                |             |
|    ep_len_mean          | 367         |
|    ep_rew_mean          | 2.11e+03    |
| time/                   |             |
|    fps                  | 1476        |
|    iterations           | 115         |
|    time_elapsed         | 5105        |
|    total_timesteps      | 7536640     |
| train/                  |             |
|    approx_kl            | 0.019348735 |
|    clip_fraction        | 0.332       |
|    clip_range           | 0.15        |
|    entropy_loss         | -28.8       |
|    explained_variance   | 0.953       |
|    learning_rate        | 0.0001      |
|    loss                 | -0.31       |
|    n_updates            | 1710        |
|    policy_gradient_loss | -0.0245     |
|    std                  | 1.34        |
|    value_loss           | 0.0219      |
-----------------------------------------
-----------------------------------------
| rollout/                |             |
|    ep_len_mean          | 381         |
|    ep_rew_mean          | 2.22e+03    |
| time/                   |             |
|    fps                  | 1475        |
|    iterations           | 116         |
|    time_elapsed         | 5151        |
|    total_timesteps      | 7602176     |
| train/                  |             |
|    approx_kl            | 0.019230468 |
|    clip_fraction        | 0.326       |
|    clip_range           | 0.15        |
|    entropy_loss         | -28.8       |
|    explained_variance   | 0.953       |
|    learning_rate        | 0.0001      |
|    loss                 | -0.302      |
|    n_updates            | 1725        |
|    policy_gradient_loss | -0.0239     |
|    std                  | 1.34        |
|    value_loss           | 0.0205      |
-----------------------------------------
-----------------------------------------
| rollout/                |             |
|    ep_len_mean          | 376         |
|    ep_rew_mean          | 2.21e+03    |
| time/                   |             |
|    fps                  | 1476        |
|    iterations           | 117         |
|    time_elapsed         | 5193        |
|    total_timesteps      | 7667712     |
| train/                  |             |
|    approx_kl            | 0.019176036 |
|    clip_fraction        | 0.333       |
|    clip_range           | 0.15        |
|    entropy_loss         | -28.9       |
|    explained_variance   | 0.954       |
|    learning_rate        | 0.0001      |
|    loss                 | -0.308      |
|    n_updates            | 1740        |
|    policy_gradient_loss | -0.0245     |
|    std                  | 1.34        |
|    value_loss           | 0.0196      |
-----------------------------------------
----------------------------------------
| rollout/                |            |
|    ep_len_mean          | 401        |
|    ep_rew_mean          | 2.34e+03   |
| time/                   |            |
|    fps                  | 1476       |
|    iterations           | 118        |
|    time_elapsed         | 5238       |
|    total_timesteps      | 7733248    |
| train/                  |            |
|    approx_kl            | 0.01993359 |
|    clip_fraction        | 0.34       |
|    clip_range           | 0.15       |
|    entropy_loss         | -29        |
|    explained_variance   | 0.953      |
|    learning_rate        | 0.0001     |
|    loss                 | -0.312     |
|    n_updates            | 1755       |
|    policy_gradient_loss | -0.0245    |
|    std                  | 1.35       |
|    value_loss           | 0.0209     |
----------------------------------------
-----------------------------------------
| rollout/                |             |
|    ep_len_mean          | 374         |
|    ep_rew_mean          | 2.19e+03    |
| time/                   |             |
|    fps                  | 1476        |
|    iterations           | 119         |
|    time_elapsed         | 5281        |
|    total_timesteps      | 7798784     |
| train/                  |             |
|    approx_kl            | 0.019171465 |
|    clip_fraction        | 0.331       |
|    clip_range           | 0.15        |
|    entropy_loss         | -29         |
|    explained_variance   | 0.951       |
|    learning_rate        | 0.0001      |
|    loss                 | -0.308      |
|    n_updates            | 1770        |
|    policy_gradient_loss | -0.024      |
|    std                  | 1.35        |
|    value_loss           | 0.0198      |
-----------------------------------------
-----------------------------------------
| rollout/                |             |
|    ep_len_mean          | 444         |
|    ep_rew_mean          | 2.63e+03    |
| time/                   |             |
|    fps                  | 1476        |
|    iterations           | 120         |
|    time_elapsed         | 5325        |
|    total_timesteps      | 7864320     |
| train/                  |             |
|    approx_kl            | 0.019198667 |
|    clip_fraction        | 0.329       |
|    clip_range           | 0.15        |
|    entropy_loss         | -29.1       |
|    explained_variance   | 0.948       |
|    learning_rate        | 0.0001      |
|    loss                 | -0.313      |
|    n_updates            | 1785        |
|    policy_gradient_loss | -0.024      |
|    std                  | 1.36        |
|    value_loss           | 0.021       |
-----------------------------------------
----------------------------------------
| rollout/                |            |
|    ep_len_mean          | 403        |
|    ep_rew_mean          | 2.35e+03   |
| time/                   |            |
|    fps                  | 1476       |
|    iterations           | 121        |
|    time_elapsed         | 5371       |
|    total_timesteps      | 7929856    |
| train/                  |            |
|    approx_kl            | 0.01997524 |
|    clip_fraction        | 0.343      |
|    clip_range           | 0.15       |
|    entropy_loss         | -29.1      |
|    explained_variance   | 0.947      |
|    learning_rate        | 0.0001     |
|    loss                 | -0.318     |
|    n_updates            | 1800       |
|    policy_gradient_loss | -0.0246    |
|    std                  | 1.36       |
|    value_loss           | 0.0195     |
----------------------------------------
-----------------------------------------
| rollout/                |             |
|    ep_len_mean          | 485         |
|    ep_rew_mean          | 2.84e+03    |
| time/                   |             |
|    fps                  | 1476        |
|    iterations           | 122         |
|    time_elapsed         | 5416        |
|    total_timesteps      | 7995392     |
| train/                  |             |
|    approx_kl            | 0.019742886 |
|    clip_fraction        | 0.341       |
|    clip_range           | 0.15        |
|    entropy_loss         | -29.2       |
|    explained_variance   | 0.949       |
|    learning_rate        | 0.0001      |
|    loss                 | -0.307      |
|    n_updates            | 1815        |
|    policy_gradient_loss | -0.0244     |
|    std                  | 1.37        |
|    value_loss           | 0.0192      |
-----------------------------------------
----------------------------------------
| rollout/                |            |
|    ep_len_mean          | 462        |
|    ep_rew_mean          | 2.73e+03   |
| time/                   |            |
|    fps                  | 1476       |
|    iterations           | 123        |
|    time_elapsed         | 5460       |
|    total_timesteps      | 8060928    |
| train/                  |            |
|    approx_kl            | 0.01978178 |
|    clip_fraction        | 0.341      |
|    clip_range           | 0.15       |
|    entropy_loss         | -29.3      |
|    explained_variance   | 0.944      |
|    learning_rate        | 0.0001     |
|    loss                 | -0.324     |
|    n_updates            | 1830       |
|    policy_gradient_loss | -0.024     |
|    std                  | 1.37       |
|    value_loss           | 0.0179     |
----------------------------------------
-----------------------------------------
| rollout/                |             |
|    ep_len_mean          | 451         |
|    ep_rew_mean          | 2.67e+03    |
| time/                   |             |
|    fps                  | 1476        |
|    iterations           | 124         |
|    time_elapsed         | 5504        |
|    total_timesteps      | 8126464     |
| train/                  |             |
|    approx_kl            | 0.020526081 |
|    clip_fraction        | 0.343       |
|    clip_range           | 0.15        |
|    entropy_loss         | -29.3       |
|    explained_variance   | 0.948       |
|    learning_rate        | 0.0001      |
|    loss                 | -0.305      |
|    n_updates            | 1845        |
|    policy_gradient_loss | -0.0244     |
|    std                  | 1.38        |
|    value_loss           | 0.0173      |
-----------------------------------------
-----------------------------------------
| rollout/                |             |
|    ep_len_mean          | 458         |
|    ep_rew_mean          | 2.72e+03    |
| time/                   |             |
|    fps                  | 1476        |
|    iterations           | 125         |
|    time_elapsed         | 5548        |
|    total_timesteps      | 8192000     |
| train/                  |             |
|    approx_kl            | 0.020556506 |
|    clip_fraction        | 0.342       |
|    clip_range           | 0.15        |
|    entropy_loss         | -29.4       |
|    explained_variance   | 0.951       |
|    learning_rate        | 0.0001      |
|    loss                 | -0.31       |
|    n_updates            | 1860        |
|    policy_gradient_loss | -0.0242     |
|    std                  | 1.39        |
|    value_loss           | 0.0169      |
-----------------------------------------
-----------------------------------------
| rollout/                |             |
|    ep_len_mean          | 457         |
|    ep_rew_mean          | 2.71e+03    |
| time/                   |             |
|    fps                  | 1477        |
|    iterations           | 126         |
|    time_elapsed         | 5590        |
|    total_timesteps      | 8257536     |
| train/                  |             |
|    approx_kl            | 0.020404238 |
|    clip_fraction        | 0.347       |
|    clip_range           | 0.15        |
|    entropy_loss         | -29.5       |
|    explained_variance   | 0.95        |
|    learning_rate        | 0.0001      |
|    loss                 | -0.312      |
|    n_updates            | 1875        |
|    policy_gradient_loss | -0.0241     |
|    std                  | 1.39        |
|    value_loss           | 0.0171      |
-----------------------------------------
-----------------------------------------
| rollout/                |             |
|    ep_len_mean          | 500         |
|    ep_rew_mean          | 2.99e+03    |
| time/                   |             |
|    fps                  | 1477        |
|    iterations           | 127         |
|    time_elapsed         | 5634        |
|    total_timesteps      | 8323072     |
| train/                  |             |
|    approx_kl            | 0.020510785 |
|    clip_fraction        | 0.346       |
|    clip_range           | 0.15        |
|    entropy_loss         | -29.5       |
|    explained_variance   | 0.948       |
|    learning_rate        | 0.0001      |
|    loss                 | -0.321      |
|    n_updates            | 1890        |
|    policy_gradient_loss | -0.0237     |
|    std                  | 1.4         |
|    value_loss           | 0.0168      |
-----------------------------------------
-----------------------------------------
| rollout/                |             |
|    ep_len_mean          | 510         |
|    ep_rew_mean          | 3.06e+03    |
| time/                   |             |
|    fps                  | 1477        |
|    iterations           | 128         |
|    time_elapsed         | 5678        |
|    total_timesteps      | 8388608     |
| train/                  |             |
|    approx_kl            | 0.021218032 |
|    clip_fraction        | 0.352       |
|    clip_range           | 0.15        |
|    entropy_loss         | -29.6       |
|    explained_variance   | 0.948       |
|    learning_rate        | 0.0001      |
|    loss                 | -0.309      |
|    n_updates            | 1905        |
|    policy_gradient_loss | -0.0241     |
|    std                  | 1.4         |
|    value_loss           | 0.0163      |
-----------------------------------------
-----------------------------------------
| rollout/                |             |
|    ep_len_mean          | 479         |
|    ep_rew_mean          | 2.88e+03    |
| time/                   |             |
|    fps                  | 1476        |
|    iterations           | 129         |
|    time_elapsed         | 5724        |
|    total_timesteps      | 8454144     |
| train/                  |             |
|    approx_kl            | 0.020523155 |
|    clip_fraction        | 0.347       |
|    clip_range           | 0.15        |
|    entropy_loss         | -29.7       |
|    explained_variance   | 0.946       |
|    learning_rate        | 0.0001      |
|    loss                 | -0.316      |
|    n_updates            | 1920        |
|    policy_gradient_loss | -0.0239     |
|    std                  | 1.41        |
|    value_loss           | 0.0154      |
-----------------------------------------
-----------------------------------------
| rollout/                |             |
|    ep_len_mean          | 514         |
|    ep_rew_mean          | 3.08e+03    |
| time/                   |             |
|    fps                  | 1476        |
|    iterations           | 130         |
|    time_elapsed         | 5769        |
|    total_timesteps      | 8519680     |
| train/                  |             |
|    approx_kl            | 0.021153739 |
|    clip_fraction        | 0.35        |
|    clip_range           | 0.15        |
|    entropy_loss         | -29.7       |
|    explained_variance   | 0.945       |
|    learning_rate        | 0.0001      |
|    loss                 | -0.316      |
|    n_updates            | 1935        |
|    policy_gradient_loss | -0.0239     |
|    std                  | 1.42        |
|    value_loss           | 0.0162      |
-----------------------------------------
-----------------------------------------
| rollout/                |             |
|    ep_len_mean          | 567         |
|    ep_rew_mean          | 3.42e+03    |
| time/                   |             |
|    fps                  | 1477        |
|    iterations           | 131         |
|    time_elapsed         | 5811        |
|    total_timesteps      | 8585216     |
| train/                  |             |
|    approx_kl            | 0.020856792 |
|    clip_fraction        | 0.354       |
|    clip_range           | 0.15        |
|    entropy_loss         | -29.8       |
|    explained_variance   | 0.949       |
|    learning_rate        | 0.0001      |
|    loss                 | -0.315      |
|    n_updates            | 1950        |
|    policy_gradient_loss | -0.0244     |
|    std                  | 1.42        |
|    value_loss           | 0.0162      |
-----------------------------------------
----------------------------------------
| rollout/                |            |
|    ep_len_mean          | 519        |
|    ep_rew_mean          | 3.13e+03   |
| time/                   |            |
|    fps                  | 1476       |
|    iterations           | 132        |
|    time_elapsed         | 5856       |
|    total_timesteps      | 8650752    |
| train/                  |            |
|    approx_kl            | 0.02003507 |
|    clip_fraction        | 0.342      |
|    clip_range           | 0.15       |
|    entropy_loss         | -29.9      |
|    explained_variance   | 0.94       |
|    learning_rate        | 0.0001     |
|    loss                 | -0.324     |
|    n_updates            | 1965       |
|    policy_gradient_loss | -0.0236    |
|    std                  | 1.43       |
|    value_loss           | 0.0154     |
----------------------------------------
-----------------------------------------
| rollout/                |             |
|    ep_len_mean          | 556         |
|    ep_rew_mean          | 3.38e+03    |
| time/                   |             |
|    fps                  | 1476        |
|    iterations           | 133         |
|    time_elapsed         | 5902        |
|    total_timesteps      | 8716288     |
| train/                  |             |
|    approx_kl            | 0.019991975 |
|    clip_fraction        | 0.343       |
|    clip_range           | 0.15        |
|    entropy_loss         | -29.9       |
|    explained_variance   | 0.945       |
|    learning_rate        | 0.0001      |
|    loss                 | -0.317      |
|    n_updates            | 1980        |
|    policy_gradient_loss | -0.0238     |
|    std                  | 1.43        |
|    value_loss           | 0.0147      |
-----------------------------------------
-----------------------------------------
| rollout/                |             |
|    ep_len_mean          | 547         |
|    ep_rew_mean          | 3.32e+03    |
| time/                   |             |
|    fps                  | 1476        |
|    iterations           | 134         |
|    time_elapsed         | 5947        |
|    total_timesteps      | 8781824     |
| train/                  |             |
|    approx_kl            | 0.020852186 |
|    clip_fraction        | 0.349       |
|    clip_range           | 0.15        |
|    entropy_loss         | -30         |
|    explained_variance   | 0.939       |
|    learning_rate        | 0.0001      |
|    loss                 | -0.325      |
|    n_updates            | 1995        |
|    policy_gradient_loss | -0.0237     |
|    std                  | 1.44        |
|    value_loss           | 0.0151      |
-----------------------------------------
-----------------------------------------
| rollout/                |             |
|    ep_len_mean          | 567         |
|    ep_rew_mean          | 3.44e+03    |
| time/                   |             |
|    fps                  | 1476        |
|    iterations           | 135         |
|    time_elapsed         | 5991        |
|    total_timesteps      | 8847360     |
| train/                  |             |
|    approx_kl            | 0.020685881 |
|    clip_fraction        | 0.351       |
|    clip_range           | 0.15        |
|    entropy_loss         | -30.1       |
|    explained_variance   | 0.941       |
|    learning_rate        | 0.0001      |
|    loss                 | -0.317      |
|    n_updates            | 2010        |
|    policy_gradient_loss | -0.0238     |
|    std                  | 1.45        |
|    value_loss           | 0.0146      |
-----------------------------------------
-----------------------------------------
| rollout/                |             |
|    ep_len_mean          | 565         |
|    ep_rew_mean          | 3.44e+03    |
| time/                   |             |
|    fps                  | 1476        |
|    iterations           | 136         |
|    time_elapsed         | 6036        |
|    total_timesteps      | 8912896     |
| train/                  |             |
|    approx_kl            | 0.020543724 |
|    clip_fraction        | 0.35        |
|    clip_range           | 0.15        |
|    entropy_loss         | -30.2       |
|    explained_variance   | 0.938       |
|    learning_rate        | 0.0001      |
|    loss                 | -0.32       |
|    n_updates            | 2025        |
|    policy_gradient_loss | -0.0237     |
|    std                  | 1.45        |
|    value_loss           | 0.0151      |
-----------------------------------------
-----------------------------------------
| rollout/                |             |
|    ep_len_mean          | 550         |
|    ep_rew_mean          | 3.33e+03    |
| time/                   |             |
|    fps                  | 1476        |
|    iterations           | 137         |
|    time_elapsed         | 6079        |
|    total_timesteps      | 8978432     |
| train/                  |             |
|    approx_kl            | 0.020158937 |
|    clip_fraction        | 0.343       |
|    clip_range           | 0.15        |
|    entropy_loss         | -30.2       |
|    explained_variance   | 0.943       |
|    learning_rate        | 0.0001      |
|    loss                 | -0.319      |
|    n_updates            | 2040        |
|    policy_gradient_loss | -0.0233     |
|    std                  | 1.46        |
|    value_loss           | 0.0136      |
-----------------------------------------
-----------------------------------------
| rollout/                |             |
|    ep_len_mean          | 552         |
|    ep_rew_mean          | 3.37e+03    |
| time/                   |             |
|    fps                  | 1476        |
|    iterations           | 138         |
|    time_elapsed         | 6125        |
|    total_timesteps      | 9043968     |
| train/                  |             |
|    approx_kl            | 0.021371052 |
|    clip_fraction        | 0.354       |
|    clip_range           | 0.15        |
|    entropy_loss         | -30.3       |
|    explained_variance   | 0.948       |
|    learning_rate        | 0.0001      |
|    loss                 | -0.325      |
|    n_updates            | 2055        |
|    policy_gradient_loss | -0.0244     |
|    std                  | 1.47        |
|    value_loss           | 0.0127      |
-----------------------------------------
-----------------------------------------
| rollout/                |             |
|    ep_len_mean          | 593         |
|    ep_rew_mean          | 3.62e+03    |
| time/                   |             |
|    fps                  | 1476        |
|    iterations           | 139         |
|    time_elapsed         | 6170        |
|    total_timesteps      | 9109504     |
| train/                  |             |
|    approx_kl            | 0.020370692 |
|    clip_fraction        | 0.347       |
|    clip_range           | 0.15        |
|    entropy_loss         | -30.4       |
|    explained_variance   | 0.942       |
|    learning_rate        | 0.0001      |
|    loss                 | -0.328      |
|    n_updates            | 2070        |
|    policy_gradient_loss | -0.0229     |
|    std                  | 1.47        |
|    value_loss           | 0.0138      |
-----------------------------------------
-----------------------------------------
| rollout/                |             |
|    ep_len_mean          | 618         |
|    ep_rew_mean          | 3.8e+03     |
| time/                   |             |
|    fps                  | 1476        |
|    iterations           | 140         |
|    time_elapsed         | 6214        |
|    total_timesteps      | 9175040     |
| train/                  |             |
|    approx_kl            | 0.021832637 |
|    clip_fraction        | 0.356       |
|    clip_range           | 0.15        |
|    entropy_loss         | -30.5       |
|    explained_variance   | 0.934       |
|    learning_rate        | 0.0001      |
|    loss                 | -0.318      |
|    n_updates            | 2085        |
|    policy_gradient_loss | -0.0232     |
|    std                  | 1.48        |
|    value_loss           | 0.0145      |
-----------------------------------------
-----------------------------------------
| rollout/                |             |
|    ep_len_mean          | 617         |
|    ep_rew_mean          | 3.79e+03    |
| time/                   |             |
|    fps                  | 1476        |
|    iterations           | 141         |
|    time_elapsed         | 6257        |
|    total_timesteps      | 9240576     |
| train/                  |             |
|    approx_kl            | 0.020979652 |
|    clip_fraction        | 0.351       |
|    clip_range           | 0.15        |
|    entropy_loss         | -30.6       |
|    explained_variance   | 0.927       |
|    learning_rate        | 0.0001      |
|    loss                 | -0.315      |
|    n_updates            | 2100        |
|    policy_gradient_loss | -0.0236     |
|    std                  | 1.49        |
|    value_loss           | 0.0153      |
-----------------------------------------
-----------------------------------------
| rollout/                |             |
|    ep_len_mean          | 617         |
|    ep_rew_mean          | 3.81e+03    |
| time/                   |             |
|    fps                  | 1476        |
|    iterations           | 142         |
|    time_elapsed         | 6301        |
|    total_timesteps      | 9306112     |
| train/                  |             |
|    approx_kl            | 0.020714134 |
|    clip_fraction        | 0.352       |
|    clip_range           | 0.15        |
|    entropy_loss         | -30.6       |
|    explained_variance   | 0.939       |
|    learning_rate        | 0.0001      |
|    loss                 | -0.334      |
|    n_updates            | 2115        |
|    policy_gradient_loss | -0.0234     |
|    std                  | 1.5         |
|    value_loss           | 0.0129      |
-----------------------------------------
-----------------------------------------
| rollout/                |             |
|    ep_len_mean          | 610         |
|    ep_rew_mean          | 3.78e+03    |
| time/                   |             |
|    fps                  | 1476        |
|    iterations           | 143         |
|    time_elapsed         | 6345        |
|    total_timesteps      | 9371648     |
| train/                  |             |
|    approx_kl            | 0.021553803 |
|    clip_fraction        | 0.356       |
|    clip_range           | 0.15        |
|    entropy_loss         | -30.7       |
|    explained_variance   | 0.94        |
|    learning_rate        | 0.0001      |
|    loss                 | -0.327      |
|    n_updates            | 2130        |
|    policy_gradient_loss | -0.0239     |
|    std                  | 1.5         |
|    value_loss           | 0.0133      |
-----------------------------------------
-----------------------------------------
| rollout/                |             |
|    ep_len_mean          | 651         |
|    ep_rew_mean          | 4.05e+03    |
| time/                   |             |
|    fps                  | 1476        |
|    iterations           | 144         |
|    time_elapsed         | 6390        |
|    total_timesteps      | 9437184     |
| train/                  |             |
|    approx_kl            | 0.021206543 |
|    clip_fraction        | 0.356       |
|    clip_range           | 0.15        |
|    entropy_loss         | -30.8       |
|    explained_variance   | 0.934       |
|    learning_rate        | 0.0001      |
|    loss                 | -0.329      |
|    n_updates            | 2145        |
|    policy_gradient_loss | -0.0233     |
|    std                  | 1.51        |
|    value_loss           | 0.0127      |
-----------------------------------------
----------------------------------------
| rollout/                |            |
|    ep_len_mean          | 650        |
|    ep_rew_mean          | 4.04e+03   |
| time/                   |            |
|    fps                  | 1476       |
|    iterations           | 145        |
|    time_elapsed         | 6436       |
|    total_timesteps      | 9502720    |
| train/                  |            |
|    approx_kl            | 0.02179693 |
|    clip_fraction        | 0.362      |
|    clip_range           | 0.15       |
|    entropy_loss         | -30.8      |
|    explained_variance   | 0.934      |
|    learning_rate        | 0.0001     |
|    loss                 | -0.319     |
|    n_updates            | 2160       |
|    policy_gradient_loss | -0.0235    |
|    std                  | 1.52       |
|    value_loss           | 0.0119     |
----------------------------------------
-----------------------------------------
| rollout/                |             |
|    ep_len_mean          | 678         |
|    ep_rew_mean          | 4.21e+03    |
| time/                   |             |
|    fps                  | 1476        |
|    iterations           | 146         |
|    time_elapsed         | 6479        |
|    total_timesteps      | 9568256     |
| train/                  |             |
|    approx_kl            | 0.022151418 |
|    clip_fraction        | 0.359       |
|    clip_range           | 0.15        |
|    entropy_loss         | -30.9       |
|    explained_variance   | 0.932       |
|    learning_rate        | 0.0001      |
|    loss                 | -0.331      |
|    n_updates            | 2175        |
|    policy_gradient_loss | -0.0234     |
|    std                  | 1.52        |
|    value_loss           | 0.0116      |
-----------------------------------------
-----------------------------------------
| rollout/                |             |
|    ep_len_mean          | 629         |
|    ep_rew_mean          | 3.92e+03    |
| time/                   |             |
|    fps                  | 1476        |
|    iterations           | 147         |
|    time_elapsed         | 6522        |
|    total_timesteps      | 9633792     |
| train/                  |             |
|    approx_kl            | 0.021389522 |
|    clip_fraction        | 0.359       |
|    clip_range           | 0.15        |
|    entropy_loss         | -31         |
|    explained_variance   | 0.936       |
|    learning_rate        | 0.0001      |
|    loss                 | -0.336      |
|    n_updates            | 2190        |
|    policy_gradient_loss | -0.023      |
|    std                  | 1.53        |
|    value_loss           | 0.0093      |
-----------------------------------------
-----------------------------------------
| rollout/                |             |
|    ep_len_mean          | 632         |
|    ep_rew_mean          | 3.96e+03    |
| time/                   |             |
|    fps                  | 1477        |
|    iterations           | 148         |
|    time_elapsed         | 6564        |
|    total_timesteps      | 9699328     |
| train/                  |             |
|    approx_kl            | 0.021040084 |
|    clip_fraction        | 0.356       |
|    clip_range           | 0.15        |
|    entropy_loss         | -31.1       |
|    explained_variance   | 0.938       |
|    learning_rate        | 0.0001      |
|    loss                 | -0.339      |
|    n_updates            | 2205        |
|    policy_gradient_loss | -0.0229     |
|    std                  | 1.54        |
|    value_loss           | 0.01        |
-----------------------------------------
----------------------------------------
| rollout/                |            |
|    ep_len_mean          | 618        |
|    ep_rew_mean          | 3.85e+03   |
| time/                   |            |
|    fps                  | 1477       |
|    iterations           | 149        |
|    time_elapsed         | 6609       |
|    total_timesteps      | 9764864    |
| train/                  |            |
|    approx_kl            | 0.02233357 |
|    clip_fraction        | 0.362      |
|    clip_range           | 0.15       |
|    entropy_loss         | -31.2      |
|    explained_variance   | 0.936      |
|    learning_rate        | 0.0001     |
|    loss                 | -0.338     |
|    n_updates            | 2220       |
|    policy_gradient_loss | -0.0237    |
|    std                  | 1.55       |
|    value_loss           | 0.0117     |
----------------------------------------
-----------------------------------------
| rollout/                |             |
|    ep_len_mean          | 675         |
|    ep_rew_mean          | 4.22e+03    |
| time/                   |             |
|    fps                  | 1477        |
|    iterations           | 150         |
|    time_elapsed         | 6653        |
|    total_timesteps      | 9830400     |
| train/                  |             |
|    approx_kl            | 0.022225205 |
|    clip_fraction        | 0.365       |
|    clip_range           | 0.15        |
|    entropy_loss         | -31.3       |
|    explained_variance   | 0.932       |
|    learning_rate        | 0.0001      |
|    loss                 | -0.341      |
|    n_updates            | 2235        |
|    policy_gradient_loss | -0.0239     |
|    std                  | 1.56        |
|    value_loss           | 0.012       |
-----------------------------------------
-----------------------------------------
| rollout/                |             |
|    ep_len_mean          | 696         |
|    ep_rew_mean          | 4.37e+03    |
| time/                   |             |
|    fps                  | 1477        |
|    iterations           | 151         |
|    time_elapsed         | 6697        |
|    total_timesteps      | 9895936     |
| train/                  |             |
|    approx_kl            | 0.021471402 |
|    clip_fraction        | 0.355       |
|    clip_range           | 0.15        |
|    entropy_loss         | -31.3       |
|    explained_variance   | 0.931       |
|    learning_rate        | 0.0001      |
|    loss                 | -0.343      |
|    n_updates            | 2250        |
|    policy_gradient_loss | -0.0232     |
|    std                  | 1.56        |
|    value_loss           | 0.0102      |
-----------------------------------------
-----------------------------------------
| rollout/                |             |
|    ep_len_mean          | 682         |
|    ep_rew_mean          | 4.31e+03    |
| time/                   |             |
|    fps                  | 1477        |
|    iterations           | 152         |
|    time_elapsed         | 6742        |
|    total_timesteps      | 9961472     |
| train/                  |             |
|    approx_kl            | 0.021213515 |
|    clip_fraction        | 0.357       |
|    clip_range           | 0.15        |
|    entropy_loss         | -31.4       |
|    explained_variance   | 0.927       |
|    learning_rate        | 0.0001      |
|    loss                 | -0.34       |
|    n_updates            | 2265        |
|    policy_gradient_loss | -0.0227     |
|    std                  | 1.57        |
|    value_loss           | 0.0092      |
-----------------------------------------
-----------------------------------------
| rollout/                |             |
|    ep_len_mean          | 717         |
|    ep_rew_mean          | 4.54e+03    |
| time/                   |             |
|    fps                  | 1477        |
|    iterations           | 153         |
|    time_elapsed         | 6784        |
|    total_timesteps      | 10027008    |
| train/                  |             |
|    approx_kl            | 0.022525445 |
|    clip_fraction        | 0.365       |
|    clip_range           | 0.15        |
|    entropy_loss         | -31.5       |
|    explained_variance   | 0.926       |
|    learning_rate        | 0.0001      |
|    loss                 | -0.345      |
|    n_updates            | 2280        |
|    policy_gradient_loss | -0.0232     |
|    std                  | 1.58        |
|    value_loss           | 0.0113      |
-----------------------------------------
-----------------------------------------
| rollout/                |             |
|    ep_len_mean          | 677         |
|    ep_rew_mean          | 4.29e+03    |
| time/                   |             |
|    fps                  | 1478        |
|    iterations           | 154         |
|    time_elapsed         | 6827        |
|    total_timesteps      | 10092544    |
| train/                  |             |
|    approx_kl            | 0.021376498 |
|    clip_fraction        | 0.358       |
|    clip_range           | 0.15        |
|    entropy_loss         | -31.6       |
|    explained_variance   | 0.933       |
|    learning_rate        | 0.0001      |
|    loss                 | -0.339      |
|    n_updates            | 2295        |
|    policy_gradient_loss | -0.0234     |
|    std                  | 1.59        |
|    value_loss           | 0.0095      |
-----------------------------------------
----------------------------------------
| rollout/                |            |
|    ep_len_mean          | 755        |
|    ep_rew_mean          | 4.81e+03   |
| time/                   |            |
|    fps                  | 1478       |
|    iterations           | 155        |
|    time_elapsed         | 6869       |
|    total_timesteps      | 10158080   |
| train/                  |            |
|    approx_kl            | 0.02179836 |
|    clip_fraction        | 0.361      |
|    clip_range           | 0.15       |
|    entropy_loss         | -31.7      |
|    explained_variance   | 0.933      |
|    learning_rate        | 0.0001     |
|    loss                 | -0.337     |
|    n_updates            | 2310       |
|    policy_gradient_loss | -0.0233    |
|    std                  | 1.6        |
|    value_loss           | 0.0101     |
----------------------------------------
----------------------------------------
| rollout/                |            |
|    ep_len_mean          | 765        |
|    ep_rew_mean          | 4.9e+03    |
| time/                   |            |
|    fps                  | 1478       |
|    iterations           | 156        |
|    time_elapsed         | 6913       |
|    total_timesteps      | 10223616   |
| train/                  |            |
|    approx_kl            | 0.02125753 |
|    clip_fraction        | 0.359      |
|    clip_range           | 0.15       |
|    entropy_loss         | -31.8      |
|    explained_variance   | 0.923      |
|    learning_rate        | 0.0001     |
|    loss                 | -0.329     |
|    n_updates            | 2325       |
|    policy_gradient_loss | -0.0221    |
|    std                  | 1.61       |
|    value_loss           | 0.00837    |
----------------------------------------
-----------------------------------------
| rollout/                |             |
|    ep_len_mean          | 745         |
|    ep_rew_mean          | 4.76e+03    |
| time/                   |             |
|    fps                  | 1478        |
|    iterations           | 157         |
|    time_elapsed         | 6958        |
|    total_timesteps      | 10289152    |
| train/                  |             |
|    approx_kl            | 0.022004094 |
|    clip_fraction        | 0.36        |
|    clip_range           | 0.15        |
|    entropy_loss         | -31.9       |
|    explained_variance   | 0.932       |
|    learning_rate        | 0.0001      |
|    loss                 | -0.345      |
|    n_updates            | 2340        |
|    policy_gradient_loss | -0.0221     |
|    std                  | 1.62        |
|    value_loss           | 0.00827     |
-----------------------------------------
-----------------------------------------
| rollout/                |             |
|    ep_len_mean          | 629         |
|    ep_rew_mean          | 4.03e+03    |
| time/                   |             |
|    fps                  | 1478        |
|    iterations           | 158         |
|    time_elapsed         | 7001        |
|    total_timesteps      | 10354688    |
| train/                  |             |
|    approx_kl            | 0.021935347 |
|    clip_fraction        | 0.364       |
|    clip_range           | 0.15        |
|    entropy_loss         | -32         |
|    explained_variance   | 0.926       |
|    learning_rate        | 0.0001      |
|    loss                 | -0.343      |
|    n_updates            | 2355        |
|    policy_gradient_loss | -0.0223     |
|    std                  | 1.63        |
|    value_loss           | 0.00901     |
-----------------------------------------
-----------------------------------------
| rollout/                |             |
|    ep_len_mean          | 688         |
|    ep_rew_mean          | 4.41e+03    |
| time/                   |             |
|    fps                  | 1479        |
|    iterations           | 159         |
|    time_elapsed         | 7044        |
|    total_timesteps      | 10420224    |
| train/                  |             |
|    approx_kl            | 0.022409543 |
|    clip_fraction        | 0.362       |
|    clip_range           | 0.15        |
|    entropy_loss         | -32.1       |
|    explained_variance   | 0.93        |
|    learning_rate        | 0.0001      |
|    loss                 | -0.345      |
|    n_updates            | 2370        |
|    policy_gradient_loss | -0.023      |
|    std                  | 1.64        |
|    value_loss           | 0.0105      |
-----------------------------------------
-----------------------------------------
| rollout/                |             |
|    ep_len_mean          | 684         |
|    ep_rew_mean          | 4.4e+03     |
| time/                   |             |
|    fps                  | 1479        |
|    iterations           | 160         |
|    time_elapsed         | 7088        |
|    total_timesteps      | 10485760    |
| train/                  |             |
|    approx_kl            | 0.022642331 |
|    clip_fraction        | 0.367       |
|    clip_range           | 0.15        |
|    entropy_loss         | -32.2       |
|    explained_variance   | 0.929       |
|    learning_rate        | 0.0001      |
|    loss                 | -0.33       |
|    n_updates            | 2385        |
|    policy_gradient_loss | -0.0224     |
|    std                  | 1.65        |
|    value_loss           | 0.00956     |
-----------------------------------------
-----------------------------------------
| rollout/                |             |
|    ep_len_mean          | 669         |
|    ep_rew_mean          | 4.33e+03    |
| time/                   |             |
|    fps                  | 1478        |
|    iterations           | 161         |
|    time_elapsed         | 7134        |
|    total_timesteps      | 10551296    |
| train/                  |             |
|    approx_kl            | 0.021523772 |
|    clip_fraction        | 0.358       |
|    clip_range           | 0.15        |
|    entropy_loss         | -32.3       |
|    explained_variance   | 0.928       |
|    learning_rate        | 0.0001      |
|    loss                 | -0.333      |
|    n_updates            | 2400        |
|    policy_gradient_loss | -0.0219     |
|    std                  | 1.66        |
|    value_loss           | 0.00936     |
-----------------------------------------
----------------------------------------
| rollout/                |            |
|    ep_len_mean          | 686        |
|    ep_rew_mean          | 4.43e+03   |
| time/                   |            |
|    fps                  | 1478       |
|    iterations           | 162        |
|    time_elapsed         | 7179       |
|    total_timesteps      | 10616832   |
| train/                  |            |
|    approx_kl            | 0.02285958 |
|    clip_fraction        | 0.369      |
|    clip_range           | 0.15       |
|    entropy_loss         | -32.4      |
|    explained_variance   | 0.925      |
|    learning_rate        | 0.0001     |
|    loss                 | -0.346     |
|    n_updates            | 2415       |
|    policy_gradient_loss | -0.0228    |
|    std                  | 1.67       |
|    value_loss           | 0.0112     |
----------------------------------------
-----------------------------------------
| rollout/                |             |
|    ep_len_mean          | 751         |
|    ep_rew_mean          | 4.89e+03    |
| time/                   |             |
|    fps                  | 1478        |
|    iterations           | 163         |
|    time_elapsed         | 7223        |
|    total_timesteps      | 10682368    |
| train/                  |             |
|    approx_kl            | 0.022052834 |
|    clip_fraction        | 0.364       |
|    clip_range           | 0.15        |
|    entropy_loss         | -32.5       |
|    explained_variance   | 0.928       |
|    learning_rate        | 0.0001      |
|    loss                 | -0.346      |
|    n_updates            | 2430        |
|    policy_gradient_loss | -0.0226     |
|    std                  | 1.68        |
|    value_loss           | 0.00988     |
-----------------------------------------
-----------------------------------------
| rollout/                |             |
|    ep_len_mean          | 702         |
|    ep_rew_mean          | 4.59e+03    |
| time/                   |             |
|    fps                  | 1478        |
|    iterations           | 164         |
|    time_elapsed         | 7267        |
|    total_timesteps      | 10747904    |
| train/                  |             |
|    approx_kl            | 0.022172332 |
|    clip_fraction        | 0.364       |
|    clip_range           | 0.15        |
|    entropy_loss         | -32.6       |
|    explained_variance   | 0.923       |
|    learning_rate        | 0.0001      |
|    loss                 | -0.356      |
|    n_updates            | 2445        |
|    policy_gradient_loss | -0.0229     |
|    std                  | 1.69        |
|    value_loss           | 0.00854     |
-----------------------------------------
----------------------------------------
| rollout/                |            |
|    ep_len_mean          | 699        |
|    ep_rew_mean          | 4.55e+03   |
| time/                   |            |
|    fps                  | 1479       |
|    iterations           | 165        |
|    time_elapsed         | 7308       |
|    total_timesteps      | 10813440   |
| train/                  |            |
|    approx_kl            | 0.02221096 |
|    clip_fraction        | 0.365      |
|    clip_range           | 0.15       |
|    entropy_loss         | -32.7      |
|    explained_variance   | 0.915      |
|    learning_rate        | 0.0001     |
|    loss                 | -0.356     |
|    n_updates            | 2460       |
|    policy_gradient_loss | -0.0223    |
|    std                  | 1.7        |
|    value_loss           | 0.0094     |
----------------------------------------
----------------------------------------
| rollout/                |            |
|    ep_len_mean          | 727        |
|    ep_rew_mean          | 4.74e+03   |
| time/                   |            |
|    fps                  | 1479       |
|    iterations           | 166        |
|    time_elapsed         | 7352       |
|    total_timesteps      | 10878976   |
| train/                  |            |
|    approx_kl            | 0.02120668 |
|    clip_fraction        | 0.36       |
|    clip_range           | 0.15       |
|    entropy_loss         | -32.8      |
|    explained_variance   | 0.927      |
|    learning_rate        | 0.0001     |
|    loss                 | -0.348     |
|    n_updates            | 2475       |
|    policy_gradient_loss | -0.0223    |
|    std                  | 1.71       |
|    value_loss           | 0.00853    |
----------------------------------------
----------------------------------------
| rollout/                |            |
|    ep_len_mean          | 695        |
|    ep_rew_mean          | 4.54e+03   |
| time/                   |            |
|    fps                  | 1480       |
|    iterations           | 167        |
|    time_elapsed         | 7394       |
|    total_timesteps      | 10944512   |
| train/                  |            |
|    approx_kl            | 0.02081012 |
|    clip_fraction        | 0.353      |
|    clip_range           | 0.15       |
|    entropy_loss         | -32.9      |
|    explained_variance   | 0.932      |
|    learning_rate        | 0.0001     |
|    loss                 | -0.357     |
|    n_updates            | 2490       |
|    policy_gradient_loss | -0.0212    |
|    std                  | 1.72       |
|    value_loss           | 0.0071     |
----------------------------------------
-----------------------------------------
| rollout/                |             |
|    ep_len_mean          | 711         |
|    ep_rew_mean          | 4.67e+03    |
| time/                   |             |
|    fps                  | 1480        |
|    iterations           | 168         |
|    time_elapsed         | 7438        |
|    total_timesteps      | 11010048    |
| train/                  |             |
|    approx_kl            | 0.022052402 |
|    clip_fraction        | 0.367       |
|    clip_range           | 0.15        |
|    entropy_loss         | -33         |
|    explained_variance   | 0.92        |
|    learning_rate        | 0.0001      |
|    loss                 | -0.354      |
|    n_updates            | 2505        |
|    policy_gradient_loss | -0.0217     |
|    std                  | 1.73        |
|    value_loss           | 0.00884     |
-----------------------------------------
-----------------------------------------
| rollout/                |             |
|    ep_len_mean          | 762         |
|    ep_rew_mean          | 5e+03       |
| time/                   |             |
|    fps                  | 1480        |
|    iterations           | 169         |
|    time_elapsed         | 7482        |
|    total_timesteps      | 11075584    |
| train/                  |             |
|    approx_kl            | 0.022494081 |
|    clip_fraction        | 0.365       |
|    clip_range           | 0.15        |
|    entropy_loss         | -33.1       |
|    explained_variance   | 0.914       |
|    learning_rate        | 0.0001      |
|    loss                 | -0.348      |
|    n_updates            | 2520        |
|    policy_gradient_loss | -0.0226     |
|    std                  | 1.74        |
|    value_loss           | 0.00928     |
-----------------------------------------
-----------------------------------------
| rollout/                |             |
|    ep_len_mean          | 764         |
|    ep_rew_mean          | 5.02e+03    |
| time/                   |             |
|    fps                  | 1480        |
|    iterations           | 170         |
|    time_elapsed         | 7524        |
|    total_timesteps      | 11141120    |
| train/                  |             |
|    approx_kl            | 0.022251321 |
|    clip_fraction        | 0.364       |
|    clip_range           | 0.15        |
|    entropy_loss         | -33.2       |
|    explained_variance   | 0.917       |
|    learning_rate        | 0.0001      |
|    loss                 | -0.353      |
|    n_updates            | 2535        |
|    policy_gradient_loss | -0.0219     |
|    std                  | 1.75        |
|    value_loss           | 0.00843     |
-----------------------------------------
---------------------------------------
| rollout/                |           |
|    ep_len_mean          | 761       |
|    ep_rew_mean          | 5.03e+03  |
| time/                   |           |
|    fps                  | 1480      |
|    iterations           | 171       |
|    time_elapsed         | 7569      |
|    total_timesteps      | 11206656  |
| train/                  |           |
|    approx_kl            | 0.0222206 |
|    clip_fraction        | 0.369     |
|    clip_range           | 0.15      |
|    entropy_loss         | -33.3     |
|    explained_variance   | 0.912     |
|    learning_rate        | 0.0001    |
|    loss                 | -0.344    |
|    n_updates            | 2550      |
|    policy_gradient_loss | -0.0221   |
|    std                  | 1.76      |
|    value_loss           | 0.00767   |
---------------------------------------
-----------------------------------------
| rollout/                |             |
|    ep_len_mean          | 746         |
|    ep_rew_mean          | 4.94e+03    |
| time/                   |             |
|    fps                  | 1480        |
|    iterations           | 172         |
|    time_elapsed         | 7614        |
|    total_timesteps      | 11272192    |
| train/                  |             |
|    approx_kl            | 0.021862108 |
|    clip_fraction        | 0.361       |
|    clip_range           | 0.15        |
|    entropy_loss         | -33.4       |
|    explained_variance   | 0.91        |
|    learning_rate        | 0.0001      |
|    loss                 | -0.364      |
|    n_updates            | 2565        |
|    policy_gradient_loss | -0.0224     |
|    std                  | 1.78        |
|    value_loss           | 0.00785     |
-----------------------------------------
-----------------------------------------
| rollout/                |             |
|    ep_len_mean          | 740         |
|    ep_rew_mean          | 4.89e+03    |
| time/                   |             |
|    fps                  | 1480        |
|    iterations           | 173         |
|    time_elapsed         | 7658        |
|    total_timesteps      | 11337728    |
| train/                  |             |
|    approx_kl            | 0.022497017 |
|    clip_fraction        | 0.366       |
|    clip_range           | 0.15        |
|    entropy_loss         | -33.5       |
|    explained_variance   | 0.918       |
|    learning_rate        | 0.0001      |
|    loss                 | -0.362      |
|    n_updates            | 2580        |
|    policy_gradient_loss | -0.0223     |
|    std                  | 1.79        |
|    value_loss           | 0.00912     |
-----------------------------------------
-----------------------------------------
| rollout/                |             |
|    ep_len_mean          | 746         |
|    ep_rew_mean          | 4.94e+03    |
| time/                   |             |
|    fps                  | 1480        |
|    iterations           | 174         |
|    time_elapsed         | 7700        |
|    total_timesteps      | 11403264    |
| train/                  |             |
|    approx_kl            | 0.022184867 |
|    clip_fraction        | 0.362       |
|    clip_range           | 0.15        |
|    entropy_loss         | -33.6       |
|    explained_variance   | 0.926       |
|    learning_rate        | 0.0001      |
|    loss                 | -0.36       |
|    n_updates            | 2595        |
|    policy_gradient_loss | -0.0225     |
|    std                  | 1.8         |
|    value_loss           | 0.008       |
-----------------------------------------
-----------------------------------------
| rollout/                |             |
|    ep_len_mean          | 751         |
|    ep_rew_mean          | 4.98e+03    |
| time/                   |             |
|    fps                  | 1480        |
|    iterations           | 175         |
|    time_elapsed         | 7745        |
|    total_timesteps      | 11468800    |
| train/                  |             |
|    approx_kl            | 0.020661348 |
|    clip_fraction        | 0.354       |
|    clip_range           | 0.15        |
|    entropy_loss         | -33.7       |
|    explained_variance   | 0.933       |
|    learning_rate        | 0.0001      |
|    loss                 | -0.362      |
|    n_updates            | 2610        |
|    policy_gradient_loss | -0.0212     |
|    std                  | 1.81        |
|    value_loss           | 0.00623     |
-----------------------------------------
-----------------------------------------
| rollout/                |             |
|    ep_len_mean          | 693         |
|    ep_rew_mean          | 4.6e+03     |
| time/                   |             |
|    fps                  | 1480        |
|    iterations           | 176         |
|    time_elapsed         | 7789        |
|    total_timesteps      | 11534336    |
| train/                  |             |
|    approx_kl            | 0.022528112 |
|    clip_fraction        | 0.37        |
|    clip_range           | 0.15        |
|    entropy_loss         | -33.8       |
|    explained_variance   | 0.92        |
|    learning_rate        | 0.0001      |
|    loss                 | -0.361      |
|    n_updates            | 2625        |
|    policy_gradient_loss | -0.0218     |
|    std                  | 1.83        |
|    value_loss           | 0.00799     |
-----------------------------------------
-----------------------------------------
| rollout/                |             |
|    ep_len_mean          | 759         |
|    ep_rew_mean          | 5.06e+03    |
| time/                   |             |
|    fps                  | 1480        |
|    iterations           | 177         |
|    time_elapsed         | 7832        |
|    total_timesteps      | 11599872    |
| train/                  |             |
|    approx_kl            | 0.021811688 |
|    clip_fraction        | 0.36        |
|    clip_range           | 0.15        |
|    entropy_loss         | -34         |
|    explained_variance   | 0.919       |
|    learning_rate        | 0.0001      |
|    loss                 | -0.364      |
|    n_updates            | 2640        |
|    policy_gradient_loss | -0.0216     |
|    std                  | 1.84        |
|    value_loss           | 0.00886     |
-----------------------------------------
-----------------------------------------
| rollout/                |             |
|    ep_len_mean          | 767         |
|    ep_rew_mean          | 5.11e+03    |
| time/                   |             |
|    fps                  | 1481        |
|    iterations           | 178         |
|    time_elapsed         | 7876        |
|    total_timesteps      | 11665408    |
| train/                  |             |
|    approx_kl            | 0.022454701 |
|    clip_fraction        | 0.367       |
|    clip_range           | 0.15        |
|    entropy_loss         | -34.1       |
|    explained_variance   | 0.896       |
|    learning_rate        | 0.0001      |
|    loss                 | -0.369      |
|    n_updates            | 2655        |
|    policy_gradient_loss | -0.022      |
|    std                  | 1.85        |
|    value_loss           | 0.00888     |
-----------------------------------------
-----------------------------------------
| rollout/                |             |
|    ep_len_mean          | 714         |
|    ep_rew_mean          | 4.76e+03    |
| time/                   |             |
|    fps                  | 1481        |
|    iterations           | 179         |
|    time_elapsed         | 7920        |
|    total_timesteps      | 11730944    |
| train/                  |             |
|    approx_kl            | 0.021322094 |
|    clip_fraction        | 0.355       |
|    clip_range           | 0.15        |
|    entropy_loss         | -34.1       |
|    explained_variance   | 0.907       |
|    learning_rate        | 0.0001      |
|    loss                 | -0.353      |
|    n_updates            | 2670        |
|    policy_gradient_loss | -0.021      |
|    std                  | 1.86        |
|    value_loss           | 0.00716     |
-----------------------------------------
-----------------------------------------
| rollout/                |             |
|    ep_len_mean          | 726         |
|    ep_rew_mean          | 4.84e+03    |
| time/                   |             |
|    fps                  | 1481        |
|    iterations           | 180         |
|    time_elapsed         | 7964        |
|    total_timesteps      | 11796480    |
| train/                  |             |
|    approx_kl            | 0.021433193 |
|    clip_fraction        | 0.36        |
|    clip_range           | 0.15        |
|    entropy_loss         | -34.3       |
|    explained_variance   | 0.923       |
|    learning_rate        | 0.0001      |
|    loss                 | -0.371      |
|    n_updates            | 2685        |
|    policy_gradient_loss | -0.0221     |
|    std                  | 1.87        |
|    value_loss           | 0.00879     |
-----------------------------------------
-----------------------------------------
| rollout/                |             |
|    ep_len_mean          | 686         |
|    ep_rew_mean          | 4.6e+03     |
| time/                   |             |
|    fps                  | 1481        |
|    iterations           | 181         |
|    time_elapsed         | 8006        |
|    total_timesteps      | 11862016    |
| train/                  |             |
|    approx_kl            | 0.021406882 |
|    clip_fraction        | 0.358       |
|    clip_range           | 0.15        |
|    entropy_loss         | -34.4       |
|    explained_variance   | 0.918       |
|    learning_rate        | 0.0001      |
|    loss                 | -0.365      |
|    n_updates            | 2700        |
|    policy_gradient_loss | -0.0212     |
|    std                  | 1.89        |
|    value_loss           | 0.00682     |
-----------------------------------------
-----------------------------------------
| rollout/                |             |
|    ep_len_mean          | 740         |
|    ep_rew_mean          | 4.96e+03    |
| time/                   |             |
|    fps                  | 1481        |
|    iterations           | 182         |
|    time_elapsed         | 8051        |
|    total_timesteps      | 11927552    |
| train/                  |             |
|    approx_kl            | 0.021773279 |
|    clip_fraction        | 0.359       |
|    clip_range           | 0.15        |
|    entropy_loss         | -34.5       |
|    explained_variance   | 0.928       |
|    learning_rate        | 0.0001      |
|    loss                 | -0.369      |
|    n_updates            | 2715        |
|    policy_gradient_loss | -0.0216     |
|    std                  | 1.9         |
|    value_loss           | 0.00815     |
-----------------------------------------
-----------------------------------------
| rollout/                |             |
|    ep_len_mean          | 760         |
|    ep_rew_mean          | 5.09e+03    |
| time/                   |             |
|    fps                  | 1481        |
|    iterations           | 183         |
|    time_elapsed         | 8095        |
|    total_timesteps      | 11993088    |
| train/                  |             |
|    approx_kl            | 0.022123298 |
|    clip_fraction        | 0.361       |
|    clip_range           | 0.15        |
|    entropy_loss         | -34.6       |
|    explained_variance   | 0.924       |
|    learning_rate        | 0.0001      |
|    loss                 | -0.374      |
|    n_updates            | 2730        |
|    policy_gradient_loss | -0.0214     |
|    std                  | 1.91        |
|    value_loss           | 0.00756     |
-----------------------------------------
-----------------------------------------
| rollout/                |             |
|    ep_len_mean          | 799         |
|    ep_rew_mean          | 5.37e+03    |
| time/                   |             |
|    fps                  | 1481        |
|    iterations           | 184         |
|    time_elapsed         | 8137        |
|    total_timesteps      | 12058624    |
| train/                  |             |
|    approx_kl            | 0.021995911 |
|    clip_fraction        | 0.366       |
|    clip_range           | 0.15        |
|    entropy_loss         | -34.7       |
|    explained_variance   | 0.916       |
|    learning_rate        | 0.0001      |
|    loss                 | -0.37       |
|    n_updates            | 2745        |
|    policy_gradient_loss | -0.0217     |
|    std                  | 1.92        |
|    value_loss           | 0.00655     |
-----------------------------------------
-----------------------------------------
| rollout/                |             |
|    ep_len_mean          | 791         |
|    ep_rew_mean          | 5.31e+03    |
| time/                   |             |
|    fps                  | 1482        |
|    iterations           | 185         |
|    time_elapsed         | 8179        |
|    total_timesteps      | 12124160    |
| train/                  |             |
|    approx_kl            | 0.022954728 |
|    clip_fraction        | 0.37        |
|    clip_range           | 0.15        |
|    entropy_loss         | -34.8       |
|    explained_variance   | 0.902       |
|    learning_rate        | 0.0001      |
|    loss                 | -0.363      |
|    n_updates            | 2760        |
|    policy_gradient_loss | -0.0225     |
|    std                  | 1.94        |
|    value_loss           | 0.00759     |
-----------------------------------------
-----------------------------------------
| rollout/                |             |
|    ep_len_mean          | 752         |
|    ep_rew_mean          | 5.04e+03    |
| time/                   |             |
|    fps                  | 1482        |
|    iterations           | 186         |
|    time_elapsed         | 8223        |
|    total_timesteps      | 12189696    |
| train/                  |             |
|    approx_kl            | 0.021267291 |
|    clip_fraction        | 0.362       |
|    clip_range           | 0.15        |
|    entropy_loss         | -34.9       |
|    explained_variance   | 0.908       |
|    learning_rate        | 0.0001      |
|    loss                 | -0.374      |
|    n_updates            | 2775        |
|    policy_gradient_loss | -0.0217     |
|    std                  | 1.95        |
|    value_loss           | 0.00782     |
-----------------------------------------
-----------------------------------------
| rollout/                |             |
|    ep_len_mean          | 711         |
|    ep_rew_mean          | 4.78e+03    |
| time/                   |             |
|    fps                  | 1482        |
|    iterations           | 187         |
|    time_elapsed         | 8266        |
|    total_timesteps      | 12255232    |
| train/                  |             |
|    approx_kl            | 0.021288708 |
|    clip_fraction        | 0.358       |
|    clip_range           | 0.15        |
|    entropy_loss         | -35         |
|    explained_variance   | 0.92        |
|    learning_rate        | 0.0001      |
|    loss                 | -0.386      |
|    n_updates            | 2790        |
|    policy_gradient_loss | -0.0216     |
|    std                  | 1.96        |
|    value_loss           | 0.00689     |
-----------------------------------------
-----------------------------------------
| rollout/                |             |
|    ep_len_mean          | 796         |
|    ep_rew_mean          | 5.38e+03    |
| time/                   |             |
|    fps                  | 1482        |
|    iterations           | 188         |
|    time_elapsed         | 8309        |
|    total_timesteps      | 12320768    |
| train/                  |             |
|    approx_kl            | 0.021369494 |
|    clip_fraction        | 0.353       |
|    clip_range           | 0.15        |
|    entropy_loss         | -35.1       |
|    explained_variance   | 0.921       |
|    learning_rate        | 0.0001      |
|    loss                 | -0.37       |
|    n_updates            | 2805        |
|    policy_gradient_loss | -0.0218     |
|    std                  | 1.97        |
|    value_loss           | 0.00771     |
-----------------------------------------
-----------------------------------------
| rollout/                |             |
|    ep_len_mean          | 743         |
|    ep_rew_mean          | 5.03e+03    |
| time/                   |             |
|    fps                  | 1483        |
|    iterations           | 189         |
|    time_elapsed         | 8351        |
|    total_timesteps      | 12386304    |
| train/                  |             |
|    approx_kl            | 0.020669697 |
|    clip_fraction        | 0.352       |
|    clip_range           | 0.15        |
|    entropy_loss         | -35.2       |
|    explained_variance   | 0.907       |
|    learning_rate        | 0.0001      |
|    loss                 | -0.372      |
|    n_updates            | 2820        |
|    policy_gradient_loss | -0.0199     |
|    std                  | 1.99        |
|    value_loss           | 0.00594     |
-----------------------------------------
-----------------------------------------
| rollout/                |             |
|    ep_len_mean          | 789         |
|    ep_rew_mean          | 5.32e+03    |
| time/                   |             |
|    fps                  | 1483        |
|    iterations           | 190         |
|    time_elapsed         | 8395        |
|    total_timesteps      | 12451840    |
| train/                  |             |
|    approx_kl            | 0.022502305 |
|    clip_fraction        | 0.364       |
|    clip_range           | 0.15        |
|    entropy_loss         | -35.3       |
|    explained_variance   | 0.916       |
|    learning_rate        | 0.0001      |
|    loss                 | -0.384      |
|    n_updates            | 2835        |
|    policy_gradient_loss | -0.0219     |
|    std                  | 2           |
|    value_loss           | 0.00775     |
-----------------------------------------
-----------------------------------------
| rollout/                |             |
|    ep_len_mean          | 808         |
|    ep_rew_mean          | 5.48e+03    |
| time/                   |             |
|    fps                  | 1483        |
|    iterations           | 191         |
|    time_elapsed         | 8439        |
|    total_timesteps      | 12517376    |
| train/                  |             |
|    approx_kl            | 0.021579461 |
|    clip_fraction        | 0.361       |
|    clip_range           | 0.15        |
|    entropy_loss         | -35.5       |
|    explained_variance   | 0.905       |
|    learning_rate        | 0.0001      |
|    loss                 | -0.384      |
|    n_updates            | 2850        |
|    policy_gradient_loss | -0.0217     |
|    std                  | 2.02        |
|    value_loss           | 0.00725     |
-----------------------------------------
-----------------------------------------
| rollout/                |             |
|    ep_len_mean          | 796         |
|    ep_rew_mean          | 5.43e+03    |
| time/                   |             |
|    fps                  | 1483        |
|    iterations           | 192         |
|    time_elapsed         | 8481        |
|    total_timesteps      | 12582912    |
| train/                  |             |
|    approx_kl            | 0.022108717 |
|    clip_fraction        | 0.359       |
|    clip_range           | 0.15        |
|    entropy_loss         | -35.6       |
|    explained_variance   | 0.905       |
|    learning_rate        | 0.0001      |
|    loss                 | -0.383      |
|    n_updates            | 2865        |
|    policy_gradient_loss | -0.0218     |
|    std                  | 2.03        |
|    value_loss           | 0.00641     |
-----------------------------------------
-----------------------------------------
| rollout/                |             |
|    ep_len_mean          | 728         |
|    ep_rew_mean          | 4.95e+03    |
| time/                   |             |
|    fps                  | 1483        |
|    iterations           | 193         |
|    time_elapsed         | 8523        |
|    total_timesteps      | 12648448    |
| train/                  |             |
|    approx_kl            | 0.021553986 |
|    clip_fraction        | 0.362       |
|    clip_range           | 0.15        |
|    entropy_loss         | -35.7       |
|    explained_variance   | 0.916       |
|    learning_rate        | 0.0001      |
|    loss                 | -0.379      |
|    n_updates            | 2880        |
|    policy_gradient_loss | -0.021      |
|    std                  | 2.05        |
|    value_loss           | 0.00781     |
-----------------------------------------
-----------------------------------------
| rollout/                |             |
|    ep_len_mean          | 742         |
|    ep_rew_mean          | 5.05e+03    |
| time/                   |             |
|    fps                  | 1483        |
|    iterations           | 194         |
|    time_elapsed         | 8568        |
|    total_timesteps      | 12713984    |
| train/                  |             |
|    approx_kl            | 0.022175465 |
|    clip_fraction        | 0.364       |
|    clip_range           | 0.15        |
|    entropy_loss         | -35.8       |
|    explained_variance   | 0.92        |
|    learning_rate        | 0.0001      |
|    loss                 | -0.383      |
|    n_updates            | 2895        |
|    policy_gradient_loss | -0.0216     |
|    std                  | 2.07        |
|    value_loss           | 0.0074      |
-----------------------------------------
-----------------------------------------
| rollout/                |             |
|    ep_len_mean          | 740         |
|    ep_rew_mean          | 5.05e+03    |
| time/                   |             |
|    fps                  | 1483        |
|    iterations           | 195         |
|    time_elapsed         | 8611        |
|    total_timesteps      | 12779520    |
| train/                  |             |
|    approx_kl            | 0.021075014 |
|    clip_fraction        | 0.356       |
|    clip_range           | 0.15        |
|    entropy_loss         | -35.9       |
|    explained_variance   | 0.915       |
|    learning_rate        | 0.0001      |
|    loss                 | -0.388      |
|    n_updates            | 2910        |
|    policy_gradient_loss | -0.0219     |
|    std                  | 2.08        |
|    value_loss           | 0.0072      |
-----------------------------------------
-----------------------------------------
| rollout/                |             |
|    ep_len_mean          | 727         |
|    ep_rew_mean          | 4.98e+03    |
| time/                   |             |
|    fps                  | 1483        |
|    iterations           | 196         |
|    time_elapsed         | 8656        |
|    total_timesteps      | 12845056    |
| train/                  |             |
|    approx_kl            | 0.020786557 |
|    clip_fraction        | 0.35        |
|    clip_range           | 0.15        |
|    entropy_loss         | -36         |
|    explained_variance   | 0.909       |
|    learning_rate        | 0.0001      |
|    loss                 | -0.388      |
|    n_updates            | 2925        |
|    policy_gradient_loss | -0.0213     |
|    std                  | 2.09        |
|    value_loss           | 0.00761     |
-----------------------------------------
-----------------------------------------
| rollout/                |             |
|    ep_len_mean          | 756         |
|    ep_rew_mean          | 5.19e+03    |
| time/                   |             |
|    fps                  | 1484        |
|    iterations           | 197         |
|    time_elapsed         | 8698        |
|    total_timesteps      | 12910592    |
| train/                  |             |
|    approx_kl            | 0.021904044 |
|    clip_fraction        | 0.367       |
|    clip_range           | 0.15        |
|    entropy_loss         | -36.2       |
|    explained_variance   | 0.911       |
|    learning_rate        | 0.0001      |
|    loss                 | -0.379      |
|    n_updates            | 2940        |
|    policy_gradient_loss | -0.0212     |
|    std                  | 2.11        |
|    value_loss           | 0.00864     |
-----------------------------------------
-----------------------------------------
| rollout/                |             |
|    ep_len_mean          | 765         |
|    ep_rew_mean          | 5.27e+03    |
| time/                   |             |
|    fps                  | 1484        |
|    iterations           | 198         |
|    time_elapsed         | 8740        |
|    total_timesteps      | 12976128    |
| train/                  |             |
|    approx_kl            | 0.022523435 |
|    clip_fraction        | 0.361       |
|    clip_range           | 0.15        |
|    entropy_loss         | -36.3       |
|    explained_variance   | 0.9         |
|    learning_rate        | 0.0001      |
|    loss                 | -0.379      |
|    n_updates            | 2955        |
|    policy_gradient_loss | -0.0217     |
|    std                  | 2.13        |
|    value_loss           | 0.00868     |
-----------------------------------------
-----------------------------------------
| rollout/                |             |
|    ep_len_mean          | 728         |
|    ep_rew_mean          | 5.01e+03    |
| time/                   |             |
|    fps                  | 1485        |
|    iterations           | 199         |
|    time_elapsed         | 8782        |
|    total_timesteps      | 13041664    |
| train/                  |             |
|    approx_kl            | 0.022170478 |
|    clip_fraction        | 0.366       |
|    clip_range           | 0.15        |
|    entropy_loss         | -36.4       |
|    explained_variance   | 0.899       |
|    learning_rate        | 0.0001      |
|    loss                 | -0.385      |
|    n_updates            | 2970        |
|    policy_gradient_loss | -0.0213     |
|    std                  | 2.14        |
|    value_loss           | 0.00758     |
-----------------------------------------
-----------------------------------------
| rollout/                |             |
|    ep_len_mean          | 708         |
|    ep_rew_mean          | 4.89e+03    |
| time/                   |             |
|    fps                  | 1485        |
|    iterations           | 200         |
|    time_elapsed         | 8823        |
|    total_timesteps      | 13107200    |
| train/                  |             |
|    approx_kl            | 0.021469804 |
|    clip_fraction        | 0.354       |
|    clip_range           | 0.15        |
|    entropy_loss         | -36.5       |
|    explained_variance   | 0.924       |
|    learning_rate        | 0.0001      |
|    loss                 | -0.394      |
|    n_updates            | 2985        |
|    policy_gradient_loss | -0.022      |
|    std                  | 2.16        |
|    value_loss           | 0.00771     |
-----------------------------------------
-----------------------------------------
| rollout/                |             |
|    ep_len_mean          | 697         |
|    ep_rew_mean          | 4.82e+03    |
| time/                   |             |
|    fps                  | 1485        |
|    iterations           | 201         |
|    time_elapsed         | 8866        |
|    total_timesteps      | 13172736    |
| train/                  |             |
|    approx_kl            | 0.021987576 |
|    clip_fraction        | 0.356       |
|    clip_range           | 0.15        |
|    entropy_loss         | -36.7       |
|    explained_variance   | 0.911       |
|    learning_rate        | 0.0001      |
|    loss                 | -0.384      |
|    n_updates            | 3000        |
|    policy_gradient_loss | -0.0216     |
|    std                  | 2.17        |
|    value_loss           | 0.00922     |
-----------------------------------------
-----------------------------------------
| rollout/                |             |
|    ep_len_mean          | 707         |
|    ep_rew_mean          | 4.91e+03    |
| time/                   |             |
|    fps                  | 1485        |
|    iterations           | 202         |
|    time_elapsed         | 8909        |
|    total_timesteps      | 13238272    |
| train/                  |             |
|    approx_kl            | 0.022353765 |
|    clip_fraction        | 0.362       |
|    clip_range           | 0.15        |
|    entropy_loss         | -36.7       |
|    explained_variance   | 0.905       |
|    learning_rate        | 0.0001      |
|    loss                 | -0.398      |
|    n_updates            | 3015        |
|    policy_gradient_loss | -0.023      |
|    std                  | 2.19        |
|    value_loss           | 0.0107      |
-----------------------------------------
----------------------------------------
| rollout/                |            |
|    ep_len_mean          | 780        |
|    ep_rew_mean          | 5.42e+03   |
| time/                   |            |
|    fps                  | 1485       |
|    iterations           | 203        |
|    time_elapsed         | 8953       |
|    total_timesteps      | 13303808   |
| train/                  |            |
|    approx_kl            | 0.02091878 |
|    clip_fraction        | 0.349      |
|    clip_range           | 0.15       |
|    entropy_loss         | -36.8      |
|    explained_variance   | 0.911      |
|    learning_rate        | 0.0001     |
|    loss                 | -0.391     |
|    n_updates            | 3030       |
|    policy_gradient_loss | -0.0215    |
|    std                  | 2.2        |
|    value_loss           | 0.00863    |
----------------------------------------
----------------------------------------
| rollout/                |            |
|    ep_len_mean          | 750        |
|    ep_rew_mean          | 5.21e+03   |
| time/                   |            |
|    fps                  | 1486       |
|    iterations           | 204        |
|    time_elapsed         | 8995       |
|    total_timesteps      | 13369344   |
| train/                  |            |
|    approx_kl            | 0.02211933 |
|    clip_fraction        | 0.361      |
|    clip_range           | 0.15       |
|    entropy_loss         | -37        |
|    explained_variance   | 0.892      |
|    learning_rate        | 0.0001     |
|    loss                 | -0.393     |
|    n_updates            | 3045       |
|    policy_gradient_loss | -0.0215    |
|    std                  | 2.22       |
|    value_loss           | 0.00844    |
----------------------------------------
-----------------------------------------
| rollout/                |             |
|    ep_len_mean          | 710         |
|    ep_rew_mean          | 4.93e+03    |
| time/                   |             |
|    fps                  | 1486        |
|    iterations           | 205         |
|    time_elapsed         | 9040        |
|    total_timesteps      | 13434880    |
| train/                  |             |
|    approx_kl            | 0.020868242 |
|    clip_fraction        | 0.355       |
|    clip_range           | 0.15        |
|    entropy_loss         | -37.1       |
|    explained_variance   | 0.911       |
|    learning_rate        | 0.0001      |
|    loss                 | -0.394      |
|    n_updates            | 3060        |
|    policy_gradient_loss | -0.021      |
|    std                  | 2.23        |
|    value_loss           | 0.00795     |
-----------------------------------------
-----------------------------------------
| rollout/                |             |
|    ep_len_mean          | 758         |
|    ep_rew_mean          | 5.3e+03     |
| time/                   |             |
|    fps                  | 1486        |
|    iterations           | 206         |
|    time_elapsed         | 9084        |
|    total_timesteps      | 13500416    |
| train/                  |             |
|    approx_kl            | 0.021596769 |
|    clip_fraction        | 0.357       |
|    clip_range           | 0.15        |
|    entropy_loss         | -37.2       |
|    explained_variance   | 0.897       |
|    learning_rate        | 0.0001      |
|    loss                 | -0.398      |
|    n_updates            | 3075        |
|    policy_gradient_loss | -0.0219     |
|    std                  | 2.25        |
|    value_loss           | 0.00887     |
-----------------------------------------
-----------------------------------------
| rollout/                |             |
|    ep_len_mean          | 732         |
|    ep_rew_mean          | 5.12e+03    |
| time/                   |             |
|    fps                  | 1486        |
|    iterations           | 207         |
|    time_elapsed         | 9129        |
|    total_timesteps      | 13565952    |
| train/                  |             |
|    approx_kl            | 0.020846192 |
|    clip_fraction        | 0.355       |
|    clip_range           | 0.15        |
|    entropy_loss         | -37.3       |
|    explained_variance   | 0.89        |
|    learning_rate        | 0.0001      |
|    loss                 | -0.397      |
|    n_updates            | 3090        |
|    policy_gradient_loss | -0.0206     |
|    std                  | 2.27        |
|    value_loss           | 0.00756     |
-----------------------------------------
-----------------------------------------
| rollout/                |             |
|    ep_len_mean          | 717         |
|    ep_rew_mean          | 5.03e+03    |
| time/                   |             |
|    fps                  | 1485        |
|    iterations           | 208         |
|    time_elapsed         | 9173        |
|    total_timesteps      | 13631488    |
| train/                  |             |
|    approx_kl            | 0.021317743 |
|    clip_fraction        | 0.353       |
|    clip_range           | 0.15        |
|    entropy_loss         | -37.4       |
|    explained_variance   | 0.904       |
|    learning_rate        | 0.0001      |
|    loss                 | -0.402      |
|    n_updates            | 3105        |
|    policy_gradient_loss | -0.0215     |
|    std                  | 2.28        |
|    value_loss           | 0.00868     |
-----------------------------------------
----------------------------------------
| rollout/                |            |
|    ep_len_mean          | 694        |
|    ep_rew_mean          | 4.87e+03   |
| time/                   |            |
|    fps                  | 1486       |
|    iterations           | 209        |
|    time_elapsed         | 9217       |
|    total_timesteps      | 13697024   |
| train/                  |            |
|    approx_kl            | 0.02170135 |
|    clip_fraction        | 0.357      |
|    clip_range           | 0.15       |
|    entropy_loss         | -37.5      |
|    explained_variance   | 0.888      |
|    learning_rate        | 0.0001     |
|    loss                 | -0.387     |
|    n_updates            | 3120       |
|    policy_gradient_loss | -0.022     |
|    std                  | 2.3        |
|    value_loss           | 0.00997    |
----------------------------------------
-----------------------------------------
| rollout/                |             |
|    ep_len_mean          | 698         |
|    ep_rew_mean          | 4.9e+03     |
| time/                   |             |
|    fps                  | 1486        |
|    iterations           | 210         |
|    time_elapsed         | 9260        |
|    total_timesteps      | 13762560    |
| train/                  |             |
|    approx_kl            | 0.021463834 |
|    clip_fraction        | 0.356       |
|    clip_range           | 0.15        |
|    entropy_loss         | -37.6       |
|    explained_variance   | 0.893       |
|    learning_rate        | 0.0001      |
|    loss                 | -0.4        |
|    n_updates            | 3135        |
|    policy_gradient_loss | -0.0215     |
|    std                  | 2.31        |
|    value_loss           | 0.0088      |
-----------------------------------------
----------------------------------------
| rollout/                |            |
|    ep_len_mean          | 682        |
|    ep_rew_mean          | 4.78e+03   |
| time/                   |            |
|    fps                  | 1486       |
|    iterations           | 211        |
|    time_elapsed         | 9304       |
|    total_timesteps      | 13828096   |
| train/                  |            |
|    approx_kl            | 0.02148098 |
|    clip_fraction        | 0.355      |
|    clip_range           | 0.15       |
|    entropy_loss         | -37.7      |
|    explained_variance   | 0.894      |
|    learning_rate        | 0.0001     |
|    loss                 | -0.395     |
|    n_updates            | 3150       |
|    policy_gradient_loss | -0.0215    |
|    std                  | 2.33       |
|    value_loss           | 0.01       |
----------------------------------------
-----------------------------------------
| rollout/                |             |
|    ep_len_mean          | 734         |
|    ep_rew_mean          | 5.17e+03    |
| time/                   |             |
|    fps                  | 1486        |
|    iterations           | 212         |
|    time_elapsed         | 9348        |
|    total_timesteps      | 13893632    |
| train/                  |             |
|    approx_kl            | 0.021494862 |
|    clip_fraction        | 0.36        |
|    clip_range           | 0.15        |
|    entropy_loss         | -37.8       |
|    explained_variance   | 0.885       |
|    learning_rate        | 0.0001      |
|    loss                 | -0.403      |
|    n_updates            | 3165        |
|    policy_gradient_loss | -0.0221     |
|    std                  | 2.34        |
|    value_loss           | 0.0113      |
-----------------------------------------
-----------------------------------------
| rollout/                |             |
|    ep_len_mean          | 752         |
|    ep_rew_mean          | 5.31e+03    |
| time/                   |             |
|    fps                  | 1486        |
|    iterations           | 213         |
|    time_elapsed         | 9392        |
|    total_timesteps      | 13959168    |
| train/                  |             |
|    approx_kl            | 0.020610608 |
|    clip_fraction        | 0.355       |
|    clip_range           | 0.15        |
|    entropy_loss         | -37.9       |
|    explained_variance   | 0.887       |
|    learning_rate        | 0.0001      |
|    loss                 | -0.399      |
|    n_updates            | 3180        |
|    policy_gradient_loss | -0.0211     |
|    std                  | 2.36        |
|    value_loss           | 0.00848     |
-----------------------------------------
-----------------------------------------
| rollout/                |             |
|    ep_len_mean          | 677         |
|    ep_rew_mean          | 4.76e+03    |
| time/                   |             |
|    fps                  | 1486        |
|    iterations           | 214         |
|    time_elapsed         | 9435        |
|    total_timesteps      | 14024704    |
| train/                  |             |
|    approx_kl            | 0.021688242 |
|    clip_fraction        | 0.359       |
|    clip_range           | 0.15        |
|    entropy_loss         | -38.1       |
|    explained_variance   | 0.896       |
|    learning_rate        | 0.0001      |
|    loss                 | -0.402      |
|    n_updates            | 3195        |
|    policy_gradient_loss | -0.0216     |
|    std                  | 2.38        |
|    value_loss           | 0.00967     |
-----------------------------------------
----------------------------------------
| rollout/                |            |
|    ep_len_mean          | 721        |
|    ep_rew_mean          | 5.08e+03   |
| time/                   |            |
|    fps                  | 1486       |
|    iterations           | 215        |
|    time_elapsed         | 9480       |
|    total_timesteps      | 14090240   |
| train/                  |            |
|    approx_kl            | 0.02183862 |
|    clip_fraction        | 0.361      |
|    clip_range           | 0.15       |
|    entropy_loss         | -38.2      |
|    explained_variance   | 0.888      |
|    learning_rate        | 0.0001     |
|    loss                 | -0.406     |
|    n_updates            | 3210       |
|    policy_gradient_loss | -0.0221    |
|    std                  | 2.39       |
|    value_loss           | 0.0113     |
----------------------------------------
-----------------------------------------
| rollout/                |             |
|    ep_len_mean          | 713         |
|    ep_rew_mean          | 5.02e+03    |
| time/                   |             |
|    fps                  | 1486        |
|    iterations           | 216         |
|    time_elapsed         | 9521        |
|    total_timesteps      | 14155776    |
| train/                  |             |
|    approx_kl            | 0.022006411 |
|    clip_fraction        | 0.36        |
|    clip_range           | 0.15        |
|    entropy_loss         | -38.3       |
|    explained_variance   | 0.887       |
|    learning_rate        | 0.0001      |
|    loss                 | -0.407      |
|    n_updates            | 3225        |
|    policy_gradient_loss | -0.0217     |
|    std                  | 2.41        |
|    value_loss           | 0.0113      |
-----------------------------------------
-----------------------------------------
| rollout/                |             |
|    ep_len_mean          | 719         |
|    ep_rew_mean          | 5.08e+03    |
| time/                   |             |
|    fps                  | 1486        |
|    iterations           | 217         |
|    time_elapsed         | 9566        |
|    total_timesteps      | 14221312    |
| train/                  |             |
|    approx_kl            | 0.020815937 |
|    clip_fraction        | 0.348       |
|    clip_range           | 0.15        |
|    entropy_loss         | -38.4       |
|    explained_variance   | 0.908       |
|    learning_rate        | 0.0001      |
|    loss                 | -0.413      |
|    n_updates            | 3240        |
|    policy_gradient_loss | -0.0218     |
|    std                  | 2.42        |
|    value_loss           | 0.00997     |
-----------------------------------------
-----------------------------------------
| rollout/                |             |
|    ep_len_mean          | 741         |
|    ep_rew_mean          | 5.24e+03    |
| time/                   |             |
|    fps                  | 1486        |
|    iterations           | 218         |
|    time_elapsed         | 9611        |
|    total_timesteps      | 14286848    |
| train/                  |             |
|    approx_kl            | 0.021582738 |
|    clip_fraction        | 0.36        |
|    clip_range           | 0.15        |
|    entropy_loss         | -38.5       |
|    explained_variance   | 0.881       |
|    learning_rate        | 0.0001      |
|    loss                 | -0.404      |
|    n_updates            | 3255        |
|    policy_gradient_loss | -0.021      |
|    std                  | 2.44        |
|    value_loss           | 0.0106      |
-----------------------------------------
----------------------------------------
| rollout/                |            |
|    ep_len_mean          | 741        |
|    ep_rew_mean          | 5.26e+03   |
| time/                   |            |
|    fps                  | 1486       |
|    iterations           | 219        |
|    time_elapsed         | 9656       |
|    total_timesteps      | 14352384   |
| train/                  |            |
|    approx_kl            | 0.02189887 |
|    clip_fraction        | 0.356      |
|    clip_range           | 0.15       |
|    entropy_loss         | -38.6      |
|    explained_variance   | 0.885      |
|    learning_rate        | 0.0001     |
|    loss                 | -0.413     |
|    n_updates            | 3270       |
|    policy_gradient_loss | -0.0213    |
|    std                  | 2.46       |
|    value_loss           | 0.0104     |
----------------------------------------
-----------------------------------------
| rollout/                |             |
|    ep_len_mean          | 714         |
|    ep_rew_mean          | 5.05e+03    |
| time/                   |             |
|    fps                  | 1486        |
|    iterations           | 220         |
|    time_elapsed         | 9701        |
|    total_timesteps      | 14417920    |
| train/                  |             |
|    approx_kl            | 0.021137856 |
|    clip_fraction        | 0.355       |
|    clip_range           | 0.15        |
|    entropy_loss         | -38.7       |
|    explained_variance   | 0.872       |
|    learning_rate        | 0.0001      |
|    loss                 | -0.412      |
|    n_updates            | 3285        |
|    policy_gradient_loss | -0.0207     |
|    std                  | 2.47        |
|    value_loss           | 0.00863     |
-----------------------------------------
-----------------------------------------
| rollout/                |             |
|    ep_len_mean          | 757         |
|    ep_rew_mean          | 5.38e+03    |
| time/                   |             |
|    fps                  | 1486        |
|    iterations           | 221         |
|    time_elapsed         | 9745        |
|    total_timesteps      | 14483456    |
| train/                  |             |
|    approx_kl            | 0.022296887 |
|    clip_fraction        | 0.361       |
|    clip_range           | 0.15        |
|    entropy_loss         | -38.8       |
|    explained_variance   | 0.878       |
|    learning_rate        | 0.0001      |
|    loss                 | -0.412      |
|    n_updates            | 3300        |
|    policy_gradient_loss | -0.022      |
|    std                  | 2.49        |
|    value_loss           | 0.0115      |
-----------------------------------------
-----------------------------------------
| rollout/                |             |
|    ep_len_mean          | 821         |
|    ep_rew_mean          | 5.84e+03    |
| time/                   |             |
|    fps                  | 1485        |
|    iterations           | 222         |
|    time_elapsed         | 9790        |
|    total_timesteps      | 14548992    |
| train/                  |             |
|    approx_kl            | 0.021549147 |
|    clip_fraction        | 0.356       |
|    clip_range           | 0.15        |
|    entropy_loss         | -38.9       |
|    explained_variance   | 0.879       |
|    learning_rate        | 0.0001      |
|    loss                 | -0.411      |
|    n_updates            | 3315        |
|    policy_gradient_loss | -0.022      |
|    std                  | 2.51        |
|    value_loss           | 0.00843     |
-----------------------------------------
-----------------------------------------
| rollout/                |             |
|    ep_len_mean          | 785         |
|    ep_rew_mean          | 5.6e+03     |
| time/                   |             |
|    fps                  | 1485        |
|    iterations           | 223         |
|    time_elapsed         | 9834        |
|    total_timesteps      | 14614528    |
| train/                  |             |
|    approx_kl            | 0.021326438 |
|    clip_fraction        | 0.354       |
|    clip_range           | 0.15        |
|    entropy_loss         | -39         |
|    explained_variance   | 0.87        |
|    learning_rate        | 0.0001      |
|    loss                 | -0.417      |
|    n_updates            | 3330        |
|    policy_gradient_loss | -0.0211     |
|    std                  | 2.53        |
|    value_loss           | 0.00745     |
-----------------------------------------
-----------------------------------------
| rollout/                |             |
|    ep_len_mean          | 762         |
|    ep_rew_mean          | 5.44e+03    |
| time/                   |             |
|    fps                  | 1485        |
|    iterations           | 224         |
|    time_elapsed         | 9879        |
|    total_timesteps      | 14680064    |
| train/                  |             |
|    approx_kl            | 0.019863136 |
|    clip_fraction        | 0.345       |
|    clip_range           | 0.15        |
|    entropy_loss         | -39.1       |
|    explained_variance   | 0.891       |
|    learning_rate        | 0.0001      |
|    loss                 | -0.416      |
|    n_updates            | 3345        |
|    policy_gradient_loss | -0.02       |
|    std                  | 2.54        |
|    value_loss           | 0.00627     |
-----------------------------------------
----------------------------------------
| rollout/                |            |
|    ep_len_mean          | 771        |
|    ep_rew_mean          | 5.51e+03   |
| time/                   |            |
|    fps                  | 1486       |
|    iterations           | 225        |
|    time_elapsed         | 9922       |
|    total_timesteps      | 14745600   |
| train/                  |            |
|    approx_kl            | 0.02130472 |
|    clip_fraction        | 0.355      |
|    clip_range           | 0.15       |
|    entropy_loss         | -39.3      |
|    explained_variance   | 0.874      |
|    learning_rate        | 0.0001     |
|    loss                 | -0.417     |
|    n_updates            | 3360       |
|    policy_gradient_loss | -0.0202    |
|    std                  | 2.56       |
|    value_loss           | 0.00723    |
----------------------------------------
-----------------------------------------
| rollout/                |             |
|    ep_len_mean          | 809         |
|    ep_rew_mean          | 5.81e+03    |
| time/                   |             |
|    fps                  | 1486        |
|    iterations           | 226         |
|    time_elapsed         | 9966        |
|    total_timesteps      | 14811136    |
| train/                  |             |
|    approx_kl            | 0.021080825 |
|    clip_fraction        | 0.356       |
|    clip_range           | 0.15        |
|    entropy_loss         | -39.4       |
|    explained_variance   | 0.867       |
|    learning_rate        | 0.0001      |
|    loss                 | -0.414      |
|    n_updates            | 3375        |
|    policy_gradient_loss | -0.0205     |
|    std                  | 2.58        |
|    value_loss           | 0.00759     |
-----------------------------------------
-----------------------------------------
| rollout/                |             |
|    ep_len_mean          | 750         |
|    ep_rew_mean          | 5.38e+03    |
| time/                   |             |
|    fps                  | 1486        |
|    iterations           | 227         |
|    time_elapsed         | 10009       |
|    total_timesteps      | 14876672    |
| train/                  |             |
|    approx_kl            | 0.021068752 |
|    clip_fraction        | 0.353       |
|    clip_range           | 0.15        |
|    entropy_loss         | -39.5       |
|    explained_variance   | 0.89        |
|    learning_rate        | 0.0001      |
|    loss                 | -0.423      |
|    n_updates            | 3390        |
|    policy_gradient_loss | -0.0201     |
|    std                  | 2.61        |
|    value_loss           | 0.00601     |
-----------------------------------------
----------------------------------------
| rollout/                |            |
|    ep_len_mean          | 747        |
|    ep_rew_mean          | 5.38e+03   |
| time/                   |            |
|    fps                  | 1486       |
|    iterations           | 228        |
|    time_elapsed         | 10052      |
|    total_timesteps      | 14942208   |
| train/                  |            |
|    approx_kl            | 0.02192454 |
|    clip_fraction        | 0.363      |
|    clip_range           | 0.15       |
|    entropy_loss         | -39.7      |
|    explained_variance   | 0.878      |
|    learning_rate        | 0.0001     |
|    loss                 | -0.42      |
|    n_updates            | 3405       |
|    policy_gradient_loss | -0.0206    |
|    std                  | 2.63       |
|    value_loss           | 0.00723    |
----------------------------------------
-----------------------------------------
| rollout/                |             |
|    ep_len_mean          | 735         |
|    ep_rew_mean          | 5.3e+03     |
| time/                   |             |
|    fps                  | 1486        |
|    iterations           | 229         |
|    time_elapsed         | 10098       |
|    total_timesteps      | 15007744    |
| train/                  |             |
|    approx_kl            | 0.021036606 |
|    clip_fraction        | 0.352       |
|    clip_range           | 0.15        |
|    entropy_loss         | -39.8       |
|    explained_variance   | 0.872       |
|    learning_rate        | 0.0001      |
|    loss                 | -0.418      |
|    n_updates            | 3420        |
|    policy_gradient_loss | -0.0201     |
|    std                  | 2.65        |
|    value_loss           | 0.00814     |
-----------------------------------------
-----------------------------------------
| rollout/                |             |
|    ep_len_mean          | 759         |
|    ep_rew_mean          | 5.51e+03    |
| time/                   |             |
|    fps                  | 1485        |
|    iterations           | 230         |
|    time_elapsed         | 10143       |
|    total_timesteps      | 15073280    |
| train/                  |             |
|    approx_kl            | 0.021915272 |
|    clip_fraction        | 0.358       |
|    clip_range           | 0.15        |
|    entropy_loss         | -39.9       |
|    explained_variance   | 0.883       |
|    learning_rate        | 0.0001      |
|    loss                 | -0.426      |
|    n_updates            | 3435        |
|    policy_gradient_loss | -0.0209     |
|    std                  | 2.67        |
|    value_loss           | 0.00921     |
-----------------------------------------
-----------------------------------------
| rollout/                |             |
|    ep_len_mean          | 687         |
|    ep_rew_mean          | 4.98e+03    |
| time/                   |             |
|    fps                  | 1485        |
|    iterations           | 231         |
|    time_elapsed         | 10188       |
|    total_timesteps      | 15138816    |
| train/                  |             |
|    approx_kl            | 0.021504208 |
|    clip_fraction        | 0.36        |
|    clip_range           | 0.15        |
|    entropy_loss         | -40.1       |
|    explained_variance   | 0.86        |
|    learning_rate        | 0.0001      |
|    loss                 | -0.421      |
|    n_updates            | 3450        |
|    policy_gradient_loss | -0.0206     |
|    std                  | 2.7         |
|    value_loss           | 0.00846     |
-----------------------------------------
-----------------------------------------
| rollout/                |             |
|    ep_len_mean          | 697         |
|    ep_rew_mean          | 5.07e+03    |
| time/                   |             |
|    fps                  | 1486        |
|    iterations           | 232         |
|    time_elapsed         | 10230       |
|    total_timesteps      | 15204352    |
| train/                  |             |
|    approx_kl            | 0.022240404 |
|    clip_fraction        | 0.365       |
|    clip_range           | 0.15        |
|    entropy_loss         | -40.2       |
|    explained_variance   | 0.866       |
|    learning_rate        | 0.0001      |
|    loss                 | -0.424      |
|    n_updates            | 3465        |
|    policy_gradient_loss | -0.0215     |
|    std                  | 2.72        |
|    value_loss           | 0.0111      |
-----------------------------------------
-----------------------------------------
| rollout/                |             |
|    ep_len_mean          | 754         |
|    ep_rew_mean          | 5.48e+03    |
| time/                   |             |
|    fps                  | 1486        |
|    iterations           | 233         |
|    time_elapsed         | 10275       |
|    total_timesteps      | 15269888    |
| train/                  |             |
|    approx_kl            | 0.021598183 |
|    clip_fraction        | 0.361       |
|    clip_range           | 0.15        |
|    entropy_loss         | -40.3       |
|    explained_variance   | 0.874       |
|    learning_rate        | 0.0001      |
|    loss                 | -0.423      |
|    n_updates            | 3480        |
|    policy_gradient_loss | -0.0207     |
|    std                  | 2.74        |
|    value_loss           | 0.0111      |
-----------------------------------------
-----------------------------------------
| rollout/                |             |
|    ep_len_mean          | 732         |
|    ep_rew_mean          | 5.32e+03    |
| time/                   |             |
|    fps                  | 1486        |
|    iterations           | 234         |
|    time_elapsed         | 10316       |
|    total_timesteps      | 15335424    |
| train/                  |             |
|    approx_kl            | 0.021522313 |
|    clip_fraction        | 0.356       |
|    clip_range           | 0.15        |
|    entropy_loss         | -40.4       |
|    explained_variance   | 0.873       |
|    learning_rate        | 0.0001      |
|    loss                 | -0.429      |
|    n_updates            | 3495        |
|    policy_gradient_loss | -0.0225     |
|    std                  | 2.75        |
|    value_loss           | 0.0105      |
-----------------------------------------
-----------------------------------------
| rollout/                |             |
|    ep_len_mean          | 714         |
|    ep_rew_mean          | 5.19e+03    |
| time/                   |             |
|    fps                  | 1486        |
|    iterations           | 235         |
|    time_elapsed         | 10362       |
|    total_timesteps      | 15400960    |
| train/                  |             |
|    approx_kl            | 0.020919006 |
|    clip_fraction        | 0.35        |
|    clip_range           | 0.15        |
|    entropy_loss         | -40.5       |
|    explained_variance   | 0.859       |
|    learning_rate        | 0.0001      |
|    loss                 | -0.423      |
|    n_updates            | 3510        |
|    policy_gradient_loss | -0.0208     |
|    std                  | 2.77        |
|    value_loss           | 0.0105      |
-----------------------------------------
-----------------------------------------
| rollout/                |             |
|    ep_len_mean          | 697         |
|    ep_rew_mean          | 5.08e+03    |
| time/                   |             |
|    fps                  | 1486        |
|    iterations           | 236         |
|    time_elapsed         | 10405       |
|    total_timesteps      | 15466496    |
| train/                  |             |
|    approx_kl            | 0.021804567 |
|    clip_fraction        | 0.361       |
|    clip_range           | 0.15        |
|    entropy_loss         | -40.6       |
|    explained_variance   | 0.872       |
|    learning_rate        | 0.0001      |
|    loss                 | -0.425      |
|    n_updates            | 3525        |
|    policy_gradient_loss | -0.0213     |
|    std                  | 2.79        |
|    value_loss           | 0.0104      |
-----------------------------------------
----------------------------------------
| rollout/                |            |
|    ep_len_mean          | 745        |
|    ep_rew_mean          | 5.44e+03   |
| time/                   |            |
|    fps                  | 1486       |
|    iterations           | 237        |
|    time_elapsed         | 10450      |
|    total_timesteps      | 15532032   |
| train/                  |            |
|    approx_kl            | 0.02178005 |
|    clip_fraction        | 0.357      |
|    clip_range           | 0.15       |
|    entropy_loss         | -40.8      |
|    explained_variance   | 0.869      |
|    learning_rate        | 0.0001     |
|    loss                 | -0.436     |
|    n_updates            | 3540       |
|    policy_gradient_loss | -0.0209    |
|    std                  | 2.81       |
|    value_loss           | 0.0108     |
----------------------------------------
-----------------------------------------
| rollout/                |             |
|    ep_len_mean          | 744         |
|    ep_rew_mean          | 5.43e+03    |
| time/                   |             |
|    fps                  | 1486        |
|    iterations           | 238         |
|    time_elapsed         | 10495       |
|    total_timesteps      | 15597568    |
| train/                  |             |
|    approx_kl            | 0.021316826 |
|    clip_fraction        | 0.353       |
|    clip_range           | 0.15        |
|    entropy_loss         | -40.9       |
|    explained_variance   | 0.873       |
|    learning_rate        | 0.0001      |
|    loss                 | -0.437      |
|    n_updates            | 3555        |
|    policy_gradient_loss | -0.0206     |
|    std                  | 2.84        |
|    value_loss           | 0.00956     |
-----------------------------------------
-----------------------------------------
| rollout/                |             |
|    ep_len_mean          | 715         |
|    ep_rew_mean          | 5.2e+03     |
| time/                   |             |
|    fps                  | 1486        |
|    iterations           | 239         |
|    time_elapsed         | 10538       |
|    total_timesteps      | 15663104    |
| train/                  |             |
|    approx_kl            | 0.021622688 |
|    clip_fraction        | 0.358       |
|    clip_range           | 0.15        |
|    entropy_loss         | -41         |
|    explained_variance   | 0.853       |
|    learning_rate        | 0.0001      |
|    loss                 | -0.433      |
|    n_updates            | 3570        |
|    policy_gradient_loss | -0.0201     |
|    std                  | 2.86        |
|    value_loss           | 0.00856     |
-----------------------------------------
----------------------------------------
| rollout/                |            |
|    ep_len_mean          | 744        |
|    ep_rew_mean          | 5.43e+03   |
| time/                   |            |
|    fps                  | 1486       |
|    iterations           | 240        |
|    time_elapsed         | 10583      |
|    total_timesteps      | 15728640   |
| train/                  |            |
|    approx_kl            | 0.02007483 |
|    clip_fraction        | 0.349      |
|    clip_range           | 0.15       |
|    entropy_loss         | -41.1      |
|    explained_variance   | 0.878      |
|    learning_rate        | 0.0001     |
|    loss                 | -0.434     |
|    n_updates            | 3585       |
|    policy_gradient_loss | -0.0203    |
|    std                  | 2.89       |
|    value_loss           | 0.00751    |
----------------------------------------
-----------------------------------------
| rollout/                |             |
|    ep_len_mean          | 758         |
|    ep_rew_mean          | 5.54e+03    |
| time/                   |             |
|    fps                  | 1486        |
|    iterations           | 241         |
|    time_elapsed         | 10626       |
|    total_timesteps      | 15794176    |
| train/                  |             |
|    approx_kl            | 0.020660233 |
|    clip_fraction        | 0.347       |
|    clip_range           | 0.15        |
|    entropy_loss         | -41.3       |
|    explained_variance   | 0.881       |
|    learning_rate        | 0.0001      |
|    loss                 | -0.433      |
|    n_updates            | 3600        |
|    policy_gradient_loss | -0.0197     |
|    std                  | 2.91        |
|    value_loss           | 0.00876     |
-----------------------------------------
-----------------------------------------
| rollout/                |             |
|    ep_len_mean          | 757         |
|    ep_rew_mean          | 5.55e+03    |
| time/                   |             |
|    fps                  | 1486        |
|    iterations           | 242         |
|    time_elapsed         | 10670       |
|    total_timesteps      | 15859712    |
| train/                  |             |
|    approx_kl            | 0.022086697 |
|    clip_fraction        | 0.358       |
|    clip_range           | 0.15        |
|    entropy_loss         | -41.4       |
|    explained_variance   | 0.886       |
|    learning_rate        | 0.0001      |
|    loss                 | -0.432      |
|    n_updates            | 3615        |
|    policy_gradient_loss | -0.0215     |
|    std                  | 2.93        |
|    value_loss           | 0.00903     |
-----------------------------------------
-----------------------------------------
| rollout/                |             |
|    ep_len_mean          | 741         |
|    ep_rew_mean          | 5.42e+03    |
| time/                   |             |
|    fps                  | 1486        |
|    iterations           | 243         |
|    time_elapsed         | 10714       |
|    total_timesteps      | 15925248    |
| train/                  |             |
|    approx_kl            | 0.021047644 |
|    clip_fraction        | 0.348       |
|    clip_range           | 0.15        |
|    entropy_loss         | -41.5       |
|    explained_variance   | 0.871       |
|    learning_rate        | 0.0001      |
|    loss                 | -0.432      |
|    n_updates            | 3630        |
|    policy_gradient_loss | -0.0208     |
|    std                  | 2.95        |
|    value_loss           | 0.00924     |
-----------------------------------------
----------------------------------------
| rollout/                |            |
|    ep_len_mean          | 733        |
|    ep_rew_mean          | 5.38e+03   |
| time/                   |            |
|    fps                  | 1486       |
|    iterations           | 244        |
|    time_elapsed         | 10759      |
|    total_timesteps      | 15990784   |
| train/                  |            |
|    approx_kl            | 0.02042908 |
|    clip_fraction        | 0.347      |
|    clip_range           | 0.15       |
|    entropy_loss         | -41.6      |
|    explained_variance   | 0.887      |
|    learning_rate        | 0.0001     |
|    loss                 | -0.422     |
|    n_updates            | 3645       |
|    policy_gradient_loss | -0.0206    |
|    std                  | 2.97       |
|    value_loss           | 0.00823    |
----------------------------------------
-----------------------------------------
| rollout/                |             |
|    ep_len_mean          | 722         |
|    ep_rew_mean          | 5.3e+03     |
| time/                   |             |
|    fps                  | 1486        |
|    iterations           | 245         |
|    time_elapsed         | 10803       |
|    total_timesteps      | 16056320    |
| train/                  |             |
|    approx_kl            | 0.020736825 |
|    clip_fraction        | 0.348       |
|    clip_range           | 0.15        |
|    entropy_loss         | -41.7       |
|    explained_variance   | 0.868       |
|    learning_rate        | 0.0001      |
|    loss                 | -0.443      |
|    n_updates            | 3660        |
|    policy_gradient_loss | -0.0203     |
|    std                  | 2.99        |
|    value_loss           | 0.00939     |
-----------------------------------------
-----------------------------------------
| rollout/                |             |
|    ep_len_mean          | 734         |
|    ep_rew_mean          | 5.39e+03    |
| time/                   |             |
|    fps                  | 1486        |
|    iterations           | 246         |
|    time_elapsed         | 10847       |
|    total_timesteps      | 16121856    |
| train/                  |             |
|    approx_kl            | 0.022029052 |
|    clip_fraction        | 0.357       |
|    clip_range           | 0.15        |
|    entropy_loss         | -41.8       |
|    explained_variance   | 0.876       |
|    learning_rate        | 0.0001      |
|    loss                 | -0.442      |
|    n_updates            | 3675        |
|    policy_gradient_loss | -0.0219     |
|    std                  | 3.01        |
|    value_loss           | 0.0119      |
-----------------------------------------
-----------------------------------------
| rollout/                |             |
|    ep_len_mean          | 694         |
|    ep_rew_mean          | 5.1e+03     |
| time/                   |             |
|    fps                  | 1486        |
|    iterations           | 247         |
|    time_elapsed         | 10890       |
|    total_timesteps      | 16187392    |
| train/                  |             |
|    approx_kl            | 0.021537093 |
|    clip_fraction        | 0.354       |
|    clip_range           | 0.15        |
|    entropy_loss         | -42         |
|    explained_variance   | 0.864       |
|    learning_rate        | 0.0001      |
|    loss                 | -0.442      |
|    n_updates            | 3690        |
|    policy_gradient_loss | -0.0215     |
|    std                  | 3.04        |
|    value_loss           | 0.0109      |
-----------------------------------------
-----------------------------------------
| rollout/                |             |
|    ep_len_mean          | 699         |
|    ep_rew_mean          | 5.13e+03    |
| time/                   |             |
|    fps                  | 1486        |
|    iterations           | 248         |
|    time_elapsed         | 10931       |
|    total_timesteps      | 16252928    |
| train/                  |             |
|    approx_kl            | 0.020299928 |
|    clip_fraction        | 0.344       |
|    clip_range           | 0.15        |
|    entropy_loss         | -42.1       |
|    explained_variance   | 0.883       |
|    learning_rate        | 0.0001      |
|    loss                 | -0.444      |
|    n_updates            | 3705        |
|    policy_gradient_loss | -0.0207     |
|    std                  | 3.06        |
|    value_loss           | 0.0104      |
-----------------------------------------
---------------------------------------
| rollout/                |           |
|    ep_len_mean          | 718       |
|    ep_rew_mean          | 5.29e+03  |
| time/                   |           |
|    fps                  | 1486      |
|    iterations           | 249       |
|    time_elapsed         | 10975     |
|    total_timesteps      | 16318464  |
| train/                  |           |
|    approx_kl            | 0.0200346 |
|    clip_fraction        | 0.343     |
|    clip_range           | 0.15      |
|    entropy_loss         | -42.2     |
|    explained_variance   | 0.87      |
|    learning_rate        | 0.0001    |
|    loss                 | -0.437    |
|    n_updates            | 3720      |
|    policy_gradient_loss | -0.0206   |
|    std                  | 3.08      |
|    value_loss           | 0.00955   |
---------------------------------------
-----------------------------------------
| rollout/                |             |
|    ep_len_mean          | 718         |
|    ep_rew_mean          | 5.29e+03    |
| time/                   |             |
|    fps                  | 1486        |
|    iterations           | 250         |
|    time_elapsed         | 11021       |
|    total_timesteps      | 16384000    |
| train/                  |             |
|    approx_kl            | 0.020659659 |
|    clip_fraction        | 0.353       |
|    clip_range           | 0.15        |
|    entropy_loss         | -42.3       |
|    explained_variance   | 0.847       |
|    learning_rate        | 0.0001      |
|    loss                 | -0.44       |
|    n_updates            | 3735        |
|    policy_gradient_loss | -0.0203     |
|    std                  | 3.1         |
|    value_loss           | 0.00938     |
-----------------------------------------
-----------------------------------------
| rollout/                |             |
|    ep_len_mean          | 692         |
|    ep_rew_mean          | 5.12e+03    |
| time/                   |             |
|    fps                  | 1486        |
|    iterations           | 251         |
|    time_elapsed         | 11065       |
|    total_timesteps      | 16449536    |
| train/                  |             |
|    approx_kl            | 0.020677647 |
|    clip_fraction        | 0.354       |
|    clip_range           | 0.15        |
|    entropy_loss         | -42.4       |
|    explained_variance   | 0.869       |
|    learning_rate        | 0.0001      |
|    loss                 | -0.442      |
|    n_updates            | 3750        |
|    policy_gradient_loss | -0.0201     |
|    std                  | 3.13        |
|    value_loss           | 0.0106      |
-----------------------------------------
-----------------------------------------
| rollout/                |             |
|    ep_len_mean          | 700         |
|    ep_rew_mean          | 5.17e+03    |
| time/                   |             |
|    fps                  | 1486        |
|    iterations           | 252         |
|    time_elapsed         | 11110       |
|    total_timesteps      | 16515072    |
| train/                  |             |
|    approx_kl            | 0.020922232 |
|    clip_fraction        | 0.349       |
|    clip_range           | 0.15        |
|    entropy_loss         | -42.6       |
|    explained_variance   | 0.855       |
|    learning_rate        | 0.0001      |
|    loss                 | -0.446      |
|    n_updates            | 3765        |
|    policy_gradient_loss | -0.0209     |
|    std                  | 3.15        |
|    value_loss           | 0.0119      |
-----------------------------------------
-----------------------------------------
| rollout/                |             |
|    ep_len_mean          | 707         |
|    ep_rew_mean          | 5.23e+03    |
| time/                   |             |
|    fps                  | 1486        |
|    iterations           | 253         |
|    time_elapsed         | 11155       |
|    total_timesteps      | 16580608    |
| train/                  |             |
|    approx_kl            | 0.021473264 |
|    clip_fraction        | 0.355       |
|    clip_range           | 0.15        |
|    entropy_loss         | -42.7       |
|    explained_variance   | 0.839       |
|    learning_rate        | 0.0001      |
|    loss                 | -0.45       |
|    n_updates            | 3780        |
|    policy_gradient_loss | -0.0213     |
|    std                  | 3.18        |
|    value_loss           | 0.0137      |
-----------------------------------------
-----------------------------------------
| rollout/                |             |
|    ep_len_mean          | 735         |
|    ep_rew_mean          | 5.45e+03    |
| time/                   |             |
|    fps                  | 1486        |
|    iterations           | 254         |
|    time_elapsed         | 11201       |
|    total_timesteps      | 16646144    |
| train/                  |             |
|    approx_kl            | 0.020788563 |
|    clip_fraction        | 0.349       |
|    clip_range           | 0.15        |
|    entropy_loss         | -42.8       |
|    explained_variance   | 0.846       |
|    learning_rate        | 0.0001      |
|    loss                 | -0.452      |
|    n_updates            | 3795        |
|    policy_gradient_loss | -0.021      |
|    std                  | 3.2         |
|    value_loss           | 0.0106      |
-----------------------------------------
----------------------------------------
| rollout/                |            |
|    ep_len_mean          | 713        |
|    ep_rew_mean          | 5.28e+03   |
| time/                   |            |
|    fps                  | 1485       |
|    iterations           | 255        |
|    time_elapsed         | 11246      |
|    total_timesteps      | 16711680   |
| train/                  |            |
|    approx_kl            | 0.02052824 |
|    clip_fraction        | 0.345      |
|    clip_range           | 0.15       |
|    entropy_loss         | -42.9      |
|    explained_variance   | 0.853      |
|    learning_rate        | 0.0001     |
|    loss                 | -0.458     |
|    n_updates            | 3810       |
|    policy_gradient_loss | -0.0204    |
|    std                  | 3.22       |
|    value_loss           | 0.0107     |
----------------------------------------
-----------------------------------------
| rollout/                |             |
|    ep_len_mean          | 733         |
|    ep_rew_mean          | 5.44e+03    |
| time/                   |             |
|    fps                  | 1485        |
|    iterations           | 256         |
|    time_elapsed         | 11291       |
|    total_timesteps      | 16777216    |
| train/                  |             |
|    approx_kl            | 0.020854518 |
|    clip_fraction        | 0.349       |
|    clip_range           | 0.15        |
|    entropy_loss         | -43         |
|    explained_variance   | 0.851       |
|    learning_rate        | 0.0001      |
|    loss                 | -0.451      |
|    n_updates            | 3825        |
|    policy_gradient_loss | -0.0208     |
|    std                  | 3.24        |
|    value_loss           | 0.011       |
-----------------------------------------
-----------------------------------------
| rollout/                |             |
|    ep_len_mean          | 778         |
|    ep_rew_mean          | 5.79e+03    |
| time/                   |             |
|    fps                  | 1485        |
|    iterations           | 257         |
|    time_elapsed         | 11334       |
|    total_timesteps      | 16842752    |
| train/                  |             |
|    approx_kl            | 0.020207299 |
|    clip_fraction        | 0.346       |
|    clip_range           | 0.15        |
|    entropy_loss         | -43.1       |
|    explained_variance   | 0.866       |
|    learning_rate        | 0.0001      |
|    loss                 | -0.453      |
|    n_updates            | 3840        |
|    policy_gradient_loss | -0.0203     |
|    std                  | 3.27        |
|    value_loss           | 0.00911     |
-----------------------------------------
-----------------------------------------
| rollout/                |             |
|    ep_len_mean          | 736         |
|    ep_rew_mean          | 5.5e+03     |
| time/                   |             |
|    fps                  | 1485        |
|    iterations           | 258         |
|    time_elapsed         | 11378       |
|    total_timesteps      | 16908288    |
| train/                  |             |
|    approx_kl            | 0.019989055 |
|    clip_fraction        | 0.342       |
|    clip_range           | 0.15        |
|    entropy_loss         | -43.2       |
|    explained_variance   | 0.85        |
|    learning_rate        | 0.0001      |
|    loss                 | -0.454      |
|    n_updates            | 3855        |
|    policy_gradient_loss | -0.0196     |
|    std                  | 3.29        |
|    value_loss           | 0.00781     |
-----------------------------------------
----------------------------------------
| rollout/                |            |
|    ep_len_mean          | 730        |
|    ep_rew_mean          | 5.43e+03   |
| time/                   |            |
|    fps                  | 1486       |
|    iterations           | 259        |
|    time_elapsed         | 11422      |
|    total_timesteps      | 16973824   |
| train/                  |            |
|    approx_kl            | 0.02035277 |
|    clip_fraction        | 0.343      |
|    clip_range           | 0.15       |
|    entropy_loss         | -43.4      |
|    explained_variance   | 0.859      |
|    learning_rate        | 0.0001     |
|    loss                 | -0.462     |
|    n_updates            | 3870       |
|    policy_gradient_loss | -0.0202    |
|    std                  | 3.32       |
|    value_loss           | 0.00902    |
----------------------------------------
-----------------------------------------
| rollout/                |             |
|    ep_len_mean          | 756         |
|    ep_rew_mean          | 5.66e+03    |
| time/                   |             |
|    fps                  | 1486        |
|    iterations           | 260         |
|    time_elapsed         | 11466       |
|    total_timesteps      | 17039360    |
| train/                  |             |
|    approx_kl            | 0.019998271 |
|    clip_fraction        | 0.341       |
|    clip_range           | 0.15        |
|    entropy_loss         | -43.5       |
|    explained_variance   | 0.85        |
|    learning_rate        | 0.0001      |
|    loss                 | -0.45       |
|    n_updates            | 3885        |
|    policy_gradient_loss | -0.02       |
|    std                  | 3.35        |
|    value_loss           | 0.0103      |
-----------------------------------------
-----------------------------------------
| rollout/                |             |
|    ep_len_mean          | 766         |
|    ep_rew_mean          | 5.74e+03    |
| time/                   |             |
|    fps                  | 1486        |
|    iterations           | 261         |
|    time_elapsed         | 11509       |
|    total_timesteps      | 17104896    |
| train/                  |             |
|    approx_kl            | 0.020325175 |
|    clip_fraction        | 0.349       |
|    clip_range           | 0.15        |
|    entropy_loss         | -43.6       |
|    explained_variance   | 0.853       |
|    learning_rate        | 0.0001      |
|    loss                 | -0.456      |
|    n_updates            | 3900        |
|    policy_gradient_loss | -0.0196     |
|    std                  | 3.38        |
|    value_loss           | 0.00965     |
-----------------------------------------
-----------------------------------------
| rollout/                |             |
|    ep_len_mean          | 812         |
|    ep_rew_mean          | 6.1e+03     |
| time/                   |             |
|    fps                  | 1486        |
|    iterations           | 262         |
|    time_elapsed         | 11554       |
|    total_timesteps      | 17170432    |
| train/                  |             |
|    approx_kl            | 0.020377688 |
|    clip_fraction        | 0.347       |
|    clip_range           | 0.15        |
|    entropy_loss         | -43.8       |
|    explained_variance   | 0.863       |
|    learning_rate        | 0.0001      |
|    loss                 | -0.454      |
|    n_updates            | 3915        |
|    policy_gradient_loss | -0.0198     |
|    std                  | 3.41        |
|    value_loss           | 0.00852     |
-----------------------------------------
-----------------------------------------
| rollout/                |             |
|    ep_len_mean          | 760         |
|    ep_rew_mean          | 5.71e+03    |
| time/                   |             |
|    fps                  | 1486        |
|    iterations           | 263         |
|    time_elapsed         | 11598       |
|    total_timesteps      | 17235968    |
| train/                  |             |
|    approx_kl            | 0.020440081 |
|    clip_fraction        | 0.342       |
|    clip_range           | 0.15        |
|    entropy_loss         | -43.9       |
|    explained_variance   | 0.836       |
|    learning_rate        | 0.0001      |
|    loss                 | -0.463      |
|    n_updates            | 3930        |
|    policy_gradient_loss | -0.0191     |
|    std                  | 3.44        |
|    value_loss           | 0.0085      |
-----------------------------------------
-----------------------------------------
| rollout/                |             |
|    ep_len_mean          | 752         |
|    ep_rew_mean          | 5.64e+03    |
| time/                   |             |
|    fps                  | 1486        |
|    iterations           | 264         |
|    time_elapsed         | 11642       |
|    total_timesteps      | 17301504    |
| train/                  |             |
|    approx_kl            | 0.019928083 |
|    clip_fraction        | 0.344       |
|    clip_range           | 0.15        |
|    entropy_loss         | -44         |
|    explained_variance   | 0.859       |
|    learning_rate        | 0.0001      |
|    loss                 | -0.463      |
|    n_updates            | 3945        |
|    policy_gradient_loss | -0.02       |
|    std                  | 3.47        |
|    value_loss           | 0.00843     |
-----------------------------------------
----------------------------------------
| rollout/                |            |
|    ep_len_mean          | 746        |
|    ep_rew_mean          | 5.6e+03    |
| time/                   |            |
|    fps                  | 1486       |
|    iterations           | 265        |
|    time_elapsed         | 11686      |
|    total_timesteps      | 17367040   |
| train/                  |            |
|    approx_kl            | 0.02088955 |
|    clip_fraction        | 0.352      |
|    clip_range           | 0.15       |
|    entropy_loss         | -44.2      |
|    explained_variance   | 0.84       |
|    learning_rate        | 0.0001     |
|    loss                 | -0.466     |
|    n_updates            | 3960       |
|    policy_gradient_loss | -0.0203    |
|    std                  | 3.5        |
|    value_loss           | 0.00928    |
----------------------------------------
-----------------------------------------
| rollout/                |             |
|    ep_len_mean          | 759         |
|    ep_rew_mean          | 5.7e+03     |
| time/                   |             |
|    fps                  | 1485        |
|    iterations           | 266         |
|    time_elapsed         | 11731       |
|    total_timesteps      | 17432576    |
| train/                  |             |
|    approx_kl            | 0.020580214 |
|    clip_fraction        | 0.35        |
|    clip_range           | 0.15        |
|    entropy_loss         | -44.3       |
|    explained_variance   | 0.838       |
|    learning_rate        | 0.0001      |
|    loss                 | -0.456      |
|    n_updates            | 3975        |
|    policy_gradient_loss | -0.0195     |
|    std                  | 3.53        |
|    value_loss           | 0.00913     |
-----------------------------------------
-----------------------------------------
| rollout/                |             |
|    ep_len_mean          | 759         |
|    ep_rew_mean          | 5.73e+03    |
| time/                   |             |
|    fps                  | 1485        |
|    iterations           | 267         |
|    time_elapsed         | 11776       |
|    total_timesteps      | 17498112    |
| train/                  |             |
|    approx_kl            | 0.020689163 |
|    clip_fraction        | 0.349       |
|    clip_range           | 0.15        |
|    entropy_loss         | -44.4       |
|    explained_variance   | 0.865       |
|    learning_rate        | 0.0001      |
|    loss                 | -0.469      |
|    n_updates            | 3990        |
|    policy_gradient_loss | -0.0203     |
|    std                  | 3.56        |
|    value_loss           | 0.0098      |
-----------------------------------------
-----------------------------------------
| rollout/                |             |
|    ep_len_mean          | 745         |
|    ep_rew_mean          | 5.62e+03    |
| time/                   |             |
|    fps                  | 1485        |
|    iterations           | 268         |
|    time_elapsed         | 11821       |
|    total_timesteps      | 17563648    |
| train/                  |             |
|    approx_kl            | 0.021420497 |
|    clip_fraction        | 0.357       |
|    clip_range           | 0.15        |
|    entropy_loss         | -44.6       |
|    explained_variance   | 0.855       |
|    learning_rate        | 0.0001      |
|    loss                 | -0.468      |
|    n_updates            | 4005        |
|    policy_gradient_loss | -0.0208     |
|    std                  | 3.59        |
|    value_loss           | 0.009       |
-----------------------------------------
-----------------------------------------
| rollout/                |             |
|    ep_len_mean          | 769         |
|    ep_rew_mean          | 5.82e+03    |
| time/                   |             |
|    fps                  | 1486        |
|    iterations           | 269         |
|    time_elapsed         | 11863       |
|    total_timesteps      | 17629184    |
| train/                  |             |
|    approx_kl            | 0.019472497 |
|    clip_fraction        | 0.338       |
|    clip_range           | 0.15        |
|    entropy_loss         | -44.7       |
|    explained_variance   | 0.87        |
|    learning_rate        | 0.0001      |
|    loss                 | -0.452      |
|    n_updates            | 4020        |
|    policy_gradient_loss | -0.0193     |
|    std                  | 3.62        |
|    value_loss           | 0.00842     |
-----------------------------------------
-----------------------------------------
| rollout/                |             |
|    ep_len_mean          | 738         |
|    ep_rew_mean          | 5.58e+03    |
| time/                   |             |
|    fps                  | 1485        |
|    iterations           | 270         |
|    time_elapsed         | 11907       |
|    total_timesteps      | 17694720    |
| train/                  |             |
|    approx_kl            | 0.020653669 |
|    clip_fraction        | 0.348       |
|    clip_range           | 0.15        |
|    entropy_loss         | -44.8       |
|    explained_variance   | 0.827       |
|    learning_rate        | 0.0001      |
|    loss                 | -0.469      |
|    n_updates            | 4035        |
|    policy_gradient_loss | -0.0193     |
|    std                  | 3.65        |
|    value_loss           | 0.00828     |
-----------------------------------------
-----------------------------------------
| rollout/                |             |
|    ep_len_mean          | 688         |
|    ep_rew_mean          | 5.2e+03     |
| time/                   |             |
|    fps                  | 1485        |
|    iterations           | 271         |
|    time_elapsed         | 11951       |
|    total_timesteps      | 17760256    |
| train/                  |             |
|    approx_kl            | 0.020574633 |
|    clip_fraction        | 0.344       |
|    clip_range           | 0.15        |
|    entropy_loss         | -45         |
|    explained_variance   | 0.827       |
|    learning_rate        | 0.0001      |
|    loss                 | -0.472      |
|    n_updates            | 4050        |
|    policy_gradient_loss | -0.0197     |
|    std                  | 3.68        |
|    value_loss           | 0.0106      |
-----------------------------------------
-----------------------------------------
| rollout/                |             |
|    ep_len_mean          | 707         |
|    ep_rew_mean          | 5.35e+03    |
| time/                   |             |
|    fps                  | 1486        |
|    iterations           | 272         |
|    time_elapsed         | 11995       |
|    total_timesteps      | 17825792    |
| train/                  |             |
|    approx_kl            | 0.019431567 |
|    clip_fraction        | 0.337       |
|    clip_range           | 0.15        |
|    entropy_loss         | -45.1       |
|    explained_variance   | 0.86        |
|    learning_rate        | 0.0001      |
|    loss                 | -0.471      |
|    n_updates            | 4065        |
|    policy_gradient_loss | -0.0202     |
|    std                  | 3.71        |
|    value_loss           | 0.00998     |
-----------------------------------------
----------------------------------------
| rollout/                |            |
|    ep_len_mean          | 698        |
|    ep_rew_mean          | 5.3e+03    |
| time/                   |            |
|    fps                  | 1485       |
|    iterations           | 273        |
|    time_elapsed         | 12040      |
|    total_timesteps      | 17891328   |
| train/                  |            |
|    approx_kl            | 0.02025428 |
|    clip_fraction        | 0.347      |
|    clip_range           | 0.15       |
|    entropy_loss         | -45.2      |
|    explained_variance   | 0.849      |
|    learning_rate        | 0.0001     |
|    loss                 | -0.47      |
|    n_updates            | 4080       |
|    policy_gradient_loss | -0.0201    |
|    std                  | 3.74       |
|    value_loss           | 0.01       |
----------------------------------------
----------------------------------------
| rollout/                |            |
|    ep_len_mean          | 682        |
|    ep_rew_mean          | 5.18e+03   |
| time/                   |            |
|    fps                  | 1485       |
|    iterations           | 274        |
|    time_elapsed         | 12084      |
|    total_timesteps      | 17956864   |
| train/                  |            |
|    approx_kl            | 0.02144501 |
|    clip_fraction        | 0.351      |
|    clip_range           | 0.15       |
|    entropy_loss         | -45.3      |
|    explained_variance   | 0.847      |
|    learning_rate        | 0.0001     |
|    loss                 | -0.474     |
|    n_updates            | 4095       |
|    policy_gradient_loss | -0.0204    |
|    std                  | 3.77       |
|    value_loss           | 0.0111     |
----------------------------------------
-----------------------------------------
| rollout/                |             |
|    ep_len_mean          | 768         |
|    ep_rew_mean          | 5.87e+03    |
| time/                   |             |
|    fps                  | 1485        |
|    iterations           | 275         |
|    time_elapsed         | 12128       |
|    total_timesteps      | 18022400    |
| train/                  |             |
|    approx_kl            | 0.020846201 |
|    clip_fraction        | 0.346       |
|    clip_range           | 0.15        |
|    entropy_loss         | -45.4       |
|    explained_variance   | 0.853       |
|    learning_rate        | 0.0001      |
|    loss                 | -0.48       |
|    n_updates            | 4110        |
|    policy_gradient_loss | -0.0211     |
|    std                  | 3.79        |
|    value_loss           | 0.0136      |
-----------------------------------------
-----------------------------------------
| rollout/                |             |
|    ep_len_mean          | 698         |
|    ep_rew_mean          | 5.3e+03     |
| time/                   |             |
|    fps                  | 1485        |
|    iterations           | 276         |
|    time_elapsed         | 12172       |
|    total_timesteps      | 18087936    |
| train/                  |             |
|    approx_kl            | 0.020718291 |
|    clip_fraction        | 0.344       |
|    clip_range           | 0.15        |
|    entropy_loss         | -45.6       |
|    explained_variance   | 0.836       |
|    learning_rate        | 0.0001      |
|    loss                 | -0.48       |
|    n_updates            | 4125        |
|    policy_gradient_loss | -0.0199     |
|    std                  | 3.82        |
|    value_loss           | 0.0105      |
-----------------------------------------
---------------------------------------
| rollout/                |           |
|    ep_len_mean          | 740       |
|    ep_rew_mean          | 5.65e+03  |
| time/                   |           |
|    fps                  | 1486      |
|    iterations           | 277       |
|    time_elapsed         | 12215     |
|    total_timesteps      | 18153472  |
| train/                  |           |
|    approx_kl            | 0.0204232 |
|    clip_fraction        | 0.344     |
|    clip_range           | 0.15      |
|    entropy_loss         | -45.6     |
|    explained_variance   | 0.836     |
|    learning_rate        | 0.0001    |
|    loss                 | -0.47     |
|    n_updates            | 4140      |
|    policy_gradient_loss | -0.0209   |
|    std                  | 3.85      |
|    value_loss           | 0.0127    |
---------------------------------------
-----------------------------------------
| rollout/                |             |
|    ep_len_mean          | 754         |
|    ep_rew_mean          | 5.75e+03    |
| time/                   |             |
|    fps                  | 1486        |
|    iterations           | 278         |
|    time_elapsed         | 12259       |
|    total_timesteps      | 18219008    |
| train/                  |             |
|    approx_kl            | 0.019995999 |
|    clip_fraction        | 0.346       |
|    clip_range           | 0.15        |
|    entropy_loss         | -45.8       |
|    explained_variance   | 0.839       |
|    learning_rate        | 0.0001      |
|    loss                 | -0.483      |
|    n_updates            | 4155        |
|    policy_gradient_loss | -0.0196     |
|    std                  | 3.88        |
|    value_loss           | 0.00959     |
-----------------------------------------
-----------------------------------------
| rollout/                |             |
|    ep_len_mean          | 747         |
|    ep_rew_mean          | 5.69e+03    |
| time/                   |             |
|    fps                  | 1486        |
|    iterations           | 279         |
|    time_elapsed         | 12303       |
|    total_timesteps      | 18284544    |
| train/                  |             |
|    approx_kl            | 0.019502677 |
|    clip_fraction        | 0.336       |
|    clip_range           | 0.15        |
|    entropy_loss         | -45.9       |
|    explained_variance   | 0.848       |
|    learning_rate        | 0.0001      |
|    loss                 | -0.481      |
|    n_updates            | 4170        |
|    policy_gradient_loss | -0.0194     |
|    std                  | 3.91        |
|    value_loss           | 0.0108      |
-----------------------------------------
----------------------------------------
| rollout/                |            |
|    ep_len_mean          | 750        |
|    ep_rew_mean          | 5.75e+03   |
| time/                   |            |
|    fps                  | 1485       |
|    iterations           | 280        |
|    time_elapsed         | 12349      |
|    total_timesteps      | 18350080   |
| train/                  |            |
|    approx_kl            | 0.02081171 |
|    clip_fraction        | 0.347      |
|    clip_range           | 0.15       |
|    entropy_loss         | -46        |
|    explained_variance   | 0.855      |
|    learning_rate        | 0.0001     |
|    loss                 | -0.484     |
|    n_updates            | 4185       |
|    policy_gradient_loss | -0.0204    |
|    std                  | 3.94       |
|    value_loss           | 0.00983    |
----------------------------------------
-----------------------------------------
| rollout/                |             |
|    ep_len_mean          | 744         |
|    ep_rew_mean          | 5.7e+03     |
| time/                   |             |
|    fps                  | 1486        |
|    iterations           | 281         |
|    time_elapsed         | 12390       |
|    total_timesteps      | 18415616    |
| train/                  |             |
|    approx_kl            | 0.020131461 |
|    clip_fraction        | 0.343       |
|    clip_range           | 0.15        |
|    entropy_loss         | -46.2       |
|    explained_variance   | 0.851       |
|    learning_rate        | 0.0001      |
|    loss                 | -0.485      |
|    n_updates            | 4200        |
|    policy_gradient_loss | -0.0198     |
|    std                  | 3.97        |
|    value_loss           | 0.0101      |
-----------------------------------------
-----------------------------------------
| rollout/                |             |
|    ep_len_mean          | 739         |
|    ep_rew_mean          | 5.66e+03    |
| time/                   |             |
|    fps                  | 1486        |
|    iterations           | 282         |
|    time_elapsed         | 12434       |
|    total_timesteps      | 18481152    |
| train/                  |             |
|    approx_kl            | 0.019912291 |
|    clip_fraction        | 0.334       |
|    clip_range           | 0.15        |
|    entropy_loss         | -46.3       |
|    explained_variance   | 0.856       |
|    learning_rate        | 0.0001      |
|    loss                 | -0.477      |
|    n_updates            | 4215        |
|    policy_gradient_loss | -0.0194     |
|    std                  | 4.01        |
|    value_loss           | 0.00998     |
-----------------------------------------
-----------------------------------------
| rollout/                |             |
|    ep_len_mean          | 777         |
|    ep_rew_mean          | 5.98e+03    |
| time/                   |             |
|    fps                  | 1486        |
|    iterations           | 283         |
|    time_elapsed         | 12479       |
|    total_timesteps      | 18546688    |
| train/                  |             |
|    approx_kl            | 0.020359572 |
|    clip_fraction        | 0.346       |
|    clip_range           | 0.15        |
|    entropy_loss         | -46.4       |
|    explained_variance   | 0.841       |
|    learning_rate        | 0.0001      |
|    loss                 | -0.479      |
|    n_updates            | 4230        |
|    policy_gradient_loss | -0.0205     |
|    std                  | 4.04        |
|    value_loss           | 0.0112      |
-----------------------------------------
-----------------------------------------
| rollout/                |             |
|    ep_len_mean          | 766         |
|    ep_rew_mean          | 5.91e+03    |
| time/                   |             |
|    fps                  | 1486        |
|    iterations           | 284         |
|    time_elapsed         | 12524       |
|    total_timesteps      | 18612224    |
| train/                  |             |
|    approx_kl            | 0.020146212 |
|    clip_fraction        | 0.342       |
|    clip_range           | 0.15        |
|    entropy_loss         | -46.5       |
|    explained_variance   | 0.817       |
|    learning_rate        | 0.0001      |
|    loss                 | -0.49       |
|    n_updates            | 4245        |
|    policy_gradient_loss | -0.019      |
|    std                  | 4.07        |
|    value_loss           | 0.00966     |
-----------------------------------------
-----------------------------------------
| rollout/                |             |
|    ep_len_mean          | 746         |
|    ep_rew_mean          | 5.74e+03    |
| time/                   |             |
|    fps                  | 1486        |
|    iterations           | 285         |
|    time_elapsed         | 12567       |
|    total_timesteps      | 18677760    |
| train/                  |             |
|    approx_kl            | 0.020179745 |
|    clip_fraction        | 0.34        |
|    clip_range           | 0.15        |
|    entropy_loss         | -46.6       |
|    explained_variance   | 0.84        |
|    learning_rate        | 0.0001      |
|    loss                 | -0.479      |
|    n_updates            | 4260        |
|    policy_gradient_loss | -0.0198     |
|    std                  | 4.1         |
|    value_loss           | 0.00937     |
-----------------------------------------
----------------------------------------
| rollout/                |            |
|    ep_len_mean          | 718        |
|    ep_rew_mean          | 5.52e+03   |
| time/                   |            |
|    fps                  | 1486       |
|    iterations           | 286        |
|    time_elapsed         | 12611      |
|    total_timesteps      | 18743296   |
| train/                  |            |
|    approx_kl            | 0.01940213 |
|    clip_fraction        | 0.331      |
|    clip_range           | 0.15       |
|    entropy_loss         | -46.8      |
|    explained_variance   | 0.842      |
|    learning_rate        | 0.0001     |
|    loss                 | -0.484     |
|    n_updates            | 4275       |
|    policy_gradient_loss | -0.02      |
|    std                  | 4.14       |
|    value_loss           | 0.0103     |
----------------------------------------
-----------------------------------------
| rollout/                |             |
|    ep_len_mean          | 727         |
|    ep_rew_mean          | 5.59e+03    |
| time/                   |             |
|    fps                  | 1486        |
|    iterations           | 287         |
|    time_elapsed         | 12657       |
|    total_timesteps      | 18808832    |
| train/                  |             |
|    approx_kl            | 0.021334907 |
|    clip_fraction        | 0.347       |
|    clip_range           | 0.15        |
|    entropy_loss         | -46.9       |
|    explained_variance   | 0.849       |
|    learning_rate        | 0.0001      |
|    loss                 | -0.494      |
|    n_updates            | 4290        |
|    policy_gradient_loss | -0.0206     |
|    std                  | 4.17        |
|    value_loss           | 0.0116      |
-----------------------------------------
-----------------------------------------
| rollout/                |             |
|    ep_len_mean          | 801         |
|    ep_rew_mean          | 6.2e+03     |
| time/                   |             |
|    fps                  | 1486        |
|    iterations           | 288         |
|    time_elapsed         | 12698       |
|    total_timesteps      | 18874368    |
| train/                  |             |
|    approx_kl            | 0.020360844 |
|    clip_fraction        | 0.343       |
|    clip_range           | 0.15        |
|    entropy_loss         | -47         |
|    explained_variance   | 0.872       |
|    learning_rate        | 0.0001      |
|    loss                 | -0.494      |
|    n_updates            | 4305        |
|    policy_gradient_loss | -0.0204     |
|    std                  | 4.2         |
|    value_loss           | 0.00988     |
-----------------------------------------
-----------------------------------------
| rollout/                |             |
|    ep_len_mean          | 766         |
|    ep_rew_mean          | 5.92e+03    |
| time/                   |             |
|    fps                  | 1486        |
|    iterations           | 289         |
|    time_elapsed         | 12740       |
|    total_timesteps      | 18939904    |
| train/                  |             |
|    approx_kl            | 0.019828126 |
|    clip_fraction        | 0.34        |
|    clip_range           | 0.15        |
|    entropy_loss         | -47.1       |
|    explained_variance   | 0.852       |
|    learning_rate        | 0.0001      |
|    loss                 | -0.499      |
|    n_updates            | 4320        |
|    policy_gradient_loss | -0.0193     |
|    std                  | 4.24        |
|    value_loss           | 0.00671     |
-----------------------------------------
-----------------------------------------
| rollout/                |             |
|    ep_len_mean          | 744         |
|    ep_rew_mean          | 5.76e+03    |
| time/                   |             |
|    fps                  | 1486        |
|    iterations           | 290         |
|    time_elapsed         | 12784       |
|    total_timesteps      | 19005440    |
| train/                  |             |
|    approx_kl            | 0.020941436 |
|    clip_fraction        | 0.343       |
|    clip_range           | 0.15        |
|    entropy_loss         | -47.2       |
|    explained_variance   | 0.855       |
|    learning_rate        | 0.0001      |
|    loss                 | -0.499      |
|    n_updates            | 4335        |
|    policy_gradient_loss | -0.0207     |
|    std                  | 4.27        |
|    value_loss           | 0.0106      |
-----------------------------------------
----------------------------------------
| rollout/                |            |
|    ep_len_mean          | 716        |
|    ep_rew_mean          | 5.54e+03   |
| time/                   |            |
|    fps                  | 1486       |
|    iterations           | 291        |
|    time_elapsed         | 12827      |
|    total_timesteps      | 19070976   |
| train/                  |            |
|    approx_kl            | 0.02050317 |
|    clip_fraction        | 0.347      |
|    clip_range           | 0.15       |
|    entropy_loss         | -47.4      |
|    explained_variance   | 0.849      |
|    learning_rate        | 0.0001     |
|    loss                 | -0.494     |
|    n_updates            | 4350       |
|    policy_gradient_loss | -0.0204    |
|    std                  | 4.31       |
|    value_loss           | 0.0111     |
----------------------------------------
-----------------------------------------
| rollout/                |             |
|    ep_len_mean          | 782         |
|    ep_rew_mean          | 6.06e+03    |
| time/                   |             |
|    fps                  | 1486        |
|    iterations           | 292         |
|    time_elapsed         | 12872       |
|    total_timesteps      | 19136512    |
| train/                  |             |
|    approx_kl            | 0.019764788 |
|    clip_fraction        | 0.334       |
|    clip_range           | 0.15        |
|    entropy_loss         | -47.5       |
|    explained_variance   | 0.843       |
|    learning_rate        | 0.0001      |
|    loss                 | -0.489      |
|    n_updates            | 4365        |
|    policy_gradient_loss | -0.0205     |
|    std                  | 4.34        |
|    value_loss           | 0.011       |
-----------------------------------------
-----------------------------------------
| rollout/                |             |
|    ep_len_mean          | 715         |
|    ep_rew_mean          | 5.53e+03    |
| time/                   |             |
|    fps                  | 1486        |
|    iterations           | 293         |
|    time_elapsed         | 12915       |
|    total_timesteps      | 19202048    |
| train/                  |             |
|    approx_kl            | 0.019830244 |
|    clip_fraction        | 0.336       |
|    clip_range           | 0.15        |
|    entropy_loss         | -47.6       |
|    explained_variance   | 0.842       |
|    learning_rate        | 0.0001      |
|    loss                 | -0.495      |
|    n_updates            | 4380        |
|    policy_gradient_loss | -0.0195     |
|    std                  | 4.37        |
|    value_loss           | 0.00852     |
-----------------------------------------
-----------------------------------------
| rollout/                |             |
|    ep_len_mean          | 676         |
|    ep_rew_mean          | 5.23e+03    |
| time/                   |             |
|    fps                  | 1486        |
|    iterations           | 294         |
|    time_elapsed         | 12958       |
|    total_timesteps      | 19267584    |
| train/                  |             |
|    approx_kl            | 0.019741897 |
|    clip_fraction        | 0.34        |
|    clip_range           | 0.15        |
|    entropy_loss         | -47.7       |
|    explained_variance   | 0.849       |
|    learning_rate        | 0.0001      |
|    loss                 | -0.496      |
|    n_updates            | 4395        |
|    policy_gradient_loss | -0.0205     |
|    std                  | 4.41        |
|    value_loss           | 0.0106      |
-----------------------------------------
-----------------------------------------
| rollout/                |             |
|    ep_len_mean          | 778         |
|    ep_rew_mean          | 6.04e+03    |
| time/                   |             |
|    fps                  | 1486        |
|    iterations           | 295         |
|    time_elapsed         | 13002       |
|    total_timesteps      | 19333120    |
| train/                  |             |
|    approx_kl            | 0.019948833 |
|    clip_fraction        | 0.339       |
|    clip_range           | 0.15        |
|    entropy_loss         | -47.9       |
|    explained_variance   | 0.862       |
|    learning_rate        | 0.0001      |
|    loss                 | -0.5        |
|    n_updates            | 4410        |
|    policy_gradient_loss | -0.0197     |
|    std                  | 4.44        |
|    value_loss           | 0.0115      |
-----------------------------------------
-----------------------------------------
| rollout/                |             |
|    ep_len_mean          | 757         |
|    ep_rew_mean          | 5.88e+03    |
| time/                   |             |
|    fps                  | 1486        |
|    iterations           | 296         |
|    time_elapsed         | 13047       |
|    total_timesteps      | 19398656    |
| train/                  |             |
|    approx_kl            | 0.020302545 |
|    clip_fraction        | 0.342       |
|    clip_range           | 0.15        |
|    entropy_loss         | -48         |
|    explained_variance   | 0.826       |
|    learning_rate        | 0.0001      |
|    loss                 | -0.494      |
|    n_updates            | 4425        |
|    policy_gradient_loss | -0.0195     |
|    std                  | 4.48        |
|    value_loss           | 0.00878     |
-----------------------------------------
-----------------------------------------
| rollout/                |             |
|    ep_len_mean          | 754         |
|    ep_rew_mean          | 5.88e+03    |
| time/                   |             |
|    fps                  | 1486        |
|    iterations           | 297         |
|    time_elapsed         | 13091       |
|    total_timesteps      | 19464192    |
| train/                  |             |
|    approx_kl            | 0.019816987 |
|    clip_fraction        | 0.335       |
|    clip_range           | 0.15        |
|    entropy_loss         | -48.1       |
|    explained_variance   | 0.866       |
|    learning_rate        | 0.0001      |
|    loss                 | -0.495      |
|    n_updates            | 4440        |
|    policy_gradient_loss | -0.0202     |
|    std                  | 4.51        |
|    value_loss           | 0.0116      |
-----------------------------------------
-----------------------------------------
| rollout/                |             |
|    ep_len_mean          | 699         |
|    ep_rew_mean          | 5.44e+03    |
| time/                   |             |
|    fps                  | 1486        |
|    iterations           | 298         |
|    time_elapsed         | 13136       |
|    total_timesteps      | 19529728    |
| train/                  |             |
|    approx_kl            | 0.020048164 |
|    clip_fraction        | 0.332       |
|    clip_range           | 0.15        |
|    entropy_loss         | -48.2       |
|    explained_variance   | 0.852       |
|    learning_rate        | 0.0001      |
|    loss                 | -0.505      |
|    n_updates            | 4455        |
|    policy_gradient_loss | -0.0207     |
|    std                  | 4.54        |
|    value_loss           | 0.0129      |
-----------------------------------------
-----------------------------------------
| rollout/                |             |
|    ep_len_mean          | 713         |
|    ep_rew_mean          | 5.57e+03    |
| time/                   |             |
|    fps                  | 1486        |
|    iterations           | 299         |
|    time_elapsed         | 13178       |
|    total_timesteps      | 19595264    |
| train/                  |             |
|    approx_kl            | 0.019729976 |
|    clip_fraction        | 0.335       |
|    clip_range           | 0.15        |
|    entropy_loss         | -48.3       |
|    explained_variance   | 0.847       |
|    learning_rate        | 0.0001      |
|    loss                 | -0.502      |
|    n_updates            | 4470        |
|    policy_gradient_loss | -0.0197     |
|    std                  | 4.58        |
|    value_loss           | 0.0112      |
-----------------------------------------
-----------------------------------------
| rollout/                |             |
|    ep_len_mean          | 723         |
|    ep_rew_mean          | 5.64e+03    |
| time/                   |             |
|    fps                  | 1486        |
|    iterations           | 300         |
|    time_elapsed         | 13223       |
|    total_timesteps      | 19660800    |
| train/                  |             |
|    approx_kl            | 0.020286541 |
|    clip_fraction        | 0.341       |
|    clip_range           | 0.15        |
|    entropy_loss         | -48.4       |
|    explained_variance   | 0.826       |
|    learning_rate        | 0.0001      |
|    loss                 | -0.505      |
|    n_updates            | 4485        |
|    policy_gradient_loss | -0.0204     |
|    std                  | 4.61        |
|    value_loss           | 0.0134      |
-----------------------------------------
-----------------------------------------
| rollout/                |             |
|    ep_len_mean          | 710         |
|    ep_rew_mean          | 5.52e+03    |
| time/                   |             |
|    fps                  | 1486        |
|    iterations           | 301         |
|    time_elapsed         | 13267       |
|    total_timesteps      | 19726336    |
| train/                  |             |
|    approx_kl            | 0.019855376 |
|    clip_fraction        | 0.338       |
|    clip_range           | 0.15        |
|    entropy_loss         | -48.6       |
|    explained_variance   | 0.85        |
|    learning_rate        | 0.0001      |
|    loss                 | -0.505      |
|    n_updates            | 4500        |
|    policy_gradient_loss | -0.02       |
|    std                  | 4.64        |
|    value_loss           | 0.0123      |
-----------------------------------------
-----------------------------------------
| rollout/                |             |
|    ep_len_mean          | 633         |
|    ep_rew_mean          | 4.93e+03    |
| time/                   |             |
|    fps                  | 1486        |
|    iterations           | 302         |
|    time_elapsed         | 13310       |
|    total_timesteps      | 19791872    |
| train/                  |             |
|    approx_kl            | 0.020029658 |
|    clip_fraction        | 0.342       |
|    clip_range           | 0.15        |
|    entropy_loss         | -48.7       |
|    explained_variance   | 0.834       |
|    learning_rate        | 0.0001      |
|    loss                 | -0.507      |
|    n_updates            | 4515        |
|    policy_gradient_loss | -0.0204     |
|    std                  | 4.68        |
|    value_loss           | 0.0113      |
-----------------------------------------
-----------------------------------------
| rollout/                |             |
|    ep_len_mean          | 684         |
|    ep_rew_mean          | 5.36e+03    |
| time/                   |             |
|    fps                  | 1486        |
|    iterations           | 303         |
|    time_elapsed         | 13354       |
|    total_timesteps      | 19857408    |
| train/                  |             |
|    approx_kl            | 0.019375678 |
|    clip_fraction        | 0.329       |
|    clip_range           | 0.15        |
|    entropy_loss         | -48.8       |
|    explained_variance   | 0.828       |
|    learning_rate        | 0.0001      |
|    loss                 | -0.508      |
|    n_updates            | 4530        |
|    policy_gradient_loss | -0.0197     |
|    std                  | 4.72        |
|    value_loss           | 0.0144      |
-----------------------------------------
-----------------------------------------
| rollout/                |             |
|    ep_len_mean          | 724         |
|    ep_rew_mean          | 5.67e+03    |
| time/                   |             |
|    fps                  | 1486        |
|    iterations           | 304         |
|    time_elapsed         | 13399       |
|    total_timesteps      | 19922944    |
| train/                  |             |
|    approx_kl            | 0.020569174 |
|    clip_fraction        | 0.341       |
|    clip_range           | 0.15        |
|    entropy_loss         | -48.9       |
|    explained_variance   | 0.811       |
|    learning_rate        | 0.0001      |
|    loss                 | -0.502      |
|    n_updates            | 4545        |
|    policy_gradient_loss | -0.0204     |
|    std                  | 4.76        |
|    value_loss           | 0.0141      |
-----------------------------------------
----------------------------------------
| rollout/                |            |
|    ep_len_mean          | 734        |
|    ep_rew_mean          | 5.75e+03   |
| time/                   |            |
|    fps                  | 1486       |
|    iterations           | 305        |
|    time_elapsed         | 13445      |
|    total_timesteps      | 19988480   |
| train/                  |            |
|    approx_kl            | 0.01899045 |
|    clip_fraction        | 0.328      |
|    clip_range           | 0.15       |
|    entropy_loss         | -49        |
|    explained_variance   | 0.831      |
|    learning_rate        | 0.0001     |
|    loss                 | -0.507     |
|    n_updates            | 4560       |
|    policy_gradient_loss | -0.0193    |
|    std                  | 4.79       |
|    value_loss           | 0.0114     |
----------------------------------------
-----------------------------------------
| rollout/                |             |
|    ep_len_mean          | 744         |
|    ep_rew_mean          | 5.83e+03    |
| time/                   |             |
|    fps                  | 1486        |
|    iterations           | 306         |
|    time_elapsed         | 13491       |
|    total_timesteps      | 20054016    |
| train/                  |             |
|    approx_kl            | 0.020070553 |
|    clip_fraction        | 0.343       |
|    clip_range           | 0.15        |
|    entropy_loss         | -49.1       |
|    explained_variance   | 0.816       |
|    learning_rate        | 0.0001      |
|    loss                 | -0.509      |
|    n_updates            | 4575        |
|    policy_gradient_loss | -0.02       |
|    std                  | 4.83        |
|    value_loss           | 0.0119      |
-----------------------------------------
-----------------------------------------
| rollout/                |             |
|    ep_len_mean          | 750         |
|    ep_rew_mean          | 5.89e+03    |
| time/                   |             |
|    fps                  | 1486        |
|    iterations           | 307         |
|    time_elapsed         | 13534       |
|    total_timesteps      | 20119552    |
| train/                  |             |
|    approx_kl            | 0.019467838 |
|    clip_fraction        | 0.334       |
|    clip_range           | 0.15        |
|    entropy_loss         | -49.3       |
|    explained_variance   | 0.868       |
|    learning_rate        | 0.0001      |
|    loss                 | -0.509      |
|    n_updates            | 4590        |
|    policy_gradient_loss | -0.0203     |
|    std                  | 4.87        |
|    value_loss           | 0.00917     |
-----------------------------------------
-----------------------------------------
| rollout/                |             |
|    ep_len_mean          | 772         |
|    ep_rew_mean          | 6.06e+03    |
| time/                   |             |
|    fps                  | 1486        |
|    iterations           | 308         |
|    time_elapsed         | 13579       |
|    total_timesteps      | 20185088    |
| train/                  |             |
|    approx_kl            | 0.020460626 |
|    clip_fraction        | 0.335       |
|    clip_range           | 0.15        |
|    entropy_loss         | -49.4       |
|    explained_variance   | 0.858       |
|    learning_rate        | 0.0001      |
|    loss                 | -0.51       |
|    n_updates            | 4605        |
|    policy_gradient_loss | -0.02       |
|    std                  | 4.91        |
|    value_loss           | 0.0119      |
-----------------------------------------
-----------------------------------------
| rollout/                |             |
|    ep_len_mean          | 701         |
|    ep_rew_mean          | 5.5e+03     |
| time/                   |             |
|    fps                  | 1486        |
|    iterations           | 309         |
|    time_elapsed         | 13623       |
|    total_timesteps      | 20250624    |
| train/                  |             |
|    approx_kl            | 0.019857321 |
|    clip_fraction        | 0.337       |
|    clip_range           | 0.15        |
|    entropy_loss         | -49.5       |
|    explained_variance   | 0.856       |
|    learning_rate        | 0.0001      |
|    loss                 | -0.516      |
|    n_updates            | 4620        |
|    policy_gradient_loss | -0.0204     |
|    std                  | 4.95        |
|    value_loss           | 0.00966     |
-----------------------------------------
----------------------------------------
| rollout/                |            |
|    ep_len_mean          | 692        |
|    ep_rew_mean          | 5.41e+03   |
| time/                   |            |
|    fps                  | 1486       |
|    iterations           | 310        |
|    time_elapsed         | 13668      |
|    total_timesteps      | 20316160   |
| train/                  |            |
|    approx_kl            | 0.01969536 |
|    clip_fraction        | 0.33       |
|    clip_range           | 0.15       |
|    entropy_loss         | -49.6      |
|    explained_variance   | 0.809      |
|    learning_rate        | 0.0001     |
|    loss                 | -0.512     |
|    n_updates            | 4635       |
|    policy_gradient_loss | -0.0196    |
|    std                  | 4.99       |
|    value_loss           | 0.0108     |
----------------------------------------
-----------------------------------------
| rollout/                |             |
|    ep_len_mean          | 745         |
|    ep_rew_mean          | 5.85e+03    |
| time/                   |             |
|    fps                  | 1486        |
|    iterations           | 311         |
|    time_elapsed         | 13713       |
|    total_timesteps      | 20381696    |
| train/                  |             |
|    approx_kl            | 0.019776901 |
|    clip_fraction        | 0.337       |
|    clip_range           | 0.15        |
|    entropy_loss         | -49.8       |
|    explained_variance   | 0.863       |
|    learning_rate        | 0.0001      |
|    loss                 | -0.525      |
|    n_updates            | 4650        |
|    policy_gradient_loss | -0.0202     |
|    std                  | 5.03        |
|    value_loss           | 0.0122      |
-----------------------------------------
-----------------------------------------
| rollout/                |             |
|    ep_len_mean          | 741         |
|    ep_rew_mean          | 5.83e+03    |
| time/                   |             |
|    fps                  | 1486        |
|    iterations           | 312         |
|    time_elapsed         | 13758       |
|    total_timesteps      | 20447232    |
| train/                  |             |
|    approx_kl            | 0.019529331 |
|    clip_fraction        | 0.332       |
|    clip_range           | 0.15        |
|    entropy_loss         | -49.9       |
|    explained_variance   | 0.814       |
|    learning_rate        | 0.0001      |
|    loss                 | -0.517      |
|    n_updates            | 4665        |
|    policy_gradient_loss | -0.0197     |
|    std                  | 5.07        |
|    value_loss           | 0.0107      |
-----------------------------------------
-----------------------------------------
| rollout/                |             |
|    ep_len_mean          | 714         |
|    ep_rew_mean          | 5.61e+03    |
| time/                   |             |
|    fps                  | 1486        |
|    iterations           | 313         |
|    time_elapsed         | 13801       |
|    total_timesteps      | 20512768    |
| train/                  |             |
|    approx_kl            | 0.019813498 |
|    clip_fraction        | 0.335       |
|    clip_range           | 0.15        |
|    entropy_loss         | -50         |
|    explained_variance   | 0.852       |
|    learning_rate        | 0.0001      |
|    loss                 | -0.516      |
|    n_updates            | 4680        |
|    policy_gradient_loss | -0.0203     |
|    std                  | 5.11        |
|    value_loss           | 0.011       |
-----------------------------------------
-----------------------------------------
| rollout/                |             |
|    ep_len_mean          | 726         |
|    ep_rew_mean          | 5.72e+03    |
| time/                   |             |
|    fps                  | 1486        |
|    iterations           | 314         |
|    time_elapsed         | 13846       |
|    total_timesteps      | 20578304    |
| train/                  |             |
|    approx_kl            | 0.020349167 |
|    clip_fraction        | 0.343       |
|    clip_range           | 0.15        |
|    entropy_loss         | -50.1       |
|    explained_variance   | 0.823       |
|    learning_rate        | 0.0001      |
|    loss                 | -0.527      |
|    n_updates            | 4695        |
|    policy_gradient_loss | -0.0205     |
|    std                  | 5.15        |
|    value_loss           | 0.0125      |
-----------------------------------------
-----------------------------------------
| rollout/                |             |
|    ep_len_mean          | 766         |
|    ep_rew_mean          | 6.04e+03    |
| time/                   |             |
|    fps                  | 1486        |
|    iterations           | 315         |
|    time_elapsed         | 13891       |
|    total_timesteps      | 20643840    |
| train/                  |             |
|    approx_kl            | 0.020614043 |
|    clip_fraction        | 0.336       |
|    clip_range           | 0.15        |
|    entropy_loss         | -50.2       |
|    explained_variance   | 0.811       |
|    learning_rate        | 0.0001      |
|    loss                 | -0.526      |
|    n_updates            | 4710        |
|    policy_gradient_loss | -0.0201     |
|    std                  | 5.19        |
|    value_loss           | 0.012       |
-----------------------------------------
-----------------------------------------
| rollout/                |             |
|    ep_len_mean          | 795         |
|    ep_rew_mean          | 6.28e+03    |
| time/                   |             |
|    fps                  | 1486        |
|    iterations           | 316         |
|    time_elapsed         | 13935       |
|    total_timesteps      | 20709376    |
| train/                  |             |
|    approx_kl            | 0.020211155 |
|    clip_fraction        | 0.334       |
|    clip_range           | 0.15        |
|    entropy_loss         | -50.3       |
|    explained_variance   | 0.819       |
|    learning_rate        | 0.0001      |
|    loss                 | -0.521      |
|    n_updates            | 4725        |
|    policy_gradient_loss | -0.0199     |
|    std                  | 5.22        |
|    value_loss           | 0.0115      |
-----------------------------------------
-----------------------------------------
| rollout/                |             |
|    ep_len_mean          | 767         |
|    ep_rew_mean          | 6.04e+03    |
| time/                   |             |
|    fps                  | 1485        |
|    iterations           | 317         |
|    time_elapsed         | 13980       |
|    total_timesteps      | 20774912    |
| train/                  |             |
|    approx_kl            | 0.019402605 |
|    clip_fraction        | 0.333       |
|    clip_range           | 0.15        |
|    entropy_loss         | -50.5       |
|    explained_variance   | 0.834       |
|    learning_rate        | 0.0001      |
|    loss                 | -0.52       |
|    n_updates            | 4740        |
|    policy_gradient_loss | -0.0191     |
|    std                  | 5.26        |
|    value_loss           | 0.0086      |
-----------------------------------------
-----------------------------------------
| rollout/                |             |
|    ep_len_mean          | 753         |
|    ep_rew_mean          | 5.93e+03    |
| time/                   |             |
|    fps                  | 1485        |
|    iterations           | 318         |
|    time_elapsed         | 14024       |
|    total_timesteps      | 20840448    |
| train/                  |             |
|    approx_kl            | 0.019629903 |
|    clip_fraction        | 0.332       |
|    clip_range           | 0.15        |
|    entropy_loss         | -50.6       |
|    explained_variance   | 0.825       |
|    learning_rate        | 0.0001      |
|    loss                 | -0.528      |
|    n_updates            | 4755        |
|    policy_gradient_loss | -0.0184     |
|    std                  | 5.31        |
|    value_loss           | 0.00868     |
-----------------------------------------
-----------------------------------------
| rollout/                |             |
|    ep_len_mean          | 722         |
|    ep_rew_mean          | 5.7e+03     |
| time/                   |             |
|    fps                  | 1485        |
|    iterations           | 319         |
|    time_elapsed         | 14070       |
|    total_timesteps      | 20905984    |
| train/                  |             |
|    approx_kl            | 0.020036982 |
|    clip_fraction        | 0.336       |
|    clip_range           | 0.15        |
|    entropy_loss         | -50.7       |
|    explained_variance   | 0.817       |
|    learning_rate        | 0.0001      |
|    loss                 | -0.53       |
|    n_updates            | 4770        |
|    policy_gradient_loss | -0.0195     |
|    std                  | 5.36        |
|    value_loss           | 0.0108      |
-----------------------------------------
----------------------------------------
| rollout/                |            |
|    ep_len_mean          | 757        |
|    ep_rew_mean          | 5.99e+03   |
| time/                   |            |
|    fps                  | 1485       |
|    iterations           | 320        |
|    time_elapsed         | 14113      |
|    total_timesteps      | 20971520   |
| train/                  |            |
|    approx_kl            | 0.01970349 |
|    clip_fraction        | 0.334      |
|    clip_range           | 0.15       |
|    entropy_loss         | -50.8      |
|    explained_variance   | 0.802      |
|    learning_rate        | 0.0001     |
|    loss                 | -0.526     |
|    n_updates            | 4785       |
|    policy_gradient_loss | -0.0194    |
|    std                  | 5.4        |
|    value_loss           | 0.0122     |
----------------------------------------
-----------------------------------------
| rollout/                |             |
|    ep_len_mean          | 782         |
|    ep_rew_mean          | 6.19e+03    |
| time/                   |             |
|    fps                  | 1485        |
|    iterations           | 321         |
|    time_elapsed         | 14157       |
|    total_timesteps      | 21037056    |
| train/                  |             |
|    approx_kl            | 0.019504307 |
|    clip_fraction        | 0.331       |
|    clip_range           | 0.15        |
|    entropy_loss         | -51         |
|    explained_variance   | 0.837       |
|    learning_rate        | 0.0001      |
|    loss                 | -0.523      |
|    n_updates            | 4800        |
|    policy_gradient_loss | -0.0192     |
|    std                  | 5.44        |
|    value_loss           | 0.00998     |
-----------------------------------------
-----------------------------------------
| rollout/                |             |
|    ep_len_mean          | 790         |
|    ep_rew_mean          | 6.29e+03    |
| time/                   |             |
|    fps                  | 1486        |
|    iterations           | 322         |
|    time_elapsed         | 14200       |
|    total_timesteps      | 21102592    |
| train/                  |             |
|    approx_kl            | 0.019432131 |
|    clip_fraction        | 0.334       |
|    clip_range           | 0.15        |
|    entropy_loss         | -51.1       |
|    explained_variance   | 0.802       |
|    learning_rate        | 0.0001      |
|    loss                 | -0.522      |
|    n_updates            | 4815        |
|    policy_gradient_loss | -0.019      |
|    std                  | 5.49        |
|    value_loss           | 0.0086      |
-----------------------------------------
-----------------------------------------
| rollout/                |             |
|    ep_len_mean          | 723         |
|    ep_rew_mean          | 5.72e+03    |
| time/                   |             |
|    fps                  | 1486        |
|    iterations           | 323         |
|    time_elapsed         | 14244       |
|    total_timesteps      | 21168128    |
| train/                  |             |
|    approx_kl            | 0.020210871 |
|    clip_fraction        | 0.34        |
|    clip_range           | 0.15        |
|    entropy_loss         | -51.2       |
|    explained_variance   | 0.796       |
|    learning_rate        | 0.0001      |
|    loss                 | -0.532      |
|    n_updates            | 4830        |
|    policy_gradient_loss | -0.0189     |
|    std                  | 5.53        |
|    value_loss           | 0.0107      |
-----------------------------------------
-----------------------------------------
| rollout/                |             |
|    ep_len_mean          | 800         |
|    ep_rew_mean          | 6.35e+03    |
| time/                   |             |
|    fps                  | 1486        |
|    iterations           | 324         |
|    time_elapsed         | 14287       |
|    total_timesteps      | 21233664    |
| train/                  |             |
|    approx_kl            | 0.019222517 |
|    clip_fraction        | 0.331       |
|    clip_range           | 0.15        |
|    entropy_loss         | -51.3       |
|    explained_variance   | 0.842       |
|    learning_rate        | 0.0001      |
|    loss                 | -0.527      |
|    n_updates            | 4845        |
|    policy_gradient_loss | -0.019      |
|    std                  | 5.58        |
|    value_loss           | 0.00921     |
-----------------------------------------
-----------------------------------------
| rollout/                |             |
|    ep_len_mean          | 771         |
|    ep_rew_mean          | 6.12e+03    |
| time/                   |             |
|    fps                  | 1486        |
|    iterations           | 325         |
|    time_elapsed         | 14331       |
|    total_timesteps      | 21299200    |
| train/                  |             |
|    approx_kl            | 0.019333368 |
|    clip_fraction        | 0.332       |
|    clip_range           | 0.15        |
|    entropy_loss         | -51.4       |
|    explained_variance   | 0.818       |
|    learning_rate        | 0.0001      |
|    loss                 | -0.533      |
|    n_updates            | 4860        |
|    policy_gradient_loss | -0.0187     |
|    std                  | 5.62        |
|    value_loss           | 0.00888     |
-----------------------------------------
-----------------------------------------
| rollout/                |             |
|    ep_len_mean          | 814         |
|    ep_rew_mean          | 6.49e+03    |
| time/                   |             |
|    fps                  | 1486        |
|    iterations           | 326         |
|    time_elapsed         | 14375       |
|    total_timesteps      | 21364736    |
| train/                  |             |
|    approx_kl            | 0.019313723 |
|    clip_fraction        | 0.332       |
|    clip_range           | 0.15        |
|    entropy_loss         | -51.6       |
|    explained_variance   | 0.819       |
|    learning_rate        | 0.0001      |
|    loss                 | -0.539      |
|    n_updates            | 4875        |
|    policy_gradient_loss | -0.0185     |
|    std                  | 5.67        |
|    value_loss           | 0.00862     |
-----------------------------------------
-----------------------------------------
| rollout/                |             |
|    ep_len_mean          | 816         |
|    ep_rew_mean          | 6.52e+03    |
| time/                   |             |
|    fps                  | 1486        |
|    iterations           | 327         |
|    time_elapsed         | 14419       |
|    total_timesteps      | 21430272    |
| train/                  |             |
|    approx_kl            | 0.019543653 |
|    clip_fraction        | 0.33        |
|    clip_range           | 0.15        |
|    entropy_loss         | -51.7       |
|    explained_variance   | 0.833       |
|    learning_rate        | 0.0001      |
|    loss                 | -0.544      |
|    n_updates            | 4890        |
|    policy_gradient_loss | -0.0199     |
|    std                  | 5.72        |
|    value_loss           | 0.00973     |
-----------------------------------------
----------------------------------------
| rollout/                |            |
|    ep_len_mean          | 762        |
|    ep_rew_mean          | 6.09e+03   |
| time/                   |            |
|    fps                  | 1486       |
|    iterations           | 328        |
|    time_elapsed         | 14462      |
|    total_timesteps      | 21495808   |
| train/                  |            |
|    approx_kl            | 0.01932461 |
|    clip_fraction        | 0.331      |
|    clip_range           | 0.15       |
|    entropy_loss         | -51.8      |
|    explained_variance   | 0.832      |
|    learning_rate        | 0.0001     |
|    loss                 | -0.539     |
|    n_updates            | 4905       |
|    policy_gradient_loss | -0.0182    |
|    std                  | 5.77       |
|    value_loss           | 0.00609    |
----------------------------------------
-----------------------------------------
| rollout/                |             |
|    ep_len_mean          | 781         |
|    ep_rew_mean          | 6.24e+03    |
| time/                   |             |
|    fps                  | 1486        |
|    iterations           | 329         |
|    time_elapsed         | 14505       |
|    total_timesteps      | 21561344    |
| train/                  |             |
|    approx_kl            | 0.019146523 |
|    clip_fraction        | 0.335       |
|    clip_range           | 0.15        |
|    entropy_loss         | -52         |
|    explained_variance   | 0.843       |
|    learning_rate        | 0.0001      |
|    loss                 | -0.546      |
|    n_updates            | 4920        |
|    policy_gradient_loss | -0.018      |
|    std                  | 5.82        |
|    value_loss           | 0.00876     |
-----------------------------------------
-----------------------------------------
| rollout/                |             |
|    ep_len_mean          | 740         |
|    ep_rew_mean          | 5.92e+03    |
| time/                   |             |
|    fps                  | 1486        |
|    iterations           | 330         |
|    time_elapsed         | 14550       |
|    total_timesteps      | 21626880    |
| train/                  |             |
|    approx_kl            | 0.020129655 |
|    clip_fraction        | 0.344       |
|    clip_range           | 0.15        |
|    entropy_loss         | -52.1       |
|    explained_variance   | 0.807       |
|    learning_rate        | 0.0001      |
|    loss                 | -0.541      |
|    n_updates            | 4935        |
|    policy_gradient_loss | -0.0189     |
|    std                  | 5.88        |
|    value_loss           | 0.00935     |
-----------------------------------------
-----------------------------------------
| rollout/                |             |
|    ep_len_mean          | 743         |
|    ep_rew_mean          | 5.93e+03    |
| time/                   |             |
|    fps                  | 1486        |
|    iterations           | 331         |
|    time_elapsed         | 14593       |
|    total_timesteps      | 21692416    |
| train/                  |             |
|    approx_kl            | 0.020523358 |
|    clip_fraction        | 0.337       |
|    clip_range           | 0.15        |
|    entropy_loss         | -52.3       |
|    explained_variance   | 0.833       |
|    learning_rate        | 0.0001      |
|    loss                 | -0.535      |
|    n_updates            | 4950        |
|    policy_gradient_loss | -0.0195     |
|    std                  | 5.94        |
|    value_loss           | 0.012       |
-----------------------------------------
-----------------------------------------
| rollout/                |             |
|    ep_len_mean          | 719         |
|    ep_rew_mean          | 5.74e+03    |
| time/                   |             |
|    fps                  | 1486        |
|    iterations           | 332         |
|    time_elapsed         | 14637       |
|    total_timesteps      | 21757952    |
| train/                  |             |
|    approx_kl            | 0.019118626 |
|    clip_fraction        | 0.328       |
|    clip_range           | 0.15        |
|    entropy_loss         | -52.4       |
|    explained_variance   | 0.836       |
|    learning_rate        | 0.0001      |
|    loss                 | -0.541      |
|    n_updates            | 4965        |
|    policy_gradient_loss | -0.0192     |
|    std                  | 5.98        |
|    value_loss           | 0.00962     |
-----------------------------------------
-----------------------------------------
| rollout/                |             |
|    ep_len_mean          | 737         |
|    ep_rew_mean          | 5.9e+03     |
| time/                   |             |
|    fps                  | 1486        |
|    iterations           | 333         |
|    time_elapsed         | 14682       |
|    total_timesteps      | 21823488    |
| train/                  |             |
|    approx_kl            | 0.019407932 |
|    clip_fraction        | 0.335       |
|    clip_range           | 0.15        |
|    entropy_loss         | -52.5       |
|    explained_variance   | 0.839       |
|    learning_rate        | 0.0001      |
|    loss                 | -0.546      |
|    n_updates            | 4980        |
|    policy_gradient_loss | -0.0194     |
|    std                  | 6.04        |
|    value_loss           | 0.011       |
-----------------------------------------
-----------------------------------------
| rollout/                |             |
|    ep_len_mean          | 724         |
|    ep_rew_mean          | 5.79e+03    |
| time/                   |             |
|    fps                  | 1486        |
|    iterations           | 334         |
|    time_elapsed         | 14725       |
|    total_timesteps      | 21889024    |
| train/                  |             |
|    approx_kl            | 0.019822022 |
|    clip_fraction        | 0.331       |
|    clip_range           | 0.15        |
|    entropy_loss         | -52.7       |
|    explained_variance   | 0.809       |
|    learning_rate        | 0.0001      |
|    loss                 | -0.543      |
|    n_updates            | 4995        |
|    policy_gradient_loss | -0.0196     |
|    std                  | 6.09        |
|    value_loss           | 0.0121      |
-----------------------------------------
-----------------------------------------
| rollout/                |             |
|    ep_len_mean          | 780         |
|    ep_rew_mean          | 6.28e+03    |
| time/                   |             |
|    fps                  | 1486        |
|    iterations           | 335         |
|    time_elapsed         | 14768       |
|    total_timesteps      | 21954560    |
| train/                  |             |
|    approx_kl            | 0.019810023 |
|    clip_fraction        | 0.334       |
|    clip_range           | 0.15        |
|    entropy_loss         | -52.8       |
|    explained_variance   | 0.836       |
|    learning_rate        | 0.0001      |
|    loss                 | -0.546      |
|    n_updates            | 5010        |
|    policy_gradient_loss | -0.0197     |
|    std                  | 6.14        |
|    value_loss           | 0.0113      |
-----------------------------------------
----------------------------------------
| rollout/                |            |
|    ep_len_mean          | 692        |
|    ep_rew_mean          | 5.53e+03   |
| time/                   |            |
|    fps                  | 1486       |
|    iterations           | 336        |
|    time_elapsed         | 14811      |
|    total_timesteps      | 22020096   |
| train/                  |            |
|    approx_kl            | 0.01942474 |
|    clip_fraction        | 0.334      |
|    clip_range           | 0.15       |
|    entropy_loss         | -52.9      |
|    explained_variance   | 0.784      |
|    learning_rate        | 0.0001     |
|    loss                 | -0.543     |
|    n_updates            | 5025       |
|    policy_gradient_loss | -0.0192    |
|    std                  | 6.19       |
|    value_loss           | 0.0117     |
----------------------------------------
-----------------------------------------
| rollout/                |             |
|    ep_len_mean          | 716         |
|    ep_rew_mean          | 5.74e+03    |
| time/                   |             |
|    fps                  | 1486        |
|    iterations           | 337         |
|    time_elapsed         | 14854       |
|    total_timesteps      | 22085632    |
| train/                  |             |
|    approx_kl            | 0.019122163 |
|    clip_fraction        | 0.324       |
|    clip_range           | 0.15        |
|    entropy_loss         | -53         |
|    explained_variance   | 0.814       |
|    learning_rate        | 0.0001      |
|    loss                 | -0.544      |
|    n_updates            | 5040        |
|    policy_gradient_loss | -0.0197     |
|    std                  | 6.23        |
|    value_loss           | 0.0144      |
-----------------------------------------
-----------------------------------------
| rollout/                |             |
|    ep_len_mean          | 727         |
|    ep_rew_mean          | 5.84e+03    |
| time/                   |             |
|    fps                  | 1486        |
|    iterations           | 338         |
|    time_elapsed         | 14898       |
|    total_timesteps      | 22151168    |
| train/                  |             |
|    approx_kl            | 0.019179083 |
|    clip_fraction        | 0.33        |
|    clip_range           | 0.15        |
|    entropy_loss         | -53.1       |
|    explained_variance   | 0.833       |
|    learning_rate        | 0.0001      |
|    loss                 | -0.546      |
|    n_updates            | 5055        |
|    policy_gradient_loss | -0.0195     |
|    std                  | 6.28        |
|    value_loss           | 0.0144      |
-----------------------------------------
-----------------------------------------
| rollout/                |             |
|    ep_len_mean          | 707         |
|    ep_rew_mean          | 5.67e+03    |
| time/                   |             |
|    fps                  | 1486        |
|    iterations           | 339         |
|    time_elapsed         | 14942       |
|    total_timesteps      | 22216704    |
| train/                  |             |
|    approx_kl            | 0.020256523 |
|    clip_fraction        | 0.338       |
|    clip_range           | 0.15        |
|    entropy_loss         | -53.3       |
|    explained_variance   | 0.775       |
|    learning_rate        | 0.0001      |
|    loss                 | -0.55       |
|    n_updates            | 5070        |
|    policy_gradient_loss | -0.0201     |
|    std                  | 6.33        |
|    value_loss           | 0.0139      |
-----------------------------------------
----------------------------------------
| rollout/                |            |
|    ep_len_mean          | 749        |
|    ep_rew_mean          | 6.03e+03   |
| time/                   |            |
|    fps                  | 1486       |
|    iterations           | 340        |
|    time_elapsed         | 14988      |
|    total_timesteps      | 22282240   |
| train/                  |            |
|    approx_kl            | 0.01841613 |
|    clip_fraction        | 0.322      |
|    clip_range           | 0.15       |
|    entropy_loss         | -53.4      |
|    explained_variance   | 0.851      |
|    learning_rate        | 0.0001     |
|    loss                 | -0.555     |
|    n_updates            | 5085       |
|    policy_gradient_loss | -0.0191    |
|    std                  | 6.39       |
|    value_loss           | 0.00933    |
----------------------------------------
-----------------------------------------
| rollout/                |             |
|    ep_len_mean          | 738         |
|    ep_rew_mean          | 5.92e+03    |
| time/                   |             |
|    fps                  | 1486        |
|    iterations           | 341         |
|    time_elapsed         | 15030       |
|    total_timesteps      | 22347776    |
| train/                  |             |
|    approx_kl            | 0.019518284 |
|    clip_fraction        | 0.33        |
|    clip_range           | 0.15        |
|    entropy_loss         | -53.5       |
|    explained_variance   | 0.808       |
|    learning_rate        | 0.0001      |
|    loss                 | -0.561      |
|    n_updates            | 5100        |
|    policy_gradient_loss | -0.0187     |
|    std                  | 6.45        |
|    value_loss           | 0.0112      |
-----------------------------------------
-----------------------------------------
| rollout/                |             |
|    ep_len_mean          | 790         |
|    ep_rew_mean          | 6.35e+03    |
| time/                   |             |
|    fps                  | 1486        |
|    iterations           | 342         |
|    time_elapsed         | 15076       |
|    total_timesteps      | 22413312    |
| train/                  |             |
|    approx_kl            | 0.019046169 |
|    clip_fraction        | 0.334       |
|    clip_range           | 0.15        |
|    entropy_loss         | -53.7       |
|    explained_variance   | 0.859       |
|    learning_rate        | 0.0001      |
|    loss                 | -0.557      |
|    n_updates            | 5115        |
|    policy_gradient_loss | -0.0198     |
|    std                  | 6.5         |
|    value_loss           | 0.00931     |
-----------------------------------------
-----------------------------------------
| rollout/                |             |
|    ep_len_mean          | 779         |
|    ep_rew_mean          | 6.27e+03    |
| time/                   |             |
|    fps                  | 1486        |
|    iterations           | 343         |
|    time_elapsed         | 15120       |
|    total_timesteps      | 22478848    |
| train/                  |             |
|    approx_kl            | 0.019158993 |
|    clip_fraction        | 0.329       |
|    clip_range           | 0.15        |
|    entropy_loss         | -53.8       |
|    explained_variance   | 0.797       |
|    learning_rate        | 0.0001      |
|    loss                 | -0.558      |
|    n_updates            | 5130        |
|    policy_gradient_loss | -0.0194     |
|    std                  | 6.56        |
|    value_loss           | 0.0117      |
-----------------------------------------
-----------------------------------------
| rollout/                |             |
|    ep_len_mean          | 765         |
|    ep_rew_mean          | 6.16e+03    |
| time/                   |             |
|    fps                  | 1486        |
|    iterations           | 344         |
|    time_elapsed         | 15163       |
|    total_timesteps      | 22544384    |
| train/                  |             |
|    approx_kl            | 0.019603971 |
|    clip_fraction        | 0.331       |
|    clip_range           | 0.15        |
|    entropy_loss         | -53.9       |
|    explained_variance   | 0.828       |
|    learning_rate        | 0.0001      |
|    loss                 | -0.556      |
|    n_updates            | 5145        |
|    policy_gradient_loss | -0.0189     |
|    std                  | 6.62        |
|    value_loss           | 0.00868     |
-----------------------------------------
-----------------------------------------
| rollout/                |             |
|    ep_len_mean          | 783         |
|    ep_rew_mean          | 6.3e+03     |
| time/                   |             |
|    fps                  | 1486        |
|    iterations           | 345         |
|    time_elapsed         | 15206       |
|    total_timesteps      | 22609920    |
| train/                  |             |
|    approx_kl            | 0.018846538 |
|    clip_fraction        | 0.325       |
|    clip_range           | 0.15        |
|    entropy_loss         | -54         |
|    explained_variance   | 0.816       |
|    learning_rate        | 0.0001      |
|    loss                 | -0.556      |
|    n_updates            | 5160        |
|    policy_gradient_loss | -0.0191     |
|    std                  | 6.67        |
|    value_loss           | 0.00903     |
-----------------------------------------
-----------------------------------------
| rollout/                |             |
|    ep_len_mean          | 756         |
|    ep_rew_mean          | 6.07e+03    |
| time/                   |             |
|    fps                  | 1486        |
|    iterations           | 346         |
|    time_elapsed         | 15251       |
|    total_timesteps      | 22675456    |
| train/                  |             |
|    approx_kl            | 0.018939685 |
|    clip_fraction        | 0.323       |
|    clip_range           | 0.15        |
|    entropy_loss         | -54.1       |
|    explained_variance   | 0.796       |
|    learning_rate        | 0.0001      |
|    loss                 | -0.569      |
|    n_updates            | 5175        |
|    policy_gradient_loss | -0.0192     |
|    std                  | 6.72        |
|    value_loss           | 0.0096      |
-----------------------------------------
-----------------------------------------
| rollout/                |             |
|    ep_len_mean          | 778         |
|    ep_rew_mean          | 6.27e+03    |
| time/                   |             |
|    fps                  | 1486        |
|    iterations           | 347         |
|    time_elapsed         | 15296       |
|    total_timesteps      | 22740992    |
| train/                  |             |
|    approx_kl            | 0.018919244 |
|    clip_fraction        | 0.327       |
|    clip_range           | 0.15        |
|    entropy_loss         | -54.3       |
|    explained_variance   | 0.828       |
|    learning_rate        | 0.0001      |
|    loss                 | -0.554      |
|    n_updates            | 5190        |
|    policy_gradient_loss | -0.0192     |
|    std                  | 6.78        |
|    value_loss           | 0.00902     |
-----------------------------------------
-----------------------------------------
| rollout/                |             |
|    ep_len_mean          | 801         |
|    ep_rew_mean          | 6.48e+03    |
| time/                   |             |
|    fps                  | 1486        |
|    iterations           | 348         |
|    time_elapsed         | 15343       |
|    total_timesteps      | 22806528    |
| train/                  |             |
|    approx_kl            | 0.020328935 |
|    clip_fraction        | 0.335       |
|    clip_range           | 0.15        |
|    entropy_loss         | -54.4       |
|    explained_variance   | 0.821       |
|    learning_rate        | 0.0001      |
|    loss                 | -0.56       |
|    n_updates            | 5205        |
|    policy_gradient_loss | -0.0192     |
|    std                  | 6.84        |
|    value_loss           | 0.0106      |
-----------------------------------------
-----------------------------------------
| rollout/                |             |
|    ep_len_mean          | 793         |
|    ep_rew_mean          | 6.42e+03    |
| time/                   |             |
|    fps                  | 1486        |
|    iterations           | 349         |
|    time_elapsed         | 15388       |
|    total_timesteps      | 22872064    |
| train/                  |             |
|    approx_kl            | 0.018514767 |
|    clip_fraction        | 0.324       |
|    clip_range           | 0.15        |
|    entropy_loss         | -54.5       |
|    explained_variance   | 0.825       |
|    learning_rate        | 0.0001      |
|    loss                 | -0.567      |
|    n_updates            | 5220        |
|    policy_gradient_loss | -0.0185     |
|    std                  | 6.89        |
|    value_loss           | 0.00715     |
-----------------------------------------
-----------------------------------------
| rollout/                |             |
|    ep_len_mean          | 845         |
|    ep_rew_mean          | 6.85e+03    |
| time/                   |             |
|    fps                  | 1486        |
|    iterations           | 350         |
|    time_elapsed         | 15431       |
|    total_timesteps      | 22937600    |
| train/                  |             |
|    approx_kl            | 0.019049786 |
|    clip_fraction        | 0.329       |
|    clip_range           | 0.15        |
|    entropy_loss         | -54.7       |
|    explained_variance   | 0.83        |
|    learning_rate        | 0.0001      |
|    loss                 | -0.575      |
|    n_updates            | 5235        |
|    policy_gradient_loss | -0.0182     |
|    std                  | 6.96        |
|    value_loss           | 0.00721     |
-----------------------------------------
---------------------------------------
| rollout/                |           |
|    ep_len_mean          | 833       |
|    ep_rew_mean          | 6.74e+03  |
| time/                   |           |
|    fps                  | 1486      |
|    iterations           | 351       |
|    time_elapsed         | 15475     |
|    total_timesteps      | 23003136  |
| train/                  |           |
|    approx_kl            | 0.0188352 |
|    clip_fraction        | 0.323     |
|    clip_range           | 0.15      |
|    entropy_loss         | -54.8     |
|    explained_variance   | 0.791     |
|    learning_rate        | 0.0001    |
|    loss                 | -0.569    |
|    n_updates            | 5250      |
|    policy_gradient_loss | -0.0172   |
|    std                  | 7.03      |
|    value_loss           | 0.00631   |
---------------------------------------
-----------------------------------------
| rollout/                |             |
|    ep_len_mean          | 720         |
|    ep_rew_mean          | 5.83e+03    |
| time/                   |             |
|    fps                  | 1486        |
|    iterations           | 352         |
|    time_elapsed         | 15518       |
|    total_timesteps      | 23068672    |
| train/                  |             |
|    approx_kl            | 0.018623734 |
|    clip_fraction        | 0.322       |
|    clip_range           | 0.15        |
|    entropy_loss         | -55         |
|    explained_variance   | 0.794       |
|    learning_rate        | 0.0001      |
|    loss                 | -0.569      |
|    n_updates            | 5265        |
|    policy_gradient_loss | -0.0173     |
|    std                  | 7.09        |
|    value_loss           | 0.00745     |
-----------------------------------------
-----------------------------------------
| rollout/                |             |
|    ep_len_mean          | 726         |
|    ep_rew_mean          | 5.86e+03    |
| time/                   |             |
|    fps                  | 1486        |
|    iterations           | 353         |
|    time_elapsed         | 15563       |
|    total_timesteps      | 23134208    |
| train/                  |             |
|    approx_kl            | 0.019172467 |
|    clip_fraction        | 0.33        |
|    clip_range           | 0.15        |
|    entropy_loss         | -55.1       |
|    explained_variance   | 0.833       |
|    learning_rate        | 0.0001      |
|    loss                 | -0.573      |
|    n_updates            | 5280        |
|    policy_gradient_loss | -0.0193     |
|    std                  | 7.15        |
|    value_loss           | 0.0115      |
-----------------------------------------
-----------------------------------------
| rollout/                |             |
|    ep_len_mean          | 747         |
|    ep_rew_mean          | 6.05e+03    |
| time/                   |             |
|    fps                  | 1486        |
|    iterations           | 354         |
|    time_elapsed         | 15606       |
|    total_timesteps      | 23199744    |
| train/                  |             |
|    approx_kl            | 0.019919911 |
|    clip_fraction        | 0.337       |
|    clip_range           | 0.15        |
|    entropy_loss         | -55.2       |
|    explained_variance   | 0.831       |
|    learning_rate        | 0.0001      |
|    loss                 | -0.568      |
|    n_updates            | 5295        |
|    policy_gradient_loss | -0.0197     |
|    std                  | 7.22        |
|    value_loss           | 0.012       |
-----------------------------------------
-----------------------------------------
| rollout/                |             |
|    ep_len_mean          | 732         |
|    ep_rew_mean          | 5.93e+03    |
| time/                   |             |
|    fps                  | 1486        |
|    iterations           | 355         |
|    time_elapsed         | 15649       |
|    total_timesteps      | 23265280    |
| train/                  |             |
|    approx_kl            | 0.019374408 |
|    clip_fraction        | 0.331       |
|    clip_range           | 0.15        |
|    entropy_loss         | -55.4       |
|    explained_variance   | 0.79        |
|    learning_rate        | 0.0001      |
|    loss                 | -0.569      |
|    n_updates            | 5310        |
|    policy_gradient_loss | -0.0183     |
|    std                  | 7.28        |
|    value_loss           | 0.0101      |
-----------------------------------------
-----------------------------------------
| rollout/                |             |
|    ep_len_mean          | 766         |
|    ep_rew_mean          | 6.21e+03    |
| time/                   |             |
|    fps                  | 1486        |
|    iterations           | 356         |
|    time_elapsed         | 15695       |
|    total_timesteps      | 23330816    |
| train/                  |             |
|    approx_kl            | 0.019367903 |
|    clip_fraction        | 0.328       |
|    clip_range           | 0.15        |
|    entropy_loss         | -55.5       |
|    explained_variance   | 0.806       |
|    learning_rate        | 0.0001      |
|    loss                 | -0.574      |
|    n_updates            | 5325        |
|    policy_gradient_loss | -0.0191     |
|    std                  | 7.34        |
|    value_loss           | 0.0128      |
-----------------------------------------
-----------------------------------------
| rollout/                |             |
|    ep_len_mean          | 741         |
|    ep_rew_mean          | 5.99e+03    |
| time/                   |             |
|    fps                  | 1486        |
|    iterations           | 357         |
|    time_elapsed         | 15739       |
|    total_timesteps      | 23396352    |
| train/                  |             |
|    approx_kl            | 0.018632952 |
|    clip_fraction        | 0.324       |
|    clip_range           | 0.15        |
|    entropy_loss         | -55.6       |
|    explained_variance   | 0.824       |
|    learning_rate        | 0.0001      |
|    loss                 | -0.577      |
|    n_updates            | 5340        |
|    policy_gradient_loss | -0.0189     |
|    std                  | 7.4         |
|    value_loss           | 0.0103      |
-----------------------------------------
----------------------------------------
| rollout/                |            |
|    ep_len_mean          | 705        |
|    ep_rew_mean          | 5.7e+03    |
| time/                   |            |
|    fps                  | 1486       |
|    iterations           | 358        |
|    time_elapsed         | 15781      |
|    total_timesteps      | 23461888   |
| train/                  |            |
|    approx_kl            | 0.01865478 |
|    clip_fraction        | 0.321      |
|    clip_range           | 0.15       |
|    entropy_loss         | -55.8      |
|    explained_variance   | 0.829      |
|    learning_rate        | 0.0001     |
|    loss                 | -0.573     |
|    n_updates            | 5355       |
|    policy_gradient_loss | -0.0193    |
|    std                  | 7.46       |
|    value_loss           | 0.00984    |
----------------------------------------
----------------------------------------
| rollout/                |            |
|    ep_len_mean          | 715        |
|    ep_rew_mean          | 5.79e+03   |
| time/                   |            |
|    fps                  | 1486       |
|    iterations           | 359        |
|    time_elapsed         | 15825      |
|    total_timesteps      | 23527424   |
| train/                  |            |
|    approx_kl            | 0.01907007 |
|    clip_fraction        | 0.323      |
|    clip_range           | 0.15       |
|    entropy_loss         | -55.9      |
|    explained_variance   | 0.817      |
|    learning_rate        | 0.0001     |
|    loss                 | -0.579     |
|    n_updates            | 5370       |
|    policy_gradient_loss | -0.0187    |
|    std                  | 7.52       |
|    value_loss           | 0.0109     |
----------------------------------------
-----------------------------------------
| rollout/                |             |
|    ep_len_mean          | 737         |
|    ep_rew_mean          | 5.98e+03    |
| time/                   |             |
|    fps                  | 1486        |
|    iterations           | 360         |
|    time_elapsed         | 15870       |
|    total_timesteps      | 23592960    |
| train/                  |             |
|    approx_kl            | 0.018692087 |
|    clip_fraction        | 0.32        |
|    clip_range           | 0.15        |
|    entropy_loss         | -56         |
|    explained_variance   | 0.804       |
|    learning_rate        | 0.0001      |
|    loss                 | -0.578      |
|    n_updates            | 5385        |
|    policy_gradient_loss | -0.0192     |
|    std                  | 7.58        |
|    value_loss           | 0.0118      |
-----------------------------------------
-----------------------------------------
| rollout/                |             |
|    ep_len_mean          | 749         |
|    ep_rew_mean          | 6.06e+03    |
| time/                   |             |
|    fps                  | 1486        |
|    iterations           | 361         |
|    time_elapsed         | 15913       |
|    total_timesteps      | 23658496    |
| train/                  |             |
|    approx_kl            | 0.018991873 |
|    clip_fraction        | 0.324       |
|    clip_range           | 0.15        |
|    entropy_loss         | -56.1       |
|    explained_variance   | 0.798       |
|    learning_rate        | 0.0001      |
|    loss                 | -0.575      |
|    n_updates            | 5400        |
|    policy_gradient_loss | -0.0196     |
|    std                  | 7.64        |
|    value_loss           | 0.0137      |
-----------------------------------------
-----------------------------------------
| rollout/                |             |
|    ep_len_mean          | 750         |
|    ep_rew_mean          | 6.07e+03    |
| time/                   |             |
|    fps                  | 1486        |
|    iterations           | 362         |
|    time_elapsed         | 15958       |
|    total_timesteps      | 23724032    |
| train/                  |             |
|    approx_kl            | 0.019339625 |
|    clip_fraction        | 0.325       |
|    clip_range           | 0.15        |
|    entropy_loss         | -56.2       |
|    explained_variance   | 0.796       |
|    learning_rate        | 0.0001      |
|    loss                 | -0.575      |
|    n_updates            | 5415        |
|    policy_gradient_loss | -0.0196     |
|    std                  | 7.7         |
|    value_loss           | 0.0129      |
-----------------------------------------
----------------------------------------
| rollout/                |            |
|    ep_len_mean          | 744        |
|    ep_rew_mean          | 6.01e+03   |
| time/                   |            |
|    fps                  | 1486       |
|    iterations           | 363        |
|    time_elapsed         | 16002      |
|    total_timesteps      | 23789568   |
| train/                  |            |
|    approx_kl            | 0.01837077 |
|    clip_fraction        | 0.323      |
|    clip_range           | 0.15       |
|    entropy_loss         | -56.4      |
|    explained_variance   | 0.8        |
|    learning_rate        | 0.0001     |
|    loss                 | -0.582     |
|    n_updates            | 5430       |
|    policy_gradient_loss | -0.0185    |
|    std                  | 7.77       |
|    value_loss           | 0.0109     |
----------------------------------------
-----------------------------------------
| rollout/                |             |
|    ep_len_mean          | 742         |
|    ep_rew_mean          | 6.01e+03    |
| time/                   |             |
|    fps                  | 1486        |
|    iterations           | 364         |
|    time_elapsed         | 16046       |
|    total_timesteps      | 23855104    |
| train/                  |             |
|    approx_kl            | 0.019372525 |
|    clip_fraction        | 0.326       |
|    clip_range           | 0.15        |
|    entropy_loss         | -56.5       |
|    explained_variance   | 0.813       |
|    learning_rate        | 0.0001      |
|    loss                 | -0.581      |
|    n_updates            | 5445        |
|    policy_gradient_loss | -0.0192     |
|    std                  | 7.83        |
|    value_loss           | 0.0101      |
-----------------------------------------
-----------------------------------------
| rollout/                |             |
|    ep_len_mean          | 713         |
|    ep_rew_mean          | 5.76e+03    |
| time/                   |             |
|    fps                  | 1486        |
|    iterations           | 365         |
|    time_elapsed         | 16092       |
|    total_timesteps      | 23920640    |
| train/                  |             |
|    approx_kl            | 0.018734539 |
|    clip_fraction        | 0.322       |
|    clip_range           | 0.15        |
|    entropy_loss         | -56.6       |
|    explained_variance   | 0.807       |
|    learning_rate        | 0.0001      |
|    loss                 | -0.574      |
|    n_updates            | 5460        |
|    policy_gradient_loss | -0.0187     |
|    std                  | 7.9         |
|    value_loss           | 0.0106      |
-----------------------------------------
-----------------------------------------
| rollout/                |             |
|    ep_len_mean          | 739         |
|    ep_rew_mean          | 5.95e+03    |
| time/                   |             |
|    fps                  | 1486        |
|    iterations           | 366         |
|    time_elapsed         | 16138       |
|    total_timesteps      | 23986176    |
| train/                  |             |
|    approx_kl            | 0.018990112 |
|    clip_fraction        | 0.323       |
|    clip_range           | 0.15        |
|    entropy_loss         | -56.7       |
|    explained_variance   | 0.823       |
|    learning_rate        | 0.0001      |
|    loss                 | -0.581      |
|    n_updates            | 5475        |
|    policy_gradient_loss | -0.0196     |
|    std                  | 7.97        |
|    value_loss           | 0.012       |
-----------------------------------------
-----------------------------------------
| rollout/                |             |
|    ep_len_mean          | 764         |
|    ep_rew_mean          | 6.17e+03    |
| time/                   |             |
|    fps                  | 1486        |
|    iterations           | 367         |
|    time_elapsed         | 16182       |
|    total_timesteps      | 24051712    |
| train/                  |             |
|    approx_kl            | 0.018357515 |
|    clip_fraction        | 0.321       |
|    clip_range           | 0.15        |
|    entropy_loss         | -56.9       |
|    explained_variance   | 0.813       |
|    learning_rate        | 0.0001      |
|    loss                 | -0.594      |
|    n_updates            | 5490        |
|    policy_gradient_loss | -0.0193     |
|    std                  | 8.03        |
|    value_loss           | 0.00973     |
-----------------------------------------
-----------------------------------------
| rollout/                |             |
|    ep_len_mean          | 767         |
|    ep_rew_mean          | 6.21e+03    |
| time/                   |             |
|    fps                  | 1486        |
|    iterations           | 368         |
|    time_elapsed         | 16226       |
|    total_timesteps      | 24117248    |
| train/                  |             |
|    approx_kl            | 0.019447401 |
|    clip_fraction        | 0.324       |
|    clip_range           | 0.15        |
|    entropy_loss         | -57         |
|    explained_variance   | 0.809       |
|    learning_rate        | 0.0001      |
|    loss                 | -0.591      |
|    n_updates            | 5505        |
|    policy_gradient_loss | -0.0194     |
|    std                  | 8.11        |
|    value_loss           | 0.0112      |
-----------------------------------------
-----------------------------------------
| rollout/                |             |
|    ep_len_mean          | 813         |
|    ep_rew_mean          | 6.59e+03    |
| time/                   |             |
|    fps                  | 1486        |
|    iterations           | 369         |
|    time_elapsed         | 16270       |
|    total_timesteps      | 24182784    |
| train/                  |             |
|    approx_kl            | 0.017845353 |
|    clip_fraction        | 0.32        |
|    clip_range           | 0.15        |
|    entropy_loss         | -57.1       |
|    explained_variance   | 0.806       |
|    learning_rate        | 0.0001      |
|    loss                 | -0.583      |
|    n_updates            | 5520        |
|    policy_gradient_loss | -0.018      |
|    std                  | 8.19        |
|    value_loss           | 0.00878     |
-----------------------------------------
-----------------------------------------
| rollout/                |             |
|    ep_len_mean          | 757         |
|    ep_rew_mean          | 6.13e+03    |
| time/                   |             |
|    fps                  | 1486        |
|    iterations           | 370         |
|    time_elapsed         | 16315       |
|    total_timesteps      | 24248320    |
| train/                  |             |
|    approx_kl            | 0.019079493 |
|    clip_fraction        | 0.321       |
|    clip_range           | 0.15        |
|    entropy_loss         | -57.3       |
|    explained_variance   | 0.813       |
|    learning_rate        | 0.0001      |
|    loss                 | -0.594      |
|    n_updates            | 5535        |
|    policy_gradient_loss | -0.0189     |
|    std                  | 8.25        |
|    value_loss           | 0.00873     |
-----------------------------------------
-----------------------------------------
| rollout/                |             |
|    ep_len_mean          | 786         |
|    ep_rew_mean          | 6.39e+03    |
| time/                   |             |
|    fps                  | 1486        |
|    iterations           | 371         |
|    time_elapsed         | 16359       |
|    total_timesteps      | 24313856    |
| train/                  |             |
|    approx_kl            | 0.019092854 |
|    clip_fraction        | 0.325       |
|    clip_range           | 0.15        |
|    entropy_loss         | -57.4       |
|    explained_variance   | 0.79        |
|    learning_rate        | 0.0001      |
|    loss                 | -0.591      |
|    n_updates            | 5550        |
|    policy_gradient_loss | -0.02       |
|    std                  | 8.32        |
|    value_loss           | 0.0129      |
-----------------------------------------
-----------------------------------------
| rollout/                |             |
|    ep_len_mean          | 767         |
|    ep_rew_mean          | 6.22e+03    |
| time/                   |             |
|    fps                  | 1486        |
|    iterations           | 372         |
|    time_elapsed         | 16404       |
|    total_timesteps      | 24379392    |
| train/                  |             |
|    approx_kl            | 0.018673955 |
|    clip_fraction        | 0.33        |
|    clip_range           | 0.15        |
|    entropy_loss         | -57.5       |
|    explained_variance   | 0.769       |
|    learning_rate        | 0.0001      |
|    loss                 | -0.598      |
|    n_updates            | 5565        |
|    policy_gradient_loss | -0.0194     |
|    std                  | 8.38        |
|    value_loss           | 0.0112      |
-----------------------------------------
-----------------------------------------
| rollout/                |             |
|    ep_len_mean          | 764         |
|    ep_rew_mean          | 6.2e+03     |
| time/                   |             |
|    fps                  | 1486        |
|    iterations           | 373         |
|    time_elapsed         | 16446       |
|    total_timesteps      | 24444928    |
| train/                  |             |
|    approx_kl            | 0.017749777 |
|    clip_fraction        | 0.319       |
|    clip_range           | 0.15        |
|    entropy_loss         | -57.6       |
|    explained_variance   | 0.803       |
|    learning_rate        | 0.0001      |
|    loss                 | -0.584      |
|    n_updates            | 5580        |
|    policy_gradient_loss | -0.0185     |
|    std                  | 8.45        |
|    value_loss           | 0.00984     |
-----------------------------------------
-----------------------------------------
| rollout/                |             |
|    ep_len_mean          | 784         |
|    ep_rew_mean          | 6.38e+03    |
| time/                   |             |
|    fps                  | 1486        |
|    iterations           | 374         |
|    time_elapsed         | 16491       |
|    total_timesteps      | 24510464    |
| train/                  |             |
|    approx_kl            | 0.018958127 |
|    clip_fraction        | 0.325       |
|    clip_range           | 0.15        |
|    entropy_loss         | -57.7       |
|    explained_variance   | 0.771       |
|    learning_rate        | 0.0001      |
|    loss                 | -0.596      |
|    n_updates            | 5595        |
|    policy_gradient_loss | -0.0188     |
|    std                  | 8.53        |
|    value_loss           | 0.00987     |
-----------------------------------------
-----------------------------------------
| rollout/                |             |
|    ep_len_mean          | 775         |
|    ep_rew_mean          | 6.3e+03     |
| time/                   |             |
|    fps                  | 1486        |
|    iterations           | 375         |
|    time_elapsed         | 16534       |
|    total_timesteps      | 24576000    |
| train/                  |             |
|    approx_kl            | 0.018435583 |
|    clip_fraction        | 0.323       |
|    clip_range           | 0.15        |
|    entropy_loss         | -57.9       |
|    explained_variance   | 0.801       |
|    learning_rate        | 0.0001      |
|    loss                 | -0.602      |
|    n_updates            | 5610        |
|    policy_gradient_loss | -0.0186     |
|    std                  | 8.61        |
|    value_loss           | 0.00849     |
-----------------------------------------
-----------------------------------------
| rollout/                |             |
|    ep_len_mean          | 746         |
|    ep_rew_mean          | 6.06e+03    |
| time/                   |             |
|    fps                  | 1486        |
|    iterations           | 376         |
|    time_elapsed         | 16577       |
|    total_timesteps      | 24641536    |
| train/                  |             |
|    approx_kl            | 0.018552026 |
|    clip_fraction        | 0.321       |
|    clip_range           | 0.15        |
|    entropy_loss         | -58         |
|    explained_variance   | 0.831       |
|    learning_rate        | 0.0001      |
|    loss                 | -0.6        |
|    n_updates            | 5625        |
|    policy_gradient_loss | -0.0187     |
|    std                  | 8.69        |
|    value_loss           | 0.00953     |
-----------------------------------------
-----------------------------------------
| rollout/                |             |
|    ep_len_mean          | 814         |
|    ep_rew_mean          | 6.64e+03    |
| time/                   |             |
|    fps                  | 1486        |
|    iterations           | 377         |
|    time_elapsed         | 16621       |
|    total_timesteps      | 24707072    |
| train/                  |             |
|    approx_kl            | 0.017721046 |
|    clip_fraction        | 0.318       |
|    clip_range           | 0.15        |
|    entropy_loss         | -58.1       |
|    explained_variance   | 0.839       |
|    learning_rate        | 0.0001      |
|    loss                 | -0.59       |
|    n_updates            | 5640        |
|    policy_gradient_loss | -0.0182     |
|    std                  | 8.76        |
|    value_loss           | 0.00892     |
-----------------------------------------
-----------------------------------------
| rollout/                |             |
|    ep_len_mean          | 789         |
|    ep_rew_mean          | 6.45e+03    |
| time/                   |             |
|    fps                  | 1486        |
|    iterations           | 378         |
|    time_elapsed         | 16664       |
|    total_timesteps      | 24772608    |
| train/                  |             |
|    approx_kl            | 0.018131085 |
|    clip_fraction        | 0.317       |
|    clip_range           | 0.15        |
|    entropy_loss         | -58.3       |
|    explained_variance   | 0.803       |
|    learning_rate        | 0.0001      |
|    loss                 | -0.6        |
|    n_updates            | 5655        |
|    policy_gradient_loss | -0.0185     |
|    std                  | 8.84        |
|    value_loss           | 0.00786     |
-----------------------------------------
----------------------------------------
| rollout/                |            |
|    ep_len_mean          | 702        |
|    ep_rew_mean          | 5.69e+03   |
| time/                   |            |
|    fps                  | 1486       |
|    iterations           | 379        |
|    time_elapsed         | 16707      |
|    total_timesteps      | 24838144   |
| train/                  |            |
|    approx_kl            | 0.01832973 |
|    clip_fraction        | 0.321      |
|    clip_range           | 0.15       |
|    entropy_loss         | -58.4      |
|    explained_variance   | 0.802      |
|    learning_rate        | 0.0001     |
|    loss                 | -0.607     |
|    n_updates            | 5670       |
|    policy_gradient_loss | -0.0174    |
|    std                  | 8.93       |
|    value_loss           | 0.00809    |
----------------------------------------
-----------------------------------------
| rollout/                |             |
|    ep_len_mean          | 739         |
|    ep_rew_mean          | 6.01e+03    |
| time/                   |             |
|    fps                  | 1486        |
|    iterations           | 380         |
|    time_elapsed         | 16752       |
|    total_timesteps      | 24903680    |
| train/                  |             |
|    approx_kl            | 0.017828813 |
|    clip_fraction        | 0.315       |
|    clip_range           | 0.15        |
|    entropy_loss         | -58.5       |
|    explained_variance   | 0.835       |
|    learning_rate        | 0.0001      |
|    loss                 | -0.601      |
|    n_updates            | 5685        |
|    policy_gradient_loss | -0.0188     |
|    std                  | 9.01        |
|    value_loss           | 0.0118      |
-----------------------------------------
-----------------------------------------
| rollout/                |             |
|    ep_len_mean          | 724         |
|    ep_rew_mean          | 5.88e+03    |
| time/                   |             |
|    fps                  | 1486        |
|    iterations           | 381         |
|    time_elapsed         | 16796       |
|    total_timesteps      | 24969216    |
| train/                  |             |
|    approx_kl            | 0.018455371 |
|    clip_fraction        | 0.318       |
|    clip_range           | 0.15        |
|    entropy_loss         | -58.7       |
|    explained_variance   | 0.804       |
|    learning_rate        | 0.0001      |
|    loss                 | -0.605      |
|    n_updates            | 5700        |
|    policy_gradient_loss | -0.0182     |
|    std                  | 9.1         |
|    value_loss           | 0.00966     |
-----------------------------------------
-----------------------------------------
| rollout/                |             |
|    ep_len_mean          | 737         |
|    ep_rew_mean          | 6.01e+03    |
| time/                   |             |
|    fps                  | 1486        |
|    iterations           | 382         |
|    time_elapsed         | 16839       |
|    total_timesteps      | 25034752    |
| train/                  |             |
|    approx_kl            | 0.018636946 |
|    clip_fraction        | 0.323       |
|    clip_range           | 0.15        |
|    entropy_loss         | -58.8       |
|    explained_variance   | 0.823       |
|    learning_rate        | 0.0001      |
|    loss                 | -0.607      |
|    n_updates            | 5715        |
|    policy_gradient_loss | -0.0193     |
|    std                  | 9.18        |
|    value_loss           | 0.0114      |
-----------------------------------------
-----------------------------------------
| rollout/                |             |
|    ep_len_mean          | 766         |
|    ep_rew_mean          | 6.26e+03    |
| time/                   |             |
|    fps                  | 1486        |
|    iterations           | 383         |
|    time_elapsed         | 16883       |
|    total_timesteps      | 25100288    |
| train/                  |             |
|    approx_kl            | 0.018799234 |
|    clip_fraction        | 0.321       |
|    clip_range           | 0.15        |
|    entropy_loss         | -59         |
|    explained_variance   | 0.802       |
|    learning_rate        | 0.0001      |
|    loss                 | -0.602      |
|    n_updates            | 5730        |
|    policy_gradient_loss | -0.0194     |
|    std                  | 9.25        |
|    value_loss           | 0.0111      |
-----------------------------------------
-----------------------------------------
| rollout/                |             |
|    ep_len_mean          | 795         |
|    ep_rew_mean          | 6.51e+03    |
| time/                   |             |
|    fps                  | 1486        |
|    iterations           | 384         |
|    time_elapsed         | 16928       |
|    total_timesteps      | 25165824    |
| train/                  |             |
|    approx_kl            | 0.019441076 |
|    clip_fraction        | 0.326       |
|    clip_range           | 0.15        |
|    entropy_loss         | -59.1       |
|    explained_variance   | 0.769       |
|    learning_rate        | 0.0001      |
|    loss                 | -0.599      |
|    n_updates            | 5745        |
|    policy_gradient_loss | -0.0186     |
|    std                  | 9.34        |
|    value_loss           | 0.0104      |
-----------------------------------------
-----------------------------------------
| rollout/                |             |
|    ep_len_mean          | 742         |
|    ep_rew_mean          | 6.05e+03    |
| time/                   |             |
|    fps                  | 1486        |
|    iterations           | 385         |
|    time_elapsed         | 16972       |
|    total_timesteps      | 25231360    |
| train/                  |             |
|    approx_kl            | 0.018518347 |
|    clip_fraction        | 0.322       |
|    clip_range           | 0.15        |
|    entropy_loss         | -59.2       |
|    explained_variance   | 0.814       |
|    learning_rate        | 0.0001      |
|    loss                 | -0.612      |
|    n_updates            | 5760        |
|    policy_gradient_loss | -0.0194     |
|    std                  | 9.42        |
|    value_loss           | 0.0091      |
-----------------------------------------
-----------------------------------------
| rollout/                |             |
|    ep_len_mean          | 772         |
|    ep_rew_mean          | 6.31e+03    |
| time/                   |             |
|    fps                  | 1486        |
|    iterations           | 386         |
|    time_elapsed         | 17013       |
|    total_timesteps      | 25296896    |
| train/                  |             |
|    approx_kl            | 0.018534299 |
|    clip_fraction        | 0.318       |
|    clip_range           | 0.15        |
|    entropy_loss         | -59.3       |
|    explained_variance   | 0.796       |
|    learning_rate        | 0.0001      |
|    loss                 | -0.6        |
|    n_updates            | 5775        |
|    policy_gradient_loss | -0.0182     |
|    std                  | 9.51        |
|    value_loss           | 0.00987     |
-----------------------------------------
-----------------------------------------
| rollout/                |             |
|    ep_len_mean          | 757         |
|    ep_rew_mean          | 6.19e+03    |
| time/                   |             |
|    fps                  | 1486        |
|    iterations           | 387         |
|    time_elapsed         | 17057       |
|    total_timesteps      | 25362432    |
| train/                  |             |
|    approx_kl            | 0.019853814 |
|    clip_fraction        | 0.328       |
|    clip_range           | 0.15        |
|    entropy_loss         | -59.5       |
|    explained_variance   | 0.796       |
|    learning_rate        | 0.0001      |
|    loss                 | -0.609      |
|    n_updates            | 5790        |
|    policy_gradient_loss | -0.0189     |
|    std                  | 9.6         |
|    value_loss           | 0.0117      |
-----------------------------------------
----------------------------------------
| rollout/                |            |
|    ep_len_mean          | 795        |
|    ep_rew_mean          | 6.52e+03   |
| time/                   |            |
|    fps                  | 1487       |
|    iterations           | 388        |
|    time_elapsed         | 17099      |
|    total_timesteps      | 25427968   |
| train/                  |            |
|    approx_kl            | 0.01866734 |
|    clip_fraction        | 0.321      |
|    clip_range           | 0.15       |
|    entropy_loss         | -59.6      |
|    explained_variance   | 0.798      |
|    learning_rate        | 0.0001     |
|    loss                 | -0.612     |
|    n_updates            | 5805       |
|    policy_gradient_loss | -0.0194    |
|    std                  | 9.68       |
|    value_loss           | 0.0126     |
----------------------------------------
-----------------------------------------
| rollout/                |             |
|    ep_len_mean          | 788         |
|    ep_rew_mean          | 6.46e+03    |
| time/                   |             |
|    fps                  | 1486        |
|    iterations           | 389         |
|    time_elapsed         | 17144       |
|    total_timesteps      | 25493504    |
| train/                  |             |
|    approx_kl            | 0.018842429 |
|    clip_fraction        | 0.322       |
|    clip_range           | 0.15        |
|    entropy_loss         | -59.7       |
|    explained_variance   | 0.75        |
|    learning_rate        | 0.0001      |
|    loss                 | -0.617      |
|    n_updates            | 5820        |
|    policy_gradient_loss | -0.0185     |
|    std                  | 9.76        |
|    value_loss           | 0.00911     |
-----------------------------------------
-----------------------------------------
| rollout/                |             |
|    ep_len_mean          | 727         |
|    ep_rew_mean          | 5.94e+03    |
| time/                   |             |
|    fps                  | 1487        |
|    iterations           | 390         |
|    time_elapsed         | 17187       |
|    total_timesteps      | 25559040    |
| train/                  |             |
|    approx_kl            | 0.018213313 |
|    clip_fraction        | 0.317       |
|    clip_range           | 0.15        |
|    entropy_loss         | -59.9       |
|    explained_variance   | 0.789       |
|    learning_rate        | 0.0001      |
|    loss                 | -0.615      |
|    n_updates            | 5835        |
|    policy_gradient_loss | -0.0178     |
|    std                  | 9.86        |
|    value_loss           | 0.00889     |
-----------------------------------------
----------------------------------------
| rollout/                |            |
|    ep_len_mean          | 747        |
|    ep_rew_mean          | 6.1e+03    |
| time/                   |            |
|    fps                  | 1487       |
|    iterations           | 391        |
|    time_elapsed         | 17232      |
|    total_timesteps      | 25624576   |
| train/                  |            |
|    approx_kl            | 0.01786599 |
|    clip_fraction        | 0.312      |
|    clip_range           | 0.15       |
|    entropy_loss         | -60        |
|    explained_variance   | 0.809      |
|    learning_rate        | 0.0001     |
|    loss                 | -0.616     |
|    n_updates            | 5850       |
|    policy_gradient_loss | -0.0189    |
|    std                  | 9.94       |
|    value_loss           | 0.0107     |
----------------------------------------
----------------------------------------
| rollout/                |            |
|    ep_len_mean          | 665        |
|    ep_rew_mean          | 5.4e+03    |
| time/                   |            |
|    fps                  | 1487       |
|    iterations           | 392        |
|    time_elapsed         | 17276      |
|    total_timesteps      | 25690112   |
| train/                  |            |
|    approx_kl            | 0.01903933 |
|    clip_fraction        | 0.321      |
|    clip_range           | 0.15       |
|    entropy_loss         | -60.1      |
|    explained_variance   | 0.781      |
|    learning_rate        | 0.0001     |
|    loss                 | -0.619     |
|    n_updates            | 5865       |
|    policy_gradient_loss | -0.019     |
|    std                  | 10         |
|    value_loss           | 0.0111     |
----------------------------------------
-----------------------------------------
| rollout/                |             |
|    ep_len_mean          | 720         |
|    ep_rew_mean          | 5.87e+03    |
| time/                   |             |
|    fps                  | 1486        |
|    iterations           | 393         |
|    time_elapsed         | 17320       |
|    total_timesteps      | 25755648    |
| train/                  |             |
|    approx_kl            | 0.018451799 |
|    clip_fraction        | 0.319       |
|    clip_range           | 0.15        |
|    entropy_loss         | -60.3       |
|    explained_variance   | 0.836       |
|    learning_rate        | 0.0001      |
|    loss                 | -0.611      |
|    n_updates            | 5880        |
|    policy_gradient_loss | -0.0196     |
|    std                  | 10.1        |
|    value_loss           | 0.0137      |
-----------------------------------------
-----------------------------------------
| rollout/                |             |
|    ep_len_mean          | 747         |
|    ep_rew_mean          | 6.1e+03     |
| time/                   |             |
|    fps                  | 1486        |
|    iterations           | 394         |
|    time_elapsed         | 17365       |
|    total_timesteps      | 25821184    |
| train/                  |             |
|    approx_kl            | 0.018780291 |
|    clip_fraction        | 0.315       |
|    clip_range           | 0.15        |
|    entropy_loss         | -60.4       |
|    explained_variance   | 0.819       |
|    learning_rate        | 0.0001      |
|    loss                 | -0.618      |
|    n_updates            | 5895        |
|    policy_gradient_loss | -0.0194     |
|    std                  | 10.2        |
|    value_loss           | 0.0111      |
-----------------------------------------
----------------------------------------
| rollout/                |            |
|    ep_len_mean          | 723        |
|    ep_rew_mean          | 5.89e+03   |
| time/                   |            |
|    fps                  | 1486       |
|    iterations           | 395        |
|    time_elapsed         | 17408      |
|    total_timesteps      | 25886720   |
| train/                  |            |
|    approx_kl            | 0.01864586 |
|    clip_fraction        | 0.315      |
|    clip_range           | 0.15       |
|    entropy_loss         | -60.5      |
|    explained_variance   | 0.822      |
|    learning_rate        | 0.0001     |
|    loss                 | -0.619     |
|    n_updates            | 5910       |
|    policy_gradient_loss | -0.0194    |
|    std                  | 10.3       |
|    value_loss           | 0.0111     |
----------------------------------------
-----------------------------------------
| rollout/                |             |
|    ep_len_mean          | 719         |
|    ep_rew_mean          | 5.85e+03    |
| time/                   |             |
|    fps                  | 1486        |
|    iterations           | 396         |
|    time_elapsed         | 17455       |
|    total_timesteps      | 25952256    |
| train/                  |             |
|    approx_kl            | 0.019088982 |
|    clip_fraction        | 0.322       |
|    clip_range           | 0.15        |
|    entropy_loss         | -60.6       |
|    explained_variance   | 0.767       |
|    learning_rate        | 0.0001      |
|    loss                 | -0.623      |
|    n_updates            | 5925        |
|    policy_gradient_loss | -0.0196     |
|    std                  | 10.4        |
|    value_loss           | 0.0128      |
-----------------------------------------
----------------------------------------
| rollout/                |            |
|    ep_len_mean          | 756        |
|    ep_rew_mean          | 6.16e+03   |
| time/                   |            |
|    fps                  | 1486       |
|    iterations           | 397        |
|    time_elapsed         | 17499      |
|    total_timesteps      | 26017792   |
| train/                  |            |
|    approx_kl            | 0.01974883 |
|    clip_fraction        | 0.323      |
|    clip_range           | 0.15       |
|    entropy_loss         | -60.7      |
|    explained_variance   | 0.811      |
|    learning_rate        | 0.0001     |
|    loss                 | -0.622     |
|    n_updates            | 5940       |
|    policy_gradient_loss | -0.0192    |
|    std                  | 10.4       |
|    value_loss           | 0.0117     |
----------------------------------------
-----------------------------------------
| rollout/                |             |
|    ep_len_mean          | 719         |
|    ep_rew_mean          | 5.85e+03    |
| time/                   |             |
|    fps                  | 1486        |
|    iterations           | 398         |
|    time_elapsed         | 17543       |
|    total_timesteps      | 26083328    |
| train/                  |             |
|    approx_kl            | 0.018774027 |
|    clip_fraction        | 0.318       |
|    clip_range           | 0.15        |
|    entropy_loss         | -60.9       |
|    explained_variance   | 0.824       |
|    learning_rate        | 0.0001      |
|    loss                 | -0.629      |
|    n_updates            | 5955        |
|    policy_gradient_loss | -0.0194     |
|    std                  | 10.5        |
|    value_loss           | 0.00898     |
-----------------------------------------
-----------------------------------------
| rollout/                |             |
|    ep_len_mean          | 785         |
|    ep_rew_mean          | 6.42e+03    |
| time/                   |             |
|    fps                  | 1486        |
|    iterations           | 399         |
|    time_elapsed         | 17588       |
|    total_timesteps      | 26148864    |
| train/                  |             |
|    approx_kl            | 0.018478956 |
|    clip_fraction        | 0.315       |
|    clip_range           | 0.15        |
|    entropy_loss         | -61         |
|    explained_variance   | 0.816       |
|    learning_rate        | 0.0001      |
|    loss                 | -0.626      |
|    n_updates            | 5970        |
|    policy_gradient_loss | -0.0189     |
|    std                  | 10.6        |
|    value_loss           | 0.0119      |
-----------------------------------------
-----------------------------------------
| rollout/                |             |
|    ep_len_mean          | 715         |
|    ep_rew_mean          | 5.83e+03    |
| time/                   |             |
|    fps                  | 1486        |
|    iterations           | 400         |
|    time_elapsed         | 17632       |
|    total_timesteps      | 26214400    |
| train/                  |             |
|    approx_kl            | 0.019134725 |
|    clip_fraction        | 0.322       |
|    clip_range           | 0.15        |
|    entropy_loss         | -61.1       |
|    explained_variance   | 0.817       |
|    learning_rate        | 0.0001      |
|    loss                 | -0.624      |
|    n_updates            | 5985        |
|    policy_gradient_loss | -0.0188     |
|    std                  | 10.7        |
|    value_loss           | 0.00927     |
-----------------------------------------
-----------------------------------------
| rollout/                |             |
|    ep_len_mean          | 699         |
|    ep_rew_mean          | 5.71e+03    |
| time/                   |             |
|    fps                  | 1486        |
|    iterations           | 401         |
|    time_elapsed         | 17675       |
|    total_timesteps      | 26279936    |
| train/                  |             |
|    approx_kl            | 0.018244952 |
|    clip_fraction        | 0.311       |
|    clip_range           | 0.15        |
|    entropy_loss         | -61.3       |
|    explained_variance   | 0.826       |
|    learning_rate        | 0.0001      |
|    loss                 | -0.626      |
|    n_updates            | 6000        |
|    policy_gradient_loss | -0.0195     |
|    std                  | 10.8        |
|    value_loss           | 0.0122      |
-----------------------------------------
-----------------------------------------
| rollout/                |             |
|    ep_len_mean          | 738         |
|    ep_rew_mean          | 6.04e+03    |
| time/                   |             |
|    fps                  | 1486        |
|    iterations           | 402         |
|    time_elapsed         | 17720       |
|    total_timesteps      | 26345472    |
| train/                  |             |
|    approx_kl            | 0.018941801 |
|    clip_fraction        | 0.322       |
|    clip_range           | 0.15        |
|    entropy_loss         | -61.4       |
|    explained_variance   | 0.783       |
|    learning_rate        | 0.0001      |
|    loss                 | -0.62       |
|    n_updates            | 6015        |
|    policy_gradient_loss | -0.0194     |
|    std                  | 10.9        |
|    value_loss           | 0.014       |
-----------------------------------------
-----------------------------------------
| rollout/                |             |
|    ep_len_mean          | 717         |
|    ep_rew_mean          | 5.88e+03    |
| time/                   |             |
|    fps                  | 1486        |
|    iterations           | 403         |
|    time_elapsed         | 17763       |
|    total_timesteps      | 26411008    |
| train/                  |             |
|    approx_kl            | 0.018059364 |
|    clip_fraction        | 0.307       |
|    clip_range           | 0.15        |
|    entropy_loss         | -61.5       |
|    explained_variance   | 0.805       |
|    learning_rate        | 0.0001      |
|    loss                 | -0.638      |
|    n_updates            | 6030        |
|    policy_gradient_loss | -0.0193     |
|    std                  | 11          |
|    value_loss           | 0.0107      |
-----------------------------------------
----------------------------------------
| rollout/                |            |
|    ep_len_mean          | 795        |
|    ep_rew_mean          | 6.56e+03   |
| time/                   |            |
|    fps                  | 1486       |
|    iterations           | 404        |
|    time_elapsed         | 17806      |
|    total_timesteps      | 26476544   |
| train/                  |            |
|    approx_kl            | 0.01761518 |
|    clip_fraction        | 0.304      |
|    clip_range           | 0.15       |
|    entropy_loss         | -61.6      |
|    explained_variance   | 0.788      |
|    learning_rate        | 0.0001     |
|    loss                 | -0.632     |
|    n_updates            | 6045       |
|    policy_gradient_loss | -0.0185    |
|    std                  | 11.1       |
|    value_loss           | 0.0109     |
----------------------------------------
-----------------------------------------
| rollout/                |             |
|    ep_len_mean          | 709         |
|    ep_rew_mean          | 5.82e+03    |
| time/                   |             |
|    fps                  | 1487        |
|    iterations           | 405         |
|    time_elapsed         | 17848       |
|    total_timesteps      | 26542080    |
| train/                  |             |
|    approx_kl            | 0.018392064 |
|    clip_fraction        | 0.314       |
|    clip_range           | 0.15        |
|    entropy_loss         | -61.7       |
|    explained_variance   | 0.77        |
|    learning_rate        | 0.0001      |
|    loss                 | -0.633      |
|    n_updates            | 6060        |
|    policy_gradient_loss | -0.0187     |
|    std                  | 11.2        |
|    value_loss           | 0.00979     |
-----------------------------------------
----------------------------------------
| rollout/                |            |
|    ep_len_mean          | 794        |
|    ep_rew_mean          | 6.56e+03   |
| time/                   |            |
|    fps                  | 1487       |
|    iterations           | 406        |
|    time_elapsed         | 17892      |
|    total_timesteps      | 26607616   |
| train/                  |            |
|    approx_kl            | 0.01805066 |
|    clip_fraction        | 0.313      |
|    clip_range           | 0.15       |
|    entropy_loss         | -61.8      |
|    explained_variance   | 0.795      |
|    learning_rate        | 0.0001     |
|    loss                 | -0.642     |
|    n_updates            | 6075       |
|    policy_gradient_loss | -0.0191    |
|    std                  | 11.3       |
|    value_loss           | 0.0125     |
----------------------------------------
-----------------------------------------
| rollout/                |             |
|    ep_len_mean          | 814         |
|    ep_rew_mean          | 6.74e+03    |
| time/                   |             |
|    fps                  | 1487        |
|    iterations           | 407         |
|    time_elapsed         | 17936       |
|    total_timesteps      | 26673152    |
| train/                  |             |
|    approx_kl            | 0.017835941 |
|    clip_fraction        | 0.316       |
|    clip_range           | 0.15        |
|    entropy_loss         | -62         |
|    explained_variance   | 0.822       |
|    learning_rate        | 0.0001      |
|    loss                 | -0.637      |
|    n_updates            | 6090        |
|    policy_gradient_loss | -0.0183     |
|    std                  | 11.3        |
|    value_loss           | 0.00879     |
-----------------------------------------
-----------------------------------------
| rollout/                |             |
|    ep_len_mean          | 768         |
|    ep_rew_mean          | 6.34e+03    |
| time/                   |             |
|    fps                  | 1487        |
|    iterations           | 408         |
|    time_elapsed         | 17979       |
|    total_timesteps      | 26738688    |
| train/                  |             |
|    approx_kl            | 0.018588077 |
|    clip_fraction        | 0.316       |
|    clip_range           | 0.15        |
|    entropy_loss         | -62.1       |
|    explained_variance   | 0.823       |
|    learning_rate        | 0.0001      |
|    loss                 | -0.632      |
|    n_updates            | 6105        |
|    policy_gradient_loss | -0.0181     |
|    std                  | 11.5        |
|    value_loss           | 0.0085      |
-----------------------------------------
-----------------------------------------
| rollout/                |             |
|    ep_len_mean          | 754         |
|    ep_rew_mean          | 6.22e+03    |
| time/                   |             |
|    fps                  | 1487        |
|    iterations           | 409         |
|    time_elapsed         | 18025       |
|    total_timesteps      | 26804224    |
| train/                  |             |
|    approx_kl            | 0.018600557 |
|    clip_fraction        | 0.319       |
|    clip_range           | 0.15        |
|    entropy_loss         | -62.2       |
|    explained_variance   | 0.776       |
|    learning_rate        | 0.0001      |
|    loss                 | -0.642      |
|    n_updates            | 6120        |
|    policy_gradient_loss | -0.0189     |
|    std                  | 11.6        |
|    value_loss           | 0.0127      |
-----------------------------------------
-----------------------------------------
| rollout/                |             |
|    ep_len_mean          | 745         |
|    ep_rew_mean          | 6.16e+03    |
| time/                   |             |
|    fps                  | 1487        |
|    iterations           | 410         |
|    time_elapsed         | 18069       |
|    total_timesteps      | 26869760    |
| train/                  |             |
|    approx_kl            | 0.019027416 |
|    clip_fraction        | 0.317       |
|    clip_range           | 0.15        |
|    entropy_loss         | -62.4       |
|    explained_variance   | 0.82        |
|    learning_rate        | 0.0001      |
|    loss                 | -0.638      |
|    n_updates            | 6135        |
|    policy_gradient_loss | -0.0188     |
|    std                  | 11.7        |
|    value_loss           | 0.0119      |
-----------------------------------------
-----------------------------------------
| rollout/                |             |
|    ep_len_mean          | 690         |
|    ep_rew_mean          | 5.68e+03    |
| time/                   |             |
|    fps                  | 1487        |
|    iterations           | 411         |
|    time_elapsed         | 18113       |
|    total_timesteps      | 26935296    |
| train/                  |             |
|    approx_kl            | 0.018828966 |
|    clip_fraction        | 0.316       |
|    clip_range           | 0.15        |
|    entropy_loss         | -62.5       |
|    explained_variance   | 0.814       |
|    learning_rate        | 0.0001      |
|    loss                 | -0.647      |
|    n_updates            | 6150        |
|    policy_gradient_loss | -0.0191     |
|    std                  | 11.8        |
|    value_loss           | 0.0104      |
-----------------------------------------
-----------------------------------------
| rollout/                |             |
|    ep_len_mean          | 686         |
|    ep_rew_mean          | 5.65e+03    |
| time/                   |             |
|    fps                  | 1487        |
|    iterations           | 412         |
|    time_elapsed         | 18157       |
|    total_timesteps      | 27000832    |
| train/                  |             |
|    approx_kl            | 0.018334229 |
|    clip_fraction        | 0.313       |
|    clip_range           | 0.15        |
|    entropy_loss         | -62.6       |
|    explained_variance   | 0.804       |
|    learning_rate        | 0.0001      |
|    loss                 | -0.643      |
|    n_updates            | 6165        |
|    policy_gradient_loss | -0.0187     |
|    std                  | 11.9        |
|    value_loss           | 0.0124      |
-----------------------------------------
-----------------------------------------
| rollout/                |             |
|    ep_len_mean          | 714         |
|    ep_rew_mean          | 5.87e+03    |
| time/                   |             |
|    fps                  | 1487        |
|    iterations           | 413         |
|    time_elapsed         | 18200       |
|    total_timesteps      | 27066368    |
| train/                  |             |
|    approx_kl            | 0.017733807 |
|    clip_fraction        | 0.31        |
|    clip_range           | 0.15        |
|    entropy_loss         | -62.8       |
|    explained_variance   | 0.803       |
|    learning_rate        | 0.0001      |
|    loss                 | -0.639      |
|    n_updates            | 6180        |
|    policy_gradient_loss | -0.0185     |
|    std                  | 12          |
|    value_loss           | 0.01        |
-----------------------------------------
----------------------------------------
| rollout/                |            |
|    ep_len_mean          | 773        |
|    ep_rew_mean          | 6.38e+03   |
| time/                   |            |
|    fps                  | 1486       |
|    iterations           | 414        |
|    time_elapsed         | 18246      |
|    total_timesteps      | 27131904   |
| train/                  |            |
|    approx_kl            | 0.01851923 |
|    clip_fraction        | 0.313      |
|    clip_range           | 0.15       |
|    entropy_loss         | -62.9      |
|    explained_variance   | 0.822      |
|    learning_rate        | 0.0001     |
|    loss                 | -0.647     |
|    n_updates            | 6195       |
|    policy_gradient_loss | -0.0193    |
|    std                  | 12.1       |
|    value_loss           | 0.0117     |
----------------------------------------
----------------------------------------
| rollout/                |            |
|    ep_len_mean          | 718        |
|    ep_rew_mean          | 5.9e+03    |
| time/                   |            |
|    fps                  | 1486       |
|    iterations           | 415        |
|    time_elapsed         | 18290      |
|    total_timesteps      | 27197440   |
| train/                  |            |
|    approx_kl            | 0.01870489 |
|    clip_fraction        | 0.319      |
|    clip_range           | 0.15       |
|    entropy_loss         | -63        |
|    explained_variance   | 0.811      |
|    learning_rate        | 0.0001     |
|    loss                 | -0.642     |
|    n_updates            | 6210       |
|    policy_gradient_loss | -0.0191    |
|    std                  | 12.2       |
|    value_loss           | 0.0122     |
----------------------------------------
-----------------------------------------
| rollout/                |             |
|    ep_len_mean          | 768         |
|    ep_rew_mean          | 6.34e+03    |
| time/                   |             |
|    fps                  | 1486        |
|    iterations           | 416         |
|    time_elapsed         | 18335       |
|    total_timesteps      | 27262976    |
| train/                  |             |
|    approx_kl            | 0.018056424 |
|    clip_fraction        | 0.308       |
|    clip_range           | 0.15        |
|    entropy_loss         | -63.2       |
|    explained_variance   | 0.809       |
|    learning_rate        | 0.0001      |
|    loss                 | -0.646      |
|    n_updates            | 6225        |
|    policy_gradient_loss | -0.0189     |
|    std                  | 12.3        |
|    value_loss           | 0.0113      |
-----------------------------------------
-----------------------------------------
| rollout/                |             |
|    ep_len_mean          | 702         |
|    ep_rew_mean          | 5.78e+03    |
| time/                   |             |
|    fps                  | 1487        |
|    iterations           | 417         |
|    time_elapsed         | 18377       |
|    total_timesteps      | 27328512    |
| train/                  |             |
|    approx_kl            | 0.018866997 |
|    clip_fraction        | 0.316       |
|    clip_range           | 0.15        |
|    entropy_loss         | -63.3       |
|    explained_variance   | 0.826       |
|    learning_rate        | 0.0001      |
|    loss                 | -0.658      |
|    n_updates            | 6240        |
|    policy_gradient_loss | -0.0195     |
|    std                  | 12.4        |
|    value_loss           | 0.0111      |
-----------------------------------------
-----------------------------------------
| rollout/                |             |
|    ep_len_mean          | 703         |
|    ep_rew_mean          | 5.78e+03    |
| time/                   |             |
|    fps                  | 1486        |
|    iterations           | 418         |
|    time_elapsed         | 18424       |
|    total_timesteps      | 27394048    |
| train/                  |             |
|    approx_kl            | 0.018445617 |
|    clip_fraction        | 0.311       |
|    clip_range           | 0.15        |
|    entropy_loss         | -63.4       |
|    explained_variance   | 0.792       |
|    learning_rate        | 0.0001      |
|    loss                 | -0.656      |
|    n_updates            | 6255        |
|    policy_gradient_loss | -0.0203     |
|    std                  | 12.5        |
|    value_loss           | 0.0142      |
-----------------------------------------
-----------------------------------------
| rollout/                |             |
|    ep_len_mean          | 765         |
|    ep_rew_mean          | 6.31e+03    |
| time/                   |             |
|    fps                  | 1486        |
|    iterations           | 419         |
|    time_elapsed         | 18466       |
|    total_timesteps      | 27459584    |
| train/                  |             |
|    approx_kl            | 0.018099166 |
|    clip_fraction        | 0.312       |
|    clip_range           | 0.15        |
|    entropy_loss         | -63.5       |
|    explained_variance   | 0.855       |
|    learning_rate        | 0.0001      |
|    loss                 | -0.653      |
|    n_updates            | 6270        |
|    policy_gradient_loss | -0.0196     |
|    std                  | 12.6        |
|    value_loss           | 0.00995     |
-----------------------------------------
----------------------------------------
| rollout/                |            |
|    ep_len_mean          | 671        |
|    ep_rew_mean          | 5.51e+03   |
| time/                   |            |
|    fps                  | 1486       |
|    iterations           | 420        |
|    time_elapsed         | 18511      |
|    total_timesteps      | 27525120   |
| train/                  |            |
|    approx_kl            | 0.01903551 |
|    clip_fraction        | 0.32       |
|    clip_range           | 0.15       |
|    entropy_loss         | -63.6      |
|    explained_variance   | 0.819      |
|    learning_rate        | 0.0001     |
|    loss                 | -0.654     |
|    n_updates            | 6285       |
|    policy_gradient_loss | -0.0192    |
|    std                  | 12.8       |
|    value_loss           | 0.00879    |
----------------------------------------
-----------------------------------------
| rollout/                |             |
|    ep_len_mean          | 728         |
|    ep_rew_mean          | 6e+03       |
| time/                   |             |
|    fps                  | 1486        |
|    iterations           | 421         |
|    time_elapsed         | 18557       |
|    total_timesteps      | 27590656    |
| train/                  |             |
|    approx_kl            | 0.017859474 |
|    clip_fraction        | 0.309       |
|    clip_range           | 0.15        |
|    entropy_loss         | -63.8       |
|    explained_variance   | 0.783       |
|    learning_rate        | 0.0001      |
|    loss                 | -0.642      |
|    n_updates            | 6300        |
|    policy_gradient_loss | -0.0189     |
|    std                  | 12.9        |
|    value_loss           | 0.0137      |
-----------------------------------------
-----------------------------------------
| rollout/                |             |
|    ep_len_mean          | 727         |
|    ep_rew_mean          | 5.99e+03    |
| time/                   |             |
|    fps                  | 1486        |
|    iterations           | 422         |
|    time_elapsed         | 18601       |
|    total_timesteps      | 27656192    |
| train/                  |             |
|    approx_kl            | 0.018476851 |
|    clip_fraction        | 0.315       |
|    clip_range           | 0.15        |
|    entropy_loss         | -63.9       |
|    explained_variance   | 0.797       |
|    learning_rate        | 0.0001      |
|    loss                 | -0.651      |
|    n_updates            | 6315        |
|    policy_gradient_loss | -0.0192     |
|    std                  | 13          |
|    value_loss           | 0.0146      |
-----------------------------------------
----------------------------------------
| rollout/                |            |
|    ep_len_mean          | 766        |
|    ep_rew_mean          | 6.33e+03   |
| time/                   |            |
|    fps                  | 1486       |
|    iterations           | 423        |
|    time_elapsed         | 18644      |
|    total_timesteps      | 27721728   |
| train/                  |            |
|    approx_kl            | 0.01821734 |
|    clip_fraction        | 0.312      |
|    clip_range           | 0.15       |
|    entropy_loss         | -64        |
|    explained_variance   | 0.803      |
|    learning_rate        | 0.0001     |
|    loss                 | -0.655     |
|    n_updates            | 6330       |
|    policy_gradient_loss | -0.0194    |
|    std                  | 13.1       |
|    value_loss           | 0.0113     |
----------------------------------------
-----------------------------------------
| rollout/                |             |
|    ep_len_mean          | 769         |
|    ep_rew_mean          | 6.37e+03    |
| time/                   |             |
|    fps                  | 1486        |
|    iterations           | 424         |
|    time_elapsed         | 18686       |
|    total_timesteps      | 27787264    |
| train/                  |             |
|    approx_kl            | 0.017551439 |
|    clip_fraction        | 0.304       |
|    clip_range           | 0.15        |
|    entropy_loss         | -64.1       |
|    explained_variance   | 0.837       |
|    learning_rate        | 0.0001      |
|    loss                 | -0.659      |
|    n_updates            | 6345        |
|    policy_gradient_loss | -0.019      |
|    std                  | 13.2        |
|    value_loss           | 0.00977     |
-----------------------------------------
----------------------------------------
| rollout/                |            |
|    ep_len_mean          | 700        |
|    ep_rew_mean          | 5.78e+03   |
| time/                   |            |
|    fps                  | 1486       |
|    iterations           | 425        |
|    time_elapsed         | 18732      |
|    total_timesteps      | 27852800   |
| train/                  |            |
|    approx_kl            | 0.01733259 |
|    clip_fraction        | 0.301      |
|    clip_range           | 0.15       |
|    entropy_loss         | -64.2      |
|    explained_variance   | 0.803      |
|    learning_rate        | 0.0001     |
|    loss                 | -0.658     |
|    n_updates            | 6360       |
|    policy_gradient_loss | -0.0182    |
|    std                  | 13.3       |
|    value_loss           | 0.00766    |
----------------------------------------
-----------------------------------------
| rollout/                |             |
|    ep_len_mean          | 741         |
|    ep_rew_mean          | 6.14e+03    |
| time/                   |             |
|    fps                  | 1486        |
|    iterations           | 426         |
|    time_elapsed         | 18776       |
|    total_timesteps      | 27918336    |
| train/                  |             |
|    approx_kl            | 0.018709973 |
|    clip_fraction        | 0.316       |
|    clip_range           | 0.15        |
|    entropy_loss         | -64.4       |
|    explained_variance   | 0.789       |
|    learning_rate        | 0.0001      |
|    loss                 | -0.644      |
|    n_updates            | 6375        |
|    policy_gradient_loss | -0.0192     |
|    std                  | 13.4        |
|    value_loss           | 0.0159      |
-----------------------------------------
-----------------------------------------
| rollout/                |             |
|    ep_len_mean          | 732         |
|    ep_rew_mean          | 6.05e+03    |
| time/                   |             |
|    fps                  | 1486        |
|    iterations           | 427         |
|    time_elapsed         | 18821       |
|    total_timesteps      | 27983872    |
| train/                  |             |
|    approx_kl            | 0.018811513 |
|    clip_fraction        | 0.323       |
|    clip_range           | 0.15        |
|    entropy_loss         | -64.5       |
|    explained_variance   | 0.786       |
|    learning_rate        | 0.0001      |
|    loss                 | -0.664      |
|    n_updates            | 6390        |
|    policy_gradient_loss | -0.019      |
|    std                  | 13.5        |
|    value_loss           | 0.0119      |
-----------------------------------------
-----------------------------------------
| rollout/                |             |
|    ep_len_mean          | 764         |
|    ep_rew_mean          | 6.31e+03    |
| time/                   |             |
|    fps                  | 1486        |
|    iterations           | 428         |
|    time_elapsed         | 18864       |
|    total_timesteps      | 28049408    |
| train/                  |             |
|    approx_kl            | 0.017722225 |
|    clip_fraction        | 0.308       |
|    clip_range           | 0.15        |
|    entropy_loss         | -64.6       |
|    explained_variance   | 0.829       |
|    learning_rate        | 0.0001      |
|    loss                 | -0.663      |
|    n_updates            | 6405        |
|    policy_gradient_loss | -0.0189     |
|    std                  | 13.6        |
|    value_loss           | 0.0113      |
-----------------------------------------
----------------------------------------
| rollout/                |            |
|    ep_len_mean          | 757        |
|    ep_rew_mean          | 6.26e+03   |
| time/                   |            |
|    fps                  | 1486       |
|    iterations           | 429        |
|    time_elapsed         | 18910      |
|    total_timesteps      | 28114944   |
| train/                  |            |
|    approx_kl            | 0.01777346 |
|    clip_fraction        | 0.303      |
|    clip_range           | 0.15       |
|    entropy_loss         | -64.7      |
|    explained_variance   | 0.825      |
|    learning_rate        | 0.0001     |
|    loss                 | -0.669     |
|    n_updates            | 6420       |
|    policy_gradient_loss | -0.0189    |
|    std                  | 13.7       |
|    value_loss           | 0.0103     |
----------------------------------------
----------------------------------------
| rollout/                |            |
|    ep_len_mean          | 709        |
|    ep_rew_mean          | 5.85e+03   |
| time/                   |            |
|    fps                  | 1486       |
|    iterations           | 430        |
|    time_elapsed         | 18951      |
|    total_timesteps      | 28180480   |
| train/                  |            |
|    approx_kl            | 0.01881896 |
|    clip_fraction        | 0.313      |
|    clip_range           | 0.15       |
|    entropy_loss         | -64.8      |
|    explained_variance   | 0.795      |
|    learning_rate        | 0.0001     |
|    loss                 | -0.67      |
|    n_updates            | 6435       |
|    policy_gradient_loss | -0.0192    |
|    std                  | 13.9       |
|    value_loss           | 0.0125     |
----------------------------------------
-----------------------------------------
| rollout/                |             |
|    ep_len_mean          | 762         |
|    ep_rew_mean          | 6.31e+03    |
| time/                   |             |
|    fps                  | 1486        |
|    iterations           | 431         |
|    time_elapsed         | 18996       |
|    total_timesteps      | 28246016    |
| train/                  |             |
|    approx_kl            | 0.018046781 |
|    clip_fraction        | 0.309       |
|    clip_range           | 0.15        |
|    entropy_loss         | -65         |
|    explained_variance   | 0.8         |
|    learning_rate        | 0.0001      |
|    loss                 | -0.676      |
|    n_updates            | 6450        |
|    policy_gradient_loss | -0.0199     |
|    std                  | 14          |
|    value_loss           | 0.0125      |
-----------------------------------------
-----------------------------------------
| rollout/                |             |
|    ep_len_mean          | 771         |
|    ep_rew_mean          | 6.39e+03    |
| time/                   |             |
|    fps                  | 1486        |
|    iterations           | 432         |
|    time_elapsed         | 19041       |
|    total_timesteps      | 28311552    |
| train/                  |             |
|    approx_kl            | 0.018268576 |
|    clip_fraction        | 0.311       |
|    clip_range           | 0.15        |
|    entropy_loss         | -65.1       |
|    explained_variance   | 0.782       |
|    learning_rate        | 0.0001      |
|    loss                 | -0.669      |
|    n_updates            | 6465        |
|    policy_gradient_loss | -0.0183     |
|    std                  | 14.1        |
|    value_loss           | 0.0114      |
-----------------------------------------
-----------------------------------------
| rollout/                |             |
|    ep_len_mean          | 696         |
|    ep_rew_mean          | 5.75e+03    |
| time/                   |             |
|    fps                  | 1486        |
|    iterations           | 433         |
|    time_elapsed         | 19084       |
|    total_timesteps      | 28377088    |
| train/                  |             |
|    approx_kl            | 0.018353842 |
|    clip_fraction        | 0.311       |
|    clip_range           | 0.15        |
|    entropy_loss         | -65.2       |
|    explained_variance   | 0.782       |
|    learning_rate        | 0.0001      |
|    loss                 | -0.675      |
|    n_updates            | 6480        |
|    policy_gradient_loss | -0.019      |
|    std                  | 14.2        |
|    value_loss           | 0.0105      |
-----------------------------------------
-----------------------------------------
| rollout/                |             |
|    ep_len_mean          | 758         |
|    ep_rew_mean          | 6.29e+03    |
| time/                   |             |
|    fps                  | 1486        |
|    iterations           | 434         |
|    time_elapsed         | 19127       |
|    total_timesteps      | 28442624    |
| train/                  |             |
|    approx_kl            | 0.018318336 |
|    clip_fraction        | 0.31        |
|    clip_range           | 0.15        |
|    entropy_loss         | -65.3       |
|    explained_variance   | 0.815       |
|    learning_rate        | 0.0001      |
|    loss                 | -0.672      |
|    n_updates            | 6495        |
|    policy_gradient_loss | -0.0191     |
|    std                  | 14.4        |
|    value_loss           | 0.011       |
-----------------------------------------
----------------------------------------
| rollout/                |            |
|    ep_len_mean          | 770        |
|    ep_rew_mean          | 6.4e+03    |
| time/                   |            |
|    fps                  | 1486       |
|    iterations           | 435        |
|    time_elapsed         | 19172      |
|    total_timesteps      | 28508160   |
| train/                  |            |
|    approx_kl            | 0.01861384 |
|    clip_fraction        | 0.316      |
|    clip_range           | 0.15       |
|    entropy_loss         | -65.5      |
|    explained_variance   | 0.793      |
|    learning_rate        | 0.0001     |
|    loss                 | -0.666     |
|    n_updates            | 6510       |
|    policy_gradient_loss | -0.0186    |
|    std                  | 14.5       |
|    value_loss           | 0.0121     |
----------------------------------------
----------------------------------------
| rollout/                |            |
|    ep_len_mean          | 777        |
|    ep_rew_mean          | 6.45e+03   |
| time/                   |            |
|    fps                  | 1486       |
|    iterations           | 436        |
|    time_elapsed         | 19216      |
|    total_timesteps      | 28573696   |
| train/                  |            |
|    approx_kl            | 0.01847861 |
|    clip_fraction        | 0.311      |
|    clip_range           | 0.15       |
|    entropy_loss         | -65.6      |
|    explained_variance   | 0.802      |
|    learning_rate        | 0.0001     |
|    loss                 | -0.675     |
|    n_updates            | 6525       |
|    policy_gradient_loss | -0.0197    |
|    std                  | 14.6       |
|    value_loss           | 0.0123     |
----------------------------------------
----------------------------------------
| rollout/                |            |
|    ep_len_mean          | 812        |
|    ep_rew_mean          | 6.77e+03   |
| time/                   |            |
|    fps                  | 1486       |
|    iterations           | 437        |
|    time_elapsed         | 19261      |
|    total_timesteps      | 28639232   |
| train/                  |            |
|    approx_kl            | 0.01800064 |
|    clip_fraction        | 0.305      |
|    clip_range           | 0.15       |
|    entropy_loss         | -65.7      |
|    explained_variance   | 0.782      |
|    learning_rate        | 0.0001     |
|    loss                 | -0.676     |
|    n_updates            | 6540       |
|    policy_gradient_loss | -0.0189    |
|    std                  | 14.7       |
|    value_loss           | 0.0114     |
----------------------------------------
-----------------------------------------
| rollout/                |             |
|    ep_len_mean          | 692         |
|    ep_rew_mean          | 5.74e+03    |
| time/                   |             |
|    fps                  | 1486        |
|    iterations           | 438         |
|    time_elapsed         | 19305       |
|    total_timesteps      | 28704768    |
| train/                  |             |
|    approx_kl            | 0.018191956 |
|    clip_fraction        | 0.308       |
|    clip_range           | 0.15        |
|    entropy_loss         | -65.8       |
|    explained_variance   | 0.763       |
|    learning_rate        | 0.0001      |
|    loss                 | -0.677      |
|    n_updates            | 6555        |
|    policy_gradient_loss | -0.0187     |
|    std                  | 14.8        |
|    value_loss           | 0.00966     |
-----------------------------------------
-----------------------------------------
| rollout/                |             |
|    ep_len_mean          | 740         |
|    ep_rew_mean          | 6.16e+03    |
| time/                   |             |
|    fps                  | 1486        |
|    iterations           | 439         |
|    time_elapsed         | 19349       |
|    total_timesteps      | 28770304    |
| train/                  |             |
|    approx_kl            | 0.017363288 |
|    clip_fraction        | 0.302       |
|    clip_range           | 0.15        |
|    entropy_loss         | -66         |
|    explained_variance   | 0.768       |
|    learning_rate        | 0.0001      |
|    loss                 | -0.676      |
|    n_updates            | 6570        |
|    policy_gradient_loss | -0.018      |
|    std                  | 15          |
|    value_loss           | 0.0118      |
-----------------------------------------
----------------------------------------
| rollout/                |            |
|    ep_len_mean          | 732        |
|    ep_rew_mean          | 6.08e+03   |
| time/                   |            |
|    fps                  | 1487       |
|    iterations           | 440        |
|    time_elapsed         | 19391      |
|    total_timesteps      | 28835840   |
| train/                  |            |
|    approx_kl            | 0.01745522 |
|    clip_fraction        | 0.301      |
|    clip_range           | 0.15       |
|    entropy_loss         | -66.1      |
|    explained_variance   | 0.801      |
|    learning_rate        | 0.0001     |
|    loss                 | -0.668     |
|    n_updates            | 6585       |
|    policy_gradient_loss | -0.0187    |
|    std                  | 15.1       |
|    value_loss           | 0.0104     |
----------------------------------------
----------------------------------------
| rollout/                |            |
|    ep_len_mean          | 771        |
|    ep_rew_mean          | 6.43e+03   |
| time/                   |            |
|    fps                  | 1486       |
|    iterations           | 441        |
|    time_elapsed         | 19437      |
|    total_timesteps      | 28901376   |
| train/                  |            |
|    approx_kl            | 0.01823956 |
|    clip_fraction        | 0.308      |
|    clip_range           | 0.15       |
|    entropy_loss         | -66.2      |
|    explained_variance   | 0.797      |
|    learning_rate        | 0.0001     |
|    loss                 | -0.684     |
|    n_updates            | 6600       |
|    policy_gradient_loss | -0.0183    |
|    std                  | 15.3       |
|    value_loss           | 0.0111     |
----------------------------------------
-----------------------------------------
| rollout/                |             |
|    ep_len_mean          | 749         |
|    ep_rew_mean          | 6.26e+03    |
| time/                   |             |
|    fps                  | 1487        |
|    iterations           | 442         |
|    time_elapsed         | 19478       |
|    total_timesteps      | 28966912    |
| train/                  |             |
|    approx_kl            | 0.018043771 |
|    clip_fraction        | 0.306       |
|    clip_range           | 0.15        |
|    entropy_loss         | -66.4       |
|    explained_variance   | 0.823       |
|    learning_rate        | 0.0001      |
|    loss                 | -0.682      |
|    n_updates            | 6615        |
|    policy_gradient_loss | -0.0189     |
|    std                  | 15.4        |
|    value_loss           | 0.0102      |
-----------------------------------------
-----------------------------------------
| rollout/                |             |
|    ep_len_mean          | 746         |
|    ep_rew_mean          | 6.24e+03    |
| time/                   |             |
|    fps                  | 1486        |
|    iterations           | 443         |
|    time_elapsed         | 19525       |
|    total_timesteps      | 29032448    |
| train/                  |             |
|    approx_kl            | 0.018757433 |
|    clip_fraction        | 0.318       |
|    clip_range           | 0.15        |
|    entropy_loss         | -66.5       |
|    explained_variance   | 0.772       |
|    learning_rate        | 0.0001      |
|    loss                 | -0.67       |
|    n_updates            | 6630        |
|    policy_gradient_loss | -0.0192     |
|    std                  | 15.5        |
|    value_loss           | 0.0125      |
-----------------------------------------
-----------------------------------------
| rollout/                |             |
|    ep_len_mean          | 684         |
|    ep_rew_mean          | 5.71e+03    |
| time/                   |             |
|    fps                  | 1487        |
|    iterations           | 444         |
|    time_elapsed         | 19567       |
|    total_timesteps      | 29097984    |
| train/                  |             |
|    approx_kl            | 0.018484175 |
|    clip_fraction        | 0.313       |
|    clip_range           | 0.15        |
|    entropy_loss         | -66.6       |
|    explained_variance   | 0.813       |
|    learning_rate        | 0.0001      |
|    loss                 | -0.685      |
|    n_updates            | 6645        |
|    policy_gradient_loss | -0.0188     |
|    std                  | 15.7        |
|    value_loss           | 0.0106      |
-----------------------------------------
-----------------------------------------
| rollout/                |             |
|    ep_len_mean          | 729         |
|    ep_rew_mean          | 6.08e+03    |
| time/                   |             |
|    fps                  | 1487        |
|    iterations           | 445         |
|    time_elapsed         | 19610       |
|    total_timesteps      | 29163520    |
| train/                  |             |
|    approx_kl            | 0.018131256 |
|    clip_fraction        | 0.306       |
|    clip_range           | 0.15        |
|    entropy_loss         | -66.7       |
|    explained_variance   | 0.79        |
|    learning_rate        | 0.0001      |
|    loss                 | -0.679      |
|    n_updates            | 6660        |
|    policy_gradient_loss | -0.019      |
|    std                  | 15.8        |
|    value_loss           | 0.0146      |
-----------------------------------------
-----------------------------------------
| rollout/                |             |
|    ep_len_mean          | 672         |
|    ep_rew_mean          | 5.57e+03    |
| time/                   |             |
|    fps                  | 1487        |
|    iterations           | 446         |
|    time_elapsed         | 19653       |
|    total_timesteps      | 29229056    |
| train/                  |             |
|    approx_kl            | 0.018688977 |
|    clip_fraction        | 0.312       |
|    clip_range           | 0.15        |
|    entropy_loss         | -66.8       |
|    explained_variance   | 0.806       |
|    learning_rate        | 0.0001      |
|    loss                 | -0.691      |
|    n_updates            | 6675        |
|    policy_gradient_loss | -0.0196     |
|    std                  | 15.9        |
|    value_loss           | 0.0131      |
-----------------------------------------
-----------------------------------------
| rollout/                |             |
|    ep_len_mean          | 730         |
|    ep_rew_mean          | 6.08e+03    |
| time/                   |             |
|    fps                  | 1487        |
|    iterations           | 447         |
|    time_elapsed         | 19698       |
|    total_timesteps      | 29294592    |
| train/                  |             |
|    approx_kl            | 0.018096898 |
|    clip_fraction        | 0.306       |
|    clip_range           | 0.15        |
|    entropy_loss         | -67         |
|    explained_variance   | 0.801       |
|    learning_rate        | 0.0001      |
|    loss                 | -0.675      |
|    n_updates            | 6690        |
|    policy_gradient_loss | -0.0188     |
|    std                  | 16          |
|    value_loss           | 0.0153      |
-----------------------------------------
-----------------------------------------
| rollout/                |             |
|    ep_len_mean          | 733         |
|    ep_rew_mean          | 6.12e+03    |
| time/                   |             |
|    fps                  | 1487        |
|    iterations           | 448         |
|    time_elapsed         | 19743       |
|    total_timesteps      | 29360128    |
| train/                  |             |
|    approx_kl            | 0.017489102 |
|    clip_fraction        | 0.304       |
|    clip_range           | 0.15        |
|    entropy_loss         | -67.1       |
|    explained_variance   | 0.818       |
|    learning_rate        | 0.0001      |
|    loss                 | -0.695      |
|    n_updates            | 6705        |
|    policy_gradient_loss | -0.019      |
|    std                  | 16.2        |
|    value_loss           | 0.0103      |
-----------------------------------------
-----------------------------------------
| rollout/                |             |
|    ep_len_mean          | 704         |
|    ep_rew_mean          | 5.85e+03    |
| time/                   |             |
|    fps                  | 1486        |
|    iterations           | 449         |
|    time_elapsed         | 19789       |
|    total_timesteps      | 29425664    |
| train/                  |             |
|    approx_kl            | 0.018086411 |
|    clip_fraction        | 0.305       |
|    clip_range           | 0.15        |
|    entropy_loss         | -67.2       |
|    explained_variance   | 0.765       |
|    learning_rate        | 0.0001      |
|    loss                 | -0.682      |
|    n_updates            | 6720        |
|    policy_gradient_loss | -0.0191     |
|    std                  | 16.3        |
|    value_loss           | 0.0119      |
-----------------------------------------
----------------------------------------
| rollout/                |            |
|    ep_len_mean          | 774        |
|    ep_rew_mean          | 6.47e+03   |
| time/                   |            |
|    fps                  | 1486       |
|    iterations           | 450        |
|    time_elapsed         | 19835      |
|    total_timesteps      | 29491200   |
| train/                  |            |
|    approx_kl            | 0.01676472 |
|    clip_fraction        | 0.29       |
|    clip_range           | 0.15       |
|    entropy_loss         | -67.3      |
|    explained_variance   | 0.796      |
|    learning_rate        | 0.0001     |
|    loss                 | -0.694     |
|    n_updates            | 6735       |
|    policy_gradient_loss | -0.0185    |
|    std                  | 16.4       |
|    value_loss           | 0.0108     |
----------------------------------------
-----------------------------------------
| rollout/                |             |
|    ep_len_mean          | 728         |
|    ep_rew_mean          | 6.06e+03    |
| time/                   |             |
|    fps                  | 1486        |
|    iterations           | 451         |
|    time_elapsed         | 19878       |
|    total_timesteps      | 29556736    |
| train/                  |             |
|    approx_kl            | 0.017084807 |
|    clip_fraction        | 0.297       |
|    clip_range           | 0.15        |
|    entropy_loss         | -67.4       |
|    explained_variance   | 0.807       |
|    learning_rate        | 0.0001      |
|    loss                 | -0.69       |
|    n_updates            | 6750        |
|    policy_gradient_loss | -0.0184     |
|    std                  | 16.5        |
|    value_loss           | 0.00951     |
-----------------------------------------
-----------------------------------------
| rollout/                |             |
|    ep_len_mean          | 750         |
|    ep_rew_mean          | 6.26e+03    |
| time/                   |             |
|    fps                  | 1486        |
|    iterations           | 452         |
|    time_elapsed         | 19921       |
|    total_timesteps      | 29622272    |
| train/                  |             |
|    approx_kl            | 0.019185975 |
|    clip_fraction        | 0.316       |
|    clip_range           | 0.15        |
|    entropy_loss         | -67.5       |
|    explained_variance   | 0.776       |
|    learning_rate        | 0.0001      |
|    loss                 | -0.667      |
|    n_updates            | 6765        |
|    policy_gradient_loss | -0.019      |
|    std                  | 16.7        |
|    value_loss           | 0.0132      |
-----------------------------------------
----------------------------------------
| rollout/                |            |
|    ep_len_mean          | 706        |
|    ep_rew_mean          | 5.89e+03   |
| time/                   |            |
|    fps                  | 1486       |
|    iterations           | 453        |
|    time_elapsed         | 19965      |
|    total_timesteps      | 29687808   |
| train/                  |            |
|    approx_kl            | 0.01723219 |
|    clip_fraction        | 0.296      |
|    clip_range           | 0.15       |
|    entropy_loss         | -67.6      |
|    explained_variance   | 0.817      |
|    learning_rate        | 0.0001     |
|    loss                 | -0.697     |
|    n_updates            | 6780       |
|    policy_gradient_loss | -0.019     |
|    std                  | 16.8       |
|    value_loss           | 0.0115     |
----------------------------------------
-----------------------------------------
| rollout/                |             |
|    ep_len_mean          | 640         |
|    ep_rew_mean          | 5.32e+03    |
| time/                   |             |
|    fps                  | 1486        |
|    iterations           | 454         |
|    time_elapsed         | 20010       |
|    total_timesteps      | 29753344    |
| train/                  |             |
|    approx_kl            | 0.018083237 |
|    clip_fraction        | 0.306       |
|    clip_range           | 0.15        |
|    entropy_loss         | -67.8       |
|    explained_variance   | 0.772       |
|    learning_rate        | 0.0001      |
|    loss                 | -0.701      |
|    n_updates            | 6795        |
|    policy_gradient_loss | -0.0188     |
|    std                  | 17          |
|    value_loss           | 0.0127      |
-----------------------------------------
-----------------------------------------
| rollout/                |             |
|    ep_len_mean          | 750         |
|    ep_rew_mean          | 6.29e+03    |
| time/                   |             |
|    fps                  | 1486        |
|    iterations           | 455         |
|    time_elapsed         | 20055       |
|    total_timesteps      | 29818880    |
| train/                  |             |
|    approx_kl            | 0.017033124 |
|    clip_fraction        | 0.299       |
|    clip_range           | 0.15        |
|    entropy_loss         | -67.9       |
|    explained_variance   | 0.795       |
|    learning_rate        | 0.0001      |
|    loss                 | -0.692      |
|    n_updates            | 6810        |
|    policy_gradient_loss | -0.0193     |
|    std                  | 17.1        |
|    value_loss           | 0.0139      |
-----------------------------------------
-----------------------------------------
| rollout/                |             |
|    ep_len_mean          | 715         |
|    ep_rew_mean          | 5.99e+03    |
| time/                   |             |
|    fps                  | 1486        |
|    iterations           | 456         |
|    time_elapsed         | 20100       |
|    total_timesteps      | 29884416    |
| train/                  |             |
|    approx_kl            | 0.018346224 |
|    clip_fraction        | 0.31        |
|    clip_range           | 0.15        |
|    entropy_loss         | -68         |
|    explained_variance   | 0.776       |
|    learning_rate        | 0.0001      |
|    loss                 | -0.699      |
|    n_updates            | 6825        |
|    policy_gradient_loss | -0.0187     |
|    std                  | 17.2        |
|    value_loss           | 0.0108      |
-----------------------------------------
-----------------------------------------
| rollout/                |             |
|    ep_len_mean          | 743         |
|    ep_rew_mean          | 6.21e+03    |
| time/                   |             |
|    fps                  | 1486        |
|    iterations           | 457         |
|    time_elapsed         | 20142       |
|    total_timesteps      | 29949952    |
| train/                  |             |
|    approx_kl            | 0.018057654 |
|    clip_fraction        | 0.312       |
|    clip_range           | 0.15        |
|    entropy_loss         | -68.1       |
|    explained_variance   | 0.759       |
|    learning_rate        | 0.0001      |
|    loss                 | -0.698      |
|    n_updates            | 6840        |
|    policy_gradient_loss | -0.0186     |
|    std                  | 17.4        |
|    value_loss           | 0.0136      |
-----------------------------------------
---------------------------------------
| rollout/                |           |
|    ep_len_mean          | 736       |
|    ep_rew_mean          | 6.17e+03  |
| time/                   |           |
|    fps                  | 1486      |
|    iterations           | 458       |
|    time_elapsed         | 20186     |
|    total_timesteps      | 30015488  |
| train/                  |           |
|    approx_kl            | 0.0179554 |
|    clip_fraction        | 0.311     |
|    clip_range           | 0.15      |
|    entropy_loss         | -68.2     |
|    explained_variance   | 0.795     |
|    learning_rate        | 0.0001    |
|    loss                 | -0.705    |
|    n_updates            | 6855      |
|    policy_gradient_loss | -0.0187   |
|    std                  | 17.5      |
|    value_loss           | 0.0119    |
---------------------------------------
-----------------------------------------
| rollout/                |             |
|    ep_len_mean          | 710         |
|    ep_rew_mean          | 5.92e+03    |
| time/                   |             |
|    fps                  | 1486        |
|    iterations           | 459         |
|    time_elapsed         | 20231       |
|    total_timesteps      | 30081024    |
| train/                  |             |
|    approx_kl            | 0.017821698 |
|    clip_fraction        | 0.307       |
|    clip_range           | 0.15        |
|    entropy_loss         | -68.4       |
|    explained_variance   | 0.81        |
|    learning_rate        | 0.0001      |
|    loss                 | -0.684      |
|    n_updates            | 6870        |
|    policy_gradient_loss | -0.0191     |
|    std                  | 17.7        |
|    value_loss           | 0.0127      |
-----------------------------------------
---------------------------------------
| rollout/                |           |
|    ep_len_mean          | 749       |
|    ep_rew_mean          | 6.26e+03  |
| time/                   |           |
|    fps                  | 1486      |
|    iterations           | 460       |
|    time_elapsed         | 20275     |
|    total_timesteps      | 30146560  |
| train/                  |           |
|    approx_kl            | 0.0179228 |
|    clip_fraction        | 0.303     |
|    clip_range           | 0.15      |
|    entropy_loss         | -68.5     |
|    explained_variance   | 0.819     |
|    learning_rate        | 0.0001    |
|    loss                 | -0.704    |
|    n_updates            | 6885      |
|    policy_gradient_loss | -0.0192   |
|    std                  | 17.8      |
|    value_loss           | 0.0115    |
---------------------------------------
-----------------------------------------
| rollout/                |             |
|    ep_len_mean          | 751         |
|    ep_rew_mean          | 6.28e+03    |
| time/                   |             |
|    fps                  | 1486        |
|    iterations           | 461         |
|    time_elapsed         | 20320       |
|    total_timesteps      | 30212096    |
| train/                  |             |
|    approx_kl            | 0.018587848 |
|    clip_fraction        | 0.308       |
|    clip_range           | 0.15        |
|    entropy_loss         | -68.6       |
|    explained_variance   | 0.802       |
|    learning_rate        | 0.0001      |
|    loss                 | -0.703      |
|    n_updates            | 6900        |
|    policy_gradient_loss | -0.019      |
|    std                  | 18          |
|    value_loss           | 0.011       |
-----------------------------------------
----------------------------------------
| rollout/                |            |
|    ep_len_mean          | 647        |
|    ep_rew_mean          | 5.38e+03   |
| time/                   |            |
|    fps                  | 1486       |
|    iterations           | 462        |
|    time_elapsed         | 20365      |
|    total_timesteps      | 30277632   |
| train/                  |            |
|    approx_kl            | 0.01769264 |
|    clip_fraction        | 0.302      |
|    clip_range           | 0.15       |
|    entropy_loss         | -68.7      |
|    explained_variance   | 0.829      |
|    learning_rate        | 0.0001     |
|    loss                 | -0.711     |
|    n_updates            | 6915       |
|    policy_gradient_loss | -0.0186    |
|    std                  | 18.1       |
|    value_loss           | 0.0105     |
----------------------------------------
-----------------------------------------
| rollout/                |             |
|    ep_len_mean          | 668         |
|    ep_rew_mean          | 5.55e+03    |
| time/                   |             |
|    fps                  | 1486        |
|    iterations           | 463         |
|    time_elapsed         | 20409       |
|    total_timesteps      | 30343168    |
| train/                  |             |
|    approx_kl            | 0.017334122 |
|    clip_fraction        | 0.298       |
|    clip_range           | 0.15        |
|    entropy_loss         | -68.9       |
|    explained_variance   | 0.812       |
|    learning_rate        | 0.0001      |
|    loss                 | -0.703      |
|    n_updates            | 6930        |
|    policy_gradient_loss | -0.0191     |
|    std                  | 18.3        |
|    value_loss           | 0.0135      |
-----------------------------------------
----------------------------------------
| rollout/                |            |
|    ep_len_mean          | 749        |
|    ep_rew_mean          | 6.27e+03   |
| time/                   |            |
|    fps                  | 1486       |
|    iterations           | 464        |
|    time_elapsed         | 20455      |
|    total_timesteps      | 30408704   |
| train/                  |            |
|    approx_kl            | 0.01811654 |
|    clip_fraction        | 0.312      |
|    clip_range           | 0.15       |
|    entropy_loss         | -69        |
|    explained_variance   | 0.804      |
|    learning_rate        | 0.0001     |
|    loss                 | -0.707     |
|    n_updates            | 6945       |
|    policy_gradient_loss | -0.0194    |
|    std                  | 18.4       |
|    value_loss           | 0.0146     |
----------------------------------------
-----------------------------------------
| rollout/                |             |
|    ep_len_mean          | 736         |
|    ep_rew_mean          | 6.14e+03    |
| time/                   |             |
|    fps                  | 1486        |
|    iterations           | 465         |
|    time_elapsed         | 20500       |
|    total_timesteps      | 30474240    |
| train/                  |             |
|    approx_kl            | 0.018843163 |
|    clip_fraction        | 0.31        |
|    clip_range           | 0.15        |
|    entropy_loss         | -69.1       |
|    explained_variance   | 0.761       |
|    learning_rate        | 0.0001      |
|    loss                 | -0.701      |
|    n_updates            | 6960        |
|    policy_gradient_loss | -0.0192     |
|    std                  | 18.6        |
|    value_loss           | 0.0117      |
-----------------------------------------
-----------------------------------------
| rollout/                |             |
|    ep_len_mean          | 756         |
|    ep_rew_mean          | 6.33e+03    |
| time/                   |             |
|    fps                  | 1486        |
|    iterations           | 466         |
|    time_elapsed         | 20542       |
|    total_timesteps      | 30539776    |
| train/                  |             |
|    approx_kl            | 0.018555842 |
|    clip_fraction        | 0.307       |
|    clip_range           | 0.15        |
|    entropy_loss         | -69.2       |
|    explained_variance   | 0.806       |
|    learning_rate        | 0.0001      |
|    loss                 | -0.706      |
|    n_updates            | 6975        |
|    policy_gradient_loss | -0.0193     |
|    std                  | 18.8        |
|    value_loss           | 0.0119      |
-----------------------------------------
-----------------------------------------
| rollout/                |             |
|    ep_len_mean          | 702         |
|    ep_rew_mean          | 5.84e+03    |
| time/                   |             |
|    fps                  | 1486        |
|    iterations           | 467         |
|    time_elapsed         | 20587       |
|    total_timesteps      | 30605312    |
| train/                  |             |
|    approx_kl            | 0.017531026 |
|    clip_fraction        | 0.303       |
|    clip_range           | 0.15        |
|    entropy_loss         | -69.3       |
|    explained_variance   | 0.813       |
|    learning_rate        | 0.0001      |
|    loss                 | -0.715      |
|    n_updates            | 6990        |
|    policy_gradient_loss | -0.0186     |
|    std                  | 18.9        |
|    value_loss           | 0.0111      |
-----------------------------------------
-----------------------------------------
| rollout/                |             |
|    ep_len_mean          | 806         |
|    ep_rew_mean          | 6.77e+03    |
| time/                   |             |
|    fps                  | 1486        |
|    iterations           | 468         |
|    time_elapsed         | 20630       |
|    total_timesteps      | 30670848    |
| train/                  |             |
|    approx_kl            | 0.017932177 |
|    clip_fraction        | 0.303       |
|    clip_range           | 0.15        |
|    entropy_loss         | -69.4       |
|    explained_variance   | 0.785       |
|    learning_rate        | 0.0001      |
|    loss                 | -0.712      |
|    n_updates            | 7005        |
|    policy_gradient_loss | -0.0192     |
|    std                  | 19.1        |
|    value_loss           | 0.0129      |
-----------------------------------------
----------------------------------------
| rollout/                |            |
|    ep_len_mean          | 713        |
|    ep_rew_mean          | 5.96e+03   |
| time/                   |            |
|    fps                  | 1486       |
|    iterations           | 469        |
|    time_elapsed         | 20674      |
|    total_timesteps      | 30736384   |
| train/                  |            |
|    approx_kl            | 0.01852112 |
|    clip_fraction        | 0.311      |
|    clip_range           | 0.15       |
|    entropy_loss         | -69.6      |
|    explained_variance   | 0.801      |
|    learning_rate        | 0.0001     |
|    loss                 | -0.694     |
|    n_updates            | 7020       |
|    policy_gradient_loss | -0.0186    |
|    std                  | 19.3       |
|    value_loss           | 0.0102     |
----------------------------------------
-----------------------------------------
| rollout/                |             |
|    ep_len_mean          | 730         |
|    ep_rew_mean          | 6.12e+03    |
| time/                   |             |
|    fps                  | 1486        |
|    iterations           | 470         |
|    time_elapsed         | 20720       |
|    total_timesteps      | 30801920    |
| train/                  |             |
|    approx_kl            | 0.018512696 |
|    clip_fraction        | 0.308       |
|    clip_range           | 0.15        |
|    entropy_loss         | -69.7       |
|    explained_variance   | 0.821       |
|    learning_rate        | 0.0001      |
|    loss                 | -0.713      |
|    n_updates            | 7035        |
|    policy_gradient_loss | -0.0193     |
|    std                  | 19.4        |
|    value_loss           | 0.0127      |
-----------------------------------------
-----------------------------------------
| rollout/                |             |
|    ep_len_mean          | 728         |
|    ep_rew_mean          | 6.11e+03    |
| time/                   |             |
|    fps                  | 1486        |
|    iterations           | 471         |
|    time_elapsed         | 20764       |
|    total_timesteps      | 30867456    |
| train/                  |             |
|    approx_kl            | 0.017740011 |
|    clip_fraction        | 0.301       |
|    clip_range           | 0.15        |
|    entropy_loss         | -69.8       |
|    explained_variance   | 0.817       |
|    learning_rate        | 0.0001      |
|    loss                 | -0.712      |
|    n_updates            | 7050        |
|    policy_gradient_loss | -0.0188     |
|    std                  | 19.6        |
|    value_loss           | 0.0115      |
-----------------------------------------
---------------------------------------
| rollout/                |           |
|    ep_len_mean          | 768       |
|    ep_rew_mean          | 6.44e+03  |
| time/                   |           |
|    fps                  | 1486      |
|    iterations           | 472       |
|    time_elapsed         | 20806     |
|    total_timesteps      | 30932992  |
| train/                  |           |
|    approx_kl            | 0.0187032 |
|    clip_fraction        | 0.313     |
|    clip_range           | 0.15      |
|    entropy_loss         | -69.9     |
|    explained_variance   | 0.783     |
|    learning_rate        | 0.0001    |
|    loss                 | -0.716    |
|    n_updates            | 7065      |
|    policy_gradient_loss | -0.0186   |
|    std                  | 19.8      |
|    value_loss           | 0.014     |
---------------------------------------
-----------------------------------------
| rollout/                |             |
|    ep_len_mean          | 786         |
|    ep_rew_mean          | 6.61e+03    |
| time/                   |             |
|    fps                  | 1486        |
|    iterations           | 473         |
|    time_elapsed         | 20850       |
|    total_timesteps      | 30998528    |
| train/                  |             |
|    approx_kl            | 0.019095367 |
|    clip_fraction        | 0.316       |
|    clip_range           | 0.15        |
|    entropy_loss         | -70         |
|    explained_variance   | 0.799       |
|    learning_rate        | 0.0001      |
|    loss                 | -0.718      |
|    n_updates            | 7080        |
|    policy_gradient_loss | -0.0198     |
|    std                  | 19.9        |
|    value_loss           | 0.0139      |
-----------------------------------------
-----------------------------------------
| rollout/                |             |
|    ep_len_mean          | 749         |
|    ep_rew_mean          | 6.29e+03    |
| time/                   |             |
|    fps                  | 1486        |
|    iterations           | 474         |
|    time_elapsed         | 20894       |
|    total_timesteps      | 31064064    |
| train/                  |             |
|    approx_kl            | 0.018352412 |
|    clip_fraction        | 0.306       |
|    clip_range           | 0.15        |
|    entropy_loss         | -70.2       |
|    explained_variance   | 0.781       |
|    learning_rate        | 0.0001      |
|    loss                 | -0.718      |
|    n_updates            | 7095        |
|    policy_gradient_loss | -0.0183     |
|    std                  | 20.1        |
|    value_loss           | 0.0095      |
-----------------------------------------
-----------------------------------------
| rollout/                |             |
|    ep_len_mean          | 756         |
|    ep_rew_mean          | 6.34e+03    |
| time/                   |             |
|    fps                  | 1486        |
|    iterations           | 475         |
|    time_elapsed         | 20937       |
|    total_timesteps      | 31129600    |
| train/                  |             |
|    approx_kl            | 0.018362697 |
|    clip_fraction        | 0.311       |
|    clip_range           | 0.15        |
|    entropy_loss         | -70.3       |
|    explained_variance   | 0.791       |
|    learning_rate        | 0.0001      |
|    loss                 | -0.721      |
|    n_updates            | 7110        |
|    policy_gradient_loss | -0.0182     |
|    std                  | 20.3        |
|    value_loss           | 0.0102      |
-----------------------------------------
-----------------------------------------
| rollout/                |             |
|    ep_len_mean          | 795         |
|    ep_rew_mean          | 6.69e+03    |
| time/                   |             |
|    fps                  | 1486        |
|    iterations           | 476         |
|    time_elapsed         | 20982       |
|    total_timesteps      | 31195136    |
| train/                  |             |
|    approx_kl            | 0.018504154 |
|    clip_fraction        | 0.312       |
|    clip_range           | 0.15        |
|    entropy_loss         | -70.4       |
|    explained_variance   | 0.832       |
|    learning_rate        | 0.0001      |
|    loss                 | -0.723      |
|    n_updates            | 7125        |
|    policy_gradient_loss | -0.0188     |
|    std                  | 20.5        |
|    value_loss           | 0.0104      |
-----------------------------------------
-----------------------------------------
| rollout/                |             |
|    ep_len_mean          | 705         |
|    ep_rew_mean          | 5.88e+03    |
| time/                   |             |
|    fps                  | 1486        |
|    iterations           | 477         |
|    time_elapsed         | 21026       |
|    total_timesteps      | 31260672    |
| train/                  |             |
|    approx_kl            | 0.017060028 |
|    clip_fraction        | 0.298       |
|    clip_range           | 0.15        |
|    entropy_loss         | -70.5       |
|    explained_variance   | 0.817       |
|    learning_rate        | 0.0001      |
|    loss                 | -0.723      |
|    n_updates            | 7140        |
|    policy_gradient_loss | -0.017      |
|    std                  | 20.7        |
|    value_loss           | 0.00682     |
-----------------------------------------
-----------------------------------------
| rollout/                |             |
|    ep_len_mean          | 797         |
|    ep_rew_mean          | 6.68e+03    |
| time/                   |             |
|    fps                  | 1486        |
|    iterations           | 478         |
|    time_elapsed         | 21071       |
|    total_timesteps      | 31326208    |
| train/                  |             |
|    approx_kl            | 0.018015284 |
|    clip_fraction        | 0.304       |
|    clip_range           | 0.15        |
|    entropy_loss         | -70.7       |
|    explained_variance   | 0.812       |
|    learning_rate        | 0.0001      |
|    loss                 | -0.726      |
|    n_updates            | 7155        |
|    policy_gradient_loss | -0.0186     |
|    std                  | 20.9        |
|    value_loss           | 0.0115      |
-----------------------------------------
-----------------------------------------
| rollout/                |             |
|    ep_len_mean          | 772         |
|    ep_rew_mean          | 6.46e+03    |
| time/                   |             |
|    fps                  | 1486        |
|    iterations           | 479         |
|    time_elapsed         | 21114       |
|    total_timesteps      | 31391744    |
| train/                  |             |
|    approx_kl            | 0.018200481 |
|    clip_fraction        | 0.307       |
|    clip_range           | 0.15        |
|    entropy_loss         | -70.8       |
|    explained_variance   | 0.812       |
|    learning_rate        | 0.0001      |
|    loss                 | -0.729      |
|    n_updates            | 7170        |
|    policy_gradient_loss | -0.0186     |
|    std                  | 21.1        |
|    value_loss           | 0.0085      |
-----------------------------------------
-----------------------------------------
| rollout/                |             |
|    ep_len_mean          | 720         |
|    ep_rew_mean          | 6.03e+03    |
| time/                   |             |
|    fps                  | 1486        |
|    iterations           | 480         |
|    time_elapsed         | 21156       |
|    total_timesteps      | 31457280    |
| train/                  |             |
|    approx_kl            | 0.018396748 |
|    clip_fraction        | 0.306       |
|    clip_range           | 0.15        |
|    entropy_loss         | -71         |
|    explained_variance   | 0.821       |
|    learning_rate        | 0.0001      |
|    loss                 | -0.725      |
|    n_updates            | 7185        |
|    policy_gradient_loss | -0.0181     |
|    std                  | 21.3        |
|    value_loss           | 0.00932     |
-----------------------------------------
-----------------------------------------
| rollout/                |             |
|    ep_len_mean          | 736         |
|    ep_rew_mean          | 6.17e+03    |
| time/                   |             |
|    fps                  | 1486        |
|    iterations           | 481         |
|    time_elapsed         | 21200       |
|    total_timesteps      | 31522816    |
| train/                  |             |
|    approx_kl            | 0.017999154 |
|    clip_fraction        | 0.307       |
|    clip_range           | 0.15        |
|    entropy_loss         | -71.1       |
|    explained_variance   | 0.797       |
|    learning_rate        | 0.0001      |
|    loss                 | -0.727      |
|    n_updates            | 7200        |
|    policy_gradient_loss | -0.019      |
|    std                  | 21.5        |
|    value_loss           | 0.011       |
-----------------------------------------
-----------------------------------------
| rollout/                |             |
|    ep_len_mean          | 690         |
|    ep_rew_mean          | 5.75e+03    |
| time/                   |             |
|    fps                  | 1486        |
|    iterations           | 482         |
|    time_elapsed         | 21245       |
|    total_timesteps      | 31588352    |
| train/                  |             |
|    approx_kl            | 0.018413153 |
|    clip_fraction        | 0.306       |
|    clip_range           | 0.15        |
|    entropy_loss         | -71.2       |
|    explained_variance   | 0.795       |
|    learning_rate        | 0.0001      |
|    loss                 | -0.742      |
|    n_updates            | 7215        |
|    policy_gradient_loss | -0.0186     |
|    std                  | 21.7        |
|    value_loss           | 0.0114      |
-----------------------------------------
-----------------------------------------
| rollout/                |             |
|    ep_len_mean          | 805         |
|    ep_rew_mean          | 6.76e+03    |
| time/                   |             |
|    fps                  | 1486        |
|    iterations           | 483         |
|    time_elapsed         | 21290       |
|    total_timesteps      | 31653888    |
| train/                  |             |
|    approx_kl            | 0.017588396 |
|    clip_fraction        | 0.296       |
|    clip_range           | 0.15        |
|    entropy_loss         | -71.3       |
|    explained_variance   | 0.818       |
|    learning_rate        | 0.0001      |
|    loss                 | -0.739      |
|    n_updates            | 7230        |
|    policy_gradient_loss | -0.0189     |
|    std                  | 21.8        |
|    value_loss           | 0.0121      |
-----------------------------------------
-----------------------------------------
| rollout/                |             |
|    ep_len_mean          | 731         |
|    ep_rew_mean          | 6.13e+03    |
| time/                   |             |
|    fps                  | 1486        |
|    iterations           | 484         |
|    time_elapsed         | 21333       |
|    total_timesteps      | 31719424    |
| train/                  |             |
|    approx_kl            | 0.017685883 |
|    clip_fraction        | 0.302       |
|    clip_range           | 0.15        |
|    entropy_loss         | -71.5       |
|    explained_variance   | 0.834       |
|    learning_rate        | 0.0001      |
|    loss                 | -0.736      |
|    n_updates            | 7245        |
|    policy_gradient_loss | -0.0186     |
|    std                  | 22          |
|    value_loss           | 0.00732     |
-----------------------------------------
-----------------------------------------
| rollout/                |             |
|    ep_len_mean          | 750         |
|    ep_rew_mean          | 6.29e+03    |
| time/                   |             |
|    fps                  | 1486        |
|    iterations           | 485         |
|    time_elapsed         | 21376       |
|    total_timesteps      | 31784960    |
| train/                  |             |
|    approx_kl            | 0.018543089 |
|    clip_fraction        | 0.311       |
|    clip_range           | 0.15        |
|    entropy_loss         | -71.6       |
|    explained_variance   | 0.788       |
|    learning_rate        | 0.0001      |
|    loss                 | -0.727      |
|    n_updates            | 7260        |
|    policy_gradient_loss | -0.0184     |
|    std                  | 22.3        |
|    value_loss           | 0.0111      |
-----------------------------------------
-----------------------------------------
| rollout/                |             |
|    ep_len_mean          | 781         |
|    ep_rew_mean          | 6.56e+03    |
| time/                   |             |
|    fps                  | 1486        |
|    iterations           | 486         |
|    time_elapsed         | 21420       |
|    total_timesteps      | 31850496    |
| train/                  |             |
|    approx_kl            | 0.017915867 |
|    clip_fraction        | 0.305       |
|    clip_range           | 0.15        |
|    entropy_loss         | -71.7       |
|    explained_variance   | 0.786       |
|    learning_rate        | 0.0001      |
|    loss                 | -0.728      |
|    n_updates            | 7275        |
|    policy_gradient_loss | -0.018      |
|    std                  | 22.4        |
|    value_loss           | 0.0109      |
-----------------------------------------
-----------------------------------------
| rollout/                |             |
|    ep_len_mean          | 756         |
|    ep_rew_mean          | 6.34e+03    |
| time/                   |             |
|    fps                  | 1486        |
|    iterations           | 487         |
|    time_elapsed         | 21463       |
|    total_timesteps      | 31916032    |
| train/                  |             |
|    approx_kl            | 0.017735373 |
|    clip_fraction        | 0.302       |
|    clip_range           | 0.15        |
|    entropy_loss         | -71.8       |
|    explained_variance   | 0.776       |
|    learning_rate        | 0.0001      |
|    loss                 | -0.736      |
|    n_updates            | 7290        |
|    policy_gradient_loss | -0.0178     |
|    std                  | 22.6        |
|    value_loss           | 0.00916     |
-----------------------------------------
-----------------------------------------
| rollout/                |             |
|    ep_len_mean          | 775         |
|    ep_rew_mean          | 6.53e+03    |
| time/                   |             |
|    fps                  | 1486        |
|    iterations           | 488         |
|    time_elapsed         | 21507       |
|    total_timesteps      | 31981568    |
| train/                  |             |
|    approx_kl            | 0.017804693 |
|    clip_fraction        | 0.298       |
|    clip_range           | 0.15        |
|    entropy_loss         | -72         |
|    explained_variance   | 0.815       |
|    learning_rate        | 0.0001      |
|    loss                 | -0.729      |
|    n_updates            | 7305        |
|    policy_gradient_loss | -0.0182     |
|    std                  | 22.9        |
|    value_loss           | 0.00919     |
-----------------------------------------
-----------------------------------------
| rollout/                |             |
|    ep_len_mean          | 676         |
|    ep_rew_mean          | 5.65e+03    |
| time/                   |             |
|    fps                  | 1486        |
|    iterations           | 489         |
|    time_elapsed         | 21552       |
|    total_timesteps      | 32047104    |
| train/                  |             |
|    approx_kl            | 0.018189773 |
|    clip_fraction        | 0.305       |
|    clip_range           | 0.15        |
|    entropy_loss         | -72.1       |
|    explained_variance   | 0.763       |
|    learning_rate        | 0.0001      |
|    loss                 | -0.738      |
|    n_updates            | 7320        |
|    policy_gradient_loss | -0.0178     |
|    std                  | 23.1        |
|    value_loss           | 0.0101      |
-----------------------------------------
-----------------------------------------
| rollout/                |             |
|    ep_len_mean          | 705         |
|    ep_rew_mean          | 5.92e+03    |
| time/                   |             |
|    fps                  | 1486        |
|    iterations           | 490         |
|    time_elapsed         | 21597       |
|    total_timesteps      | 32112640    |
| train/                  |             |
|    approx_kl            | 0.016936922 |
|    clip_fraction        | 0.294       |
|    clip_range           | 0.15        |
|    entropy_loss         | -72.3       |
|    explained_variance   | 0.799       |
|    learning_rate        | 0.0001      |
|    loss                 | -0.738      |
|    n_updates            | 7335        |
|    policy_gradient_loss | -0.0183     |
|    std                  | 23.3        |
|    value_loss           | 0.0108      |
-----------------------------------------
----------------------------------------
| rollout/                |            |
|    ep_len_mean          | 706        |
|    ep_rew_mean          | 5.92e+03   |
| time/                   |            |
|    fps                  | 1486       |
|    iterations           | 491        |
|    time_elapsed         | 21642      |
|    total_timesteps      | 32178176   |
| train/                  |            |
|    approx_kl            | 0.01859511 |
|    clip_fraction        | 0.313      |
|    clip_range           | 0.15       |
|    entropy_loss         | -72.4      |
|    explained_variance   | 0.759      |
|    learning_rate        | 0.0001     |
|    loss                 | -0.741     |
|    n_updates            | 7350       |
|    policy_gradient_loss | -0.0187    |
|    std                  | 23.5       |
|    value_loss           | 0.0138     |
----------------------------------------
-----------------------------------------
| rollout/                |             |
|    ep_len_mean          | 716         |
|    ep_rew_mean          | 6.02e+03    |
| time/                   |             |
|    fps                  | 1486        |
|    iterations           | 492         |
|    time_elapsed         | 21686       |
|    total_timesteps      | 32243712    |
| train/                  |             |
|    approx_kl            | 0.017805384 |
|    clip_fraction        | 0.303       |
|    clip_range           | 0.15        |
|    entropy_loss         | -72.5       |
|    explained_variance   | 0.777       |
|    learning_rate        | 0.0001      |
|    loss                 | -0.739      |
|    n_updates            | 7365        |
|    policy_gradient_loss | -0.0184     |
|    std                  | 23.7        |
|    value_loss           | 0.0145      |
-----------------------------------------
-----------------------------------------
| rollout/                |             |
|    ep_len_mean          | 682         |
|    ep_rew_mean          | 5.71e+03    |
| time/                   |             |
|    fps                  | 1486        |
|    iterations           | 493         |
|    time_elapsed         | 21730       |
|    total_timesteps      | 32309248    |
| train/                  |             |
|    approx_kl            | 0.018540796 |
|    clip_fraction        | 0.305       |
|    clip_range           | 0.15        |
|    entropy_loss         | -72.6       |
|    explained_variance   | 0.769       |
|    learning_rate        | 0.0001      |
|    loss                 | -0.748      |
|    n_updates            | 7380        |
|    policy_gradient_loss | -0.0188     |
|    std                  | 23.9        |
|    value_loss           | 0.0157      |
-----------------------------------------
-----------------------------------------
| rollout/                |             |
|    ep_len_mean          | 723         |
|    ep_rew_mean          | 6.06e+03    |
| time/                   |             |
|    fps                  | 1486        |
|    iterations           | 494         |
|    time_elapsed         | 21775       |
|    total_timesteps      | 32374784    |
| train/                  |             |
|    approx_kl            | 0.018528242 |
|    clip_fraction        | 0.304       |
|    clip_range           | 0.15        |
|    entropy_loss         | -72.7       |
|    explained_variance   | 0.784       |
|    learning_rate        | 0.0001      |
|    loss                 | -0.735      |
|    n_updates            | 7395        |
|    policy_gradient_loss | -0.019      |
|    std                  | 24.1        |
|    value_loss           | 0.0168      |
-----------------------------------------
-----------------------------------------
| rollout/                |             |
|    ep_len_mean          | 729         |
|    ep_rew_mean          | 6.11e+03    |
| time/                   |             |
|    fps                  | 1486        |
|    iterations           | 495         |
|    time_elapsed         | 21817       |
|    total_timesteps      | 32440320    |
| train/                  |             |
|    approx_kl            | 0.018931143 |
|    clip_fraction        | 0.31        |
|    clip_range           | 0.15        |
|    entropy_loss         | -72.9       |
|    explained_variance   | 0.802       |
|    learning_rate        | 0.0001      |
|    loss                 | -0.744      |
|    n_updates            | 7410        |
|    policy_gradient_loss | -0.0195     |
|    std                  | 24.3        |
|    value_loss           | 0.0176      |
-----------------------------------------
----------------------------------------
| rollout/                |            |
|    ep_len_mean          | 705        |
|    ep_rew_mean          | 5.91e+03   |
| time/                   |            |
|    fps                  | 1486       |
|    iterations           | 496        |
|    time_elapsed         | 21863      |
|    total_timesteps      | 32505856   |
| train/                  |            |
|    approx_kl            | 0.01853098 |
|    clip_fraction        | 0.302      |
|    clip_range           | 0.15       |
|    entropy_loss         | -73        |
|    explained_variance   | 0.809      |
|    learning_rate        | 0.0001     |
|    loss                 | -0.751     |
|    n_updates            | 7425       |
|    policy_gradient_loss | -0.0199    |
|    std                  | 24.5       |
|    value_loss           | 0.013      |
----------------------------------------
-----------------------------------------
| rollout/                |             |
|    ep_len_mean          | 674         |
|    ep_rew_mean          | 5.63e+03    |
| time/                   |             |
|    fps                  | 1486        |
|    iterations           | 497         |
|    time_elapsed         | 21908       |
|    total_timesteps      | 32571392    |
| train/                  |             |
|    approx_kl            | 0.017659359 |
|    clip_fraction        | 0.297       |
|    clip_range           | 0.15        |
|    entropy_loss         | -73.1       |
|    explained_variance   | 0.819       |
|    learning_rate        | 0.0001      |
|    loss                 | -0.747      |
|    n_updates            | 7440        |
|    policy_gradient_loss | -0.0185     |
|    std                  | 24.7        |
|    value_loss           | 0.0123      |
-----------------------------------------
-----------------------------------------
| rollout/                |             |
|    ep_len_mean          | 703         |
|    ep_rew_mean          | 5.89e+03    |
| time/                   |             |
|    fps                  | 1486        |
|    iterations           | 498         |
|    time_elapsed         | 21951       |
|    total_timesteps      | 32636928    |
| train/                  |             |
|    approx_kl            | 0.018933194 |
|    clip_fraction        | 0.311       |
|    clip_range           | 0.15        |
|    entropy_loss         | -73.2       |
|    explained_variance   | 0.759       |
|    learning_rate        | 0.0001      |
|    loss                 | -0.749      |
|    n_updates            | 7455        |
|    policy_gradient_loss | -0.0189     |
|    std                  | 25          |
|    value_loss           | 0.0144      |
-----------------------------------------
-----------------------------------------
| rollout/                |             |
|    ep_len_mean          | 704         |
|    ep_rew_mean          | 5.88e+03    |
| time/                   |             |
|    fps                  | 1486        |
|    iterations           | 499         |
|    time_elapsed         | 21997       |
|    total_timesteps      | 32702464    |
| train/                  |             |
|    approx_kl            | 0.018091515 |
|    clip_fraction        | 0.303       |
|    clip_range           | 0.15        |
|    entropy_loss         | -73.3       |
|    explained_variance   | 0.796       |
|    learning_rate        | 0.0001      |
|    loss                 | -0.743      |
|    n_updates            | 7470        |
|    policy_gradient_loss | -0.0193     |
|    std                  | 25.2        |
|    value_loss           | 0.0133      |
-----------------------------------------
-----------------------------------------
| rollout/                |             |
|    ep_len_mean          | 693         |
|    ep_rew_mean          | 5.8e+03     |
| time/                   |             |
|    fps                  | 1486        |
|    iterations           | 500         |
|    time_elapsed         | 22042       |
|    total_timesteps      | 32768000    |
| train/                  |             |
|    approx_kl            | 0.017271683 |
|    clip_fraction        | 0.296       |
|    clip_range           | 0.15        |
|    entropy_loss         | -73.5       |
|    explained_variance   | 0.827       |
|    learning_rate        | 0.0001      |
|    loss                 | -0.749      |
|    n_updates            | 7485        |
|    policy_gradient_loss | -0.0188     |
|    std                  | 25.4        |
|    value_loss           | 0.0105      |
-----------------------------------------
----------------------------------------
| rollout/                |            |
|    ep_len_mean          | 662        |
|    ep_rew_mean          | 5.53e+03   |
| time/                   |            |
|    fps                  | 1486       |
|    iterations           | 501        |
|    time_elapsed         | 22087      |
|    total_timesteps      | 32833536   |
| train/                  |            |
|    approx_kl            | 0.01804738 |
|    clip_fraction        | 0.3        |
|    clip_range           | 0.15       |
|    entropy_loss         | -73.6      |
|    explained_variance   | 0.8        |
|    learning_rate        | 0.0001     |
|    loss                 | -0.755     |
|    n_updates            | 7500       |
|    policy_gradient_loss | -0.0185    |
|    std                  | 25.6       |
|    value_loss           | 0.0111     |
----------------------------------------
-----------------------------------------
| rollout/                |             |
|    ep_len_mean          | 731         |
|    ep_rew_mean          | 6.12e+03    |
| time/                   |             |
|    fps                  | 1486        |
|    iterations           | 502         |
|    time_elapsed         | 22131       |
|    total_timesteps      | 32899072    |
| train/                  |             |
|    approx_kl            | 0.018148862 |
|    clip_fraction        | 0.305       |
|    clip_range           | 0.15        |
|    entropy_loss         | -73.7       |
|    explained_variance   | 0.799       |
|    learning_rate        | 0.0001      |
|    loss                 | -0.744      |
|    n_updates            | 7515        |
|    policy_gradient_loss | -0.0192     |
|    std                  | 25.9        |
|    value_loss           | 0.0148      |
-----------------------------------------
-----------------------------------------
| rollout/                |             |
|    ep_len_mean          | 757         |
|    ep_rew_mean          | 6.35e+03    |
| time/                   |             |
|    fps                  | 1486        |
|    iterations           | 503         |
|    time_elapsed         | 22176       |
|    total_timesteps      | 32964608    |
| train/                  |             |
|    approx_kl            | 0.017685369 |
|    clip_fraction        | 0.296       |
|    clip_range           | 0.15        |
|    entropy_loss         | -73.8       |
|    explained_variance   | 0.788       |
|    learning_rate        | 0.0001      |
|    loss                 | -0.761      |
|    n_updates            | 7530        |
|    policy_gradient_loss | -0.0192     |
|    std                  | 26.1        |
|    value_loss           | 0.0133      |
-----------------------------------------
-----------------------------------------
| rollout/                |             |
|    ep_len_mean          | 724         |
|    ep_rew_mean          | 6.07e+03    |
| time/                   |             |
|    fps                  | 1486        |
|    iterations           | 504         |
|    time_elapsed         | 22220       |
|    total_timesteps      | 33030144    |
| train/                  |             |
|    approx_kl            | 0.017123654 |
|    clip_fraction        | 0.294       |
|    clip_range           | 0.15        |
|    entropy_loss         | -74         |
|    explained_variance   | 0.793       |
|    learning_rate        | 0.0001      |
|    loss                 | -0.758      |
|    n_updates            | 7545        |
|    policy_gradient_loss | -0.0186     |
|    std                  | 26.3        |
|    value_loss           | 0.012       |
-----------------------------------------
-----------------------------------------
| rollout/                |             |
|    ep_len_mean          | 715         |
|    ep_rew_mean          | 5.98e+03    |
| time/                   |             |
|    fps                  | 1486        |
|    iterations           | 505         |
|    time_elapsed         | 22265       |
|    total_timesteps      | 33095680    |
| train/                  |             |
|    approx_kl            | 0.017972134 |
|    clip_fraction        | 0.301       |
|    clip_range           | 0.15        |
|    entropy_loss         | -74.1       |
|    explained_variance   | 0.798       |
|    learning_rate        | 0.0001      |
|    loss                 | -0.75       |
|    n_updates            | 7560        |
|    policy_gradient_loss | -0.0184     |
|    std                  | 26.5        |
|    value_loss           | 0.0116      |
-----------------------------------------
-----------------------------------------
| rollout/                |             |
|    ep_len_mean          | 674         |
|    ep_rew_mean          | 5.62e+03    |
| time/                   |             |
|    fps                  | 1486        |
|    iterations           | 506         |
|    time_elapsed         | 22308       |
|    total_timesteps      | 33161216    |
| train/                  |             |
|    approx_kl            | 0.018512864 |
|    clip_fraction        | 0.309       |
|    clip_range           | 0.15        |
|    entropy_loss         | -74.2       |
|    explained_variance   | 0.818       |
|    learning_rate        | 0.0001      |
|    loss                 | -0.76       |
|    n_updates            | 7575        |
|    policy_gradient_loss | -0.0191     |
|    std                  | 26.8        |
|    value_loss           | 0.0125      |
-----------------------------------------
-----------------------------------------
| rollout/                |             |
|    ep_len_mean          | 708         |
|    ep_rew_mean          | 5.93e+03    |
| time/                   |             |
|    fps                  | 1486        |
|    iterations           | 507         |
|    time_elapsed         | 22351       |
|    total_timesteps      | 33226752    |
| train/                  |             |
|    approx_kl            | 0.017639138 |
|    clip_fraction        | 0.298       |
|    clip_range           | 0.15        |
|    entropy_loss         | -74.4       |
|    explained_variance   | 0.806       |
|    learning_rate        | 0.0001      |
|    loss                 | -0.764      |
|    n_updates            | 7590        |
|    policy_gradient_loss | -0.019      |
|    std                  | 27          |
|    value_loss           | 0.0145      |
-----------------------------------------
-----------------------------------------
| rollout/                |             |
|    ep_len_mean          | 718         |
|    ep_rew_mean          | 6.01e+03    |
| time/                   |             |
|    fps                  | 1486        |
|    iterations           | 508         |
|    time_elapsed         | 22397       |
|    total_timesteps      | 33292288    |
| train/                  |             |
|    approx_kl            | 0.017733937 |
|    clip_fraction        | 0.3         |
|    clip_range           | 0.15        |
|    entropy_loss         | -74.5       |
|    explained_variance   | 0.836       |
|    learning_rate        | 0.0001      |
|    loss                 | -0.761      |
|    n_updates            | 7605        |
|    policy_gradient_loss | -0.0192     |
|    std                  | 27.3        |
|    value_loss           | 0.011       |
-----------------------------------------
-----------------------------------------
| rollout/                |             |
|    ep_len_mean          | 722         |
|    ep_rew_mean          | 6.05e+03    |
| time/                   |             |
|    fps                  | 1486        |
|    iterations           | 509         |
|    time_elapsed         | 22440       |
|    total_timesteps      | 33357824    |
| train/                  |             |
|    approx_kl            | 0.018056653 |
|    clip_fraction        | 0.306       |
|    clip_range           | 0.15        |
|    entropy_loss         | -74.6       |
|    explained_variance   | 0.786       |
|    learning_rate        | 0.0001      |
|    loss                 | -0.754      |
|    n_updates            | 7620        |
|    policy_gradient_loss | -0.0195     |
|    std                  | 27.5        |
|    value_loss           | 0.0143      |
-----------------------------------------
-----------------------------------------
| rollout/                |             |
|    ep_len_mean          | 724         |
|    ep_rew_mean          | 6.08e+03    |
| time/                   |             |
|    fps                  | 1486        |
|    iterations           | 510         |
|    time_elapsed         | 22484       |
|    total_timesteps      | 33423360    |
| train/                  |             |
|    approx_kl            | 0.017894203 |
|    clip_fraction        | 0.301       |
|    clip_range           | 0.15        |
|    entropy_loss         | -74.7       |
|    explained_variance   | 0.787       |
|    learning_rate        | 0.0001      |
|    loss                 | -0.762      |
|    n_updates            | 7635        |
|    policy_gradient_loss | -0.0191     |
|    std                  | 27.8        |
|    value_loss           | 0.013       |
-----------------------------------------
-----------------------------------------
| rollout/                |             |
|    ep_len_mean          | 749         |
|    ep_rew_mean          | 6.29e+03    |
| time/                   |             |
|    fps                  | 1486        |
|    iterations           | 511         |
|    time_elapsed         | 22530       |
|    total_timesteps      | 33488896    |
| train/                  |             |
|    approx_kl            | 0.018309284 |
|    clip_fraction        | 0.298       |
|    clip_range           | 0.15        |
|    entropy_loss         | -74.8       |
|    explained_variance   | 0.784       |
|    learning_rate        | 0.0001      |
|    loss                 | -0.764      |
|    n_updates            | 7650        |
|    policy_gradient_loss | -0.0188     |
|    std                  | 28          |
|    value_loss           | 0.0137      |
-----------------------------------------
-----------------------------------------
| rollout/                |             |
|    ep_len_mean          | 757         |
|    ep_rew_mean          | 6.38e+03    |
| time/                   |             |
|    fps                  | 1486        |
|    iterations           | 512         |
|    time_elapsed         | 22576       |
|    total_timesteps      | 33554432    |
| train/                  |             |
|    approx_kl            | 0.017731044 |
|    clip_fraction        | 0.298       |
|    clip_range           | 0.15        |
|    entropy_loss         | -74.9       |
|    explained_variance   | 0.794       |
|    learning_rate        | 0.0001      |
|    loss                 | -0.765      |
|    n_updates            | 7665        |
|    policy_gradient_loss | -0.0187     |
|    std                  | 28.2        |
|    value_loss           | 0.0115      |
-----------------------------------------
-----------------------------------------
| rollout/                |             |
|    ep_len_mean          | 743         |
|    ep_rew_mean          | 6.25e+03    |
| time/                   |             |
|    fps                  | 1486        |
|    iterations           | 513         |
|    time_elapsed         | 22620       |
|    total_timesteps      | 33619968    |
| train/                  |             |
|    approx_kl            | 0.018144663 |
|    clip_fraction        | 0.303       |
|    clip_range           | 0.15        |
|    entropy_loss         | -75.1       |
|    explained_variance   | 0.766       |
|    learning_rate        | 0.0001      |
|    loss                 | -0.769      |
|    n_updates            | 7680        |
|    policy_gradient_loss | -0.0181     |
|    std                  | 28.4        |
|    value_loss           | 0.0123      |
-----------------------------------------
-----------------------------------------
| rollout/                |             |
|    ep_len_mean          | 729         |
|    ep_rew_mean          | 6.11e+03    |
| time/                   |             |
|    fps                  | 1486        |
|    iterations           | 514         |
|    time_elapsed         | 22663       |
|    total_timesteps      | 33685504    |
| train/                  |             |
|    approx_kl            | 0.017877938 |
|    clip_fraction        | 0.301       |
|    clip_range           | 0.15        |
|    entropy_loss         | -75.2       |
|    explained_variance   | 0.799       |
|    learning_rate        | 0.0001      |
|    loss                 | -0.77       |
|    n_updates            | 7695        |
|    policy_gradient_loss | -0.0192     |
|    std                  | 28.7        |
|    value_loss           | 0.0127      |
-----------------------------------------
-----------------------------------------
| rollout/                |             |
|    ep_len_mean          | 691         |
|    ep_rew_mean          | 5.79e+03    |
| time/                   |             |
|    fps                  | 1486        |
|    iterations           | 515         |
|    time_elapsed         | 22706       |
|    total_timesteps      | 33751040    |
| train/                  |             |
|    approx_kl            | 0.017657474 |
|    clip_fraction        | 0.297       |
|    clip_range           | 0.15        |
|    entropy_loss         | -75.3       |
|    explained_variance   | 0.786       |
|    learning_rate        | 0.0001      |
|    loss                 | -0.774      |
|    n_updates            | 7710        |
|    policy_gradient_loss | -0.0186     |
|    std                  | 28.9        |
|    value_loss           | 0.0113      |
-----------------------------------------
-----------------------------------------
| rollout/                |             |
|    ep_len_mean          | 735         |
|    ep_rew_mean          | 6.16e+03    |
| time/                   |             |
|    fps                  | 1486        |
|    iterations           | 516         |
|    time_elapsed         | 22752       |
|    total_timesteps      | 33816576    |
| train/                  |             |
|    approx_kl            | 0.017477505 |
|    clip_fraction        | 0.296       |
|    clip_range           | 0.15        |
|    entropy_loss         | -75.4       |
|    explained_variance   | 0.832       |
|    learning_rate        | 0.0001      |
|    loss                 | -0.774      |
|    n_updates            | 7725        |
|    policy_gradient_loss | -0.0183     |
|    std                  | 29.2        |
|    value_loss           | 0.0119      |
-----------------------------------------
-----------------------------------------
| rollout/                |             |
|    ep_len_mean          | 736         |
|    ep_rew_mean          | 6.17e+03    |
| time/                   |             |
|    fps                  | 1486        |
|    iterations           | 517         |
|    time_elapsed         | 22796       |
|    total_timesteps      | 33882112    |
| train/                  |             |
|    approx_kl            | 0.018320424 |
|    clip_fraction        | 0.299       |
|    clip_range           | 0.15        |
|    entropy_loss         | -75.5       |
|    explained_variance   | 0.778       |
|    learning_rate        | 0.0001      |
|    loss                 | -0.772      |
|    n_updates            | 7740        |
|    policy_gradient_loss | -0.0187     |
|    std                  | 29.4        |
|    value_loss           | 0.0119      |
-----------------------------------------
-----------------------------------------
| rollout/                |             |
|    ep_len_mean          | 727         |
|    ep_rew_mean          | 6.1e+03     |
| time/                   |             |
|    fps                  | 1486        |
|    iterations           | 518         |
|    time_elapsed         | 22841       |
|    total_timesteps      | 33947648    |
| train/                  |             |
|    approx_kl            | 0.017398672 |
|    clip_fraction        | 0.298       |
|    clip_range           | 0.15        |
|    entropy_loss         | -75.7       |
|    explained_variance   | 0.806       |
|    learning_rate        | 0.0001      |
|    loss                 | -0.781      |
|    n_updates            | 7755        |
|    policy_gradient_loss | -0.0183     |
|    std                  | 29.7        |
|    value_loss           | 0.0102      |
-----------------------------------------
-----------------------------------------
| rollout/                |             |
|    ep_len_mean          | 740         |
|    ep_rew_mean          | 6.22e+03    |
| time/                   |             |
|    fps                  | 1486        |
|    iterations           | 519         |
|    time_elapsed         | 22885       |
|    total_timesteps      | 34013184    |
| train/                  |             |
|    approx_kl            | 0.018282317 |
|    clip_fraction        | 0.297       |
|    clip_range           | 0.15        |
|    entropy_loss         | -75.8       |
|    explained_variance   | 0.818       |
|    learning_rate        | 0.0001      |
|    loss                 | -0.771      |
|    n_updates            | 7770        |
|    policy_gradient_loss | -0.0192     |
|    std                  | 29.9        |
|    value_loss           | 0.0121      |
-----------------------------------------
----------------------------------------
| rollout/                |            |
|    ep_len_mean          | 749        |
|    ep_rew_mean          | 6.29e+03   |
| time/                   |            |
|    fps                  | 1486       |
|    iterations           | 520        |
|    time_elapsed         | 22927      |
|    total_timesteps      | 34078720   |
| train/                  |            |
|    approx_kl            | 0.01748646 |
|    clip_fraction        | 0.297      |
|    clip_range           | 0.15       |
|    entropy_loss         | -75.9      |
|    explained_variance   | 0.78       |
|    learning_rate        | 0.0001     |
|    loss                 | -0.784     |
|    n_updates            | 7785       |
|    policy_gradient_loss | -0.0183    |
|    std                  | 30.2       |
|    value_loss           | 0.011      |
----------------------------------------
-----------------------------------------
| rollout/                |             |
|    ep_len_mean          | 724         |
|    ep_rew_mean          | 6.11e+03    |
| time/                   |             |
|    fps                  | 1486        |
|    iterations           | 521         |
|    time_elapsed         | 22972       |
|    total_timesteps      | 34144256    |
| train/                  |             |
|    approx_kl            | 0.018175159 |
|    clip_fraction        | 0.3         |
|    clip_range           | 0.15        |
|    entropy_loss         | -76         |
|    explained_variance   | 0.839       |
|    learning_rate        | 0.0001      |
|    loss                 | -0.787      |
|    n_updates            | 7800        |
|    policy_gradient_loss | -0.019      |
|    std                  | 30.4        |
|    value_loss           | 0.0111      |
-----------------------------------------
-----------------------------------------
| rollout/                |             |
|    ep_len_mean          | 728         |
|    ep_rew_mean          | 6.12e+03    |
| time/                   |             |
|    fps                  | 1486        |
|    iterations           | 522         |
|    time_elapsed         | 23015       |
|    total_timesteps      | 34209792    |
| train/                  |             |
|    approx_kl            | 0.018113356 |
|    clip_fraction        | 0.299       |
|    clip_range           | 0.15        |
|    entropy_loss         | -76.1       |
|    explained_variance   | 0.806       |
|    learning_rate        | 0.0001      |
|    loss                 | -0.775      |
|    n_updates            | 7815        |
|    policy_gradient_loss | -0.0187     |
|    std                  | 30.7        |
|    value_loss           | 0.0121      |
-----------------------------------------
-----------------------------------------
| rollout/                |             |
|    ep_len_mean          | 689         |
|    ep_rew_mean          | 5.79e+03    |
| time/                   |             |
|    fps                  | 1486        |
|    iterations           | 523         |
|    time_elapsed         | 23060       |
|    total_timesteps      | 34275328    |
| train/                  |             |
|    approx_kl            | 0.018015923 |
|    clip_fraction        | 0.301       |
|    clip_range           | 0.15        |
|    entropy_loss         | -76.3       |
|    explained_variance   | 0.798       |
|    learning_rate        | 0.0001      |
|    loss                 | -0.771      |
|    n_updates            | 7830        |
|    policy_gradient_loss | -0.0187     |
|    std                  | 31          |
|    value_loss           | 0.0128      |
-----------------------------------------
-----------------------------------------
| rollout/                |             |
|    ep_len_mean          | 718         |
|    ep_rew_mean          | 6.05e+03    |
| time/                   |             |
|    fps                  | 1486        |
|    iterations           | 524         |
|    time_elapsed         | 23104       |
|    total_timesteps      | 34340864    |
| train/                  |             |
|    approx_kl            | 0.017978273 |
|    clip_fraction        | 0.296       |
|    clip_range           | 0.15        |
|    entropy_loss         | -76.4       |
|    explained_variance   | 0.816       |
|    learning_rate        | 0.0001      |
|    loss                 | -0.781      |
|    n_updates            | 7845        |
|    policy_gradient_loss | -0.019      |
|    std                  | 31.3        |
|    value_loss           | 0.0128      |
-----------------------------------------
-----------------------------------------
| rollout/                |             |
|    ep_len_mean          | 696         |
|    ep_rew_mean          | 5.85e+03    |
| time/                   |             |
|    fps                  | 1486        |
|    iterations           | 525         |
|    time_elapsed         | 23148       |
|    total_timesteps      | 34406400    |
| train/                  |             |
|    approx_kl            | 0.017623551 |
|    clip_fraction        | 0.294       |
|    clip_range           | 0.15        |
|    entropy_loss         | -76.5       |
|    explained_variance   | 0.803       |
|    learning_rate        | 0.0001      |
|    loss                 | -0.785      |
|    n_updates            | 7860        |
|    policy_gradient_loss | -0.0185     |
|    std                  | 31.6        |
|    value_loss           | 0.0127      |
-----------------------------------------
-----------------------------------------
| rollout/                |             |
|    ep_len_mean          | 718         |
|    ep_rew_mean          | 6.03e+03    |
| time/                   |             |
|    fps                  | 1486        |
|    iterations           | 526         |
|    time_elapsed         | 23194       |
|    total_timesteps      | 34471936    |
| train/                  |             |
|    approx_kl            | 0.017186332 |
|    clip_fraction        | 0.285       |
|    clip_range           | 0.15        |
|    entropy_loss         | -76.6       |
|    explained_variance   | 0.806       |
|    learning_rate        | 0.0001      |
|    loss                 | -0.79       |
|    n_updates            | 7875        |
|    policy_gradient_loss | -0.0184     |
|    std                  | 31.9        |
|    value_loss           | 0.0125      |
-----------------------------------------
-----------------------------------------
| rollout/                |             |
|    ep_len_mean          | 712         |
|    ep_rew_mean          | 5.96e+03    |
| time/                   |             |
|    fps                  | 1486        |
|    iterations           | 527         |
|    time_elapsed         | 23237       |
|    total_timesteps      | 34537472    |
| train/                  |             |
|    approx_kl            | 0.018202547 |
|    clip_fraction        | 0.295       |
|    clip_range           | 0.15        |
|    entropy_loss         | -76.8       |
|    explained_variance   | 0.806       |
|    learning_rate        | 0.0001      |
|    loss                 | -0.774      |
|    n_updates            | 7890        |
|    policy_gradient_loss | -0.019      |
|    std                  | 32.1        |
|    value_loss           | 0.0139      |
-----------------------------------------
-----------------------------------------
| rollout/                |             |
|    ep_len_mean          | 771         |
|    ep_rew_mean          | 6.5e+03     |
| time/                   |             |
|    fps                  | 1486        |
|    iterations           | 528         |
|    time_elapsed         | 23281       |
|    total_timesteps      | 34603008    |
| train/                  |             |
|    approx_kl            | 0.017562835 |
|    clip_fraction        | 0.296       |
|    clip_range           | 0.15        |
|    entropy_loss         | -76.9       |
|    explained_variance   | 0.8         |
|    learning_rate        | 0.0001      |
|    loss                 | -0.783      |
|    n_updates            | 7905        |
|    policy_gradient_loss | -0.0195     |
|    std                  | 32.4        |
|    value_loss           | 0.0151      |
-----------------------------------------
---------------------------------------
| rollout/                |           |
|    ep_len_mean          | 742       |
|    ep_rew_mean          | 6.23e+03  |
| time/                   |           |
|    fps                  | 1486      |
|    iterations           | 529       |
|    time_elapsed         | 23326     |
|    total_timesteps      | 34668544  |
| train/                  |           |
|    approx_kl            | 0.0175036 |
|    clip_fraction        | 0.296     |
|    clip_range           | 0.15      |
|    entropy_loss         | -77       |
|    explained_variance   | 0.797     |
|    learning_rate        | 0.0001    |
|    loss                 | -0.788    |
|    n_updates            | 7920      |
|    policy_gradient_loss | -0.0187   |
|    std                  | 32.7      |
|    value_loss           | 0.00981   |
---------------------------------------
-----------------------------------------
| rollout/                |             |
|    ep_len_mean          | 668         |
|    ep_rew_mean          | 5.59e+03    |
| time/                   |             |
|    fps                  | 1486        |
|    iterations           | 530         |
|    time_elapsed         | 23372       |
|    total_timesteps      | 34734080    |
| train/                  |             |
|    approx_kl            | 0.017861264 |
|    clip_fraction        | 0.298       |
|    clip_range           | 0.15        |
|    entropy_loss         | -77.1       |
|    explained_variance   | 0.79        |
|    learning_rate        | 0.0001      |
|    loss                 | -0.786      |
|    n_updates            | 7935        |
|    policy_gradient_loss | -0.0194     |
|    std                  | 32.9        |
|    value_loss           | 0.0126      |
-----------------------------------------
-----------------------------------------
| rollout/                |             |
|    ep_len_mean          | 721         |
|    ep_rew_mean          | 6.05e+03    |
| time/                   |             |
|    fps                  | 1486        |
|    iterations           | 531         |
|    time_elapsed         | 23417       |
|    total_timesteps      | 34799616    |
| train/                  |             |
|    approx_kl            | 0.017837904 |
|    clip_fraction        | 0.297       |
|    clip_range           | 0.15        |
|    entropy_loss         | -77.2       |
|    explained_variance   | 0.786       |
|    learning_rate        | 0.0001      |
|    loss                 | -0.779      |
|    n_updates            | 7950        |
|    policy_gradient_loss | -0.0193     |
|    std                  | 33.2        |
|    value_loss           | 0.0159      |
-----------------------------------------
-----------------------------------------
| rollout/                |             |
|    ep_len_mean          | 695         |
|    ep_rew_mean          | 5.83e+03    |
| time/                   |             |
|    fps                  | 1486        |
|    iterations           | 532         |
|    time_elapsed         | 23460       |
|    total_timesteps      | 34865152    |
| train/                  |             |
|    approx_kl            | 0.017639503 |
|    clip_fraction        | 0.3         |
|    clip_range           | 0.15        |
|    entropy_loss         | -77.4       |
|    explained_variance   | 0.737       |
|    learning_rate        | 0.0001      |
|    loss                 | -0.792      |
|    n_updates            | 7965        |
|    policy_gradient_loss | -0.0184     |
|    std                  | 33.5        |
|    value_loss           | 0.0142      |
-----------------------------------------
-----------------------------------------
| rollout/                |             |
|    ep_len_mean          | 654         |
|    ep_rew_mean          | 5.48e+03    |
| time/                   |             |
|    fps                  | 1486        |
|    iterations           | 533         |
|    time_elapsed         | 23502       |
|    total_timesteps      | 34930688    |
| train/                  |             |
|    approx_kl            | 0.017678373 |
|    clip_fraction        | 0.294       |
|    clip_range           | 0.15        |
|    entropy_loss         | -77.5       |
|    explained_variance   | 0.793       |
|    learning_rate        | 0.0001      |
|    loss                 | -0.794      |
|    n_updates            | 7980        |
|    policy_gradient_loss | -0.0187     |
|    std                  | 33.8        |
|    value_loss           | 0.014       |
-----------------------------------------
-----------------------------------------
| rollout/                |             |
|    ep_len_mean          | 699         |
|    ep_rew_mean          | 5.86e+03    |
| time/                   |             |
|    fps                  | 1486        |
|    iterations           | 534         |
|    time_elapsed         | 23548       |
|    total_timesteps      | 34996224    |
| train/                  |             |
|    approx_kl            | 0.017540343 |
|    clip_fraction        | 0.298       |
|    clip_range           | 0.15        |
|    entropy_loss         | -77.6       |
|    explained_variance   | 0.798       |
|    learning_rate        | 0.0001      |
|    loss                 | -0.791      |
|    n_updates            | 7995        |
|    policy_gradient_loss | -0.0188     |
|    std                  | 34.1        |
|    value_loss           | 0.0137      |
-----------------------------------------
-----------------------------------------
| rollout/                |             |
|    ep_len_mean          | 701         |
|    ep_rew_mean          | 5.88e+03    |
| time/                   |             |
|    fps                  | 1486        |
|    iterations           | 535         |
|    time_elapsed         | 23592       |
|    total_timesteps      | 35061760    |
| train/                  |             |
|    approx_kl            | 0.018122246 |
|    clip_fraction        | 0.294       |
|    clip_range           | 0.15        |
|    entropy_loss         | -77.7       |
|    explained_variance   | 0.815       |
|    learning_rate        | 0.0001      |
|    loss                 | -0.793      |
|    n_updates            | 8010        |
|    policy_gradient_loss | -0.0198     |
|    std                  | 34.4        |
|    value_loss           | 0.0138      |
-----------------------------------------
-----------------------------------------
| rollout/                |             |
|    ep_len_mean          | 725         |
|    ep_rew_mean          | 6.09e+03    |
| time/                   |             |
|    fps                  | 1486        |
|    iterations           | 536         |
|    time_elapsed         | 23637       |
|    total_timesteps      | 35127296    |
| train/                  |             |
|    approx_kl            | 0.017819863 |
|    clip_fraction        | 0.298       |
|    clip_range           | 0.15        |
|    entropy_loss         | -77.8       |
|    explained_variance   | 0.813       |
|    learning_rate        | 0.0001      |
|    loss                 | -0.8        |
|    n_updates            | 8025        |
|    policy_gradient_loss | -0.0191     |
|    std                  | 34.7        |
|    value_loss           | 0.0123      |
-----------------------------------------
----------------------------------------
| rollout/                |            |
|    ep_len_mean          | 744        |
|    ep_rew_mean          | 6.25e+03   |
| time/                   |            |
|    fps                  | 1485       |
|    iterations           | 537        |
|    time_elapsed         | 23683      |
|    total_timesteps      | 35192832   |
| train/                  |            |
|    approx_kl            | 0.01730968 |
|    clip_fraction        | 0.296      |
|    clip_range           | 0.15       |
|    entropy_loss         | -78        |
|    explained_variance   | 0.796      |
|    learning_rate        | 0.0001     |
|    loss                 | -0.798     |
|    n_updates            | 8040       |
|    policy_gradient_loss | -0.0183    |
|    std                  | 35         |
|    value_loss           | 0.0115     |
----------------------------------------
-----------------------------------------
| rollout/                |             |
|    ep_len_mean          | 757         |
|    ep_rew_mean          | 6.36e+03    |
| time/                   |             |
|    fps                  | 1486        |
|    iterations           | 538         |
|    time_elapsed         | 23726       |
|    total_timesteps      | 35258368    |
| train/                  |             |
|    approx_kl            | 0.017926548 |
|    clip_fraction        | 0.297       |
|    clip_range           | 0.15        |
|    entropy_loss         | -78.1       |
|    explained_variance   | 0.766       |
|    learning_rate        | 0.0001      |
|    loss                 | -0.785      |
|    n_updates            | 8055        |
|    policy_gradient_loss | -0.0181     |
|    std                  | 35.3        |
|    value_loss           | 0.0144      |
-----------------------------------------
----------------------------------------
| rollout/                |            |
|    ep_len_mean          | 745        |
|    ep_rew_mean          | 6.26e+03   |
| time/                   |            |
|    fps                  | 1485       |
|    iterations           | 539        |
|    time_elapsed         | 23772      |
|    total_timesteps      | 35323904   |
| train/                  |            |
|    approx_kl            | 0.01861278 |
|    clip_fraction        | 0.302      |
|    clip_range           | 0.15       |
|    entropy_loss         | -78.2      |
|    explained_variance   | 0.774      |
|    learning_rate        | 0.0001     |
|    loss                 | -0.786     |
|    n_updates            | 8070       |
|    policy_gradient_loss | -0.0187    |
|    std                  | 35.6       |
|    value_loss           | 0.0122     |
----------------------------------------
-----------------------------------------
| rollout/                |             |
|    ep_len_mean          | 747         |
|    ep_rew_mean          | 6.28e+03    |
| time/                   |             |
|    fps                  | 1485        |
|    iterations           | 540         |
|    time_elapsed         | 23817       |
|    total_timesteps      | 35389440    |
| train/                  |             |
|    approx_kl            | 0.018049799 |
|    clip_fraction        | 0.297       |
|    clip_range           | 0.15        |
|    entropy_loss         | -78.3       |
|    explained_variance   | 0.786       |
|    learning_rate        | 0.0001      |
|    loss                 | -0.8        |
|    n_updates            | 8085        |
|    policy_gradient_loss | -0.0191     |
|    std                  | 35.9        |
|    value_loss           | 0.0112      |
-----------------------------------------
-----------------------------------------
| rollout/                |             |
|    ep_len_mean          | 767         |
|    ep_rew_mean          | 6.45e+03    |
| time/                   |             |
|    fps                  | 1485        |
|    iterations           | 541         |
|    time_elapsed         | 23863       |
|    total_timesteps      | 35454976    |
| train/                  |             |
|    approx_kl            | 0.017757831 |
|    clip_fraction        | 0.292       |
|    clip_range           | 0.15        |
|    entropy_loss         | -78.4       |
|    explained_variance   | 0.769       |
|    learning_rate        | 0.0001      |
|    loss                 | -0.809      |
|    n_updates            | 8100        |
|    policy_gradient_loss | -0.0181     |
|    std                  | 36.2        |
|    value_loss           | 0.0115      |
-----------------------------------------
-----------------------------------------
| rollout/                |             |
|    ep_len_mean          | 697         |
|    ep_rew_mean          | 5.85e+03    |
| time/                   |             |
|    fps                  | 1485        |
|    iterations           | 542         |
|    time_elapsed         | 23908       |
|    total_timesteps      | 35520512    |
| train/                  |             |
|    approx_kl            | 0.017066225 |
|    clip_fraction        | 0.29        |
|    clip_range           | 0.15        |
|    entropy_loss         | -78.6       |
|    explained_variance   | 0.794       |
|    learning_rate        | 0.0001      |
|    loss                 | -0.798      |
|    n_updates            | 8115        |
|    policy_gradient_loss | -0.018      |
|    std                  | 36.5        |
|    value_loss           | 0.00888     |
-----------------------------------------
-----------------------------------------
| rollout/                |             |
|    ep_len_mean          | 612         |
|    ep_rew_mean          | 5.09e+03    |
| time/                   |             |
|    fps                  | 1485        |
|    iterations           | 543         |
|    time_elapsed         | 23951       |
|    total_timesteps      | 35586048    |
| train/                  |             |
|    approx_kl            | 0.017291507 |
|    clip_fraction        | 0.293       |
|    clip_range           | 0.15        |
|    entropy_loss         | -78.7       |
|    explained_variance   | 0.816       |
|    learning_rate        | 0.0001      |
|    loss                 | -0.802      |
|    n_updates            | 8130        |
|    policy_gradient_loss | -0.0189     |
|    std                  | 36.8        |
|    value_loss           | 0.0128      |
-----------------------------------------
-----------------------------------------
| rollout/                |             |
|    ep_len_mean          | 721         |
|    ep_rew_mean          | 6.04e+03    |
| time/                   |             |
|    fps                  | 1485        |
|    iterations           | 544         |
|    time_elapsed         | 23994       |
|    total_timesteps      | 35651584    |
| train/                  |             |
|    approx_kl            | 0.017564546 |
|    clip_fraction        | 0.29        |
|    clip_range           | 0.15        |
|    entropy_loss         | -78.8       |
|    explained_variance   | 0.833       |
|    learning_rate        | 0.0001      |
|    loss                 | -0.808      |
|    n_updates            | 8145        |
|    policy_gradient_loss | -0.0197     |
|    std                  | 37.1        |
|    value_loss           | 0.0166      |
-----------------------------------------
-----------------------------------------
| rollout/                |             |
|    ep_len_mean          | 697         |
|    ep_rew_mean          | 5.85e+03    |
| time/                   |             |
|    fps                  | 1485        |
|    iterations           | 545         |
|    time_elapsed         | 24037       |
|    total_timesteps      | 35717120    |
| train/                  |             |
|    approx_kl            | 0.018398784 |
|    clip_fraction        | 0.295       |
|    clip_range           | 0.15        |
|    entropy_loss         | -78.9       |
|    explained_variance   | 0.802       |
|    learning_rate        | 0.0001      |
|    loss                 | -0.806      |
|    n_updates            | 8160        |
|    policy_gradient_loss | -0.0198     |
|    std                  | 37.4        |
|    value_loss           | 0.016       |
-----------------------------------------
----------------------------------------
| rollout/                |            |
|    ep_len_mean          | 742        |
|    ep_rew_mean          | 6.23e+03   |
| time/                   |            |
|    fps                  | 1485       |
|    iterations           | 546        |
|    time_elapsed         | 24080      |
|    total_timesteps      | 35782656   |
| train/                  |            |
|    approx_kl            | 0.01837756 |
|    clip_fraction        | 0.297      |
|    clip_range           | 0.15       |
|    entropy_loss         | -79        |
|    explained_variance   | 0.803      |
|    learning_rate        | 0.0001     |
|    loss                 | -0.818     |
|    n_updates            | 8175       |
|    policy_gradient_loss | -0.0197    |
|    std                  | 37.7       |
|    value_loss           | 0.0134     |
----------------------------------------
-----------------------------------------
| rollout/                |             |
|    ep_len_mean          | 746         |
|    ep_rew_mean          | 6.26e+03    |
| time/                   |             |
|    fps                  | 1486        |
|    iterations           | 547         |
|    time_elapsed         | 24123       |
|    total_timesteps      | 35848192    |
| train/                  |             |
|    approx_kl            | 0.017540034 |
|    clip_fraction        | 0.289       |
|    clip_range           | 0.15        |
|    entropy_loss         | -79.1       |
|    explained_variance   | 0.815       |
|    learning_rate        | 0.0001      |
|    loss                 | -0.808      |
|    n_updates            | 8190        |
|    policy_gradient_loss | -0.0185     |
|    std                  | 38          |
|    value_loss           | 0.0109      |
-----------------------------------------
----------------------------------------
| rollout/                |            |
|    ep_len_mean          | 706        |
|    ep_rew_mean          | 5.93e+03   |
| time/                   |            |
|    fps                  | 1485       |
|    iterations           | 548        |
|    time_elapsed         | 24168      |
|    total_timesteps      | 35913728   |
| train/                  |            |
|    approx_kl            | 0.01777975 |
|    clip_fraction        | 0.293      |
|    clip_range           | 0.15       |
|    entropy_loss         | -79.2      |
|    explained_variance   | 0.806      |
|    learning_rate        | 0.0001     |
|    loss                 | -0.81      |
|    n_updates            | 8205       |
|    policy_gradient_loss | -0.0187    |
|    std                  | 38.3       |
|    value_loss           | 0.013      |
----------------------------------------
-----------------------------------------
| rollout/                |             |
|    ep_len_mean          | 696         |
|    ep_rew_mean          | 5.84e+03    |
| time/                   |             |
|    fps                  | 1485        |
|    iterations           | 549         |
|    time_elapsed         | 24213       |
|    total_timesteps      | 35979264    |
| train/                  |             |
|    approx_kl            | 0.018890027 |
|    clip_fraction        | 0.302       |
|    clip_range           | 0.15        |
|    entropy_loss         | -79.3       |
|    explained_variance   | 0.815       |
|    learning_rate        | 0.0001      |
|    loss                 | -0.804      |
|    n_updates            | 8220        |
|    policy_gradient_loss | -0.0194     |
|    std                  | 38.7        |
|    value_loss           | 0.0129      |
-----------------------------------------
----------------------------------------
| rollout/                |            |
|    ep_len_mean          | 680        |
|    ep_rew_mean          | 5.7e+03    |
| time/                   |            |
|    fps                  | 1485       |
|    iterations           | 550        |
|    time_elapsed         | 24259      |
|    total_timesteps      | 36044800   |
| train/                  |            |
|    approx_kl            | 0.01809105 |
|    clip_fraction        | 0.296      |
|    clip_range           | 0.15       |
|    entropy_loss         | -79.5      |
|    explained_variance   | 0.782      |
|    learning_rate        | 0.0001     |
|    loss                 | -0.812     |
|    n_updates            | 8235       |
|    policy_gradient_loss | -0.0198    |
|    std                  | 39         |
|    value_loss           | 0.015      |
----------------------------------------
---------------------------------------
| rollout/                |           |
|    ep_len_mean          | 682       |
|    ep_rew_mean          | 5.72e+03  |
| time/                   |           |
|    fps                  | 1485      |
|    iterations           | 551       |
|    time_elapsed         | 24303     |
|    total_timesteps      | 36110336  |
| train/                  |           |
|    approx_kl            | 0.0176913 |
|    clip_fraction        | 0.293     |
|    clip_range           | 0.15      |
|    entropy_loss         | -79.6     |
|    explained_variance   | 0.786     |
|    learning_rate        | 0.0001    |
|    loss                 | -0.8      |
|    n_updates            | 8250      |
|    policy_gradient_loss | -0.019    |
|    std                  | 39.4      |
|    value_loss           | 0.015     |
---------------------------------------
-----------------------------------------
| rollout/                |             |
|    ep_len_mean          | 731         |
|    ep_rew_mean          | 6.15e+03    |
| time/                   |             |
|    fps                  | 1485        |
|    iterations           | 552         |
|    time_elapsed         | 24349       |
|    total_timesteps      | 36175872    |
| train/                  |             |
|    approx_kl            | 0.017705292 |
|    clip_fraction        | 0.294       |
|    clip_range           | 0.15        |
|    entropy_loss         | -79.7       |
|    explained_variance   | 0.778       |
|    learning_rate        | 0.0001      |
|    loss                 | -0.806      |
|    n_updates            | 8265        |
|    policy_gradient_loss | -0.0192     |
|    std                  | 39.7        |
|    value_loss           | 0.015       |
-----------------------------------------
-----------------------------------------
| rollout/                |             |
|    ep_len_mean          | 664         |
|    ep_rew_mean          | 5.57e+03    |
| time/                   |             |
|    fps                  | 1485        |
|    iterations           | 553         |
|    time_elapsed         | 24395       |
|    total_timesteps      | 36241408    |
| train/                  |             |
|    approx_kl            | 0.017597202 |
|    clip_fraction        | 0.292       |
|    clip_range           | 0.15        |
|    entropy_loss         | -79.8       |
|    explained_variance   | 0.792       |
|    learning_rate        | 0.0001      |
|    loss                 | -0.801      |
|    n_updates            | 8280        |
|    policy_gradient_loss | -0.0186     |
|    std                  | 40          |
|    value_loss           | 0.0144      |
-----------------------------------------
----------------------------------------
| rollout/                |            |
|    ep_len_mean          | 728        |
|    ep_rew_mean          | 6.14e+03   |
| time/                   |            |
|    fps                  | 1485       |
|    iterations           | 554        |
|    time_elapsed         | 24438      |
|    total_timesteps      | 36306944   |
| train/                  |            |
|    approx_kl            | 0.01747609 |
|    clip_fraction        | 0.289      |
|    clip_range           | 0.15       |
|    entropy_loss         | -79.9      |
|    explained_variance   | 0.806      |
|    learning_rate        | 0.0001     |
|    loss                 | -0.809     |
|    n_updates            | 8295       |
|    policy_gradient_loss | -0.0194    |
|    std                  | 40.3       |
|    value_loss           | 0.0145     |
----------------------------------------
----------------------------------------
| rollout/                |            |
|    ep_len_mean          | 734        |
|    ep_rew_mean          | 6.19e+03   |
| time/                   |            |
|    fps                  | 1485       |
|    iterations           | 555        |
|    time_elapsed         | 24481      |
|    total_timesteps      | 36372480   |
| train/                  |            |
|    approx_kl            | 0.01795795 |
|    clip_fraction        | 0.29       |
|    clip_range           | 0.15       |
|    entropy_loss         | -80        |
|    explained_variance   | 0.771      |
|    learning_rate        | 0.0001     |
|    loss                 | -0.81      |
|    n_updates            | 8310       |
|    policy_gradient_loss | -0.0194    |
|    std                  | 40.6       |
|    value_loss           | 0.0153     |
----------------------------------------
-----------------------------------------
| rollout/                |             |
|    ep_len_mean          | 763         |
|    ep_rew_mean          | 6.44e+03    |
| time/                   |             |
|    fps                  | 1485        |
|    iterations           | 556         |
|    time_elapsed         | 24524       |
|    total_timesteps      | 36438016    |
| train/                  |             |
|    approx_kl            | 0.018209292 |
|    clip_fraction        | 0.297       |
|    clip_range           | 0.15        |
|    entropy_loss         | -80.1       |
|    explained_variance   | 0.803       |
|    learning_rate        | 0.0001      |
|    loss                 | -0.818      |
|    n_updates            | 8325        |
|    policy_gradient_loss | -0.0189     |
|    std                  | 41          |
|    value_loss           | 0.0133      |
-----------------------------------------
-----------------------------------------
| rollout/                |             |
|    ep_len_mean          | 683         |
|    ep_rew_mean          | 5.76e+03    |
| time/                   |             |
|    fps                  | 1485        |
|    iterations           | 557         |
|    time_elapsed         | 24570       |
|    total_timesteps      | 36503552    |
| train/                  |             |
|    approx_kl            | 0.017587714 |
|    clip_fraction        | 0.29        |
|    clip_range           | 0.15        |
|    entropy_loss         | -80.2       |
|    explained_variance   | 0.776       |
|    learning_rate        | 0.0001      |
|    loss                 | -0.824      |
|    n_updates            | 8340        |
|    policy_gradient_loss | -0.0189     |
|    std                  | 41.3        |
|    value_loss           | 0.0124      |
-----------------------------------------
-----------------------------------------
| rollout/                |             |
|    ep_len_mean          | 718         |
|    ep_rew_mean          | 6.06e+03    |
| time/                   |             |
|    fps                  | 1485        |
|    iterations           | 558         |
|    time_elapsed         | 24615       |
|    total_timesteps      | 36569088    |
| train/                  |             |
|    approx_kl            | 0.016765017 |
|    clip_fraction        | 0.287       |
|    clip_range           | 0.15        |
|    entropy_loss         | -80.4       |
|    explained_variance   | 0.813       |
|    learning_rate        | 0.0001      |
|    loss                 | -0.815      |
|    n_updates            | 8355        |
|    policy_gradient_loss | -0.0191     |
|    std                  | 41.7        |
|    value_loss           | 0.0129      |
-----------------------------------------
----------------------------------------
| rollout/                |            |
|    ep_len_mean          | 746        |
|    ep_rew_mean          | 6.31e+03   |
| time/                   |            |
|    fps                  | 1485       |
|    iterations           | 559        |
|    time_elapsed         | 24659      |
|    total_timesteps      | 36634624   |
| train/                  |            |
|    approx_kl            | 0.01839947 |
|    clip_fraction        | 0.295      |
|    clip_range           | 0.15       |
|    entropy_loss         | -80.5      |
|    explained_variance   | 0.771      |
|    learning_rate        | 0.0001     |
|    loss                 | -0.815     |
|    n_updates            | 8370       |
|    policy_gradient_loss | -0.0184    |
|    std                  | 42         |
|    value_loss           | 0.0143     |
----------------------------------------
-----------------------------------------
| rollout/                |             |
|    ep_len_mean          | 739         |
|    ep_rew_mean          | 6.23e+03    |
| time/                   |             |
|    fps                  | 1485        |
|    iterations           | 560         |
|    time_elapsed         | 24704       |
|    total_timesteps      | 36700160    |
| train/                  |             |
|    approx_kl            | 0.017717594 |
|    clip_fraction        | 0.29        |
|    clip_range           | 0.15        |
|    entropy_loss         | -80.6       |
|    explained_variance   | 0.779       |
|    learning_rate        | 0.0001      |
|    loss                 | -0.832      |
|    n_updates            | 8385        |
|    policy_gradient_loss | -0.0185     |
|    std                  | 42.3        |
|    value_loss           | 0.0123      |
-----------------------------------------
-----------------------------------------
| rollout/                |             |
|    ep_len_mean          | 738         |
|    ep_rew_mean          | 6.24e+03    |
| time/                   |             |
|    fps                  | 1485        |
|    iterations           | 561         |
|    time_elapsed         | 24748       |
|    total_timesteps      | 36765696    |
| train/                  |             |
|    approx_kl            | 0.017463915 |
|    clip_fraction        | 0.291       |
|    clip_range           | 0.15        |
|    entropy_loss         | -80.7       |
|    explained_variance   | 0.799       |
|    learning_rate        | 0.0001      |
|    loss                 | -0.818      |
|    n_updates            | 8400        |
|    policy_gradient_loss | -0.0188     |
|    std                  | 42.6        |
|    value_loss           | 0.0121      |
-----------------------------------------
----------------------------------------
| rollout/                |            |
|    ep_len_mean          | 720        |
|    ep_rew_mean          | 6.05e+03   |
| time/                   |            |
|    fps                  | 1485       |
|    iterations           | 562        |
|    time_elapsed         | 24793      |
|    total_timesteps      | 36831232   |
| train/                  |            |
|    approx_kl            | 0.01728918 |
|    clip_fraction        | 0.291      |
|    clip_range           | 0.15       |
|    entropy_loss         | -80.8      |
|    explained_variance   | 0.781      |
|    learning_rate        | 0.0001     |
|    loss                 | -0.834     |
|    n_updates            | 8415       |
|    policy_gradient_loss | -0.0185    |
|    std                  | 43         |
|    value_loss           | 0.0125     |
----------------------------------------
-----------------------------------------
| rollout/                |             |
|    ep_len_mean          | 702         |
|    ep_rew_mean          | 5.91e+03    |
| time/                   |             |
|    fps                  | 1485        |
|    iterations           | 563         |
|    time_elapsed         | 24838       |
|    total_timesteps      | 36896768    |
| train/                  |             |
|    approx_kl            | 0.018303849 |
|    clip_fraction        | 0.298       |
|    clip_range           | 0.15        |
|    entropy_loss         | -80.9       |
|    explained_variance   | 0.811       |
|    learning_rate        | 0.0001      |
|    loss                 | -0.826      |
|    n_updates            | 8430        |
|    policy_gradient_loss | -0.0191     |
|    std                  | 43.4        |
|    value_loss           | 0.0132      |
-----------------------------------------
-----------------------------------------
| rollout/                |             |
|    ep_len_mean          | 755         |
|    ep_rew_mean          | 6.37e+03    |
| time/                   |             |
|    fps                  | 1485        |
|    iterations           | 564         |
|    time_elapsed         | 24881       |
|    total_timesteps      | 36962304    |
| train/                  |             |
|    approx_kl            | 0.018087067 |
|    clip_fraction        | 0.292       |
|    clip_range           | 0.15        |
|    entropy_loss         | -81         |
|    explained_variance   | 0.791       |
|    learning_rate        | 0.0001      |
|    loss                 | -0.827      |
|    n_updates            | 8445        |
|    policy_gradient_loss | -0.0185     |
|    std                  | 43.7        |
|    value_loss           | 0.0125      |
-----------------------------------------
-----------------------------------------
| rollout/                |             |
|    ep_len_mean          | 786         |
|    ep_rew_mean          | 6.65e+03    |
| time/                   |             |
|    fps                  | 1485        |
|    iterations           | 565         |
|    time_elapsed         | 24926       |
|    total_timesteps      | 37027840    |
| train/                  |             |
|    approx_kl            | 0.017899211 |
|    clip_fraction        | 0.291       |
|    clip_range           | 0.15        |
|    entropy_loss         | -81.1       |
|    explained_variance   | 0.824       |
|    learning_rate        | 0.0001      |
|    loss                 | -0.815      |
|    n_updates            | 8460        |
|    policy_gradient_loss | -0.0195     |
|    std                  | 44.1        |
|    value_loss           | 0.0109      |
-----------------------------------------
-----------------------------------------
| rollout/                |             |
|    ep_len_mean          | 701         |
|    ep_rew_mean          | 5.89e+03    |
| time/                   |             |
|    fps                  | 1485        |
|    iterations           | 566         |
|    time_elapsed         | 24972       |
|    total_timesteps      | 37093376    |
| train/                  |             |
|    approx_kl            | 0.018432096 |
|    clip_fraction        | 0.3         |
|    clip_range           | 0.15        |
|    entropy_loss         | -81.3       |
|    explained_variance   | 0.794       |
|    learning_rate        | 0.0001      |
|    loss                 | -0.826      |
|    n_updates            | 8475        |
|    policy_gradient_loss | -0.0184     |
|    std                  | 44.5        |
|    value_loss           | 0.0115      |
-----------------------------------------
----------------------------------------
| rollout/                |            |
|    ep_len_mean          | 688        |
|    ep_rew_mean          | 5.78e+03   |
| time/                   |            |
|    fps                  | 1485       |
|    iterations           | 567        |
|    time_elapsed         | 25018      |
|    total_timesteps      | 37158912   |
| train/                  |            |
|    approx_kl            | 0.01770087 |
|    clip_fraction        | 0.287      |
|    clip_range           | 0.15       |
|    entropy_loss         | -81.4      |
|    explained_variance   | 0.791      |
|    learning_rate        | 0.0001     |
|    loss                 | -0.838     |
|    n_updates            | 8490       |
|    policy_gradient_loss | -0.0184    |
|    std                  | 44.8       |
|    value_loss           | 0.0124     |
----------------------------------------
-----------------------------------------
| rollout/                |             |
|    ep_len_mean          | 681         |
|    ep_rew_mean          | 5.71e+03    |
| time/                   |             |
|    fps                  | 1485        |
|    iterations           | 568         |
|    time_elapsed         | 25062       |
|    total_timesteps      | 37224448    |
| train/                  |             |
|    approx_kl            | 0.017478097 |
|    clip_fraction        | 0.29        |
|    clip_range           | 0.15        |
|    entropy_loss         | -81.5       |
|    explained_variance   | 0.799       |
|    learning_rate        | 0.0001      |
|    loss                 | -0.832      |
|    n_updates            | 8505        |
|    policy_gradient_loss | -0.0181     |
|    std                  | 45.2        |
|    value_loss           | 0.0124      |
-----------------------------------------
-----------------------------------------
| rollout/                |             |
|    ep_len_mean          | 728         |
|    ep_rew_mean          | 6.12e+03    |
| time/                   |             |
|    fps                  | 1485        |
|    iterations           | 569         |
|    time_elapsed         | 25108       |
|    total_timesteps      | 37289984    |
| train/                  |             |
|    approx_kl            | 0.017569482 |
|    clip_fraction        | 0.29        |
|    clip_range           | 0.15        |
|    entropy_loss         | -81.6       |
|    explained_variance   | 0.808       |
|    learning_rate        | 0.0001      |
|    loss                 | -0.819      |
|    n_updates            | 8520        |
|    policy_gradient_loss | -0.0185     |
|    std                  | 45.6        |
|    value_loss           | 0.0125      |
-----------------------------------------
----------------------------------------
| rollout/                |            |
|    ep_len_mean          | 729        |
|    ep_rew_mean          | 6.13e+03   |
| time/                   |            |
|    fps                  | 1485       |
|    iterations           | 570        |
|    time_elapsed         | 25152      |
|    total_timesteps      | 37355520   |
| train/                  |            |
|    approx_kl            | 0.01870415 |
|    clip_fraction        | 0.302      |
|    clip_range           | 0.15       |
|    entropy_loss         | -81.8      |
|    explained_variance   | 0.805      |
|    learning_rate        | 0.0001     |
|    loss                 | -0.84      |
|    n_updates            | 8535       |
|    policy_gradient_loss | -0.0193    |
|    std                  | 46         |
|    value_loss           | 0.0132     |
----------------------------------------
-----------------------------------------
| rollout/                |             |
|    ep_len_mean          | 755         |
|    ep_rew_mean          | 6.37e+03    |
| time/                   |             |
|    fps                  | 1485        |
|    iterations           | 571         |
|    time_elapsed         | 25196       |
|    total_timesteps      | 37421056    |
| train/                  |             |
|    approx_kl            | 0.018053204 |
|    clip_fraction        | 0.289       |
|    clip_range           | 0.15        |
|    entropy_loss         | -81.9       |
|    explained_variance   | 0.789       |
|    learning_rate        | 0.0001      |
|    loss                 | -0.838      |
|    n_updates            | 8550        |
|    policy_gradient_loss | -0.0187     |
|    std                  | 46.4        |
|    value_loss           | 0.0117      |
-----------------------------------------
-----------------------------------------
| rollout/                |             |
|    ep_len_mean          | 688         |
|    ep_rew_mean          | 5.77e+03    |
| time/                   |             |
|    fps                  | 1485        |
|    iterations           | 572         |
|    time_elapsed         | 25241       |
|    total_timesteps      | 37486592    |
| train/                  |             |
|    approx_kl            | 0.017673574 |
|    clip_fraction        | 0.294       |
|    clip_range           | 0.15        |
|    entropy_loss         | -82         |
|    explained_variance   | 0.788       |
|    learning_rate        | 0.0001      |
|    loss                 | -0.844      |
|    n_updates            | 8565        |
|    policy_gradient_loss | -0.0193     |
|    std                  | 46.8        |
|    value_loss           | 0.0132      |
-----------------------------------------
----------------------------------------
| rollout/                |            |
|    ep_len_mean          | 700        |
|    ep_rew_mean          | 5.88e+03   |
| time/                   |            |
|    fps                  | 1484       |
|    iterations           | 573        |
|    time_elapsed         | 25288      |
|    total_timesteps      | 37552128   |
| train/                  |            |
|    approx_kl            | 0.01737528 |
|    clip_fraction        | 0.283      |
|    clip_range           | 0.15       |
|    entropy_loss         | -82.1      |
|    explained_variance   | 0.779      |
|    learning_rate        | 0.0001     |
|    loss                 | -0.832     |
|    n_updates            | 8580       |
|    policy_gradient_loss | -0.0187    |
|    std                  | 47.1       |
|    value_loss           | 0.0145     |
----------------------------------------
-----------------------------------------
| rollout/                |             |
|    ep_len_mean          | 747         |
|    ep_rew_mean          | 6.29e+03    |
| time/                   |             |
|    fps                  | 1485        |
|    iterations           | 574         |
|    time_elapsed         | 25331       |
|    total_timesteps      | 37617664    |
| train/                  |             |
|    approx_kl            | 0.017824082 |
|    clip_fraction        | 0.289       |
|    clip_range           | 0.15        |
|    entropy_loss         | -82.2       |
|    explained_variance   | 0.809       |
|    learning_rate        | 0.0001      |
|    loss                 | -0.831      |
|    n_updates            | 8595        |
|    policy_gradient_loss | -0.019      |
|    std                  | 47.5        |
|    value_loss           | 0.0125      |
-----------------------------------------
----------------------------------------
| rollout/                |            |
|    ep_len_mean          | 652        |
|    ep_rew_mean          | 5.45e+03   |
| time/                   |            |
|    fps                  | 1485       |
|    iterations           | 575        |
|    time_elapsed         | 25372      |
|    total_timesteps      | 37683200   |
| train/                  |            |
|    approx_kl            | 0.01741048 |
|    clip_fraction        | 0.289      |
|    clip_range           | 0.15       |
|    entropy_loss         | -82.3      |
|    explained_variance   | 0.747      |
|    learning_rate        | 0.0001     |
|    loss                 | -0.839     |
|    n_updates            | 8610       |
|    policy_gradient_loss | -0.0189    |
|    std                  | 47.9       |
|    value_loss           | 0.0124     |
----------------------------------------
-----------------------------------------
| rollout/                |             |
|    ep_len_mean          | 645         |
|    ep_rew_mean          | 5.4e+03     |
| time/                   |             |
|    fps                  | 1485        |
|    iterations           | 576         |
|    time_elapsed         | 25417       |
|    total_timesteps      | 37748736    |
| train/                  |             |
|    approx_kl            | 0.017353883 |
|    clip_fraction        | 0.289       |
|    clip_range           | 0.15        |
|    entropy_loss         | -82.4       |
|    explained_variance   | 0.788       |
|    learning_rate        | 0.0001      |
|    loss                 | -0.838      |
|    n_updates            | 8625        |
|    policy_gradient_loss | -0.0193     |
|    std                  | 48.2        |
|    value_loss           | 0.0147      |
-----------------------------------------
-----------------------------------------
| rollout/                |             |
|    ep_len_mean          | 701         |
|    ep_rew_mean          | 5.89e+03    |
| time/                   |             |
|    fps                  | 1485        |
|    iterations           | 577         |
|    time_elapsed         | 25461       |
|    total_timesteps      | 37814272    |
| train/                  |             |
|    approx_kl            | 0.018073559 |
|    clip_fraction        | 0.291       |
|    clip_range           | 0.15        |
|    entropy_loss         | -82.5       |
|    explained_variance   | 0.824       |
|    learning_rate        | 0.0001      |
|    loss                 | -0.838      |
|    n_updates            | 8640        |
|    policy_gradient_loss | -0.0203     |
|    std                  | 48.7        |
|    value_loss           | 0.0143      |
-----------------------------------------
-----------------------------------------
| rollout/                |             |
|    ep_len_mean          | 668         |
|    ep_rew_mean          | 5.6e+03     |
| time/                   |             |
|    fps                  | 1485        |
|    iterations           | 578         |
|    time_elapsed         | 25507       |
|    total_timesteps      | 37879808    |
| train/                  |             |
|    approx_kl            | 0.017708242 |
|    clip_fraction        | 0.288       |
|    clip_range           | 0.15        |
|    entropy_loss         | -82.6       |
|    explained_variance   | 0.802       |
|    learning_rate        | 0.0001      |
|    loss                 | -0.838      |
|    n_updates            | 8655        |
|    policy_gradient_loss | -0.0195     |
|    std                  | 49          |
|    value_loss           | 0.0154      |
-----------------------------------------
-----------------------------------------
| rollout/                |             |
|    ep_len_mean          | 723         |
|    ep_rew_mean          | 6.08e+03    |
| time/                   |             |
|    fps                  | 1485        |
|    iterations           | 579         |
|    time_elapsed         | 25550       |
|    total_timesteps      | 37945344    |
| train/                  |             |
|    approx_kl            | 0.017658895 |
|    clip_fraction        | 0.288       |
|    clip_range           | 0.15        |
|    entropy_loss         | -82.7       |
|    explained_variance   | 0.786       |
|    learning_rate        | 0.0001      |
|    loss                 | -0.842      |
|    n_updates            | 8670        |
|    policy_gradient_loss | -0.0191     |
|    std                  | 49.5        |
|    value_loss           | 0.0146      |
-----------------------------------------
---------------------------------------
| rollout/                |           |
|    ep_len_mean          | 751       |
|    ep_rew_mean          | 6.33e+03  |
| time/                   |           |
|    fps                  | 1485      |
|    iterations           | 580       |
|    time_elapsed         | 25594     |
|    total_timesteps      | 38010880  |
| train/                  |           |
|    approx_kl            | 0.0179463 |
|    clip_fraction        | 0.292     |
|    clip_range           | 0.15      |
|    entropy_loss         | -82.9     |
|    explained_variance   | 0.772     |
|    learning_rate        | 0.0001    |
|    loss                 | -0.853    |
|    n_updates            | 8685      |
|    policy_gradient_loss | -0.0194   |
|    std                  | 49.9      |
|    value_loss           | 0.0134    |
---------------------------------------
----------------------------------------
| rollout/                |            |
|    ep_len_mean          | 662        |
|    ep_rew_mean          | 5.54e+03   |
| time/                   |            |
|    fps                  | 1485       |
|    iterations           | 581        |
|    time_elapsed         | 25639      |
|    total_timesteps      | 38076416   |
| train/                  |            |
|    approx_kl            | 0.01767829 |
|    clip_fraction        | 0.287      |
|    clip_range           | 0.15       |
|    entropy_loss         | -83        |
|    explained_variance   | 0.816      |
|    learning_rate        | 0.0001     |
|    loss                 | -0.845     |
|    n_updates            | 8700       |
|    policy_gradient_loss | -0.0193    |
|    std                  | 50.3       |
|    value_loss           | 0.0111     |
----------------------------------------
-----------------------------------------
| rollout/                |             |
|    ep_len_mean          | 720         |
|    ep_rew_mean          | 6.07e+03    |
| time/                   |             |
|    fps                  | 1485        |
|    iterations           | 582         |
|    time_elapsed         | 25681       |
|    total_timesteps      | 38141952    |
| train/                  |             |
|    approx_kl            | 0.017090593 |
|    clip_fraction        | 0.284       |
|    clip_range           | 0.15        |
|    entropy_loss         | -83.1       |
|    explained_variance   | 0.789       |
|    learning_rate        | 0.0001      |
|    loss                 | -0.846      |
|    n_updates            | 8715        |
|    policy_gradient_loss | -0.0188     |
|    std                  | 50.7        |
|    value_loss           | 0.0138      |
-----------------------------------------
----------------------------------------
| rollout/                |            |
|    ep_len_mean          | 718        |
|    ep_rew_mean          | 6.05e+03   |
| time/                   |            |
|    fps                  | 1485       |
|    iterations           | 583        |
|    time_elapsed         | 25726      |
|    total_timesteps      | 38207488   |
| train/                  |            |
|    approx_kl            | 0.01728585 |
|    clip_fraction        | 0.287      |
|    clip_range           | 0.15       |
|    entropy_loss         | -83.2      |
|    explained_variance   | 0.783      |
|    learning_rate        | 0.0001     |
|    loss                 | -0.846     |
|    n_updates            | 8730       |
|    policy_gradient_loss | -0.0184    |
|    std                  | 51.2       |
|    value_loss           | 0.0114     |
----------------------------------------
-----------------------------------------
| rollout/                |             |
|    ep_len_mean          | 657         |
|    ep_rew_mean          | 5.52e+03    |
| time/                   |             |
|    fps                  | 1485        |
|    iterations           | 584         |
|    time_elapsed         | 25769       |
|    total_timesteps      | 38273024    |
| train/                  |             |
|    approx_kl            | 0.016952228 |
|    clip_fraction        | 0.288       |
|    clip_range           | 0.15        |
|    entropy_loss         | -83.3       |
|    explained_variance   | 0.791       |
|    learning_rate        | 0.0001      |
|    loss                 | -0.852      |
|    n_updates            | 8745        |
|    policy_gradient_loss | -0.018      |
|    std                  | 51.7        |
|    value_loss           | 0.01        |
-----------------------------------------
-----------------------------------------
| rollout/                |             |
|    ep_len_mean          | 714         |
|    ep_rew_mean          | 6.03e+03    |
| time/                   |             |
|    fps                  | 1485        |
|    iterations           | 585         |
|    time_elapsed         | 25813       |
|    total_timesteps      | 38338560    |
| train/                  |             |
|    approx_kl            | 0.017526664 |
|    clip_fraction        | 0.287       |
|    clip_range           | 0.15        |
|    entropy_loss         | -83.4       |
|    explained_variance   | 0.798       |
|    learning_rate        | 0.0001      |
|    loss                 | -0.845      |
|    n_updates            | 8760        |
|    policy_gradient_loss | -0.0186     |
|    std                  | 52.1        |
|    value_loss           | 0.0154      |
-----------------------------------------
-----------------------------------------
| rollout/                |             |
|    ep_len_mean          | 632         |
|    ep_rew_mean          | 5.31e+03    |
| time/                   |             |
|    fps                  | 1485        |
|    iterations           | 586         |
|    time_elapsed         | 25857       |
|    total_timesteps      | 38404096    |
| train/                  |             |
|    approx_kl            | 0.018009048 |
|    clip_fraction        | 0.289       |
|    clip_range           | 0.15        |
|    entropy_loss         | -83.6       |
|    explained_variance   | 0.81        |
|    learning_rate        | 0.0001      |
|    loss                 | -0.85       |
|    n_updates            | 8775        |
|    policy_gradient_loss | -0.0193     |
|    std                  | 52.6        |
|    value_loss           | 0.0126      |
-----------------------------------------
-----------------------------------------
| rollout/                |             |
|    ep_len_mean          | 712         |
|    ep_rew_mean          | 6e+03       |
| time/                   |             |
|    fps                  | 1485        |
|    iterations           | 587         |
|    time_elapsed         | 25899       |
|    total_timesteps      | 38469632    |
| train/                  |             |
|    approx_kl            | 0.018640328 |
|    clip_fraction        | 0.293       |
|    clip_range           | 0.15        |
|    entropy_loss         | -83.7       |
|    explained_variance   | 0.783       |
|    learning_rate        | 0.0001      |
|    loss                 | -0.85       |
|    n_updates            | 8790        |
|    policy_gradient_loss | -0.0197     |
|    std                  | 53.1        |
|    value_loss           | 0.017       |
-----------------------------------------
-----------------------------------------
| rollout/                |             |
|    ep_len_mean          | 737         |
|    ep_rew_mean          | 6.23e+03    |
| time/                   |             |
|    fps                  | 1485        |
|    iterations           | 588         |
|    time_elapsed         | 25945       |
|    total_timesteps      | 38535168    |
| train/                  |             |
|    approx_kl            | 0.018004011 |
|    clip_fraction        | 0.286       |
|    clip_range           | 0.15        |
|    entropy_loss         | -83.8       |
|    explained_variance   | 0.802       |
|    learning_rate        | 0.0001      |
|    loss                 | -0.865      |
|    n_updates            | 8805        |
|    policy_gradient_loss | -0.0202     |
|    std                  | 53.4        |
|    value_loss           | 0.0159      |
-----------------------------------------
-----------------------------------------
| rollout/                |             |
|    ep_len_mean          | 666         |
|    ep_rew_mean          | 5.62e+03    |
| time/                   |             |
|    fps                  | 1485        |
|    iterations           | 589         |
|    time_elapsed         | 25988       |
|    total_timesteps      | 38600704    |
| train/                  |             |
|    approx_kl            | 0.017946921 |
|    clip_fraction        | 0.286       |
|    clip_range           | 0.15        |
|    entropy_loss         | -83.9       |
|    explained_variance   | 0.824       |
|    learning_rate        | 0.0001      |
|    loss                 | -0.856      |
|    n_updates            | 8820        |
|    policy_gradient_loss | -0.0187     |
|    std                  | 53.7        |
|    value_loss           | 0.0122      |
-----------------------------------------
-----------------------------------------
| rollout/                |             |
|    ep_len_mean          | 708         |
|    ep_rew_mean          | 5.98e+03    |
| time/                   |             |
|    fps                  | 1485        |
|    iterations           | 590         |
|    time_elapsed         | 26031       |
|    total_timesteps      | 38666240    |
| train/                  |             |
|    approx_kl            | 0.017742157 |
|    clip_fraction        | 0.283       |
|    clip_range           | 0.15        |
|    entropy_loss         | -84         |
|    explained_variance   | 0.807       |
|    learning_rate        | 0.0001      |
|    loss                 | -0.865      |
|    n_updates            | 8835        |
|    policy_gradient_loss | -0.0187     |
|    std                  | 54.2        |
|    value_loss           | 0.0133      |
-----------------------------------------
-----------------------------------------
| rollout/                |             |
|    ep_len_mean          | 672         |
|    ep_rew_mean          | 5.64e+03    |
| time/                   |             |
|    fps                  | 1485        |
|    iterations           | 591         |
|    time_elapsed         | 26075       |
|    total_timesteps      | 38731776    |
| train/                  |             |
|    approx_kl            | 0.017057233 |
|    clip_fraction        | 0.28        |
|    clip_range           | 0.15        |
|    entropy_loss         | -84.1       |
|    explained_variance   | 0.812       |
|    learning_rate        | 0.0001      |
|    loss                 | -0.853      |
|    n_updates            | 8850        |
|    policy_gradient_loss | -0.0186     |
|    std                  | 54.6        |
|    value_loss           | 0.0126      |
-----------------------------------------
-----------------------------------------
| rollout/                |             |
|    ep_len_mean          | 687         |
|    ep_rew_mean          | 5.79e+03    |
| time/                   |             |
|    fps                  | 1485        |
|    iterations           | 592         |
|    time_elapsed         | 26122       |
|    total_timesteps      | 38797312    |
| train/                  |             |
|    approx_kl            | 0.017659876 |
|    clip_fraction        | 0.288       |
|    clip_range           | 0.15        |
|    entropy_loss         | -84.2       |
|    explained_variance   | 0.772       |
|    learning_rate        | 0.0001      |
|    loss                 | -0.84       |
|    n_updates            | 8865        |
|    policy_gradient_loss | -0.0188     |
|    std                  | 55.1        |
|    value_loss           | 0.0161      |
-----------------------------------------
-----------------------------------------
| rollout/                |             |
|    ep_len_mean          | 682         |
|    ep_rew_mean          | 5.75e+03    |
| time/                   |             |
|    fps                  | 1485        |
|    iterations           | 593         |
|    time_elapsed         | 26166       |
|    total_timesteps      | 38862848    |
| train/                  |             |
|    approx_kl            | 0.017804017 |
|    clip_fraction        | 0.293       |
|    clip_range           | 0.15        |
|    entropy_loss         | -84.3       |
|    explained_variance   | 0.813       |
|    learning_rate        | 0.0001      |
|    loss                 | -0.863      |
|    n_updates            | 8880        |
|    policy_gradient_loss | -0.0189     |
|    std                  | 55.5        |
|    value_loss           | 0.0133      |
-----------------------------------------
-----------------------------------------
| rollout/                |             |
|    ep_len_mean          | 693         |
|    ep_rew_mean          | 5.86e+03    |
| time/                   |             |
|    fps                  | 1485        |
|    iterations           | 594         |
|    time_elapsed         | 26211       |
|    total_timesteps      | 38928384    |
| train/                  |             |
|    approx_kl            | 0.017978989 |
|    clip_fraction        | 0.292       |
|    clip_range           | 0.15        |
|    entropy_loss         | -84.4       |
|    explained_variance   | 0.753       |
|    learning_rate        | 0.0001      |
|    loss                 | -0.865      |
|    n_updates            | 8895        |
|    policy_gradient_loss | -0.019      |
|    std                  | 55.9        |
|    value_loss           | 0.0157      |
-----------------------------------------
-----------------------------------------
| rollout/                |             |
|    ep_len_mean          | 709         |
|    ep_rew_mean          | 6e+03       |
| time/                   |             |
|    fps                  | 1485        |
|    iterations           | 595         |
|    time_elapsed         | 26256       |
|    total_timesteps      | 38993920    |
| train/                  |             |
|    approx_kl            | 0.018100532 |
|    clip_fraction        | 0.289       |
|    clip_range           | 0.15        |
|    entropy_loss         | -84.5       |
|    explained_variance   | 0.77        |
|    learning_rate        | 0.0001      |
|    loss                 | -0.863      |
|    n_updates            | 8910        |
|    policy_gradient_loss | -0.0192     |
|    std                  | 56.4        |
|    value_loss           | 0.014       |
-----------------------------------------
-----------------------------------------
| rollout/                |             |
|    ep_len_mean          | 722         |
|    ep_rew_mean          | 6.1e+03     |
| time/                   |             |
|    fps                  | 1485        |
|    iterations           | 596         |
|    time_elapsed         | 26301       |
|    total_timesteps      | 39059456    |
| train/                  |             |
|    approx_kl            | 0.017925262 |
|    clip_fraction        | 0.288       |
|    clip_range           | 0.15        |
|    entropy_loss         | -84.6       |
|    explained_variance   | 0.77        |
|    learning_rate        | 0.0001      |
|    loss                 | -0.866      |
|    n_updates            | 8925        |
|    policy_gradient_loss | -0.0185     |
|    std                  | 56.9        |
|    value_loss           | 0.013       |
-----------------------------------------
-----------------------------------------
| rollout/                |             |
|    ep_len_mean          | 711         |
|    ep_rew_mean          | 5.98e+03    |
| time/                   |             |
|    fps                  | 1485        |
|    iterations           | 597         |
|    time_elapsed         | 26344       |
|    total_timesteps      | 39124992    |
| train/                  |             |
|    approx_kl            | 0.017559515 |
|    clip_fraction        | 0.287       |
|    clip_range           | 0.15        |
|    entropy_loss         | -84.7       |
|    explained_variance   | 0.769       |
|    learning_rate        | 0.0001      |
|    loss                 | -0.861      |
|    n_updates            | 8940        |
|    policy_gradient_loss | -0.0183     |
|    std                  | 57.3        |
|    value_loss           | 0.0107      |
-----------------------------------------
-----------------------------------------
| rollout/                |             |
|    ep_len_mean          | 690         |
|    ep_rew_mean          | 5.83e+03    |
| time/                   |             |
|    fps                  | 1485        |
|    iterations           | 598         |
|    time_elapsed         | 26388       |
|    total_timesteps      | 39190528    |
| train/                  |             |
|    approx_kl            | 0.017341357 |
|    clip_fraction        | 0.286       |
|    clip_range           | 0.15        |
|    entropy_loss         | -84.9       |
|    explained_variance   | 0.791       |
|    learning_rate        | 0.0001      |
|    loss                 | -0.847      |
|    n_updates            | 8955        |
|    policy_gradient_loss | -0.0186     |
|    std                  | 57.9        |
|    value_loss           | 0.0123      |
-----------------------------------------
-----------------------------------------
| rollout/                |             |
|    ep_len_mean          | 666         |
|    ep_rew_mean          | 5.61e+03    |
| time/                   |             |
|    fps                  | 1485        |
|    iterations           | 599         |
|    time_elapsed         | 26434       |
|    total_timesteps      | 39256064    |
| train/                  |             |
|    approx_kl            | 0.017655063 |
|    clip_fraction        | 0.288       |
|    clip_range           | 0.15        |
|    entropy_loss         | -85         |
|    explained_variance   | 0.777       |
|    learning_rate        | 0.0001      |
|    loss                 | -0.866      |
|    n_updates            | 8970        |
|    policy_gradient_loss | -0.0191     |
|    std                  | 58.3        |
|    value_loss           | 0.0134      |
-----------------------------------------
-----------------------------------------
| rollout/                |             |
|    ep_len_mean          | 689         |
|    ep_rew_mean          | 5.82e+03    |
| time/                   |             |
|    fps                  | 1485        |
|    iterations           | 600         |
|    time_elapsed         | 26477       |
|    total_timesteps      | 39321600    |
| train/                  |             |
|    approx_kl            | 0.017014079 |
|    clip_fraction        | 0.281       |
|    clip_range           | 0.15        |
|    entropy_loss         | -85.1       |
|    explained_variance   | 0.813       |
|    learning_rate        | 0.0001      |
|    loss                 | -0.861      |
|    n_updates            | 8985        |
|    policy_gradient_loss | -0.019      |
|    std                  | 58.8        |
|    value_loss           | 0.0141      |
-----------------------------------------
----------------------------------------
| rollout/                |            |
|    ep_len_mean          | 754        |
|    ep_rew_mean          | 6.39e+03   |
| time/                   |            |
|    fps                  | 1485       |
|    iterations           | 601        |
|    time_elapsed         | 26519      |
|    total_timesteps      | 39387136   |
| train/                  |            |
|    approx_kl            | 0.01738708 |
|    clip_fraction        | 0.285      |
|    clip_range           | 0.15       |
|    entropy_loss         | -85.2      |
|    explained_variance   | 0.81       |
|    learning_rate        | 0.0001     |
|    loss                 | -0.864     |
|    n_updates            | 9000       |
|    policy_gradient_loss | -0.0185    |
|    std                  | 59.3       |
|    value_loss           | 0.0129     |
----------------------------------------
-----------------------------------------
| rollout/                |             |
|    ep_len_mean          | 748         |
|    ep_rew_mean          | 6.35e+03    |
| time/                   |             |
|    fps                  | 1485        |
|    iterations           | 602         |
|    time_elapsed         | 26561       |
|    total_timesteps      | 39452672    |
| train/                  |             |
|    approx_kl            | 0.018553322 |
|    clip_fraction        | 0.294       |
|    clip_range           | 0.15        |
|    entropy_loss         | -85.3       |
|    explained_variance   | 0.795       |
|    learning_rate        | 0.0001      |
|    loss                 | -0.871      |
|    n_updates            | 9015        |
|    policy_gradient_loss | -0.0191     |
|    std                  | 59.9        |
|    value_loss           | 0.0117      |
-----------------------------------------
-----------------------------------------
| rollout/                |             |
|    ep_len_mean          | 745         |
|    ep_rew_mean          | 6.32e+03    |
| time/                   |             |
|    fps                  | 1485        |
|    iterations           | 603         |
|    time_elapsed         | 26606       |
|    total_timesteps      | 39518208    |
| train/                  |             |
|    approx_kl            | 0.017743224 |
|    clip_fraction        | 0.282       |
|    clip_range           | 0.15        |
|    entropy_loss         | -85.4       |
|    explained_variance   | 0.808       |
|    learning_rate        | 0.0001      |
|    loss                 | -0.874      |
|    n_updates            | 9030        |
|    policy_gradient_loss | -0.0183     |
|    std                  | 60.4        |
|    value_loss           | 0.00957     |
-----------------------------------------
-----------------------------------------
| rollout/                |             |
|    ep_len_mean          | 692         |
|    ep_rew_mean          | 5.86e+03    |
| time/                   |             |
|    fps                  | 1485        |
|    iterations           | 604         |
|    time_elapsed         | 26651       |
|    total_timesteps      | 39583744    |
| train/                  |             |
|    approx_kl            | 0.016917815 |
|    clip_fraction        | 0.283       |
|    clip_range           | 0.15        |
|    entropy_loss         | -85.5       |
|    explained_variance   | 0.827       |
|    learning_rate        | 0.0001      |
|    loss                 | -0.863      |
|    n_updates            | 9045        |
|    policy_gradient_loss | -0.0183     |
|    std                  | 60.9        |
|    value_loss           | 0.00885     |
-----------------------------------------
-----------------------------------------
| rollout/                |             |
|    ep_len_mean          | 695         |
|    ep_rew_mean          | 5.87e+03    |
| time/                   |             |
|    fps                  | 1485        |
|    iterations           | 605         |
|    time_elapsed         | 26697       |
|    total_timesteps      | 39649280    |
| train/                  |             |
|    approx_kl            | 0.017334173 |
|    clip_fraction        | 0.28        |
|    clip_range           | 0.15        |
|    entropy_loss         | -85.6       |
|    explained_variance   | 0.792       |
|    learning_rate        | 0.0001      |
|    loss                 | -0.879      |
|    n_updates            | 9060        |
|    policy_gradient_loss | -0.0186     |
|    std                  | 61.4        |
|    value_loss           | 0.0128      |
-----------------------------------------
-----------------------------------------
| rollout/                |             |
|    ep_len_mean          | 600         |
|    ep_rew_mean          | 5.05e+03    |
| time/                   |             |
|    fps                  | 1485        |
|    iterations           | 606         |
|    time_elapsed         | 26742       |
|    total_timesteps      | 39714816    |
| train/                  |             |
|    approx_kl            | 0.017117376 |
|    clip_fraction        | 0.278       |
|    clip_range           | 0.15        |
|    entropy_loss         | -85.8       |
|    explained_variance   | 0.812       |
|    learning_rate        | 0.0001      |
|    loss                 | -0.872      |
|    n_updates            | 9075        |
|    policy_gradient_loss | -0.0189     |
|    std                  | 62          |
|    value_loss           | 0.0138      |
-----------------------------------------
-----------------------------------------
| rollout/                |             |
|    ep_len_mean          | 676         |
|    ep_rew_mean          | 5.72e+03    |
| time/                   |             |
|    fps                  | 1485        |
|    iterations           | 607         |
|    time_elapsed         | 26788       |
|    total_timesteps      | 39780352    |
| train/                  |             |
|    approx_kl            | 0.017049074 |
|    clip_fraction        | 0.284       |
|    clip_range           | 0.15        |
|    entropy_loss         | -85.9       |
|    explained_variance   | 0.804       |
|    learning_rate        | 0.0001      |
|    loss                 | -0.876      |
|    n_updates            | 9090        |
|    policy_gradient_loss | -0.0194     |
|    std                  | 62.5        |
|    value_loss           | 0.0155      |
-----------------------------------------
-----------------------------------------
| rollout/                |             |
|    ep_len_mean          | 686         |
|    ep_rew_mean          | 5.81e+03    |
| time/                   |             |
|    fps                  | 1484        |
|    iterations           | 608         |
|    time_elapsed         | 26832       |
|    total_timesteps      | 39845888    |
| train/                  |             |
|    approx_kl            | 0.018413302 |
|    clip_fraction        | 0.29        |
|    clip_range           | 0.15        |
|    entropy_loss         | -86         |
|    explained_variance   | 0.796       |
|    learning_rate        | 0.0001      |
|    loss                 | -0.868      |
|    n_updates            | 9105        |
|    policy_gradient_loss | -0.02       |
|    std                  | 62.9        |
|    value_loss           | 0.0191      |
-----------------------------------------
----------------------------------------
| rollout/                |            |
|    ep_len_mean          | 673        |
|    ep_rew_mean          | 5.69e+03   |
| time/                   |            |
|    fps                  | 1484       |
|    iterations           | 609        |
|    time_elapsed         | 26877      |
|    total_timesteps      | 39911424   |
| train/                  |            |
|    approx_kl            | 0.01808871 |
|    clip_fraction        | 0.283      |
|    clip_range           | 0.15       |
|    entropy_loss         | -86.1      |
|    explained_variance   | 0.776      |
|    learning_rate        | 0.0001     |
|    loss                 | -0.875     |
|    n_updates            | 9120       |
|    policy_gradient_loss | -0.0188    |
|    std                  | 63.4       |
|    value_loss           | 0.0165     |
----------------------------------------
-----------------------------------------
| rollout/                |             |
|    ep_len_mean          | 629         |
|    ep_rew_mean          | 5.31e+03    |
| time/                   |             |
|    fps                  | 1484        |
|    iterations           | 610         |
|    time_elapsed         | 26921       |
|    total_timesteps      | 39976960    |
| train/                  |             |
|    approx_kl            | 0.017194467 |
|    clip_fraction        | 0.282       |
|    clip_range           | 0.15        |
|    entropy_loss         | -86.2       |
|    explained_variance   | 0.822       |
|    learning_rate        | 0.0001      |
|    loss                 | -0.877      |
|    n_updates            | 9135        |
|    policy_gradient_loss | -0.0199     |
|    std                  | 63.8        |
|    value_loss           | 0.0175      |
-----------------------------------------
-----------------------------------------
| rollout/                |             |
|    ep_len_mean          | 756         |
|    ep_rew_mean          | 6.41e+03    |
| time/                   |             |
|    fps                  | 1484        |
|    iterations           | 611         |
|    time_elapsed         | 26964       |
|    total_timesteps      | 40042496    |
| train/                  |             |
|    approx_kl            | 0.016905952 |
|    clip_fraction        | 0.278       |
|    clip_range           | 0.15        |
|    entropy_loss         | -86.3       |
|    explained_variance   | 0.807       |
|    learning_rate        | 0.0001      |
|    loss                 | -0.869      |
|    n_updates            | 9150        |
|    policy_gradient_loss | -0.0192     |
|    std                  | 64.3        |
|    value_loss           | 0.0172      |
-----------------------------------------
-----------------------------------------
| rollout/                |             |
|    ep_len_mean          | 646         |
|    ep_rew_mean          | 5.44e+03    |
| time/                   |             |
|    fps                  | 1484        |
|    iterations           | 612         |
|    time_elapsed         | 27010       |
|    total_timesteps      | 40108032    |
| train/                  |             |
|    approx_kl            | 0.018131686 |
|    clip_fraction        | 0.286       |
|    clip_range           | 0.15        |
|    entropy_loss         | -86.4       |
|    explained_variance   | 0.783       |
|    learning_rate        | 0.0001      |
|    loss                 | -0.876      |
|    n_updates            | 9165        |
|    policy_gradient_loss | -0.0196     |
|    std                  | 64.8        |
|    value_loss           | 0.0133      |
-----------------------------------------
-----------------------------------------
| rollout/                |             |
|    ep_len_mean          | 715         |
|    ep_rew_mean          | 6.08e+03    |
| time/                   |             |
|    fps                  | 1484        |
|    iterations           | 613         |
|    time_elapsed         | 27056       |
|    total_timesteps      | 40173568    |
| train/                  |             |
|    approx_kl            | 0.017794218 |
|    clip_fraction        | 0.287       |
|    clip_range           | 0.15        |
|    entropy_loss         | -86.5       |
|    explained_variance   | 0.795       |
|    learning_rate        | 0.0001      |
|    loss                 | -0.883      |
|    n_updates            | 9180        |
|    policy_gradient_loss | -0.02       |
|    std                  | 65.3        |
|    value_loss           | 0.0169      |
-----------------------------------------
-----------------------------------------
| rollout/                |             |
|    ep_len_mean          | 686         |
|    ep_rew_mean          | 5.81e+03    |
| time/                   |             |
|    fps                  | 1484        |
|    iterations           | 614         |
|    time_elapsed         | 27100       |
|    total_timesteps      | 40239104    |
| train/                  |             |
|    approx_kl            | 0.018211156 |
|    clip_fraction        | 0.287       |
|    clip_range           | 0.15        |
|    entropy_loss         | -86.6       |
|    explained_variance   | 0.758       |
|    learning_rate        | 0.0001      |
|    loss                 | -0.874      |
|    n_updates            | 9195        |
|    policy_gradient_loss | -0.019      |
|    std                  | 65.8        |
|    value_loss           | 0.0145      |
-----------------------------------------
----------------------------------------
| rollout/                |            |
|    ep_len_mean          | 708        |
|    ep_rew_mean          | 6.01e+03   |
| time/                   |            |
|    fps                  | 1484       |
|    iterations           | 615        |
|    time_elapsed         | 27144      |
|    total_timesteps      | 40304640   |
| train/                  |            |
|    approx_kl            | 0.01621382 |
|    clip_fraction        | 0.27       |
|    clip_range           | 0.15       |
|    entropy_loss         | -86.7      |
|    explained_variance   | 0.81       |
|    learning_rate        | 0.0001     |
|    loss                 | -0.888     |
|    n_updates            | 9210       |
|    policy_gradient_loss | -0.0188    |
|    std                  | 66.3       |
|    value_loss           | 0.0147     |
----------------------------------------
----------------------------------------
| rollout/                |            |
|    ep_len_mean          | 671        |
|    ep_rew_mean          | 5.67e+03   |
| time/                   |            |
|    fps                  | 1484       |
|    iterations           | 616        |
|    time_elapsed         | 27187      |
|    total_timesteps      | 40370176   |
| train/                  |            |
|    approx_kl            | 0.01737177 |
|    clip_fraction        | 0.285      |
|    clip_range           | 0.15       |
|    entropy_loss         | -86.8      |
|    explained_variance   | 0.809      |
|    learning_rate        | 0.0001     |
|    loss                 | -0.879     |
|    n_updates            | 9225       |
|    policy_gradient_loss | -0.0183    |
|    std                  | 66.8       |
|    value_loss           | 0.0121     |
----------------------------------------
-----------------------------------------
| rollout/                |             |
|    ep_len_mean          | 715         |
|    ep_rew_mean          | 6.07e+03    |
| time/                   |             |
|    fps                  | 1484        |
|    iterations           | 617         |
|    time_elapsed         | 27231       |
|    total_timesteps      | 40435712    |
| train/                  |             |
|    approx_kl            | 0.018382393 |
|    clip_fraction        | 0.289       |
|    clip_range           | 0.15        |
|    entropy_loss         | -86.9       |
|    explained_variance   | 0.766       |
|    learning_rate        | 0.0001      |
|    loss                 | -0.886      |
|    n_updates            | 9240        |
|    policy_gradient_loss | -0.0195     |
|    std                  | 67.3        |
|    value_loss           | 0.0179      |
-----------------------------------------
-----------------------------------------
| rollout/                |             |
|    ep_len_mean          | 655         |
|    ep_rew_mean          | 5.53e+03    |
| time/                   |             |
|    fps                  | 1484        |
|    iterations           | 618         |
|    time_elapsed         | 27275       |
|    total_timesteps      | 40501248    |
| train/                  |             |
|    approx_kl            | 0.018184386 |
|    clip_fraction        | 0.289       |
|    clip_range           | 0.15        |
|    entropy_loss         | -87         |
|    explained_variance   | 0.811       |
|    learning_rate        | 0.0001      |
|    loss                 | -0.89       |
|    n_updates            | 9255        |
|    policy_gradient_loss | -0.0196     |
|    std                  | 67.9        |
|    value_loss           | 0.0135      |
-----------------------------------------
-----------------------------------------
| rollout/                |             |
|    ep_len_mean          | 724         |
|    ep_rew_mean          | 6.14e+03    |
| time/                   |             |
|    fps                  | 1484        |
|    iterations           | 619         |
|    time_elapsed         | 27319       |
|    total_timesteps      | 40566784    |
| train/                  |             |
|    approx_kl            | 0.017661579 |
|    clip_fraction        | 0.282       |
|    clip_range           | 0.15        |
|    entropy_loss         | -87.1       |
|    explained_variance   | 0.796       |
|    learning_rate        | 0.0001      |
|    loss                 | -0.882      |
|    n_updates            | 9270        |
|    policy_gradient_loss | -0.0196     |
|    std                  | 68.5        |
|    value_loss           | 0.016       |
-----------------------------------------
-----------------------------------------
| rollout/                |             |
|    ep_len_mean          | 741         |
|    ep_rew_mean          | 6.31e+03    |
| time/                   |             |
|    fps                  | 1484        |
|    iterations           | 620         |
|    time_elapsed         | 27362       |
|    total_timesteps      | 40632320    |
| train/                  |             |
|    approx_kl            | 0.017318783 |
|    clip_fraction        | 0.283       |
|    clip_range           | 0.15        |
|    entropy_loss         | -87.2       |
|    explained_variance   | 0.804       |
|    learning_rate        | 0.0001      |
|    loss                 | -0.88       |
|    n_updates            | 9285        |
|    policy_gradient_loss | -0.019      |
|    std                  | 69.1        |
|    value_loss           | 0.013       |
-----------------------------------------
-----------------------------------------
| rollout/                |             |
|    ep_len_mean          | 690         |
|    ep_rew_mean          | 5.85e+03    |
| time/                   |             |
|    fps                  | 1484        |
|    iterations           | 621         |
|    time_elapsed         | 27406       |
|    total_timesteps      | 40697856    |
| train/                  |             |
|    approx_kl            | 0.017696906 |
|    clip_fraction        | 0.283       |
|    clip_range           | 0.15        |
|    entropy_loss         | -87.3       |
|    explained_variance   | 0.807       |
|    learning_rate        | 0.0001      |
|    loss                 | -0.889      |
|    n_updates            | 9300        |
|    policy_gradient_loss | -0.0188     |
|    std                  | 69.6        |
|    value_loss           | 0.0139      |
-----------------------------------------
-----------------------------------------
| rollout/                |             |
|    ep_len_mean          | 677         |
|    ep_rew_mean          | 5.73e+03    |
| time/                   |             |
|    fps                  | 1484        |
|    iterations           | 622         |
|    time_elapsed         | 27451       |
|    total_timesteps      | 40763392    |
| train/                  |             |
|    approx_kl            | 0.017807577 |
|    clip_fraction        | 0.292       |
|    clip_range           | 0.15        |
|    entropy_loss         | -87.5       |
|    explained_variance   | 0.781       |
|    learning_rate        | 0.0001      |
|    loss                 | -0.9        |
|    n_updates            | 9315        |
|    policy_gradient_loss | -0.0189     |
|    std                  | 70.2        |
|    value_loss           | 0.0158      |
-----------------------------------------
----------------------------------------
| rollout/                |            |
|    ep_len_mean          | 662        |
|    ep_rew_mean          | 5.59e+03   |
| time/                   |            |
|    fps                  | 1484       |
|    iterations           | 623        |
|    time_elapsed         | 27497      |
|    total_timesteps      | 40828928   |
| train/                  |            |
|    approx_kl            | 0.01660727 |
|    clip_fraction        | 0.275      |
|    clip_range           | 0.15       |
|    entropy_loss         | -87.6      |
|    explained_variance   | 0.804      |
|    learning_rate        | 0.0001     |
|    loss                 | -0.905     |
|    n_updates            | 9330       |
|    policy_gradient_loss | -0.0183    |
|    std                  | 70.8       |
|    value_loss           | 0.0134     |
----------------------------------------
-----------------------------------------
| rollout/                |             |
|    ep_len_mean          | 691         |
|    ep_rew_mean          | 5.86e+03    |
| time/                   |             |
|    fps                  | 1484        |
|    iterations           | 624         |
|    time_elapsed         | 27541       |
|    total_timesteps      | 40894464    |
| train/                  |             |
|    approx_kl            | 0.017310297 |
|    clip_fraction        | 0.28        |
|    clip_range           | 0.15        |
|    entropy_loss         | -87.7       |
|    explained_variance   | 0.817       |
|    learning_rate        | 0.0001      |
|    loss                 | -0.888      |
|    n_updates            | 9345        |
|    policy_gradient_loss | -0.0186     |
|    std                  | 71.4        |
|    value_loss           | 0.0126      |
-----------------------------------------
-----------------------------------------
| rollout/                |             |
|    ep_len_mean          | 672         |
|    ep_rew_mean          | 5.69e+03    |
| time/                   |             |
|    fps                  | 1484        |
|    iterations           | 625         |
|    time_elapsed         | 27585       |
|    total_timesteps      | 40960000    |
| train/                  |             |
|    approx_kl            | 0.017904758 |
|    clip_fraction        | 0.285       |
|    clip_range           | 0.15        |
|    entropy_loss         | -87.8       |
|    explained_variance   | 0.814       |
|    learning_rate        | 0.0001      |
|    loss                 | -0.892      |
|    n_updates            | 9360        |
|    policy_gradient_loss | -0.0193     |
|    std                  | 72          |
|    value_loss           | 0.0125      |
-----------------------------------------
-----------------------------------------
| rollout/                |             |
|    ep_len_mean          | 734         |
|    ep_rew_mean          | 6.24e+03    |
| time/                   |             |
|    fps                  | 1484        |
|    iterations           | 626         |
|    time_elapsed         | 27629       |
|    total_timesteps      | 41025536    |
| train/                  |             |
|    approx_kl            | 0.017401496 |
|    clip_fraction        | 0.284       |
|    clip_range           | 0.15        |
|    entropy_loss         | -87.9       |
|    explained_variance   | 0.823       |
|    learning_rate        | 0.0001      |
|    loss                 | -0.877      |
|    n_updates            | 9375        |
|    policy_gradient_loss | -0.0186     |
|    std                  | 72.7        |
|    value_loss           | 0.0131      |
-----------------------------------------
-----------------------------------------
| rollout/                |             |
|    ep_len_mean          | 623         |
|    ep_rew_mean          | 5.26e+03    |
| time/                   |             |
|    fps                  | 1484        |
|    iterations           | 627         |
|    time_elapsed         | 27673       |
|    total_timesteps      | 41091072    |
| train/                  |             |
|    approx_kl            | 0.018125951 |
|    clip_fraction        | 0.286       |
|    clip_range           | 0.15        |
|    entropy_loss         | -88         |
|    explained_variance   | 0.818       |
|    learning_rate        | 0.0001      |
|    loss                 | -0.893      |
|    n_updates            | 9390        |
|    policy_gradient_loss | -0.0186     |
|    std                  | 73.2        |
|    value_loss           | 0.0114      |
-----------------------------------------
-----------------------------------------
| rollout/                |             |
|    ep_len_mean          | 640         |
|    ep_rew_mean          | 5.41e+03    |
| time/                   |             |
|    fps                  | 1484        |
|    iterations           | 628         |
|    time_elapsed         | 27719       |
|    total_timesteps      | 41156608    |
| train/                  |             |
|    approx_kl            | 0.017344246 |
|    clip_fraction        | 0.277       |
|    clip_range           | 0.15        |
|    entropy_loss         | -88.1       |
|    explained_variance   | 0.823       |
|    learning_rate        | 0.0001      |
|    loss                 | -0.894      |
|    n_updates            | 9405        |
|    policy_gradient_loss | -0.0193     |
|    std                  | 73.8        |
|    value_loss           | 0.0154      |
-----------------------------------------
-----------------------------------------
| rollout/                |             |
|    ep_len_mean          | 670         |
|    ep_rew_mean          | 5.69e+03    |
| time/                   |             |
|    fps                  | 1484        |
|    iterations           | 629         |
|    time_elapsed         | 27765       |
|    total_timesteps      | 41222144    |
| train/                  |             |
|    approx_kl            | 0.017846111 |
|    clip_fraction        | 0.281       |
|    clip_range           | 0.15        |
|    entropy_loss         | -88.3       |
|    explained_variance   | 0.786       |
|    learning_rate        | 0.0001      |
|    loss                 | -0.903      |
|    n_updates            | 9420        |
|    policy_gradient_loss | -0.0194     |
|    std                  | 74.5        |
|    value_loss           | 0.0177      |
-----------------------------------------
-----------------------------------------
| rollout/                |             |
|    ep_len_mean          | 703         |
|    ep_rew_mean          | 5.97e+03    |
| time/                   |             |
|    fps                  | 1484        |
|    iterations           | 630         |
|    time_elapsed         | 27807       |
|    total_timesteps      | 41287680    |
| train/                  |             |
|    approx_kl            | 0.017306631 |
|    clip_fraction        | 0.281       |
|    clip_range           | 0.15        |
|    entropy_loss         | -88.3       |
|    explained_variance   | 0.806       |
|    learning_rate        | 0.0001      |
|    loss                 | -0.891      |
|    n_updates            | 9435        |
|    policy_gradient_loss | -0.0196     |
|    std                  | 75          |
|    value_loss           | 0.0165      |
-----------------------------------------
-----------------------------------------
| rollout/                |             |
|    ep_len_mean          | 655         |
|    ep_rew_mean          | 5.55e+03    |
| time/                   |             |
|    fps                  | 1484        |
|    iterations           | 631         |
|    time_elapsed         | 27852       |
|    total_timesteps      | 41353216    |
| train/                  |             |
|    approx_kl            | 0.017385438 |
|    clip_fraction        | 0.278       |
|    clip_range           | 0.15        |
|    entropy_loss         | -88.4       |
|    explained_variance   | 0.816       |
|    learning_rate        | 0.0001      |
|    loss                 | -0.899      |
|    n_updates            | 9450        |
|    policy_gradient_loss | -0.0192     |
|    std                  | 75.6        |
|    value_loss           | 0.0145      |
-----------------------------------------
-----------------------------------------
| rollout/                |             |
|    ep_len_mean          | 664         |
|    ep_rew_mean          | 5.63e+03    |
| time/                   |             |
|    fps                  | 1484        |
|    iterations           | 632         |
|    time_elapsed         | 27896       |
|    total_timesteps      | 41418752    |
| train/                  |             |
|    approx_kl            | 0.017456349 |
|    clip_fraction        | 0.284       |
|    clip_range           | 0.15        |
|    entropy_loss         | -88.6       |
|    explained_variance   | 0.79        |
|    learning_rate        | 0.0001      |
|    loss                 | -0.905      |
|    n_updates            | 9465        |
|    policy_gradient_loss | -0.0188     |
|    std                  | 76.3        |
|    value_loss           | 0.0158      |
-----------------------------------------
-----------------------------------------
| rollout/                |             |
|    ep_len_mean          | 643         |
|    ep_rew_mean          | 5.45e+03    |
| time/                   |             |
|    fps                  | 1484        |
|    iterations           | 633         |
|    time_elapsed         | 27938       |
|    total_timesteps      | 41484288    |
| train/                  |             |
|    approx_kl            | 0.017543722 |
|    clip_fraction        | 0.283       |
|    clip_range           | 0.15        |
|    entropy_loss         | -88.6       |
|    explained_variance   | 0.801       |
|    learning_rate        | 0.0001      |
|    loss                 | -0.885      |
|    n_updates            | 9480        |
|    policy_gradient_loss | -0.0196     |
|    std                  | 76.8        |
|    value_loss           | 0.0199      |
-----------------------------------------
-----------------------------------------
| rollout/                |             |
|    ep_len_mean          | 622         |
|    ep_rew_mean          | 5.26e+03    |
| time/                   |             |
|    fps                  | 1484        |
|    iterations           | 634         |
|    time_elapsed         | 27982       |
|    total_timesteps      | 41549824    |
| train/                  |             |
|    approx_kl            | 0.017260587 |
|    clip_fraction        | 0.278       |
|    clip_range           | 0.15        |
|    entropy_loss         | -88.8       |
|    explained_variance   | 0.822       |
|    learning_rate        | 0.0001      |
|    loss                 | -0.902      |
|    n_updates            | 9495        |
|    policy_gradient_loss | -0.0196     |
|    std                  | 77.4        |
|    value_loss           | 0.0179      |
-----------------------------------------
-----------------------------------------
| rollout/                |             |
|    ep_len_mean          | 672         |
|    ep_rew_mean          | 5.7e+03     |
| time/                   |             |
|    fps                  | 1484        |
|    iterations           | 635         |
|    time_elapsed         | 28028       |
|    total_timesteps      | 41615360    |
| train/                  |             |
|    approx_kl            | 0.017939083 |
|    clip_fraction        | 0.283       |
|    clip_range           | 0.15        |
|    entropy_loss         | -88.8       |
|    explained_variance   | 0.836       |
|    learning_rate        | 0.0001      |
|    loss                 | -0.914      |
|    n_updates            | 9510        |
|    policy_gradient_loss | -0.0204     |
|    std                  | 78          |
|    value_loss           | 0.0176      |
-----------------------------------------
----------------------------------------
| rollout/                |            |
|    ep_len_mean          | 728        |
|    ep_rew_mean          | 6.21e+03   |
| time/                   |            |
|    fps                  | 1484       |
|    iterations           | 636        |
|    time_elapsed         | 28072      |
|    total_timesteps      | 41680896   |
| train/                  |            |
|    approx_kl            | 0.01821932 |
|    clip_fraction        | 0.287      |
|    clip_range           | 0.15       |
|    entropy_loss         | -89        |
|    explained_variance   | 0.794      |
|    learning_rate        | 0.0001     |
|    loss                 | -0.905     |
|    n_updates            | 9525       |
|    policy_gradient_loss | -0.0191    |
|    std                  | 78.6       |
|    value_loss           | 0.0163     |
----------------------------------------
-----------------------------------------
| rollout/                |             |
|    ep_len_mean          | 700         |
|    ep_rew_mean          | 5.95e+03    |
| time/                   |             |
|    fps                  | 1484        |
|    iterations           | 637         |
|    time_elapsed         | 28116       |
|    total_timesteps      | 41746432    |
| train/                  |             |
|    approx_kl            | 0.017863123 |
|    clip_fraction        | 0.281       |
|    clip_range           | 0.15        |
|    entropy_loss         | -89         |
|    explained_variance   | 0.803       |
|    learning_rate        | 0.0001      |
|    loss                 | -0.901      |
|    n_updates            | 9540        |
|    policy_gradient_loss | -0.0195     |
|    std                  | 79.2        |
|    value_loss           | 0.0146      |
-----------------------------------------
----------------------------------------
| rollout/                |            |
|    ep_len_mean          | 651        |
|    ep_rew_mean          | 5.5e+03    |
| time/                   |            |
|    fps                  | 1484       |
|    iterations           | 638        |
|    time_elapsed         | 28161      |
|    total_timesteps      | 41811968   |
| train/                  |            |
|    approx_kl            | 0.01793007 |
|    clip_fraction        | 0.282      |
|    clip_range           | 0.15       |
|    entropy_loss         | -89.1      |
|    explained_variance   | 0.793      |
|    learning_rate        | 0.0001     |
|    loss                 | -0.914     |
|    n_updates            | 9555       |
|    policy_gradient_loss | -0.0198    |
|    std                  | 79.8       |
|    value_loss           | 0.0153     |
----------------------------------------
-----------------------------------------
| rollout/                |             |
|    ep_len_mean          | 675         |
|    ep_rew_mean          | 5.73e+03    |
| time/                   |             |
|    fps                  | 1484        |
|    iterations           | 639         |
|    time_elapsed         | 28204       |
|    total_timesteps      | 41877504    |
| train/                  |             |
|    approx_kl            | 0.017902238 |
|    clip_fraction        | 0.285       |
|    clip_range           | 0.15        |
|    entropy_loss         | -89.2       |
|    explained_variance   | 0.816       |
|    learning_rate        | 0.0001      |
|    loss                 | -0.912      |
|    n_updates            | 9570        |
|    policy_gradient_loss | -0.0195     |
|    std                  | 80.4        |
|    value_loss           | 0.0156      |
-----------------------------------------
-----------------------------------------
| rollout/                |             |
|    ep_len_mean          | 719         |
|    ep_rew_mean          | 6.12e+03    |
| time/                   |             |
|    fps                  | 1484        |
|    iterations           | 640         |
|    time_elapsed         | 28249       |
|    total_timesteps      | 41943040    |
| train/                  |             |
|    approx_kl            | 0.017531108 |
|    clip_fraction        | 0.277       |
|    clip_range           | 0.15        |
|    entropy_loss         | -89.3       |
|    explained_variance   | 0.812       |
|    learning_rate        | 0.0001      |
|    loss                 | -0.915      |
|    n_updates            | 9585        |
|    policy_gradient_loss | -0.0189     |
|    std                  | 81.1        |
|    value_loss           | 0.0148      |
-----------------------------------------
-----------------------------------------
| rollout/                |             |
|    ep_len_mean          | 625         |
|    ep_rew_mean          | 5.27e+03    |
| time/                   |             |
|    fps                  | 1484        |
|    iterations           | 641         |
|    time_elapsed         | 28297       |
|    total_timesteps      | 42008576    |
| train/                  |             |
|    approx_kl            | 0.018310962 |
|    clip_fraction        | 0.289       |
|    clip_range           | 0.15        |
|    entropy_loss         | -89.5       |
|    explained_variance   | 0.789       |
|    learning_rate        | 0.0001      |
|    loss                 | -0.916      |
|    n_updates            | 9600        |
|    policy_gradient_loss | -0.0195     |
|    std                  | 81.7        |
|    value_loss           | 0.0151      |
-----------------------------------------
-----------------------------------------
| rollout/                |             |
|    ep_len_mean          | 684         |
|    ep_rew_mean          | 5.81e+03    |
| time/                   |             |
|    fps                  | 1484        |
|    iterations           | 642         |
|    time_elapsed         | 28341       |
|    total_timesteps      | 42074112    |
| train/                  |             |
|    approx_kl            | 0.017050717 |
|    clip_fraction        | 0.278       |
|    clip_range           | 0.15        |
|    entropy_loss         | -89.6       |
|    explained_variance   | 0.821       |
|    learning_rate        | 0.0001      |
|    loss                 | -0.917      |
|    n_updates            | 9615        |
|    policy_gradient_loss | -0.0196     |
|    std                  | 82.3        |
|    value_loss           | 0.0167      |
-----------------------------------------
-----------------------------------------
| rollout/                |             |
|    ep_len_mean          | 713         |
|    ep_rew_mean          | 6.05e+03    |
| time/                   |             |
|    fps                  | 1484        |
|    iterations           | 643         |
|    time_elapsed         | 28385       |
|    total_timesteps      | 42139648    |
| train/                  |             |
|    approx_kl            | 0.017503187 |
|    clip_fraction        | 0.279       |
|    clip_range           | 0.15        |
|    entropy_loss         | -89.7       |
|    explained_variance   | 0.794       |
|    learning_rate        | 0.0001      |
|    loss                 | -0.912      |
|    n_updates            | 9630        |
|    policy_gradient_loss | -0.0194     |
|    std                  | 82.9        |
|    value_loss           | 0.0167      |
-----------------------------------------
-----------------------------------------
| rollout/                |             |
|    ep_len_mean          | 665         |
|    ep_rew_mean          | 5.63e+03    |
| time/                   |             |
|    fps                  | 1484        |
|    iterations           | 644         |
|    time_elapsed         | 28429       |
|    total_timesteps      | 42205184    |
| train/                  |             |
|    approx_kl            | 0.017782802 |
|    clip_fraction        | 0.281       |
|    clip_range           | 0.15        |
|    entropy_loss         | -89.8       |
|    explained_variance   | 0.798       |
|    learning_rate        | 0.0001      |
|    loss                 | -0.913      |
|    n_updates            | 9645        |
|    policy_gradient_loss | -0.0192     |
|    std                  | 83.4        |
|    value_loss           | 0.0136      |
-----------------------------------------
-----------------------------------------
| rollout/                |             |
|    ep_len_mean          | 658         |
|    ep_rew_mean          | 5.56e+03    |
| time/                   |             |
|    fps                  | 1484        |
|    iterations           | 645         |
|    time_elapsed         | 28471       |
|    total_timesteps      | 42270720    |
| train/                  |             |
|    approx_kl            | 0.017201342 |
|    clip_fraction        | 0.278       |
|    clip_range           | 0.15        |
|    entropy_loss         | -89.9       |
|    explained_variance   | 0.809       |
|    learning_rate        | 0.0001      |
|    loss                 | -0.912      |
|    n_updates            | 9660        |
|    policy_gradient_loss | -0.0188     |
|    std                  | 84.1        |
|    value_loss           | 0.0142      |
-----------------------------------------
----------------------------------------
| rollout/                |            |
|    ep_len_mean          | 689        |
|    ep_rew_mean          | 5.84e+03   |
| time/                   |            |
|    fps                  | 1484       |
|    iterations           | 646        |
|    time_elapsed         | 28516      |
|    total_timesteps      | 42336256   |
| train/                  |            |
|    approx_kl            | 0.01725962 |
|    clip_fraction        | 0.279      |
|    clip_range           | 0.15       |
|    entropy_loss         | -90        |
|    explained_variance   | 0.815      |
|    learning_rate        | 0.0001     |
|    loss                 | -0.912     |
|    n_updates            | 9675       |
|    policy_gradient_loss | -0.0187    |
|    std                  | 84.8       |
|    value_loss           | 0.0128     |
----------------------------------------
-----------------------------------------
| rollout/                |             |
|    ep_len_mean          | 673         |
|    ep_rew_mean          | 5.69e+03    |
| time/                   |             |
|    fps                  | 1484        |
|    iterations           | 647         |
|    time_elapsed         | 28560       |
|    total_timesteps      | 42401792    |
| train/                  |             |
|    approx_kl            | 0.018237622 |
|    clip_fraction        | 0.288       |
|    clip_range           | 0.15        |
|    entropy_loss         | -90.1       |
|    explained_variance   | 0.807       |
|    learning_rate        | 0.0001      |
|    loss                 | -0.921      |
|    n_updates            | 9690        |
|    policy_gradient_loss | -0.0188     |
|    std                  | 85.6        |
|    value_loss           | 0.0146      |
-----------------------------------------
-----------------------------------------
| rollout/                |             |
|    ep_len_mean          | 660         |
|    ep_rew_mean          | 5.57e+03    |
| time/                   |             |
|    fps                  | 1484        |
|    iterations           | 648         |
|    time_elapsed         | 28604       |
|    total_timesteps      | 42467328    |
| train/                  |             |
|    approx_kl            | 0.017206939 |
|    clip_fraction        | 0.278       |
|    clip_range           | 0.15        |
|    entropy_loss         | -90.2       |
|    explained_variance   | 0.809       |
|    learning_rate        | 0.0001      |
|    loss                 | -0.919      |
|    n_updates            | 9705        |
|    policy_gradient_loss | -0.0188     |
|    std                  | 86.3        |
|    value_loss           | 0.0138      |
-----------------------------------------
-----------------------------------------
| rollout/                |             |
|    ep_len_mean          | 666         |
|    ep_rew_mean          | 5.63e+03    |
| time/                   |             |
|    fps                  | 1484        |
|    iterations           | 649         |
|    time_elapsed         | 28648       |
|    total_timesteps      | 42532864    |
| train/                  |             |
|    approx_kl            | 0.018355183 |
|    clip_fraction        | 0.283       |
|    clip_range           | 0.15        |
|    entropy_loss         | -90.3       |
|    explained_variance   | 0.785       |
|    learning_rate        | 0.0001      |
|    loss                 | -0.921      |
|    n_updates            | 9720        |
|    policy_gradient_loss | -0.0196     |
|    std                  | 87          |
|    value_loss           | 0.0179      |
-----------------------------------------
-----------------------------------------
| rollout/                |             |
|    ep_len_mean          | 644         |
|    ep_rew_mean          | 5.43e+03    |
| time/                   |             |
|    fps                  | 1484        |
|    iterations           | 650         |
|    time_elapsed         | 28694       |
|    total_timesteps      | 42598400    |
| train/                  |             |
|    approx_kl            | 0.018089939 |
|    clip_fraction        | 0.281       |
|    clip_range           | 0.15        |
|    entropy_loss         | -90.4       |
|    explained_variance   | 0.784       |
|    learning_rate        | 0.0001      |
|    loss                 | -0.925      |
|    n_updates            | 9735        |
|    policy_gradient_loss | -0.0192     |
|    std                  | 87.7        |
|    value_loss           | 0.0186      |
-----------------------------------------
----------------------------------------
| rollout/                |            |
|    ep_len_mean          | 696        |
|    ep_rew_mean          | 5.89e+03   |
| time/                   |            |
|    fps                  | 1484       |
|    iterations           | 651        |
|    time_elapsed         | 28740      |
|    total_timesteps      | 42663936   |
| train/                  |            |
|    approx_kl            | 0.01729998 |
|    clip_fraction        | 0.278      |
|    clip_range           | 0.15       |
|    entropy_loss         | -90.5      |
|    explained_variance   | 0.818      |
|    learning_rate        | 0.0001     |
|    loss                 | -0.928     |
|    n_updates            | 9750       |
|    policy_gradient_loss | -0.0194    |
|    std                  | 88.4       |
|    value_loss           | 0.0161     |
----------------------------------------
----------------------------------------
| rollout/                |            |
|    ep_len_mean          | 647        |
|    ep_rew_mean          | 5.44e+03   |
| time/                   |            |
|    fps                  | 1484       |
|    iterations           | 652        |
|    time_elapsed         | 28786      |
|    total_timesteps      | 42729472   |
| train/                  |            |
|    approx_kl            | 0.01755395 |
|    clip_fraction        | 0.283      |
|    clip_range           | 0.15       |
|    entropy_loss         | -90.6      |
|    explained_variance   | 0.809      |
|    learning_rate        | 0.0001     |
|    loss                 | -0.921     |
|    n_updates            | 9765       |
|    policy_gradient_loss | -0.0194    |
|    std                  | 89.2       |
|    value_loss           | 0.0152     |
----------------------------------------
----------------------------------------
| rollout/                |            |
|    ep_len_mean          | 682        |
|    ep_rew_mean          | 5.77e+03   |
| time/                   |            |
|    fps                  | 1484       |
|    iterations           | 653        |
|    time_elapsed         | 28831      |
|    total_timesteps      | 42795008   |
| train/                  |            |
|    approx_kl            | 0.01776727 |
|    clip_fraction        | 0.277      |
|    clip_range           | 0.15       |
|    entropy_loss         | -90.7      |
|    explained_variance   | 0.8        |
|    learning_rate        | 0.0001     |
|    loss                 | -0.926     |
|    n_updates            | 9780       |
|    policy_gradient_loss | -0.0194    |
|    std                  | 89.9       |
|    value_loss           | 0.0174     |
----------------------------------------
-----------------------------------------
| rollout/                |             |
|    ep_len_mean          | 695         |
|    ep_rew_mean          | 5.88e+03    |
| time/                   |             |
|    fps                  | 1484        |
|    iterations           | 654         |
|    time_elapsed         | 28875       |
|    total_timesteps      | 42860544    |
| train/                  |             |
|    approx_kl            | 0.018288342 |
|    clip_fraction        | 0.284       |
|    clip_range           | 0.15        |
|    entropy_loss         | -90.9       |
|    explained_variance   | 0.806       |
|    learning_rate        | 0.0001      |
|    loss                 | -0.921      |
|    n_updates            | 9795        |
|    policy_gradient_loss | -0.0191     |
|    std                  | 90.6        |
|    value_loss           | 0.0161      |
-----------------------------------------
-----------------------------------------
| rollout/                |             |
|    ep_len_mean          | 680         |
|    ep_rew_mean          | 5.74e+03    |
| time/                   |             |
|    fps                  | 1484        |
|    iterations           | 655         |
|    time_elapsed         | 28921       |
|    total_timesteps      | 42926080    |
| train/                  |             |
|    approx_kl            | 0.017951539 |
|    clip_fraction        | 0.281       |
|    clip_range           | 0.15        |
|    entropy_loss         | -90.9       |
|    explained_variance   | 0.827       |
|    learning_rate        | 0.0001      |
|    loss                 | -0.923      |
|    n_updates            | 9810        |
|    policy_gradient_loss | -0.0199     |
|    std                  | 91.3        |
|    value_loss           | 0.0153      |
-----------------------------------------
----------------------------------------
| rollout/                |            |
|    ep_len_mean          | 693        |
|    ep_rew_mean          | 5.85e+03   |
| time/                   |            |
|    fps                  | 1484       |
|    iterations           | 656        |
|    time_elapsed         | 28965      |
|    total_timesteps      | 42991616   |
| train/                  |            |
|    approx_kl            | 0.01762517 |
|    clip_fraction        | 0.28       |
|    clip_range           | 0.15       |
|    entropy_loss         | -91        |
|    explained_variance   | 0.819      |
|    learning_rate        | 0.0001     |
|    loss                 | -0.928     |
|    n_updates            | 9825       |
|    policy_gradient_loss | -0.0201    |
|    std                  | 91.9       |
|    value_loss           | 0.0156     |
----------------------------------------
---------------------------------------
| rollout/                |           |
|    ep_len_mean          | 720       |
|    ep_rew_mean          | 6.09e+03  |
| time/                   |           |
|    fps                  | 1484      |
|    iterations           | 657       |
|    time_elapsed         | 29008     |
|    total_timesteps      | 43057152  |
| train/                  |           |
|    approx_kl            | 0.0175284 |
|    clip_fraction        | 0.275     |
|    clip_range           | 0.15      |
|    entropy_loss         | -91.1     |
|    explained_variance   | 0.801     |
|    learning_rate        | 0.0001    |
|    loss                 | -0.929    |
|    n_updates            | 9840      |
|    policy_gradient_loss | -0.0205   |
|    std                  | 92.5      |
|    value_loss           | 0.0155    |
---------------------------------------
-----------------------------------------
| rollout/                |             |
|    ep_len_mean          | 679         |
|    ep_rew_mean          | 5.73e+03    |
| time/                   |             |
|    fps                  | 1484        |
|    iterations           | 658         |
|    time_elapsed         | 29052       |
|    total_timesteps      | 43122688    |
| train/                  |             |
|    approx_kl            | 0.017346587 |
|    clip_fraction        | 0.279       |
|    clip_range           | 0.15        |
|    entropy_loss         | -91.2       |
|    explained_variance   | 0.813       |
|    learning_rate        | 0.0001      |
|    loss                 | -0.92       |
|    n_updates            | 9855        |
|    policy_gradient_loss | -0.0192     |
|    std                  | 93.3        |
|    value_loss           | 0.0116      |
-----------------------------------------
-----------------------------------------
| rollout/                |             |
|    ep_len_mean          | 692         |
|    ep_rew_mean          | 5.85e+03    |
| time/                   |             |
|    fps                  | 1484        |
|    iterations           | 659         |
|    time_elapsed         | 29098       |
|    total_timesteps      | 43188224    |
| train/                  |             |
|    approx_kl            | 0.017817445 |
|    clip_fraction        | 0.285       |
|    clip_range           | 0.15        |
|    entropy_loss         | -91.3       |
|    explained_variance   | 0.825       |
|    learning_rate        | 0.0001      |
|    loss                 | -0.936      |
|    n_updates            | 9870        |
|    policy_gradient_loss | -0.0198     |
|    std                  | 94.1        |
|    value_loss           | 0.0145      |
-----------------------------------------
----------------------------------------
| rollout/                |            |
|    ep_len_mean          | 647        |
|    ep_rew_mean          | 5.45e+03   |
| time/                   |            |
|    fps                  | 1484       |
|    iterations           | 660        |
|    time_elapsed         | 29143      |
|    total_timesteps      | 43253760   |
| train/                  |            |
|    approx_kl            | 0.01795869 |
|    clip_fraction        | 0.284      |
|    clip_range           | 0.15       |
|    entropy_loss         | -91.4      |
|    explained_variance   | 0.814      |
|    learning_rate        | 0.0001     |
|    loss                 | -0.927     |
|    n_updates            | 9885       |
|    policy_gradient_loss | -0.0198    |
|    std                  | 94.9       |
|    value_loss           | 0.0142     |
----------------------------------------
-----------------------------------------
| rollout/                |             |
|    ep_len_mean          | 739         |
|    ep_rew_mean          | 6.25e+03    |
| time/                   |             |
|    fps                  | 1484        |
|    iterations           | 661         |
|    time_elapsed         | 29185       |
|    total_timesteps      | 43319296    |
| train/                  |             |
|    approx_kl            | 0.017402653 |
|    clip_fraction        | 0.277       |
|    clip_range           | 0.15        |
|    entropy_loss         | -91.5       |
|    explained_variance   | 0.826       |
|    learning_rate        | 0.0001      |
|    loss                 | -0.931      |
|    n_updates            | 9900        |
|    policy_gradient_loss | -0.0193     |
|    std                  | 95.7        |
|    value_loss           | 0.0177      |
-----------------------------------------
-----------------------------------------
| rollout/                |             |
|    ep_len_mean          | 752         |
|    ep_rew_mean          | 6.38e+03    |
| time/                   |             |
|    fps                  | 1484        |
|    iterations           | 662         |
|    time_elapsed         | 29230       |
|    total_timesteps      | 43384832    |
| train/                  |             |
|    approx_kl            | 0.017642004 |
|    clip_fraction        | 0.281       |
|    clip_range           | 0.15        |
|    entropy_loss         | -91.6       |
|    explained_variance   | 0.838       |
|    learning_rate        | 0.0001      |
|    loss                 | -0.937      |
|    n_updates            | 9915        |
|    policy_gradient_loss | -0.0196     |
|    std                  | 96.6        |
|    value_loss           | 0.0121      |
-----------------------------------------
-----------------------------------------
| rollout/                |             |
|    ep_len_mean          | 615         |
|    ep_rew_mean          | 5.15e+03    |
| time/                   |             |
|    fps                  | 1484        |
|    iterations           | 663         |
|    time_elapsed         | 29274       |
|    total_timesteps      | 43450368    |
| train/                  |             |
|    approx_kl            | 0.017723653 |
|    clip_fraction        | 0.279       |
|    clip_range           | 0.15        |
|    entropy_loss         | -91.7       |
|    explained_variance   | 0.805       |
|    learning_rate        | 0.0001      |
|    loss                 | -0.931      |
|    n_updates            | 9930        |
|    policy_gradient_loss | -0.0196     |
|    std                  | 97.2        |
|    value_loss           | 0.0119      |
-----------------------------------------
-----------------------------------------
| rollout/                |             |
|    ep_len_mean          | 689         |
|    ep_rew_mean          | 5.82e+03    |
| time/                   |             |
|    fps                  | 1484        |
|    iterations           | 664         |
|    time_elapsed         | 29319       |
|    total_timesteps      | 43515904    |
| train/                  |             |
|    approx_kl            | 0.017634593 |
|    clip_fraction        | 0.276       |
|    clip_range           | 0.15        |
|    entropy_loss         | -91.8       |
|    explained_variance   | 0.835       |
|    learning_rate        | 0.0001      |
|    loss                 | -0.93       |
|    n_updates            | 9945        |
|    policy_gradient_loss | -0.0198     |
|    std                  | 97.9        |
|    value_loss           | 0.0142      |
-----------------------------------------
-----------------------------------------
| rollout/                |             |
|    ep_len_mean          | 698         |
|    ep_rew_mean          | 5.92e+03    |
| time/                   |             |
|    fps                  | 1484        |
|    iterations           | 665         |
|    time_elapsed         | 29362       |
|    total_timesteps      | 43581440    |
| train/                  |             |
|    approx_kl            | 0.017559817 |
|    clip_fraction        | 0.275       |
|    clip_range           | 0.15        |
|    entropy_loss         | -91.9       |
|    explained_variance   | 0.829       |
|    learning_rate        | 0.0001      |
|    loss                 | -0.936      |
|    n_updates            | 9960        |
|    policy_gradient_loss | -0.0202     |
|    std                  | 98.5        |
|    value_loss           | 0.0145      |
-----------------------------------------
-----------------------------------------
| rollout/                |             |
|    ep_len_mean          | 714         |
|    ep_rew_mean          | 6.05e+03    |
| time/                   |             |
|    fps                  | 1484        |
|    iterations           | 666         |
|    time_elapsed         | 29406       |
|    total_timesteps      | 43646976    |
| train/                  |             |
|    approx_kl            | 0.018160898 |
|    clip_fraction        | 0.286       |
|    clip_range           | 0.15        |
|    entropy_loss         | -92         |
|    explained_variance   | 0.815       |
|    learning_rate        | 0.0001      |
|    loss                 | -0.946      |
|    n_updates            | 9975        |
|    policy_gradient_loss | -0.0197     |
|    std                  | 99.4        |
|    value_loss           | 0.0159      |
-----------------------------------------
----------------------------------------
| rollout/                |            |
|    ep_len_mean          | 707        |
|    ep_rew_mean          | 5.99e+03   |
| time/                   |            |
|    fps                  | 1484       |
|    iterations           | 667        |
|    time_elapsed         | 29452      |
|    total_timesteps      | 43712512   |
| train/                  |            |
|    approx_kl            | 0.01709373 |
|    clip_fraction        | 0.276      |
|    clip_range           | 0.15       |
|    entropy_loss         | -92.1      |
|    explained_variance   | 0.798      |
|    learning_rate        | 0.0001     |
|    loss                 | -0.936     |
|    n_updates            | 9990       |
|    policy_gradient_loss | -0.0186    |
|    std                  | 100        |
|    value_loss           | 0.0128     |
----------------------------------------
-----------------------------------------
| rollout/                |             |
|    ep_len_mean          | 741         |
|    ep_rew_mean          | 6.31e+03    |
| time/                   |             |
|    fps                  | 1484        |
|    iterations           | 668         |
|    time_elapsed         | 29497       |
|    total_timesteps      | 43778048    |
| train/                  |             |
|    approx_kl            | 0.017335348 |
|    clip_fraction        | 0.278       |
|    clip_range           | 0.15        |
|    entropy_loss         | -92.2       |
|    explained_variance   | 0.813       |
|    learning_rate        | 0.0001      |
|    loss                 | -0.931      |
|    n_updates            | 10005       |
|    policy_gradient_loss | -0.019      |
|    std                  | 101         |
|    value_loss           | 0.0146      |
-----------------------------------------
-----------------------------------------
| rollout/                |             |
|    ep_len_mean          | 673         |
|    ep_rew_mean          | 5.7e+03     |
| time/                   |             |
|    fps                  | 1484        |
|    iterations           | 669         |
|    time_elapsed         | 29542       |
|    total_timesteps      | 43843584    |
| train/                  |             |
|    approx_kl            | 0.018237744 |
|    clip_fraction        | 0.286       |
|    clip_range           | 0.15        |
|    entropy_loss         | -92.3       |
|    explained_variance   | 0.791       |
|    learning_rate        | 0.0001      |
|    loss                 | -0.923      |
|    n_updates            | 10020       |
|    policy_gradient_loss | -0.0188     |
|    std                  | 102         |
|    value_loss           | 0.0136      |
-----------------------------------------
-----------------------------------------
| rollout/                |             |
|    ep_len_mean          | 770         |
|    ep_rew_mean          | 6.56e+03    |
| time/                   |             |
|    fps                  | 1484        |
|    iterations           | 670         |
|    time_elapsed         | 29587       |
|    total_timesteps      | 43909120    |
| train/                  |             |
|    approx_kl            | 0.017088812 |
|    clip_fraction        | 0.268       |
|    clip_range           | 0.15        |
|    entropy_loss         | -92.4       |
|    explained_variance   | 0.801       |
|    learning_rate        | 0.0001      |
|    loss                 | -0.944      |
|    n_updates            | 10035       |
|    policy_gradient_loss | -0.0191     |
|    std                  | 103         |
|    value_loss           | 0.013       |
-----------------------------------------
-----------------------------------------
| rollout/                |             |
|    ep_len_mean          | 659         |
|    ep_rew_mean          | 5.58e+03    |
| time/                   |             |
|    fps                  | 1484        |
|    iterations           | 671         |
|    time_elapsed         | 29632       |
|    total_timesteps      | 43974656    |
| train/                  |             |
|    approx_kl            | 0.016866328 |
|    clip_fraction        | 0.275       |
|    clip_range           | 0.15        |
|    entropy_loss         | -92.5       |
|    explained_variance   | 0.811       |
|    learning_rate        | 0.0001      |
|    loss                 | -0.936      |
|    n_updates            | 10050       |
|    policy_gradient_loss | -0.0185     |
|    std                  | 103         |
|    value_loss           | 0.0101      |
-----------------------------------------
-----------------------------------------
| rollout/                |             |
|    ep_len_mean          | 767         |
|    ep_rew_mean          | 6.53e+03    |
| time/                   |             |
|    fps                  | 1484        |
|    iterations           | 672         |
|    time_elapsed         | 29675       |
|    total_timesteps      | 44040192    |
| train/                  |             |
|    approx_kl            | 0.018006379 |
|    clip_fraction        | 0.287       |
|    clip_range           | 0.15        |
|    entropy_loss         | -92.7       |
|    explained_variance   | 0.777       |
|    learning_rate        | 0.0001      |
|    loss                 | -0.94       |
|    n_updates            | 10065       |
|    policy_gradient_loss | -0.0187     |
|    std                  | 104         |
|    value_loss           | 0.0131      |
-----------------------------------------
-----------------------------------------
| rollout/                |             |
|    ep_len_mean          | 670         |
|    ep_rew_mean          | 5.66e+03    |
| time/                   |             |
|    fps                  | 1483        |
|    iterations           | 673         |
|    time_elapsed         | 29722       |
|    total_timesteps      | 44105728    |
| train/                  |             |
|    approx_kl            | 0.017301114 |
|    clip_fraction        | 0.275       |
|    clip_range           | 0.15        |
|    entropy_loss         | -92.8       |
|    explained_variance   | 0.776       |
|    learning_rate        | 0.0001      |
|    loss                 | -0.951      |
|    n_updates            | 10080       |
|    policy_gradient_loss | -0.0182     |
|    std                  | 105         |
|    value_loss           | 0.0112      |
-----------------------------------------
-----------------------------------------
| rollout/                |             |
|    ep_len_mean          | 722         |
|    ep_rew_mean          | 6.13e+03    |
| time/                   |             |
|    fps                  | 1484        |
|    iterations           | 674         |
|    time_elapsed         | 29764       |
|    total_timesteps      | 44171264    |
| train/                  |             |
|    approx_kl            | 0.018214356 |
|    clip_fraction        | 0.284       |
|    clip_range           | 0.15        |
|    entropy_loss         | -92.9       |
|    explained_variance   | 0.786       |
|    learning_rate        | 0.0001      |
|    loss                 | -0.952      |
|    n_updates            | 10095       |
|    policy_gradient_loss | -0.0193     |
|    std                  | 106         |
|    value_loss           | 0.0147      |
-----------------------------------------
-----------------------------------------
| rollout/                |             |
|    ep_len_mean          | 661         |
|    ep_rew_mean          | 5.59e+03    |
| time/                   |             |
|    fps                  | 1484        |
|    iterations           | 675         |
|    time_elapsed         | 29806       |
|    total_timesteps      | 44236800    |
| train/                  |             |
|    approx_kl            | 0.017531663 |
|    clip_fraction        | 0.276       |
|    clip_range           | 0.15        |
|    entropy_loss         | -93         |
|    explained_variance   | 0.82        |
|    learning_rate        | 0.0001      |
|    loss                 | -0.945      |
|    n_updates            | 10110       |
|    policy_gradient_loss | -0.0193     |
|    std                  | 107         |
|    value_loss           | 0.0117      |
-----------------------------------------
----------------------------------------
| rollout/                |            |
|    ep_len_mean          | 702        |
|    ep_rew_mean          | 5.95e+03   |
| time/                   |            |
|    fps                  | 1484       |
|    iterations           | 676        |
|    time_elapsed         | 29850      |
|    total_timesteps      | 44302336   |
| train/                  |            |
|    approx_kl            | 0.01759291 |
|    clip_fraction        | 0.276      |
|    clip_range           | 0.15       |
|    entropy_loss         | -93.1      |
|    explained_variance   | 0.816      |
|    learning_rate        | 0.0001     |
|    loss                 | -0.954     |
|    n_updates            | 10125      |
|    policy_gradient_loss | -0.0195    |
|    std                  | 108        |
|    value_loss           | 0.0145     |
----------------------------------------
----------------------------------------
| rollout/                |            |
|    ep_len_mean          | 693        |
|    ep_rew_mean          | 5.87e+03   |
| time/                   |            |
|    fps                  | 1484       |
|    iterations           | 677        |
|    time_elapsed         | 29894      |
|    total_timesteps      | 44367872   |
| train/                  |            |
|    approx_kl            | 0.01751311 |
|    clip_fraction        | 0.278      |
|    clip_range           | 0.15       |
|    entropy_loss         | -93.2      |
|    explained_variance   | 0.825      |
|    learning_rate        | 0.0001     |
|    loss                 | -0.96      |
|    n_updates            | 10140      |
|    policy_gradient_loss | -0.0192    |
|    std                  | 109        |
|    value_loss           | 0.0155     |
----------------------------------------
-----------------------------------------
| rollout/                |             |
|    ep_len_mean          | 751         |
|    ep_rew_mean          | 6.39e+03    |
| time/                   |             |
|    fps                  | 1484        |
|    iterations           | 678         |
|    time_elapsed         | 29940       |
|    total_timesteps      | 44433408    |
| train/                  |             |
|    approx_kl            | 0.017704401 |
|    clip_fraction        | 0.278       |
|    clip_range           | 0.15        |
|    entropy_loss         | -93.3       |
|    explained_variance   | 0.8         |
|    learning_rate        | 0.0001      |
|    loss                 | -0.945      |
|    n_updates            | 10155       |
|    policy_gradient_loss | -0.0193     |
|    std                  | 110         |
|    value_loss           | 0.0148      |
-----------------------------------------
-----------------------------------------
| rollout/                |             |
|    ep_len_mean          | 695         |
|    ep_rew_mean          | 5.89e+03    |
| time/                   |             |
|    fps                  | 1483        |
|    iterations           | 679         |
|    time_elapsed         | 29986       |
|    total_timesteps      | 44498944    |
| train/                  |             |
|    approx_kl            | 0.017752023 |
|    clip_fraction        | 0.274       |
|    clip_range           | 0.15        |
|    entropy_loss         | -93.4       |
|    explained_variance   | 0.799       |
|    learning_rate        | 0.0001      |
|    loss                 | -0.943      |
|    n_updates            | 10170       |
|    policy_gradient_loss | -0.0194     |
|    std                  | 111         |
|    value_loss           | 0.0127      |
-----------------------------------------
-----------------------------------------
| rollout/                |             |
|    ep_len_mean          | 769         |
|    ep_rew_mean          | 6.56e+03    |
| time/                   |             |
|    fps                  | 1483        |
|    iterations           | 680         |
|    time_elapsed         | 30031       |
|    total_timesteps      | 44564480    |
| train/                  |             |
|    approx_kl            | 0.017439328 |
|    clip_fraction        | 0.27        |
|    clip_range           | 0.15        |
|    entropy_loss         | -93.5       |
|    explained_variance   | 0.786       |
|    learning_rate        | 0.0001      |
|    loss                 | -0.915      |
|    n_updates            | 10185       |
|    policy_gradient_loss | -0.0185     |
|    std                  | 111         |
|    value_loss           | 0.0151      |
-----------------------------------------
-----------------------------------------
| rollout/                |             |
|    ep_len_mean          | 675         |
|    ep_rew_mean          | 5.7e+03     |
| time/                   |             |
|    fps                  | 1483        |
|    iterations           | 681         |
|    time_elapsed         | 30075       |
|    total_timesteps      | 44630016    |
| train/                  |             |
|    approx_kl            | 0.016767468 |
|    clip_fraction        | 0.273       |
|    clip_range           | 0.15        |
|    entropy_loss         | -93.6       |
|    explained_variance   | 0.789       |
|    learning_rate        | 0.0001      |
|    loss                 | -0.96       |
|    n_updates            | 10200       |
|    policy_gradient_loss | -0.0183     |
|    std                  | 112         |
|    value_loss           | 0.0103      |
-----------------------------------------
-----------------------------------------
| rollout/                |             |
|    ep_len_mean          | 674         |
|    ep_rew_mean          | 5.7e+03     |
| time/                   |             |
|    fps                  | 1483        |
|    iterations           | 682         |
|    time_elapsed         | 30121       |
|    total_timesteps      | 44695552    |
| train/                  |             |
|    approx_kl            | 0.016720548 |
|    clip_fraction        | 0.27        |
|    clip_range           | 0.15        |
|    entropy_loss         | -93.7       |
|    explained_variance   | 0.804       |
|    learning_rate        | 0.0001      |
|    loss                 | -0.951      |
|    n_updates            | 10215       |
|    policy_gradient_loss | -0.0193     |
|    std                  | 113         |
|    value_loss           | 0.013       |
-----------------------------------------
-----------------------------------------
| rollout/                |             |
|    ep_len_mean          | 683         |
|    ep_rew_mean          | 5.78e+03    |
| time/                   |             |
|    fps                  | 1483        |
|    iterations           | 683         |
|    time_elapsed         | 30165       |
|    total_timesteps      | 44761088    |
| train/                  |             |
|    approx_kl            | 0.017584309 |
|    clip_fraction        | 0.278       |
|    clip_range           | 0.15        |
|    entropy_loss         | -93.8       |
|    explained_variance   | 0.818       |
|    learning_rate        | 0.0001      |
|    loss                 | -0.958      |
|    n_updates            | 10230       |
|    policy_gradient_loss | -0.0188     |
|    std                  | 114         |
|    value_loss           | 0.0134      |
-----------------------------------------
-----------------------------------------
| rollout/                |             |
|    ep_len_mean          | 739         |
|    ep_rew_mean          | 6.27e+03    |
| time/                   |             |
|    fps                  | 1483        |
|    iterations           | 684         |
|    time_elapsed         | 30209       |
|    total_timesteps      | 44826624    |
| train/                  |             |
|    approx_kl            | 0.018798722 |
|    clip_fraction        | 0.289       |
|    clip_range           | 0.15        |
|    entropy_loss         | -93.9       |
|    explained_variance   | 0.798       |
|    learning_rate        | 0.0001      |
|    loss                 | -0.962      |
|    n_updates            | 10245       |
|    policy_gradient_loss | -0.019      |
|    std                  | 115         |
|    value_loss           | 0.014       |
-----------------------------------------
-----------------------------------------
| rollout/                |             |
|    ep_len_mean          | 631         |
|    ep_rew_mean          | 5.32e+03    |
| time/                   |             |
|    fps                  | 1483        |
|    iterations           | 685         |
|    time_elapsed         | 30254       |
|    total_timesteps      | 44892160    |
| train/                  |             |
|    approx_kl            | 0.018481206 |
|    clip_fraction        | 0.28        |
|    clip_range           | 0.15        |
|    entropy_loss         | -94         |
|    explained_variance   | 0.787       |
|    learning_rate        | 0.0001      |
|    loss                 | -0.949      |
|    n_updates            | 10260       |
|    policy_gradient_loss | -0.0194     |
|    std                  | 116         |
|    value_loss           | 0.0144      |
-----------------------------------------
-----------------------------------------
| rollout/                |             |
|    ep_len_mean          | 656         |
|    ep_rew_mean          | 5.52e+03    |
| time/                   |             |
|    fps                  | 1483        |
|    iterations           | 686         |
|    time_elapsed         | 30298       |
|    total_timesteps      | 44957696    |
| train/                  |             |
|    approx_kl            | 0.017164677 |
|    clip_fraction        | 0.276       |
|    clip_range           | 0.15        |
|    entropy_loss         | -94.1       |
|    explained_variance   | 0.824       |
|    learning_rate        | 0.0001      |
|    loss                 | -0.94       |
|    n_updates            | 10275       |
|    policy_gradient_loss | -0.0199     |
|    std                  | 117         |
|    value_loss           | 0.0148      |
-----------------------------------------
-----------------------------------------
| rollout/                |             |
|    ep_len_mean          | 692         |
|    ep_rew_mean          | 5.85e+03    |
| time/                   |             |
|    fps                  | 1483        |
|    iterations           | 687         |
|    time_elapsed         | 30344       |
|    total_timesteps      | 45023232    |
| train/                  |             |
|    approx_kl            | 0.017553985 |
|    clip_fraction        | 0.276       |
|    clip_range           | 0.15        |
|    entropy_loss         | -94.2       |
|    explained_variance   | 0.817       |
|    learning_rate        | 0.0001      |
|    loss                 | -0.961      |
|    n_updates            | 10290       |
|    policy_gradient_loss | -0.0188     |
|    std                  | 118         |
|    value_loss           | 0.0161      |
-----------------------------------------
-----------------------------------------
| rollout/                |             |
|    ep_len_mean          | 715         |
|    ep_rew_mean          | 6.06e+03    |
| time/                   |             |
|    fps                  | 1483        |
|    iterations           | 688         |
|    time_elapsed         | 30391       |
|    total_timesteps      | 45088768    |
| train/                  |             |
|    approx_kl            | 0.017319065 |
|    clip_fraction        | 0.272       |
|    clip_range           | 0.15        |
|    entropy_loss         | -94.3       |
|    explained_variance   | 0.793       |
|    learning_rate        | 0.0001      |
|    loss                 | -0.964      |
|    n_updates            | 10305       |
|    policy_gradient_loss | -0.0194     |
|    std                  | 119         |
|    value_loss           | 0.0142      |
-----------------------------------------
-----------------------------------------
| rollout/                |             |
|    ep_len_mean          | 726         |
|    ep_rew_mean          | 6.15e+03    |
| time/                   |             |
|    fps                  | 1483        |
|    iterations           | 689         |
|    time_elapsed         | 30437       |
|    total_timesteps      | 45154304    |
| train/                  |             |
|    approx_kl            | 0.016772624 |
|    clip_fraction        | 0.272       |
|    clip_range           | 0.15        |
|    entropy_loss         | -94.4       |
|    explained_variance   | 0.83        |
|    learning_rate        | 0.0001      |
|    loss                 | -0.962      |
|    n_updates            | 10320       |
|    policy_gradient_loss | -0.0187     |
|    std                  | 120         |
|    value_loss           | 0.0103      |
-----------------------------------------
-----------------------------------------
| rollout/                |             |
|    ep_len_mean          | 744         |
|    ep_rew_mean          | 6.31e+03    |
| time/                   |             |
|    fps                  | 1483        |
|    iterations           | 690         |
|    time_elapsed         | 30481       |
|    total_timesteps      | 45219840    |
| train/                  |             |
|    approx_kl            | 0.017948402 |
|    clip_fraction        | 0.278       |
|    clip_range           | 0.15        |
|    entropy_loss         | -94.6       |
|    explained_variance   | 0.798       |
|    learning_rate        | 0.0001      |
|    loss                 | -0.962      |
|    n_updates            | 10335       |
|    policy_gradient_loss | -0.0187     |
|    std                  | 121         |
|    value_loss           | 0.0123      |
-----------------------------------------
-----------------------------------------
| rollout/                |             |
|    ep_len_mean          | 770         |
|    ep_rew_mean          | 6.55e+03    |
| time/                   |             |
|    fps                  | 1483        |
|    iterations           | 691         |
|    time_elapsed         | 30527       |
|    total_timesteps      | 45285376    |
| train/                  |             |
|    approx_kl            | 0.018002396 |
|    clip_fraction        | 0.281       |
|    clip_range           | 0.15        |
|    entropy_loss         | -94.7       |
|    explained_variance   | 0.771       |
|    learning_rate        | 0.0001      |
|    loss                 | -0.962      |
|    n_updates            | 10350       |
|    policy_gradient_loss | -0.0192     |
|    std                  | 122         |
|    value_loss           | 0.0124      |
-----------------------------------------
-----------------------------------------
| rollout/                |             |
|    ep_len_mean          | 698         |
|    ep_rew_mean          | 5.89e+03    |
| time/                   |             |
|    fps                  | 1483        |
|    iterations           | 692         |
|    time_elapsed         | 30571       |
|    total_timesteps      | 45350912    |
| train/                  |             |
|    approx_kl            | 0.017931728 |
|    clip_fraction        | 0.277       |
|    clip_range           | 0.15        |
|    entropy_loss         | -94.8       |
|    explained_variance   | 0.815       |
|    learning_rate        | 0.0001      |
|    loss                 | -0.972      |
|    n_updates            | 10365       |
|    policy_gradient_loss | -0.0193     |
|    std                  | 123         |
|    value_loss           | 0.0116      |
-----------------------------------------
-----------------------------------------
| rollout/                |             |
|    ep_len_mean          | 608         |
|    ep_rew_mean          | 5.1e+03     |
| time/                   |             |
|    fps                  | 1483        |
|    iterations           | 693         |
|    time_elapsed         | 30614       |
|    total_timesteps      | 45416448    |
| train/                  |             |
|    approx_kl            | 0.017363608 |
|    clip_fraction        | 0.275       |
|    clip_range           | 0.15        |
|    entropy_loss         | -94.9       |
|    explained_variance   | 0.835       |
|    learning_rate        | 0.0001      |
|    loss                 | -0.94       |
|    n_updates            | 10380       |
|    policy_gradient_loss | -0.0186     |
|    std                  | 124         |
|    value_loss           | 0.013       |
-----------------------------------------
-----------------------------------------
| rollout/                |             |
|    ep_len_mean          | 663         |
|    ep_rew_mean          | 5.59e+03    |
| time/                   |             |
|    fps                  | 1483        |
|    iterations           | 694         |
|    time_elapsed         | 30657       |
|    total_timesteps      | 45481984    |
| train/                  |             |
|    approx_kl            | 0.017206792 |
|    clip_fraction        | 0.274       |
|    clip_range           | 0.15        |
|    entropy_loss         | -95         |
|    explained_variance   | 0.82        |
|    learning_rate        | 0.0001      |
|    loss                 | -0.964      |
|    n_updates            | 10395       |
|    policy_gradient_loss | -0.0195     |
|    std                  | 125         |
|    value_loss           | 0.0156      |
-----------------------------------------
----------------------------------------
| rollout/                |            |
|    ep_len_mean          | 739        |
|    ep_rew_mean          | 6.26e+03   |
| time/                   |            |
|    fps                  | 1483       |
|    iterations           | 695        |
|    time_elapsed         | 30700      |
|    total_timesteps      | 45547520   |
| train/                  |            |
|    approx_kl            | 0.01819966 |
|    clip_fraction        | 0.282      |
|    clip_range           | 0.15       |
|    entropy_loss         | -95.1      |
|    explained_variance   | 0.784      |
|    learning_rate        | 0.0001     |
|    loss                 | -0.968     |
|    n_updates            | 10410      |
|    policy_gradient_loss | -0.0195    |
|    std                  | 126        |
|    value_loss           | 0.0174     |
----------------------------------------
-----------------------------------------
| rollout/                |             |
|    ep_len_mean          | 744         |
|    ep_rew_mean          | 6.32e+03    |
| time/                   |             |
|    fps                  | 1483        |
|    iterations           | 696         |
|    time_elapsed         | 30743       |
|    total_timesteps      | 45613056    |
| train/                  |             |
|    approx_kl            | 0.017138168 |
|    clip_fraction        | 0.269       |
|    clip_range           | 0.15        |
|    entropy_loss         | -95.2       |
|    explained_variance   | 0.809       |
|    learning_rate        | 0.0001      |
|    loss                 | -0.976      |
|    n_updates            | 10425       |
|    policy_gradient_loss | -0.0197     |
|    std                  | 127         |
|    value_loss           | 0.0141      |
-----------------------------------------
-----------------------------------------
| rollout/                |             |
|    ep_len_mean          | 622         |
|    ep_rew_mean          | 5.23e+03    |
| time/                   |             |
|    fps                  | 1483        |
|    iterations           | 697         |
|    time_elapsed         | 30787       |
|    total_timesteps      | 45678592    |
| train/                  |             |
|    approx_kl            | 0.017663235 |
|    clip_fraction        | 0.279       |
|    clip_range           | 0.15        |
|    entropy_loss         | -95.3       |
|    explained_variance   | 0.813       |
|    learning_rate        | 0.0001      |
|    loss                 | -0.976      |
|    n_updates            | 10440       |
|    policy_gradient_loss | -0.0191     |
|    std                  | 128         |
|    value_loss           | 0.0107      |
-----------------------------------------
----------------------------------------
| rollout/                |            |
|    ep_len_mean          | 655        |
|    ep_rew_mean          | 5.53e+03   |
| time/                   |            |
|    fps                  | 1483       |
|    iterations           | 698        |
|    time_elapsed         | 30832      |
|    total_timesteps      | 45744128   |
| train/                  |            |
|    approx_kl            | 0.01774437 |
|    clip_fraction        | 0.279      |
|    clip_range           | 0.15       |
|    entropy_loss         | -95.4      |
|    explained_variance   | 0.808      |
|    learning_rate        | 0.0001     |
|    loss                 | -0.969     |
|    n_updates            | 10455      |
|    policy_gradient_loss | -0.0196    |
|    std                  | 129        |
|    value_loss           | 0.017      |
----------------------------------------
----------------------------------------
| rollout/                |            |
|    ep_len_mean          | 699        |
|    ep_rew_mean          | 5.92e+03   |
| time/                   |            |
|    fps                  | 1483       |
|    iterations           | 699        |
|    time_elapsed         | 30876      |
|    total_timesteps      | 45809664   |
| train/                  |            |
|    approx_kl            | 0.01841337 |
|    clip_fraction        | 0.286      |
|    clip_range           | 0.15       |
|    entropy_loss         | -95.5      |
|    explained_variance   | 0.788      |
|    learning_rate        | 0.0001     |
|    loss                 | -0.953     |
|    n_updates            | 10470      |
|    policy_gradient_loss | -0.0195    |
|    std                  | 130        |
|    value_loss           | 0.0172     |
----------------------------------------
-----------------------------------------
| rollout/                |             |
|    ep_len_mean          | 634         |
|    ep_rew_mean          | 5.35e+03    |
| time/                   |             |
|    fps                  | 1483        |
|    iterations           | 700         |
|    time_elapsed         | 30919       |
|    total_timesteps      | 45875200    |
| train/                  |             |
|    approx_kl            | 0.017642071 |
|    clip_fraction        | 0.276       |
|    clip_range           | 0.15        |
|    entropy_loss         | -95.6       |
|    explained_variance   | 0.809       |
|    learning_rate        | 0.0001      |
|    loss                 | -0.974      |
|    n_updates            | 10485       |
|    policy_gradient_loss | -0.0193     |
|    std                  | 131         |
|    value_loss           | 0.0132      |
-----------------------------------------
-----------------------------------------
| rollout/                |             |
|    ep_len_mean          | 692         |
|    ep_rew_mean          | 5.85e+03    |
| time/                   |             |
|    fps                  | 1483        |
|    iterations           | 701         |
|    time_elapsed         | 30964       |
|    total_timesteps      | 45940736    |
| train/                  |             |
|    approx_kl            | 0.017477248 |
|    clip_fraction        | 0.275       |
|    clip_range           | 0.15        |
|    entropy_loss         | -95.7       |
|    explained_variance   | 0.799       |
|    learning_rate        | 0.0001      |
|    loss                 | -0.968      |
|    n_updates            | 10500       |
|    policy_gradient_loss | -0.0194     |
|    std                  | 132         |
|    value_loss           | 0.0172      |
-----------------------------------------
----------------------------------------
| rollout/                |            |
|    ep_len_mean          | 688        |
|    ep_rew_mean          | 5.82e+03   |
| time/                   |            |
|    fps                  | 1483       |
|    iterations           | 702        |
|    time_elapsed         | 31008      |
|    total_timesteps      | 46006272   |
| train/                  |            |
|    approx_kl            | 0.01773938 |
|    clip_fraction        | 0.276      |
|    clip_range           | 0.15       |
|    entropy_loss         | -95.8      |
|    explained_variance   | 0.812      |
|    learning_rate        | 0.0001     |
|    loss                 | -0.979     |
|    n_updates            | 10515      |
|    policy_gradient_loss | -0.0193    |
|    std                  | 133        |
|    value_loss           | 0.0138     |
----------------------------------------
-----------------------------------------
| rollout/                |             |
|    ep_len_mean          | 684         |
|    ep_rew_mean          | 5.78e+03    |
| time/                   |             |
|    fps                  | 1483        |
|    iterations           | 703         |
|    time_elapsed         | 31054       |
|    total_timesteps      | 46071808    |
| train/                  |             |
|    approx_kl            | 0.017351495 |
|    clip_fraction        | 0.272       |
|    clip_range           | 0.15        |
|    entropy_loss         | -95.9       |
|    explained_variance   | 0.779       |
|    learning_rate        | 0.0001      |
|    loss                 | -0.972      |
|    n_updates            | 10530       |
|    policy_gradient_loss | -0.0183     |
|    std                  | 134         |
|    value_loss           | 0.0173      |
-----------------------------------------
-----------------------------------------
| rollout/                |             |
|    ep_len_mean          | 658         |
|    ep_rew_mean          | 5.56e+03    |
| time/                   |             |
|    fps                  | 1483        |
|    iterations           | 704         |
|    time_elapsed         | 31097       |
|    total_timesteps      | 46137344    |
| train/                  |             |
|    approx_kl            | 0.017854441 |
|    clip_fraction        | 0.282       |
|    clip_range           | 0.15        |
|    entropy_loss         | -96.1       |
|    explained_variance   | 0.82        |
|    learning_rate        | 0.0001      |
|    loss                 | -0.982      |
|    n_updates            | 10545       |
|    policy_gradient_loss | -0.019      |
|    std                  | 136         |
|    value_loss           | 0.0147      |
-----------------------------------------
----------------------------------------
| rollout/                |            |
|    ep_len_mean          | 650        |
|    ep_rew_mean          | 5.5e+03    |
| time/                   |            |
|    fps                  | 1483       |
|    iterations           | 705        |
|    time_elapsed         | 31141      |
|    total_timesteps      | 46202880   |
| train/                  |            |
|    approx_kl            | 0.01791887 |
|    clip_fraction        | 0.273      |
|    clip_range           | 0.15       |
|    entropy_loss         | -96.1      |
|    explained_variance   | 0.779      |
|    learning_rate        | 0.0001     |
|    loss                 | -0.974     |
|    n_updates            | 10560      |
|    policy_gradient_loss | -0.0192    |
|    std                  | 137        |
|    value_loss           | 0.0164     |
----------------------------------------
-----------------------------------------
| rollout/                |             |
|    ep_len_mean          | 686         |
|    ep_rew_mean          | 5.8e+03     |
| time/                   |             |
|    fps                  | 1483        |
|    iterations           | 706         |
|    time_elapsed         | 31186       |
|    total_timesteps      | 46268416    |
| train/                  |             |
|    approx_kl            | 0.017387077 |
|    clip_fraction        | 0.274       |
|    clip_range           | 0.15        |
|    entropy_loss         | -96.3       |
|    explained_variance   | 0.823       |
|    learning_rate        | 0.0001      |
|    loss                 | -0.98       |
|    n_updates            | 10575       |
|    policy_gradient_loss | -0.0202     |
|    std                  | 138         |
|    value_loss           | 0.0168      |
-----------------------------------------
----------------------------------------
| rollout/                |            |
|    ep_len_mean          | 592        |
|    ep_rew_mean          | 4.97e+03   |
| time/                   |            |
|    fps                  | 1483       |
|    iterations           | 707        |
|    time_elapsed         | 31229      |
|    total_timesteps      | 46333952   |
| train/                  |            |
|    approx_kl            | 0.01844383 |
|    clip_fraction        | 0.285      |
|    clip_range           | 0.15       |
|    entropy_loss         | -96.4      |
|    explained_variance   | 0.804      |
|    learning_rate        | 0.0001     |
|    loss                 | -0.982     |
|    n_updates            | 10590      |
|    policy_gradient_loss | -0.0196    |
|    std                  | 139        |
|    value_loss           | 0.0156     |
----------------------------------------
-----------------------------------------
| rollout/                |             |
|    ep_len_mean          | 689         |
|    ep_rew_mean          | 5.83e+03    |
| time/                   |             |
|    fps                  | 1483        |
|    iterations           | 708         |
|    time_elapsed         | 31272       |
|    total_timesteps      | 46399488    |
| train/                  |             |
|    approx_kl            | 0.017474765 |
|    clip_fraction        | 0.274       |
|    clip_range           | 0.15        |
|    entropy_loss         | -96.5       |
|    explained_variance   | 0.829       |
|    learning_rate        | 0.0001      |
|    loss                 | -0.985      |
|    n_updates            | 10605       |
|    policy_gradient_loss | -0.02       |
|    std                  | 140         |
|    value_loss           | 0.0154      |
-----------------------------------------
-----------------------------------------
| rollout/                |             |
|    ep_len_mean          | 685         |
|    ep_rew_mean          | 5.79e+03    |
| time/                   |             |
|    fps                  | 1483        |
|    iterations           | 709         |
|    time_elapsed         | 31316       |
|    total_timesteps      | 46465024    |
| train/                  |             |
|    approx_kl            | 0.018089585 |
|    clip_fraction        | 0.282       |
|    clip_range           | 0.15        |
|    entropy_loss         | -96.6       |
|    explained_variance   | 0.766       |
|    learning_rate        | 0.0001      |
|    loss                 | -0.986      |
|    n_updates            | 10620       |
|    policy_gradient_loss | -0.0192     |
|    std                  | 141         |
|    value_loss           | 0.0158      |
-----------------------------------------
-----------------------------------------
| rollout/                |             |
|    ep_len_mean          | 678         |
|    ep_rew_mean          | 5.74e+03    |
| time/                   |             |
|    fps                  | 1483        |
|    iterations           | 710         |
|    time_elapsed         | 31361       |
|    total_timesteps      | 46530560    |
| train/                  |             |
|    approx_kl            | 0.017081551 |
|    clip_fraction        | 0.271       |
|    clip_range           | 0.15        |
|    entropy_loss         | -96.7       |
|    explained_variance   | 0.829       |
|    learning_rate        | 0.0001      |
|    loss                 | -0.973      |
|    n_updates            | 10635       |
|    policy_gradient_loss | -0.0189     |
|    std                  | 142         |
|    value_loss           | 0.0137      |
-----------------------------------------
-----------------------------------------
| rollout/                |             |
|    ep_len_mean          | 625         |
|    ep_rew_mean          | 5.27e+03    |
| time/                   |             |
|    fps                  | 1483        |
|    iterations           | 711         |
|    time_elapsed         | 31406       |
|    total_timesteps      | 46596096    |
| train/                  |             |
|    approx_kl            | 0.017524496 |
|    clip_fraction        | 0.274       |
|    clip_range           | 0.15        |
|    entropy_loss         | -96.8       |
|    explained_variance   | 0.806       |
|    learning_rate        | 0.0001      |
|    loss                 | -0.986      |
|    n_updates            | 10650       |
|    policy_gradient_loss | -0.0191     |
|    std                  | 144         |
|    value_loss           | 0.0144      |
-----------------------------------------
-----------------------------------------
| rollout/                |             |
|    ep_len_mean          | 683         |
|    ep_rew_mean          | 5.79e+03    |
| time/                   |             |
|    fps                  | 1483        |
|    iterations           | 712         |
|    time_elapsed         | 31450       |
|    total_timesteps      | 46661632    |
| train/                  |             |
|    approx_kl            | 0.017342407 |
|    clip_fraction        | 0.274       |
|    clip_range           | 0.15        |
|    entropy_loss         | -96.9       |
|    explained_variance   | 0.801       |
|    learning_rate        | 0.0001      |
|    loss                 | -0.984      |
|    n_updates            | 10665       |
|    policy_gradient_loss | -0.0194     |
|    std                  | 145         |
|    value_loss           | 0.0164      |
-----------------------------------------
-----------------------------------------
| rollout/                |             |
|    ep_len_mean          | 674         |
|    ep_rew_mean          | 5.71e+03    |
| time/                   |             |
|    fps                  | 1483        |
|    iterations           | 713         |
|    time_elapsed         | 31496       |
|    total_timesteps      | 46727168    |
| train/                  |             |
|    approx_kl            | 0.017334968 |
|    clip_fraction        | 0.272       |
|    clip_range           | 0.15        |
|    entropy_loss         | -97         |
|    explained_variance   | 0.788       |
|    learning_rate        | 0.0001      |
|    loss                 | -0.988      |
|    n_updates            | 10680       |
|    policy_gradient_loss | -0.0191     |
|    std                  | 146         |
|    value_loss           | 0.0162      |
-----------------------------------------
-----------------------------------------
| rollout/                |             |
|    ep_len_mean          | 648         |
|    ep_rew_mean          | 5.48e+03    |
| time/                   |             |
|    fps                  | 1483        |
|    iterations           | 714         |
|    time_elapsed         | 31542       |
|    total_timesteps      | 46792704    |
| train/                  |             |
|    approx_kl            | 0.018040258 |
|    clip_fraction        | 0.277       |
|    clip_range           | 0.15        |
|    entropy_loss         | -97.1       |
|    explained_variance   | 0.796       |
|    learning_rate        | 0.0001      |
|    loss                 | -0.994      |
|    n_updates            | 10695       |
|    policy_gradient_loss | -0.0196     |
|    std                  | 147         |
|    value_loss           | 0.0152      |
-----------------------------------------
----------------------------------------
| rollout/                |            |
|    ep_len_mean          | 665        |
|    ep_rew_mean          | 5.63e+03   |
| time/                   |            |
|    fps                  | 1483       |
|    iterations           | 715        |
|    time_elapsed         | 31588      |
|    total_timesteps      | 46858240   |
| train/                  |            |
|    approx_kl            | 0.01802772 |
|    clip_fraction        | 0.279      |
|    clip_range           | 0.15       |
|    entropy_loss         | -97.2      |
|    explained_variance   | 0.801      |
|    learning_rate        | 0.0001     |
|    loss                 | -0.989     |
|    n_updates            | 10710      |
|    policy_gradient_loss | -0.0193    |
|    std                  | 148        |
|    value_loss           | 0.0166     |
----------------------------------------
----------------------------------------
| rollout/                |            |
|    ep_len_mean          | 717        |
|    ep_rew_mean          | 6.06e+03   |
| time/                   |            |
|    fps                  | 1483       |
|    iterations           | 716        |
|    time_elapsed         | 31633      |
|    total_timesteps      | 46923776   |
| train/                  |            |
|    approx_kl            | 0.01802998 |
|    clip_fraction        | 0.277      |
|    clip_range           | 0.15       |
|    entropy_loss         | -97.3      |
|    explained_variance   | 0.81       |
|    learning_rate        | 0.0001     |
|    loss                 | -1         |
|    n_updates            | 10725      |
|    policy_gradient_loss | -0.0195    |
|    std                  | 149        |
|    value_loss           | 0.0156     |
----------------------------------------
----------------------------------------
| rollout/                |            |
|    ep_len_mean          | 647        |
|    ep_rew_mean          | 5.45e+03   |
| time/                   |            |
|    fps                  | 1483       |
|    iterations           | 717        |
|    time_elapsed         | 31678      |
|    total_timesteps      | 46989312   |
| train/                  |            |
|    approx_kl            | 0.01784956 |
|    clip_fraction        | 0.279      |
|    clip_range           | 0.15       |
|    entropy_loss         | -97.4      |
|    explained_variance   | 0.8        |
|    learning_rate        | 0.0001     |
|    loss                 | -0.992     |
|    n_updates            | 10740      |
|    policy_gradient_loss | -0.0191    |
|    std                  | 150        |
|    value_loss           | 0.015      |
----------------------------------------
-----------------------------------------
| rollout/                |             |
|    ep_len_mean          | 603         |
|    ep_rew_mean          | 5.06e+03    |
| time/                   |             |
|    fps                  | 1483        |
|    iterations           | 718         |
|    time_elapsed         | 31722       |
|    total_timesteps      | 47054848    |
| train/                  |             |
|    approx_kl            | 0.016968044 |
|    clip_fraction        | 0.269       |
|    clip_range           | 0.15        |
|    entropy_loss         | -97.5       |
|    explained_variance   | 0.794       |
|    learning_rate        | 0.0001      |
|    loss                 | -0.991      |
|    n_updates            | 10755       |
|    policy_gradient_loss | -0.0196     |
|    std                  | 152         |
|    value_loss           | 0.0174      |
-----------------------------------------
-----------------------------------------
| rollout/                |             |
|    ep_len_mean          | 669         |
|    ep_rew_mean          | 5.64e+03    |
| time/                   |             |
|    fps                  | 1483        |
|    iterations           | 719         |
|    time_elapsed         | 31767       |
|    total_timesteps      | 47120384    |
| train/                  |             |
|    approx_kl            | 0.017474066 |
|    clip_fraction        | 0.274       |
|    clip_range           | 0.15        |
|    entropy_loss         | -97.6       |
|    explained_variance   | 0.796       |
|    learning_rate        | 0.0001      |
|    loss                 | -0.985      |
|    n_updates            | 10770       |
|    policy_gradient_loss | -0.0199     |
|    std                  | 153         |
|    value_loss           | 0.0205      |
-----------------------------------------
-----------------------------------------
| rollout/                |             |
|    ep_len_mean          | 610         |
|    ep_rew_mean          | 5.13e+03    |
| time/                   |             |
|    fps                  | 1483        |
|    iterations           | 720         |
|    time_elapsed         | 31813       |
|    total_timesteps      | 47185920    |
| train/                  |             |
|    approx_kl            | 0.017253164 |
|    clip_fraction        | 0.266       |
|    clip_range           | 0.15        |
|    entropy_loss         | -97.7       |
|    explained_variance   | 0.818       |
|    learning_rate        | 0.0001      |
|    loss                 | -0.992      |
|    n_updates            | 10785       |
|    policy_gradient_loss | -0.0196     |
|    std                  | 154         |
|    value_loss           | 0.0157      |
-----------------------------------------
----------------------------------------
| rollout/                |            |
|    ep_len_mean          | 637        |
|    ep_rew_mean          | 5.37e+03   |
| time/                   |            |
|    fps                  | 1483       |
|    iterations           | 721        |
|    time_elapsed         | 31856      |
|    total_timesteps      | 47251456   |
| train/                  |            |
|    approx_kl            | 0.01787099 |
|    clip_fraction        | 0.274      |
|    clip_range           | 0.15       |
|    entropy_loss         | -97.7      |
|    explained_variance   | 0.794      |
|    learning_rate        | 0.0001     |
|    loss                 | -0.989     |
|    n_updates            | 10800      |
|    policy_gradient_loss | -0.0196    |
|    std                  | 155        |
|    value_loss           | 0.0179     |
----------------------------------------
-----------------------------------------
| rollout/                |             |
|    ep_len_mean          | 640         |
|    ep_rew_mean          | 5.4e+03     |
| time/                   |             |
|    fps                  | 1483        |
|    iterations           | 722         |
|    time_elapsed         | 31901       |
|    total_timesteps      | 47316992    |
| train/                  |             |
|    approx_kl            | 0.018280882 |
|    clip_fraction        | 0.279       |
|    clip_range           | 0.15        |
|    entropy_loss         | -97.9       |
|    explained_variance   | 0.811       |
|    learning_rate        | 0.0001      |
|    loss                 | -0.99       |
|    n_updates            | 10815       |
|    policy_gradient_loss | -0.0193     |
|    std                  | 157         |
|    value_loss           | 0.0171      |
-----------------------------------------
-----------------------------------------
| rollout/                |             |
|    ep_len_mean          | 579         |
|    ep_rew_mean          | 4.87e+03    |
| time/                   |             |
|    fps                  | 1483        |
|    iterations           | 723         |
|    time_elapsed         | 31946       |
|    total_timesteps      | 47382528    |
| train/                  |             |
|    approx_kl            | 0.017807977 |
|    clip_fraction        | 0.272       |
|    clip_range           | 0.15        |
|    entropy_loss         | -98         |
|    explained_variance   | 0.805       |
|    learning_rate        | 0.0001      |
|    loss                 | -0.996      |
|    n_updates            | 10830       |
|    policy_gradient_loss | -0.0198     |
|    std                  | 158         |
|    value_loss           | 0.0176      |
-----------------------------------------
-----------------------------------------
| rollout/                |             |
|    ep_len_mean          | 659         |
|    ep_rew_mean          | 5.58e+03    |
| time/                   |             |
|    fps                  | 1483        |
|    iterations           | 724         |
|    time_elapsed         | 31992       |
|    total_timesteps      | 47448064    |
| train/                  |             |
|    approx_kl            | 0.017195161 |
|    clip_fraction        | 0.268       |
|    clip_range           | 0.15        |
|    entropy_loss         | -98         |
|    explained_variance   | 0.801       |
|    learning_rate        | 0.0001      |
|    loss                 | -0.987      |
|    n_updates            | 10845       |
|    policy_gradient_loss | -0.0199     |
|    std                  | 159         |
|    value_loss           | 0.0202      |
-----------------------------------------
-----------------------------------------
| rollout/                |             |
|    ep_len_mean          | 639         |
|    ep_rew_mean          | 5.41e+03    |
| time/                   |             |
|    fps                  | 1483        |
|    iterations           | 725         |
|    time_elapsed         | 32037       |
|    total_timesteps      | 47513600    |
| train/                  |             |
|    approx_kl            | 0.017959792 |
|    clip_fraction        | 0.276       |
|    clip_range           | 0.15        |
|    entropy_loss         | -98.1       |
|    explained_variance   | 0.798       |
|    learning_rate        | 0.0001      |
|    loss                 | -0.987      |
|    n_updates            | 10860       |
|    policy_gradient_loss | -0.0194     |
|    std                  | 160         |
|    value_loss           | 0.0168      |
-----------------------------------------
-----------------------------------------
| rollout/                |             |
|    ep_len_mean          | 571         |
|    ep_rew_mean          | 4.79e+03    |
| time/                   |             |
|    fps                  | 1483        |
|    iterations           | 726         |
|    time_elapsed         | 32082       |
|    total_timesteps      | 47579136    |
| train/                  |             |
|    approx_kl            | 0.018181294 |
|    clip_fraction        | 0.275       |
|    clip_range           | 0.15        |
|    entropy_loss         | -98.2       |
|    explained_variance   | 0.808       |
|    learning_rate        | 0.0001      |
|    loss                 | -0.992      |
|    n_updates            | 10875       |
|    policy_gradient_loss | -0.0201     |
|    std                  | 162         |
|    value_loss           | 0.0185      |
-----------------------------------------
-----------------------------------------
| rollout/                |             |
|    ep_len_mean          | 682         |
|    ep_rew_mean          | 5.78e+03    |
| time/                   |             |
|    fps                  | 1482        |
|    iterations           | 727         |
|    time_elapsed         | 32128       |
|    total_timesteps      | 47644672    |
| train/                  |             |
|    approx_kl            | 0.017661707 |
|    clip_fraction        | 0.275       |
|    clip_range           | 0.15        |
|    entropy_loss         | -98.3       |
|    explained_variance   | 0.799       |
|    learning_rate        | 0.0001      |
|    loss                 | -0.986      |
|    n_updates            | 10890       |
|    policy_gradient_loss | -0.0198     |
|    std                  | 163         |
|    value_loss           | 0.0192      |
-----------------------------------------
-----------------------------------------
| rollout/                |             |
|    ep_len_mean          | 725         |
|    ep_rew_mean          | 6.15e+03    |
| time/                   |             |
|    fps                  | 1482        |
|    iterations           | 728         |
|    time_elapsed         | 32172       |
|    total_timesteps      | 47710208    |
| train/                  |             |
|    approx_kl            | 0.017443676 |
|    clip_fraction        | 0.268       |
|    clip_range           | 0.15        |
|    entropy_loss         | -98.4       |
|    explained_variance   | 0.802       |
|    learning_rate        | 0.0001      |
|    loss                 | -1.01       |
|    n_updates            | 10905       |
|    policy_gradient_loss | -0.0191     |
|    std                  | 164         |
|    value_loss           | 0.0153      |
-----------------------------------------
-----------------------------------------
| rollout/                |             |
|    ep_len_mean          | 624         |
|    ep_rew_mean          | 5.25e+03    |
| time/                   |             |
|    fps                  | 1482        |
|    iterations           | 729         |
|    time_elapsed         | 32218       |
|    total_timesteps      | 47775744    |
| train/                  |             |
|    approx_kl            | 0.018248513 |
|    clip_fraction        | 0.274       |
|    clip_range           | 0.15        |
|    entropy_loss         | -98.5       |
|    explained_variance   | 0.804       |
|    learning_rate        | 0.0001      |
|    loss                 | -1.01       |
|    n_updates            | 10920       |
|    policy_gradient_loss | -0.0201     |
|    std                  | 165         |
|    value_loss           | 0.0148      |
-----------------------------------------
-----------------------------------------
| rollout/                |             |
|    ep_len_mean          | 625         |
|    ep_rew_mean          | 5.26e+03    |
| time/                   |             |
|    fps                  | 1482        |
|    iterations           | 730         |
|    time_elapsed         | 32262       |
|    total_timesteps      | 47841280    |
| train/                  |             |
|    approx_kl            | 0.017732833 |
|    clip_fraction        | 0.274       |
|    clip_range           | 0.15        |
|    entropy_loss         | -98.6       |
|    explained_variance   | 0.831       |
|    learning_rate        | 0.0001      |
|    loss                 | -1.01       |
|    n_updates            | 10935       |
|    policy_gradient_loss | -0.0197     |
|    std                  | 167         |
|    value_loss           | 0.0162      |
-----------------------------------------
-----------------------------------------
| rollout/                |             |
|    ep_len_mean          | 658         |
|    ep_rew_mean          | 5.55e+03    |
| time/                   |             |
|    fps                  | 1482        |
|    iterations           | 731         |
|    time_elapsed         | 32307       |
|    total_timesteps      | 47906816    |
| train/                  |             |
|    approx_kl            | 0.017666267 |
|    clip_fraction        | 0.276       |
|    clip_range           | 0.15        |
|    entropy_loss         | -98.7       |
|    explained_variance   | 0.829       |
|    learning_rate        | 0.0001      |
|    loss                 | -1          |
|    n_updates            | 10950       |
|    policy_gradient_loss | -0.02       |
|    std                  | 168         |
|    value_loss           | 0.0183      |
-----------------------------------------
-----------------------------------------
| rollout/                |             |
|    ep_len_mean          | 702         |
|    ep_rew_mean          | 5.93e+03    |
| time/                   |             |
|    fps                  | 1482        |
|    iterations           | 732         |
|    time_elapsed         | 32353       |
|    total_timesteps      | 47972352    |
| train/                  |             |
|    approx_kl            | 0.017453931 |
|    clip_fraction        | 0.272       |
|    clip_range           | 0.15        |
|    entropy_loss         | -98.8       |
|    explained_variance   | 0.821       |
|    learning_rate        | 0.0001      |
|    loss                 | -0.993      |
|    n_updates            | 10965       |
|    policy_gradient_loss | -0.0199     |
|    std                  | 169         |
|    value_loss           | 0.0151      |
-----------------------------------------
----------------------------------------
| rollout/                |            |
|    ep_len_mean          | 654        |
|    ep_rew_mean          | 5.51e+03   |
| time/                   |            |
|    fps                  | 1482       |
|    iterations           | 733        |
|    time_elapsed         | 32399      |
|    total_timesteps      | 48037888   |
| train/                  |            |
|    approx_kl            | 0.01725841 |
|    clip_fraction        | 0.271      |
|    clip_range           | 0.15       |
|    entropy_loss         | -98.9      |
|    explained_variance   | 0.816      |
|    learning_rate        | 0.0001     |
|    loss                 | -1.01      |
|    n_updates            | 10980      |
|    policy_gradient_loss | -0.019     |
|    std                  | 171        |
|    value_loss           | 0.0129     |
----------------------------------------
-----------------------------------------
| rollout/                |             |
|    ep_len_mean          | 672         |
|    ep_rew_mean          | 5.67e+03    |
| time/                   |             |
|    fps                  | 1482        |
|    iterations           | 734         |
|    time_elapsed         | 32445       |
|    total_timesteps      | 48103424    |
| train/                  |             |
|    approx_kl            | 0.017760633 |
|    clip_fraction        | 0.27        |
|    clip_range           | 0.15        |
|    entropy_loss         | -99         |
|    explained_variance   | 0.817       |
|    learning_rate        | 0.0001      |
|    loss                 | -1.01       |
|    n_updates            | 10995       |
|    policy_gradient_loss | -0.0194     |
|    std                  | 172         |
|    value_loss           | 0.0164      |
-----------------------------------------
-----------------------------------------
| rollout/                |             |
|    ep_len_mean          | 648         |
|    ep_rew_mean          | 5.45e+03    |
| time/                   |             |
|    fps                  | 1482        |
|    iterations           | 735         |
|    time_elapsed         | 32492       |
|    total_timesteps      | 48168960    |
| train/                  |             |
|    approx_kl            | 0.018268943 |
|    clip_fraction        | 0.277       |
|    clip_range           | 0.15        |
|    entropy_loss         | -99.1       |
|    explained_variance   | 0.795       |
|    learning_rate        | 0.0001      |
|    loss                 | -1.01       |
|    n_updates            | 11010       |
|    policy_gradient_loss | -0.0198     |
|    std                  | 174         |
|    value_loss           | 0.0158      |
-----------------------------------------
-----------------------------------------
| rollout/                |             |
|    ep_len_mean          | 719         |
|    ep_rew_mean          | 6.08e+03    |
| time/                   |             |
|    fps                  | 1482        |
|    iterations           | 736         |
|    time_elapsed         | 32537       |
|    total_timesteps      | 48234496    |
| train/                  |             |
|    approx_kl            | 0.017686918 |
|    clip_fraction        | 0.272       |
|    clip_range           | 0.15        |
|    entropy_loss         | -99.2       |
|    explained_variance   | 0.802       |
|    learning_rate        | 0.0001      |
|    loss                 | -1.01       |
|    n_updates            | 11025       |
|    policy_gradient_loss | -0.0194     |
|    std                  | 175         |
|    value_loss           | 0.0168      |
-----------------------------------------
-----------------------------------------
| rollout/                |             |
|    ep_len_mean          | 649         |
|    ep_rew_mean          | 5.46e+03    |
| time/                   |             |
|    fps                  | 1482        |
|    iterations           | 737         |
|    time_elapsed         | 32582       |
|    total_timesteps      | 48300032    |
| train/                  |             |
|    approx_kl            | 0.016816314 |
|    clip_fraction        | 0.269       |
|    clip_range           | 0.15        |
|    entropy_loss         | -99.3       |
|    explained_variance   | 0.788       |
|    learning_rate        | 0.0001      |
|    loss                 | -1          |
|    n_updates            | 11040       |
|    policy_gradient_loss | -0.0189     |
|    std                  | 176         |
|    value_loss           | 0.012       |
-----------------------------------------
----------------------------------------
| rollout/                |            |
|    ep_len_mean          | 636        |
|    ep_rew_mean          | 5.35e+03   |
| time/                   |            |
|    fps                  | 1482       |
|    iterations           | 738        |
|    time_elapsed         | 32626      |
|    total_timesteps      | 48365568   |
| train/                  |            |
|    approx_kl            | 0.01717386 |
|    clip_fraction        | 0.267      |
|    clip_range           | 0.15       |
|    entropy_loss         | -99.4      |
|    explained_variance   | 0.778      |
|    learning_rate        | 0.0001     |
|    loss                 | -1.01      |
|    n_updates            | 11055      |
|    policy_gradient_loss | -0.0189    |
|    std                  | 178        |
|    value_loss           | 0.0159     |
----------------------------------------
-----------------------------------------
| rollout/                |             |
|    ep_len_mean          | 649         |
|    ep_rew_mean          | 5.46e+03    |
| time/                   |             |
|    fps                  | 1482        |
|    iterations           | 739         |
|    time_elapsed         | 32672       |
|    total_timesteps      | 48431104    |
| train/                  |             |
|    approx_kl            | 0.016935905 |
|    clip_fraction        | 0.27        |
|    clip_range           | 0.15        |
|    entropy_loss         | -99.5       |
|    explained_variance   | 0.81        |
|    learning_rate        | 0.0001      |
|    loss                 | -1.02       |
|    n_updates            | 11070       |
|    policy_gradient_loss | -0.0188     |
|    std                  | 180         |
|    value_loss           | 0.0146      |
-----------------------------------------
-----------------------------------------
| rollout/                |             |
|    ep_len_mean          | 651         |
|    ep_rew_mean          | 5.47e+03    |
| time/                   |             |
|    fps                  | 1482        |
|    iterations           | 740         |
|    time_elapsed         | 32718       |
|    total_timesteps      | 48496640    |
| train/                  |             |
|    approx_kl            | 0.018714244 |
|    clip_fraction        | 0.278       |
|    clip_range           | 0.15        |
|    entropy_loss         | -99.6       |
|    explained_variance   | 0.793       |
|    learning_rate        | 0.0001      |
|    loss                 | -1.02       |
|    n_updates            | 11085       |
|    policy_gradient_loss | -0.0197     |
|    std                  | 181         |
|    value_loss           | 0.0167      |
-----------------------------------------
-----------------------------------------
| rollout/                |             |
|    ep_len_mean          | 655         |
|    ep_rew_mean          | 5.52e+03    |
| time/                   |             |
|    fps                  | 1482        |
|    iterations           | 741         |
|    time_elapsed         | 32762       |
|    total_timesteps      | 48562176    |
| train/                  |             |
|    approx_kl            | 0.017724037 |
|    clip_fraction        | 0.267       |
|    clip_range           | 0.15        |
|    entropy_loss         | -99.7       |
|    explained_variance   | 0.806       |
|    learning_rate        | 0.0001      |
|    loss                 | -1.02       |
|    n_updates            | 11100       |
|    policy_gradient_loss | -0.0196     |
|    std                  | 183         |
|    value_loss           | 0.0145      |
-----------------------------------------
-----------------------------------------
| rollout/                |             |
|    ep_len_mean          | 655         |
|    ep_rew_mean          | 5.5e+03     |
| time/                   |             |
|    fps                  | 1482        |
|    iterations           | 742         |
|    time_elapsed         | 32806       |
|    total_timesteps      | 48627712    |
| train/                  |             |
|    approx_kl            | 0.017178569 |
|    clip_fraction        | 0.268       |
|    clip_range           | 0.15        |
|    entropy_loss         | -99.8       |
|    explained_variance   | 0.77        |
|    learning_rate        | 0.0001      |
|    loss                 | -1.01       |
|    n_updates            | 11115       |
|    policy_gradient_loss | -0.0191     |
|    std                  | 184         |
|    value_loss           | 0.0177      |
-----------------------------------------
-----------------------------------------
| rollout/                |             |
|    ep_len_mean          | 612         |
|    ep_rew_mean          | 5.13e+03    |
| time/                   |             |
|    fps                  | 1482        |
|    iterations           | 743         |
|    time_elapsed         | 32852       |
|    total_timesteps      | 48693248    |
| train/                  |             |
|    approx_kl            | 0.017705169 |
|    clip_fraction        | 0.274       |
|    clip_range           | 0.15        |
|    entropy_loss         | -99.9       |
|    explained_variance   | 0.822       |
|    learning_rate        | 0.0001      |
|    loss                 | -1.01       |
|    n_updates            | 11130       |
|    policy_gradient_loss | -0.0194     |
|    std                  | 186         |
|    value_loss           | 0.0155      |
-----------------------------------------
----------------------------------------
| rollout/                |            |
|    ep_len_mean          | 673        |
|    ep_rew_mean          | 5.66e+03   |
| time/                   |            |
|    fps                  | 1482       |
|    iterations           | 744        |
|    time_elapsed         | 32895      |
|    total_timesteps      | 48758784   |
| train/                  |            |
|    approx_kl            | 0.01742849 |
|    clip_fraction        | 0.269      |
|    clip_range           | 0.15       |
|    entropy_loss         | -100       |
|    explained_variance   | 0.82       |
|    learning_rate        | 0.0001     |
|    loss                 | -1.02      |
|    n_updates            | 11145      |
|    policy_gradient_loss | -0.0196    |
|    std                  | 187        |
|    value_loss           | 0.017      |
----------------------------------------
-----------------------------------------
| rollout/                |             |
|    ep_len_mean          | 714         |
|    ep_rew_mean          | 6.03e+03    |
| time/                   |             |
|    fps                  | 1482        |
|    iterations           | 745         |
|    time_elapsed         | 32939       |
|    total_timesteps      | 48824320    |
| train/                  |             |
|    approx_kl            | 0.017432677 |
|    clip_fraction        | 0.269       |
|    clip_range           | 0.15        |
|    entropy_loss         | -100        |
|    explained_variance   | 0.8         |
|    learning_rate        | 0.0001      |
|    loss                 | -1.02       |
|    n_updates            | 11160       |
|    policy_gradient_loss | -0.0191     |
|    std                  | 189         |
|    value_loss           | 0.0141      |
-----------------------------------------
-----------------------------------------
| rollout/                |             |
|    ep_len_mean          | 621         |
|    ep_rew_mean          | 5.21e+03    |
| time/                   |             |
|    fps                  | 1482        |
|    iterations           | 746         |
|    time_elapsed         | 32984       |
|    total_timesteps      | 48889856    |
| train/                  |             |
|    approx_kl            | 0.017743118 |
|    clip_fraction        | 0.272       |
|    clip_range           | 0.15        |
|    entropy_loss         | -100        |
|    explained_variance   | 0.77        |
|    learning_rate        | 0.0001      |
|    loss                 | -1.02       |
|    n_updates            | 11175       |
|    policy_gradient_loss | -0.0191     |
|    std                  | 190         |
|    value_loss           | 0.016       |
-----------------------------------------
----------------------------------------
| rollout/                |            |
|    ep_len_mean          | 665        |
|    ep_rew_mean          | 5.62e+03   |
| time/                   |            |
|    fps                  | 1482       |
|    iterations           | 747        |
|    time_elapsed         | 33028      |
|    total_timesteps      | 48955392   |
| train/                  |            |
|    approx_kl            | 0.01713103 |
|    clip_fraction        | 0.267      |
|    clip_range           | 0.15       |
|    entropy_loss         | -100       |
|    explained_variance   | 0.782      |
|    learning_rate        | 0.0001     |
|    loss                 | -1.02      |
|    n_updates            | 11190      |
|    policy_gradient_loss | -0.0195    |
|    std                  | 192        |
|    value_loss           | 0.0184     |
----------------------------------------
-----------------------------------------
| rollout/                |             |
|    ep_len_mean          | 630         |
|    ep_rew_mean          | 5.3e+03     |
| time/                   |             |
|    fps                  | 1482        |
|    iterations           | 748         |
|    time_elapsed         | 33072       |
|    total_timesteps      | 49020928    |
| train/                  |             |
|    approx_kl            | 0.017791077 |
|    clip_fraction        | 0.271       |
|    clip_range           | 0.15        |
|    entropy_loss         | -100        |
|    explained_variance   | 0.797       |
|    learning_rate        | 0.0001      |
|    loss                 | -1.03       |
|    n_updates            | 11205       |
|    policy_gradient_loss | -0.0194     |
|    std                  | 193         |
|    value_loss           | 0.0167      |
-----------------------------------------
-----------------------------------------
| rollout/                |             |
|    ep_len_mean          | 669         |
|    ep_rew_mean          | 5.63e+03    |
| time/                   |             |
|    fps                  | 1482        |
|    iterations           | 749         |
|    time_elapsed         | 33115       |
|    total_timesteps      | 49086464    |
| train/                  |             |
|    approx_kl            | 0.018251885 |
|    clip_fraction        | 0.278       |
|    clip_range           | 0.15        |
|    entropy_loss         | -101        |
|    explained_variance   | 0.801       |
|    learning_rate        | 0.0001      |
|    loss                 | -1.02       |
|    n_updates            | 11220       |
|    policy_gradient_loss | -0.0197     |
|    std                  | 195         |
|    value_loss           | 0.0187      |
-----------------------------------------
-----------------------------------------
| rollout/                |             |
|    ep_len_mean          | 620         |
|    ep_rew_mean          | 5.2e+03     |
| time/                   |             |
|    fps                  | 1482        |
|    iterations           | 750         |
|    time_elapsed         | 33162       |
|    total_timesteps      | 49152000    |
| train/                  |             |
|    approx_kl            | 0.017846672 |
|    clip_fraction        | 0.27        |
|    clip_range           | 0.15        |
|    entropy_loss         | -101        |
|    explained_variance   | 0.801       |
|    learning_rate        | 0.0001      |
|    loss                 | -1.02       |
|    n_updates            | 11235       |
|    policy_gradient_loss | -0.0191     |
|    std                  | 196         |
|    value_loss           | 0.0155      |
-----------------------------------------
-----------------------------------------
| rollout/                |             |
|    ep_len_mean          | 691         |
|    ep_rew_mean          | 5.82e+03    |
| time/                   |             |
|    fps                  | 1482        |
|    iterations           | 751         |
|    time_elapsed         | 33207       |
|    total_timesteps      | 49217536    |
| train/                  |             |
|    approx_kl            | 0.016759876 |
|    clip_fraction        | 0.262       |
|    clip_range           | 0.15        |
|    entropy_loss         | -101        |
|    explained_variance   | 0.806       |
|    learning_rate        | 0.0001      |
|    loss                 | -1.02       |
|    n_updates            | 11250       |
|    policy_gradient_loss | -0.0191     |
|    std                  | 198         |
|    value_loss           | 0.0184      |
-----------------------------------------
-----------------------------------------
| rollout/                |             |
|    ep_len_mean          | 627         |
|    ep_rew_mean          | 5.27e+03    |
| time/                   |             |
|    fps                  | 1482        |
|    iterations           | 752         |
|    time_elapsed         | 33252       |
|    total_timesteps      | 49283072    |
| train/                  |             |
|    approx_kl            | 0.017194655 |
|    clip_fraction        | 0.265       |
|    clip_range           | 0.15        |
|    entropy_loss         | -101        |
|    explained_variance   | 0.817       |
|    learning_rate        | 0.0001      |
|    loss                 | -1.02       |
|    n_updates            | 11265       |
|    policy_gradient_loss | -0.0194     |
|    std                  | 199         |
|    value_loss           | 0.0131      |
-----------------------------------------
-----------------------------------------
| rollout/                |             |
|    ep_len_mean          | 670         |
|    ep_rew_mean          | 5.65e+03    |
| time/                   |             |
|    fps                  | 1482        |
|    iterations           | 753         |
|    time_elapsed         | 33295       |
|    total_timesteps      | 49348608    |
| train/                  |             |
|    approx_kl            | 0.017324239 |
|    clip_fraction        | 0.267       |
|    clip_range           | 0.15        |
|    entropy_loss         | -101        |
|    explained_variance   | 0.796       |
|    learning_rate        | 0.0001      |
|    loss                 | -1.02       |
|    n_updates            | 11280       |
|    policy_gradient_loss | -0.0192     |
|    std                  | 201         |
|    value_loss           | 0.0166      |
-----------------------------------------
-----------------------------------------
| rollout/                |             |
|    ep_len_mean          | 577         |
|    ep_rew_mean          | 4.83e+03    |
| time/                   |             |
|    fps                  | 1482        |
|    iterations           | 754         |
|    time_elapsed         | 33340       |
|    total_timesteps      | 49414144    |
| train/                  |             |
|    approx_kl            | 0.016779527 |
|    clip_fraction        | 0.267       |
|    clip_range           | 0.15        |
|    entropy_loss         | -101        |
|    explained_variance   | 0.805       |
|    learning_rate        | 0.0001      |
|    loss                 | -1.03       |
|    n_updates            | 11295       |
|    policy_gradient_loss | -0.0188     |
|    std                  | 202         |
|    value_loss           | 0.0142      |
-----------------------------------------
-----------------------------------------
| rollout/                |             |
|    ep_len_mean          | 593         |
|    ep_rew_mean          | 4.99e+03    |
| time/                   |             |
|    fps                  | 1482        |
|    iterations           | 755         |
|    time_elapsed         | 33384       |
|    total_timesteps      | 49479680    |
| train/                  |             |
|    approx_kl            | 0.017236318 |
|    clip_fraction        | 0.266       |
|    clip_range           | 0.15        |
|    entropy_loss         | -101        |
|    explained_variance   | 0.816       |
|    learning_rate        | 0.0001      |
|    loss                 | -1.03       |
|    n_updates            | 11310       |
|    policy_gradient_loss | -0.0195     |
|    std                  | 204         |
|    value_loss           | 0.0209      |
-----------------------------------------
----------------------------------------
| rollout/                |            |
|    ep_len_mean          | 663        |
|    ep_rew_mean          | 5.6e+03    |
| time/                   |            |
|    fps                  | 1482       |
|    iterations           | 756        |
|    time_elapsed         | 33425      |
|    total_timesteps      | 49545216   |
| train/                  |            |
|    approx_kl            | 0.01765107 |
|    clip_fraction        | 0.271      |
|    clip_range           | 0.15       |
|    entropy_loss         | -101       |
|    explained_variance   | 0.819      |
|    learning_rate        | 0.0001     |
|    loss                 | -1.03      |
|    n_updates            | 11325      |
|    policy_gradient_loss | -0.0196    |
|    std                  | 205        |
|    value_loss           | 0.0187     |
----------------------------------------
-----------------------------------------
| rollout/                |             |
|    ep_len_mean          | 697         |
|    ep_rew_mean          | 5.9e+03     |
| time/                   |             |
|    fps                  | 1482        |
|    iterations           | 757         |
|    time_elapsed         | 33469       |
|    total_timesteps      | 49610752    |
| train/                  |             |
|    approx_kl            | 0.017496295 |
|    clip_fraction        | 0.264       |
|    clip_range           | 0.15        |
|    entropy_loss         | -101        |
|    explained_variance   | 0.831       |
|    learning_rate        | 0.0001      |
|    loss                 | -1.02       |
|    n_updates            | 11340       |
|    policy_gradient_loss | -0.0194     |
|    std                  | 207         |
|    value_loss           | 0.0172      |
-----------------------------------------
-----------------------------------------
| rollout/                |             |
|    ep_len_mean          | 677         |
|    ep_rew_mean          | 5.72e+03    |
| time/                   |             |
|    fps                  | 1482        |
|    iterations           | 758         |
|    time_elapsed         | 33514       |
|    total_timesteps      | 49676288    |
| train/                  |             |
|    approx_kl            | 0.018436002 |
|    clip_fraction        | 0.279       |
|    clip_range           | 0.15        |
|    entropy_loss         | -101        |
|    explained_variance   | 0.785       |
|    learning_rate        | 0.0001      |
|    loss                 | -1.03       |
|    n_updates            | 11355       |
|    policy_gradient_loss | -0.0195     |
|    std                  | 209         |
|    value_loss           | 0.0171      |
-----------------------------------------
-----------------------------------------
| rollout/                |             |
|    ep_len_mean          | 619         |
|    ep_rew_mean          | 5.21e+03    |
| time/                   |             |
|    fps                  | 1482        |
|    iterations           | 759         |
|    time_elapsed         | 33560       |
|    total_timesteps      | 49741824    |
| train/                  |             |
|    approx_kl            | 0.018308397 |
|    clip_fraction        | 0.27        |
|    clip_range           | 0.15        |
|    entropy_loss         | -102        |
|    explained_variance   | 0.779       |
|    learning_rate        | 0.0001      |
|    loss                 | -1.03       |
|    n_updates            | 11370       |
|    policy_gradient_loss | -0.0199     |
|    std                  | 210         |
|    value_loss           | 0.0191      |
-----------------------------------------
----------------------------------------
| rollout/                |            |
|    ep_len_mean          | 626        |
|    ep_rew_mean          | 5.27e+03   |
| time/                   |            |
|    fps                  | 1482       |
|    iterations           | 760        |
|    time_elapsed         | 33604      |
|    total_timesteps      | 49807360   |
| train/                  |            |
|    approx_kl            | 0.01680654 |
|    clip_fraction        | 0.263      |
|    clip_range           | 0.15       |
|    entropy_loss         | -102       |
|    explained_variance   | 0.809      |
|    learning_rate        | 0.0001     |
|    loss                 | -1.02      |
|    n_updates            | 11385      |
|    policy_gradient_loss | -0.0192    |
|    std                  | 212        |
|    value_loss           | 0.0188     |
----------------------------------------
----------------------------------------
| rollout/                |            |
|    ep_len_mean          | 651        |
|    ep_rew_mean          | 5.49e+03   |
| time/                   |            |
|    fps                  | 1482       |
|    iterations           | 761        |
|    time_elapsed         | 33648      |
|    total_timesteps      | 49872896   |
| train/                  |            |
|    approx_kl            | 0.01784023 |
|    clip_fraction        | 0.272      |
|    clip_range           | 0.15       |
|    entropy_loss         | -102       |
|    explained_variance   | 0.816      |
|    learning_rate        | 0.0001     |
|    loss                 | -1.03      |
|    n_updates            | 11400      |
|    policy_gradient_loss | -0.0201    |
|    std                  | 213        |
|    value_loss           | 0.0175     |
----------------------------------------
----------------------------------------
| rollout/                |            |
|    ep_len_mean          | 663        |
|    ep_rew_mean          | 5.59e+03   |
| time/                   |            |
|    fps                  | 1482       |
|    iterations           | 762        |
|    time_elapsed         | 33693      |
|    total_timesteps      | 49938432   |
| train/                  |            |
|    approx_kl            | 0.01788636 |
|    clip_fraction        | 0.271      |
|    clip_range           | 0.15       |
|    entropy_loss         | -102       |
|    explained_variance   | 0.829      |
|    learning_rate        | 0.0001     |
|    loss                 | -1.03      |
|    n_updates            | 11415      |
|    policy_gradient_loss | -0.0203    |
|    std                  | 215        |
|    value_loss           | 0.0168     |
----------------------------------------
-----------------------------------------
| rollout/                |             |
|    ep_len_mean          | 650         |
|    ep_rew_mean          | 5.48e+03    |
| time/                   |             |
|    fps                  | 1482        |
|    iterations           | 763         |
|    time_elapsed         | 33738       |
|    total_timesteps      | 50003968    |
| train/                  |             |
|    approx_kl            | 0.017136028 |
|    clip_fraction        | 0.264       |
|    clip_range           | 0.15        |
|    entropy_loss         | -102        |
|    explained_variance   | 0.822       |
|    learning_rate        | 0.0001      |
|    loss                 | -1.02       |
|    n_updates            | 11430       |
|    policy_gradient_loss | -0.0197     |
|    std                  | 217         |
|    value_loss           | 0.015       |
-----------------------------------------
