==== CPU INFO ====
SLURM_CPUS_ON_NODE: 14
SLURM_CPUS_PER_TASK: 8
CPU affinity: [0, 1, 2, 3, 4, 5, 6, 8, 9, 10, 11, 12, 13, 14]
Usable cores: 14
os.cpu_count(): 16
===================
Using cpu device
Logging to runs/humanoidenvdefault_ppo_lr1e-04_seed0_20260108-122018/logs/PPO_1
rollout mean regret: 7.111124038696289
---------------------------------
| rollout/           |          |
|    ep_len_mean     | 22.8     |
|    ep_rew_mean     | 100      |
| time/              |          |
|    fps             | 2131     |
|    iterations      | 1        |
|    time_elapsed    | 30       |
|    total_timesteps | 65536    |
---------------------------------
rollout mean regret: 3.572139024734497
-----------------------------------------
| rollout/                |             |
|    ep_len_mean          | 21.8        |
|    ep_rew_mean          | 95.1        |
| time/                   |             |
|    fps                  | 1807        |
|    iterations           | 2           |
|    time_elapsed         | 72          |
|    total_timesteps      | 131072      |
| train/                  |             |
|    approx_kl            | 0.007660188 |
|    clip_fraction        | 0.157       |
|    clip_range           | 0.15        |
|    entropy_loss         | -24.2       |
|    explained_variance   | -1.24       |
|    learning_rate        | 0.0001      |
|    loss                 | -0.221      |
|    n_updates            | 15          |
|    policy_gradient_loss | -0.0142     |
|    std                  | 1           |
|    value_loss           | 0.133       |
-----------------------------------------
rollout mean regret: 2.0666871070861816
-----------------------------------------
| rollout/                |             |
|    ep_len_mean          | 24          |
|    ep_rew_mean          | 105         |
| time/                   |             |
|    fps                  | 1704        |
|    iterations           | 3           |
|    time_elapsed         | 115         |
|    total_timesteps      | 196608      |
| train/                  |             |
|    approx_kl            | 0.008618506 |
|    clip_fraction        | 0.186       |
|    clip_range           | 0.15        |
|    entropy_loss         | -24.2       |
|    explained_variance   | 0.64        |
|    learning_rate        | 0.0001      |
|    loss                 | -0.231      |
|    n_updates            | 30          |
|    policy_gradient_loss | -0.0202     |
|    std                  | 1.01        |
|    value_loss           | 0.0461      |
-----------------------------------------
rollout mean regret: 1.783435344696045
-----------------------------------------
| rollout/                |             |
|    ep_len_mean          | 28.9        |
|    ep_rew_mean          | 127         |
| time/                   |             |
|    fps                  | 1637        |
|    iterations           | 4           |
|    time_elapsed         | 160         |
|    total_timesteps      | 262144      |
| train/                  |             |
|    approx_kl            | 0.011083653 |
|    clip_fraction        | 0.25        |
|    clip_range           | 0.15        |
|    entropy_loss         | -24.2       |
|    explained_variance   | 0.825       |
|    learning_rate        | 0.0001      |
|    loss                 | -0.209      |
|    n_updates            | 45          |
|    policy_gradient_loss | -0.0284     |
|    std                  | 1.01        |
|    value_loss           | 0.075       |
-----------------------------------------
rollout mean regret: 1.7267872095108032
-----------------------------------------
| rollout/                |             |
|    ep_len_mean          | 30.6        |
|    ep_rew_mean          | 134         |
| time/                   |             |
|    fps                  | 1590        |
|    iterations           | 5           |
|    time_elapsed         | 205         |
|    total_timesteps      | 327680      |
| train/                  |             |
|    approx_kl            | 0.012099335 |
|    clip_fraction        | 0.275       |
|    clip_range           | 0.15        |
|    entropy_loss         | -24.2       |
|    explained_variance   | 0.841       |
|    learning_rate        | 0.0001      |
|    loss                 | -0.17       |
|    n_updates            | 60          |
|    policy_gradient_loss | -0.031      |
|    std                  | 1.01        |
|    value_loss           | 0.109       |
-----------------------------------------
rollout mean regret: 1.71125066280365
-----------------------------------------
| rollout/                |             |
|    ep_len_mean          | 36.4        |
|    ep_rew_mean          | 160         |
| time/                   |             |
|    fps                  | 1566        |
|    iterations           | 6           |
|    time_elapsed         | 250         |
|    total_timesteps      | 393216      |
| train/                  |             |
|    approx_kl            | 0.013022011 |
|    clip_fraction        | 0.291       |
|    clip_range           | 0.15        |
|    entropy_loss         | -24.3       |
|    explained_variance   | 0.842       |
|    learning_rate        | 0.0001      |
|    loss                 | -0.185      |
|    n_updates            | 75          |
|    policy_gradient_loss | -0.0327     |
|    std                  | 1.01        |
|    value_loss           | 0.129       |
-----------------------------------------
rollout mean regret: 1.6012001037597656
-----------------------------------------
| rollout/                |             |
|    ep_len_mean          | 47          |
|    ep_rew_mean          | 208         |
| time/                   |             |
|    fps                  | 1535        |
|    iterations           | 7           |
|    time_elapsed         | 298         |
|    total_timesteps      | 458752      |
| train/                  |             |
|    approx_kl            | 0.012692869 |
|    clip_fraction        | 0.283       |
|    clip_range           | 0.15        |
|    entropy_loss         | -24.3       |
|    explained_variance   | 0.848       |
|    learning_rate        | 0.0001      |
|    loss                 | -0.16       |
|    n_updates            | 90          |
|    policy_gradient_loss | -0.0319     |
|    std                  | 1.01        |
|    value_loss           | 0.132       |
-----------------------------------------
Eval num_timesteps=500000, episode_reward=511.69 +/- 44.65
Episode length: 106.00 +/- 9.19
-----------------------------------------
| eval/                   |             |
|    mean_ep_length       | 106         |
|    mean_reward          | 512         |
| time/                   |             |
|    total_timesteps      | 500000      |
| train/                  |             |
|    approx_kl            | 0.011997266 |
|    clip_fraction        | 0.27        |
|    clip_range           | 0.15        |
|    entropy_loss         | -24.3       |
|    explained_variance   | 0.865       |
|    learning_rate        | 0.0001      |
|    loss                 | -0.169      |
|    n_updates            | 105         |
|    policy_gradient_loss | -0.0307     |
|    std                  | 1.01        |
|    value_loss           | 0.122       |
-----------------------------------------
New best mean reward!
rollout mean regret: 1.3549236059188843
---------------------------------
| rollout/           |          |
|    ep_len_mean     | 50.5     |
|    ep_rew_mean     | 223      |
| time/              |          |
|    fps             | 1508     |
|    iterations      | 8        |
|    time_elapsed    | 347      |
|    total_timesteps | 524288   |
---------------------------------
rollout mean regret: 1.2316935062408447
------------------------------------------
| rollout/                |              |
|    ep_len_mean          | 57.6         |
|    ep_rew_mean          | 256          |
| time/                   |              |
|    fps                  | 1501         |
|    iterations           | 9            |
|    time_elapsed         | 392          |
|    total_timesteps      | 589824       |
| train/                  |              |
|    approx_kl            | 0.0116765965 |
|    clip_fraction        | 0.26         |
|    clip_range           | 0.15         |
|    entropy_loss         | -24.3        |
|    explained_variance   | 0.888        |
|    learning_rate        | 0.0001       |
|    loss                 | -0.182       |
|    n_updates            | 120          |
|    policy_gradient_loss | -0.0294      |
|    std                  | 1.01         |
|    value_loss           | 0.103        |
------------------------------------------
rollout mean regret: 1.0337144136428833
-----------------------------------------
| rollout/                |             |
|    ep_len_mean          | 61.8        |
|    ep_rew_mean          | 275         |
| time/                   |             |
|    fps                  | 1490        |
|    iterations           | 10          |
|    time_elapsed         | 439         |
|    total_timesteps      | 655360      |
| train/                  |             |
|    approx_kl            | 0.011251997 |
|    clip_fraction        | 0.246       |
|    clip_range           | 0.15        |
|    entropy_loss         | -24.3       |
|    explained_variance   | 0.905       |
|    learning_rate        | 0.0001      |
|    loss                 | -0.207      |
|    n_updates            | 135         |
|    policy_gradient_loss | -0.028      |
|    std                  | 1.01        |
|    value_loss           | 0.0831      |
-----------------------------------------
rollout mean regret: 0.817297101020813
-----------------------------------------
| rollout/                |             |
|    ep_len_mean          | 62.5        |
|    ep_rew_mean          | 278         |
| time/                   |             |
|    fps                  | 1483        |
|    iterations           | 11          |
|    time_elapsed         | 485         |
|    total_timesteps      | 720896      |
| train/                  |             |
|    approx_kl            | 0.010997427 |
|    clip_fraction        | 0.238       |
|    clip_range           | 0.15        |
|    entropy_loss         | -24.3       |
|    explained_variance   | 0.923       |
|    learning_rate        | 0.0001      |
|    loss                 | -0.231      |
|    n_updates            | 150         |
|    policy_gradient_loss | -0.0269     |
|    std                  | 1.01        |
|    value_loss           | 0.0687      |
-----------------------------------------
rollout mean regret: 0.6992093324661255
----------------------------------------
| rollout/                |            |
|    ep_len_mean          | 69.1       |
|    ep_rew_mean          | 309        |
| time/                   |            |
|    fps                  | 1470       |
|    iterations           | 12         |
|    time_elapsed         | 534        |
|    total_timesteps      | 786432     |
| train/                  |            |
|    approx_kl            | 0.01053726 |
|    clip_fraction        | 0.226      |
|    clip_range           | 0.15       |
|    entropy_loss         | -24.3      |
|    explained_variance   | 0.94       |
|    learning_rate        | 0.0001     |
|    loss                 | -0.223     |
|    n_updates            | 165        |
|    policy_gradient_loss | -0.0255    |
|    std                  | 1.01       |
|    value_loss           | 0.0545     |
----------------------------------------
rollout mean regret: 0.6560788154602051
-----------------------------------------
| rollout/                |             |
|    ep_len_mean          | 75.5        |
|    ep_rew_mean          | 337         |
| time/                   |             |
|    fps                  | 1467        |
|    iterations           | 13          |
|    time_elapsed         | 580         |
|    total_timesteps      | 851968      |
| train/                  |             |
|    approx_kl            | 0.010626289 |
|    clip_fraction        | 0.221       |
|    clip_range           | 0.15        |
|    entropy_loss         | -24.4       |
|    explained_variance   | 0.95        |
|    learning_rate        | 0.0001      |
|    loss                 | -0.236      |
|    n_updates            | 180         |
|    policy_gradient_loss | -0.0247     |
|    std                  | 1.01        |
|    value_loss           | 0.0456      |
-----------------------------------------
rollout mean regret: 0.6320042014122009
-----------------------------------------
| rollout/                |             |
|    ep_len_mean          | 75.6        |
|    ep_rew_mean          | 338         |
| time/                   |             |
|    fps                  | 1459        |
|    iterations           | 14          |
|    time_elapsed         | 628         |
|    total_timesteps      | 917504      |
| train/                  |             |
|    approx_kl            | 0.010339787 |
|    clip_fraction        | 0.217       |
|    clip_range           | 0.15        |
|    entropy_loss         | -24.4       |
|    explained_variance   | 0.952       |
|    learning_rate        | 0.0001      |
|    loss                 | -0.242      |
|    n_updates            | 195         |
|    policy_gradient_loss | -0.0237     |
|    std                  | 1.02        |
|    value_loss           | 0.0438      |
-----------------------------------------
rollout mean regret: 0.557555615901947
-----------------------------------------
| rollout/                |             |
|    ep_len_mean          | 75          |
|    ep_rew_mean          | 335         |
| time/                   |             |
|    fps                  | 1450        |
|    iterations           | 15          |
|    time_elapsed         | 677         |
|    total_timesteps      | 983040      |
| train/                  |             |
|    approx_kl            | 0.010586078 |
|    clip_fraction        | 0.216       |
|    clip_range           | 0.15        |
|    entropy_loss         | -24.4       |
|    explained_variance   | 0.957       |
|    learning_rate        | 0.0001      |
|    loss                 | -0.231      |
|    n_updates            | 210         |
|    policy_gradient_loss | -0.0236     |
|    std                  | 1.02        |
|    value_loss           | 0.0394      |
-----------------------------------------
Eval num_timesteps=1000000, episode_reward=492.94 +/- 63.23
Episode length: 102.80 +/- 13.15
-----------------------------------------
| eval/                   |             |
|    mean_ep_length       | 103         |
|    mean_reward          | 493         |
| time/                   |             |
|    total_timesteps      | 1000000     |
| train/                  |             |
|    approx_kl            | 0.010435304 |
|    clip_fraction        | 0.215       |
|    clip_range           | 0.15        |
|    entropy_loss         | -24.4       |
|    explained_variance   | 0.961       |
|    learning_rate        | 0.0001      |
|    loss                 | -0.249      |
|    n_updates            | 225         |
|    policy_gradient_loss | -0.0228     |
|    std                  | 1.02        |
|    value_loss           | 0.0356      |
-----------------------------------------
rollout mean regret: 0.5292888283729553
---------------------------------
| rollout/           |          |
|    ep_len_mean     | 81.7     |
|    ep_rew_mean     | 366      |
| time/              |          |
|    fps             | 1441     |
|    iterations      | 16       |
|    time_elapsed    | 727      |
|    total_timesteps | 1048576  |
---------------------------------
rollout mean regret: 0.5506014823913574
-----------------------------------------
| rollout/                |             |
|    ep_len_mean          | 80          |
|    ep_rew_mean          | 358         |
| time/                   |             |
|    fps                  | 1435        |
|    iterations           | 17          |
|    time_elapsed         | 775         |
|    total_timesteps      | 1114112     |
| train/                  |             |
|    approx_kl            | 0.010728061 |
|    clip_fraction        | 0.218       |
|    clip_range           | 0.15        |
|    entropy_loss         | -24.5       |
|    explained_variance   | 0.962       |
|    learning_rate        | 0.0001      |
|    loss                 | -0.241      |
|    n_updates            | 240         |
|    policy_gradient_loss | -0.0225     |
|    std                  | 1.02        |
|    value_loss           | 0.0338      |
-----------------------------------------
rollout mean regret: 0.5311484336853027
-----------------------------------------
| rollout/                |             |
|    ep_len_mean          | 82          |
|    ep_rew_mean          | 368         |
| time/                   |             |
|    fps                  | 1428        |
|    iterations           | 18          |
|    time_elapsed         | 825         |
|    total_timesteps      | 1179648     |
| train/                  |             |
|    approx_kl            | 0.010758762 |
|    clip_fraction        | 0.215       |
|    clip_range           | 0.15        |
|    entropy_loss         | -24.5       |
|    explained_variance   | 0.963       |
|    learning_rate        | 0.0001      |
|    loss                 | -0.248      |
|    n_updates            | 255         |
|    policy_gradient_loss | -0.0225     |
|    std                  | 1.03        |
|    value_loss           | 0.0327      |
-----------------------------------------
rollout mean regret: 0.48199689388275146
-----------------------------------------
| rollout/                |             |
|    ep_len_mean          | 85          |
|    ep_rew_mean          | 381         |
| time/                   |             |
|    fps                  | 1423        |
|    iterations           | 19          |
|    time_elapsed         | 875         |
|    total_timesteps      | 1245184     |
| train/                  |             |
|    approx_kl            | 0.010907337 |
|    clip_fraction        | 0.222       |
|    clip_range           | 0.15        |
|    entropy_loss         | -24.6       |
|    explained_variance   | 0.965       |
|    learning_rate        | 0.0001      |
|    loss                 | -0.25       |
|    n_updates            | 270         |
|    policy_gradient_loss | -0.0229     |
|    std                  | 1.03        |
|    value_loss           | 0.0309      |
-----------------------------------------
rollout mean regret: 0.5114647150039673
-----------------------------------------
| rollout/                |             |
|    ep_len_mean          | 84.9        |
|    ep_rew_mean          | 380         |
| time/                   |             |
|    fps                  | 1419        |
|    iterations           | 20          |
|    time_elapsed         | 923         |
|    total_timesteps      | 1310720     |
| train/                  |             |
|    approx_kl            | 0.010997211 |
|    clip_fraction        | 0.223       |
|    clip_range           | 0.15        |
|    entropy_loss         | -24.6       |
|    explained_variance   | 0.967       |
|    learning_rate        | 0.0001      |
|    loss                 | -0.251      |
|    n_updates            | 285         |
|    policy_gradient_loss | -0.0225     |
|    std                  | 1.03        |
|    value_loss           | 0.0288      |
-----------------------------------------
rollout mean regret: 0.48092472553253174
-----------------------------------------
| rollout/                |             |
|    ep_len_mean          | 84.6        |
|    ep_rew_mean          | 380         |
| time/                   |             |
|    fps                  | 1414        |
|    iterations           | 21          |
|    time_elapsed         | 973         |
|    total_timesteps      | 1376256     |
| train/                  |             |
|    approx_kl            | 0.010993633 |
|    clip_fraction        | 0.22        |
|    clip_range           | 0.15        |
|    entropy_loss         | -24.6       |
|    explained_variance   | 0.967       |
|    learning_rate        | 0.0001      |
|    loss                 | -0.252      |
|    n_updates            | 300         |
|    policy_gradient_loss | -0.0223     |
|    std                  | 1.03        |
|    value_loss           | 0.0278      |
-----------------------------------------
rollout mean regret: 0.5027415752410889
-----------------------------------------
| rollout/                |             |
|    ep_len_mean          | 89.9        |
|    ep_rew_mean          | 404         |
| time/                   |             |
|    fps                  | 1410        |
|    iterations           | 22          |
|    time_elapsed         | 1022        |
|    total_timesteps      | 1441792     |
| train/                  |             |
|    approx_kl            | 0.010900425 |
|    clip_fraction        | 0.219       |
|    clip_range           | 0.15        |
|    entropy_loss         | -24.7       |
|    explained_variance   | 0.969       |
|    learning_rate        | 0.0001      |
|    loss                 | -0.257      |
|    n_updates            | 315         |
|    policy_gradient_loss | -0.0215     |
|    std                  | 1.03        |
|    value_loss           | 0.0261      |
-----------------------------------------
Eval num_timesteps=1500000, episode_reward=510.56 +/- 83.77
Episode length: 106.80 +/- 17.43
-----------------------------------------
| eval/                   |             |
|    mean_ep_length       | 107         |
|    mean_reward          | 511         |
| time/                   |             |
|    total_timesteps      | 1500000     |
| train/                  |             |
|    approx_kl            | 0.011347985 |
|    clip_fraction        | 0.226       |
|    clip_range           | 0.15        |
|    entropy_loss         | -24.7       |
|    explained_variance   | 0.97        |
|    learning_rate        | 0.0001      |
|    loss                 | -0.25       |
|    n_updates            | 330         |
|    policy_gradient_loss | -0.022      |
|    std                  | 1.04        |
|    value_loss           | 0.0244      |
-----------------------------------------
rollout mean regret: 0.4923669695854187
---------------------------------
| rollout/           |          |
|    ep_len_mean     | 91.6     |
|    ep_rew_mean     | 411      |
| time/              |          |
|    fps             | 1404     |
|    iterations      | 23       |
|    time_elapsed    | 1073     |
|    total_timesteps | 1507328  |
---------------------------------
rollout mean regret: 0.4870898127555847
-----------------------------------------
| rollout/                |             |
|    ep_len_mean          | 88.9        |
|    ep_rew_mean          | 400         |
| time/                   |             |
|    fps                  | 1402        |
|    iterations           | 24          |
|    time_elapsed         | 1121        |
|    total_timesteps      | 1572864     |
| train/                  |             |
|    approx_kl            | 0.011357497 |
|    clip_fraction        | 0.227       |
|    clip_range           | 0.15        |
|    entropy_loss         | -24.8       |
|    explained_variance   | 0.971       |
|    learning_rate        | 0.0001      |
|    loss                 | -0.259      |
|    n_updates            | 345         |
|    policy_gradient_loss | -0.0219     |
|    std                  | 1.04        |
|    value_loss           | 0.0238      |
-----------------------------------------
rollout mean regret: 0.4495205581188202
-----------------------------------------
| rollout/                |             |
|    ep_len_mean          | 90.6        |
|    ep_rew_mean          | 407         |
| time/                   |             |
|    fps                  | 1399        |
|    iterations           | 25          |
|    time_elapsed         | 1170        |
|    total_timesteps      | 1638400     |
| train/                  |             |
|    approx_kl            | 0.011612079 |
|    clip_fraction        | 0.23        |
|    clip_range           | 0.15        |
|    entropy_loss         | -24.8       |
|    explained_variance   | 0.971       |
|    learning_rate        | 0.0001      |
|    loss                 | -0.257      |
|    n_updates            | 360         |
|    policy_gradient_loss | -0.0224     |
|    std                  | 1.04        |
|    value_loss           | 0.0229      |
-----------------------------------------
rollout mean regret: 0.4525693655014038
-----------------------------------------
| rollout/                |             |
|    ep_len_mean          | 90.3        |
|    ep_rew_mean          | 406         |
| time/                   |             |
|    fps                  | 1395        |
|    iterations           | 26          |
|    time_elapsed         | 1220        |
|    total_timesteps      | 1703936     |
| train/                  |             |
|    approx_kl            | 0.011821834 |
|    clip_fraction        | 0.236       |
|    clip_range           | 0.15        |
|    entropy_loss         | -24.8       |
|    explained_variance   | 0.973       |
|    learning_rate        | 0.0001      |
|    loss                 | -0.254      |
|    n_updates            | 375         |
|    policy_gradient_loss | -0.0223     |
|    std                  | 1.05        |
|    value_loss           | 0.0224      |
-----------------------------------------
rollout mean regret: 0.48150375485420227
-----------------------------------------
| rollout/                |             |
|    ep_len_mean          | 95.8        |
|    ep_rew_mean          | 431         |
| time/                   |             |
|    fps                  | 1393        |
|    iterations           | 27          |
|    time_elapsed         | 1269        |
|    total_timesteps      | 1769472     |
| train/                  |             |
|    approx_kl            | 0.011715975 |
|    clip_fraction        | 0.236       |
|    clip_range           | 0.15        |
|    entropy_loss         | -24.9       |
|    explained_variance   | 0.973       |
|    learning_rate        | 0.0001      |
|    loss                 | -0.273      |
|    n_updates            | 390         |
|    policy_gradient_loss | -0.0225     |
|    std                  | 1.05        |
|    value_loss           | 0.0212      |
-----------------------------------------
rollout mean regret: 0.4611935317516327
-----------------------------------------
| rollout/                |             |
|    ep_len_mean          | 92.1        |
|    ep_rew_mean          | 414         |
| time/                   |             |
|    fps                  | 1391        |
|    iterations           | 28          |
|    time_elapsed         | 1318        |
|    total_timesteps      | 1835008     |
| train/                  |             |
|    approx_kl            | 0.012315856 |
|    clip_fraction        | 0.244       |
|    clip_range           | 0.15        |
|    entropy_loss         | -24.9       |
|    explained_variance   | 0.974       |
|    learning_rate        | 0.0001      |
|    loss                 | -0.256      |
|    n_updates            | 405         |
|    policy_gradient_loss | -0.0231     |
|    std                  | 1.05        |
|    value_loss           | 0.0202      |
-----------------------------------------
rollout mean regret: 0.4565672278404236
-----------------------------------------
| rollout/                |             |
|    ep_len_mean          | 94.7        |
|    ep_rew_mean          | 425         |
| time/                   |             |
|    fps                  | 1390        |
|    iterations           | 29          |
|    time_elapsed         | 1366        |
|    total_timesteps      | 1900544     |
| train/                  |             |
|    approx_kl            | 0.011894201 |
|    clip_fraction        | 0.239       |
|    clip_range           | 0.15        |
|    entropy_loss         | -25         |
|    explained_variance   | 0.974       |
|    learning_rate        | 0.0001      |
|    loss                 | -0.262      |
|    n_updates            | 420         |
|    policy_gradient_loss | -0.0222     |
|    std                  | 1.05        |
|    value_loss           | 0.0195      |
-----------------------------------------
rollout mean regret: 0.4448583722114563
------------------------------------------
| rollout/                |              |
|    ep_len_mean          | 101          |
|    ep_rew_mean          | 453          |
| time/                   |              |
|    fps                  | 1388         |
|    iterations           | 30           |
|    time_elapsed         | 1415         |
|    total_timesteps      | 1966080      |
| train/                  |              |
|    approx_kl            | 0.0120341545 |
|    clip_fraction        | 0.238        |
|    clip_range           | 0.15         |
|    entropy_loss         | -25          |
|    explained_variance   | 0.975        |
|    learning_rate        | 0.0001       |
|    loss                 | -0.263       |
|    n_updates            | 435          |
|    policy_gradient_loss | -0.0223      |
|    std                  | 1.06         |
|    value_loss           | 0.019        |
------------------------------------------
Eval num_timesteps=2000000, episode_reward=573.35 +/- 141.38
Episode length: 121.00 +/- 29.74
-----------------------------------------
| eval/                   |             |
|    mean_ep_length       | 121         |
|    mean_reward          | 573         |
| time/                   |             |
|    total_timesteps      | 2000000     |
| train/                  |             |
|    approx_kl            | 0.012001341 |
|    clip_fraction        | 0.239       |
|    clip_range           | 0.15        |
|    entropy_loss         | -25.1       |
|    explained_variance   | 0.976       |
|    learning_rate        | 0.0001      |
|    loss                 | -0.262      |
|    n_updates            | 450         |
|    policy_gradient_loss | -0.022      |
|    std                  | 1.06        |
|    value_loss           | 0.0185      |
-----------------------------------------
New best mean reward!
rollout mean regret: 0.46017199754714966
---------------------------------
| rollout/           |          |
|    ep_len_mean     | 95.8     |
|    ep_rew_mean     | 430      |
| time/              |          |
|    fps             | 1388     |
|    iterations      | 31       |
|    time_elapsed    | 1463     |
|    total_timesteps | 2031616  |
---------------------------------
rollout mean regret: 0.4349296987056732
-----------------------------------------
| rollout/                |             |
|    ep_len_mean          | 101         |
|    ep_rew_mean          | 456         |
| time/                   |             |
|    fps                  | 1388        |
|    iterations           | 32          |
|    time_elapsed         | 1510        |
|    total_timesteps      | 2097152     |
| train/                  |             |
|    approx_kl            | 0.012351267 |
|    clip_fraction        | 0.243       |
|    clip_range           | 0.15        |
|    entropy_loss         | -25.1       |
|    explained_variance   | 0.977       |
|    learning_rate        | 0.0001      |
|    loss                 | -0.268      |
|    n_updates            | 465         |
|    policy_gradient_loss | -0.0224     |
|    std                  | 1.06        |
|    value_loss           | 0.0181      |
-----------------------------------------
rollout mean regret: 0.45261693000793457
-----------------------------------------
| rollout/                |             |
|    ep_len_mean          | 105         |
|    ep_rew_mean          | 475         |
| time/                   |             |
|    fps                  | 1385        |
|    iterations           | 33          |
|    time_elapsed         | 1560        |
|    total_timesteps      | 2162688     |
| train/                  |             |
|    approx_kl            | 0.012406718 |
|    clip_fraction        | 0.244       |
|    clip_range           | 0.15        |
|    entropy_loss         | -25.2       |
|    explained_variance   | 0.977       |
|    learning_rate        | 0.0001      |
|    loss                 | -0.259      |
|    n_updates            | 480         |
|    policy_gradient_loss | -0.0222     |
|    std                  | 1.07        |
|    value_loss           | 0.0178      |
-----------------------------------------
rollout mean regret: 0.4633273184299469
-----------------------------------------
| rollout/                |             |
|    ep_len_mean          | 102         |
|    ep_rew_mean          | 460         |
| time/                   |             |
|    fps                  | 1384        |
|    iterations           | 34          |
|    time_elapsed         | 1609        |
|    total_timesteps      | 2228224     |
| train/                  |             |
|    approx_kl            | 0.012280884 |
|    clip_fraction        | 0.243       |
|    clip_range           | 0.15        |
|    entropy_loss         | -25.2       |
|    explained_variance   | 0.977       |
|    learning_rate        | 0.0001      |
|    loss                 | -0.262      |
|    n_updates            | 495         |
|    policy_gradient_loss | -0.0223     |
|    std                  | 1.07        |
|    value_loss           | 0.0178      |
-----------------------------------------
rollout mean regret: 0.4286740720272064
-----------------------------------------
| rollout/                |             |
|    ep_len_mean          | 99.2        |
|    ep_rew_mean          | 446         |
| time/                   |             |
|    fps                  | 1384        |
|    iterations           | 35          |
|    time_elapsed         | 1657        |
|    total_timesteps      | 2293760     |
| train/                  |             |
|    approx_kl            | 0.012321619 |
|    clip_fraction        | 0.243       |
|    clip_range           | 0.15        |
|    entropy_loss         | -25.2       |
|    explained_variance   | 0.977       |
|    learning_rate        | 0.0001      |
|    loss                 | -0.255      |
|    n_updates            | 510         |
|    policy_gradient_loss | -0.0216     |
|    std                  | 1.07        |
|    value_loss           | 0.0181      |
-----------------------------------------
rollout mean regret: 0.42972421646118164
-----------------------------------------
| rollout/                |             |
|    ep_len_mean          | 103         |
|    ep_rew_mean          | 465         |
| time/                   |             |
|    fps                  | 1383        |
|    iterations           | 36          |
|    time_elapsed         | 1705        |
|    total_timesteps      | 2359296     |
| train/                  |             |
|    approx_kl            | 0.012394257 |
|    clip_fraction        | 0.242       |
|    clip_range           | 0.15        |
|    entropy_loss         | -25.3       |
|    explained_variance   | 0.977       |
|    learning_rate        | 0.0001      |
|    loss                 | -0.249      |
|    n_updates            | 525         |
|    policy_gradient_loss | -0.0221     |
|    std                  | 1.07        |
|    value_loss           | 0.0183      |
-----------------------------------------
rollout mean regret: 0.418759822845459
------------------------------------------
| rollout/                |              |
|    ep_len_mean          | 104          |
|    ep_rew_mean          | 468          |
| time/                   |              |
|    fps                  | 1383         |
|    iterations           | 37           |
|    time_elapsed         | 1752         |
|    total_timesteps      | 2424832      |
| train/                  |              |
|    approx_kl            | 0.0128076505 |
|    clip_fraction        | 0.249        |
|    clip_range           | 0.15         |
|    entropy_loss         | -25.3        |
|    explained_variance   | 0.978        |
|    learning_rate        | 0.0001       |
|    loss                 | -0.268       |
|    n_updates            | 540          |
|    policy_gradient_loss | -0.0226      |
|    std                  | 1.08         |
|    value_loss           | 0.0169       |
------------------------------------------
rollout mean regret: 0.463378369808197
-----------------------------------------
| rollout/                |             |
|    ep_len_mean          | 107         |
|    ep_rew_mean          | 480         |
| time/                   |             |
|    fps                  | 1382        |
|    iterations           | 38          |
|    time_elapsed         | 1801        |
|    total_timesteps      | 2490368     |
| train/                  |             |
|    approx_kl            | 0.012568912 |
|    clip_fraction        | 0.252       |
|    clip_range           | 0.15        |
|    entropy_loss         | -25.3       |
|    explained_variance   | 0.978       |
|    learning_rate        | 0.0001      |
|    loss                 | -0.273      |
|    n_updates            | 555         |
|    policy_gradient_loss | -0.0222     |
|    std                  | 1.08        |
|    value_loss           | 0.017       |
-----------------------------------------
Eval num_timesteps=2500000, episode_reward=587.10 +/- 192.27
Episode length: 124.20 +/- 40.41
-----------------------------------------
| eval/                   |             |
|    mean_ep_length       | 124         |
|    mean_reward          | 587         |
| time/                   |             |
|    total_timesteps      | 2500000     |
| train/                  |             |
|    approx_kl            | 0.012459293 |
|    clip_fraction        | 0.247       |
|    clip_range           | 0.15        |
|    entropy_loss         | -25.4       |
|    explained_variance   | 0.978       |
|    learning_rate        | 0.0001      |
|    loss                 | -0.266      |
|    n_updates            | 570         |
|    policy_gradient_loss | -0.0217     |
|    std                  | 1.08        |
|    value_loss           | 0.0169      |
-----------------------------------------
New best mean reward!
rollout mean regret: 0.4412882924079895
---------------------------------
| rollout/           |          |
|    ep_len_mean     | 108      |
|    ep_rew_mean     | 489      |
| time/              |          |
|    fps             | 1380     |
|    iterations      | 39       |
|    time_elapsed    | 1851     |
|    total_timesteps | 2555904  |
---------------------------------
rollout mean regret: 0.42885100841522217
-----------------------------------------
| rollout/                |             |
|    ep_len_mean          | 110         |
|    ep_rew_mean          | 494         |
| time/                   |             |
|    fps                  | 1380        |
|    iterations           | 40          |
|    time_elapsed         | 1899        |
|    total_timesteps      | 2621440     |
| train/                  |             |
|    approx_kl            | 0.012779223 |
|    clip_fraction        | 0.251       |
|    clip_range           | 0.15        |
|    entropy_loss         | -25.4       |
|    explained_variance   | 0.979       |
|    learning_rate        | 0.0001      |
|    loss                 | -0.271      |
|    n_updates            | 585         |
|    policy_gradient_loss | -0.0223     |
|    std                  | 1.08        |
|    value_loss           | 0.0161      |
-----------------------------------------
rollout mean regret: 0.4488483667373657
-----------------------------------------
| rollout/                |             |
|    ep_len_mean          | 107         |
|    ep_rew_mean          | 481         |
| time/                   |             |
|    fps                  | 1378        |
|    iterations           | 41          |
|    time_elapsed         | 1949        |
|    total_timesteps      | 2686976     |
| train/                  |             |
|    approx_kl            | 0.012856202 |
|    clip_fraction        | 0.252       |
|    clip_range           | 0.15        |
|    entropy_loss         | -25.4       |
|    explained_variance   | 0.98        |
|    learning_rate        | 0.0001      |
|    loss                 | -0.276      |
|    n_updates            | 600         |
|    policy_gradient_loss | -0.0224     |
|    std                  | 1.08        |
|    value_loss           | 0.0155      |
-----------------------------------------
rollout mean regret: 0.4514020085334778
-----------------------------------------
| rollout/                |             |
|    ep_len_mean          | 108         |
|    ep_rew_mean          | 488         |
| time/                   |             |
|    fps                  | 1376        |
|    iterations           | 42          |
|    time_elapsed         | 1999        |
|    total_timesteps      | 2752512     |
| train/                  |             |
|    approx_kl            | 0.012830435 |
|    clip_fraction        | 0.253       |
|    clip_range           | 0.15        |
|    entropy_loss         | -25.5       |
|    explained_variance   | 0.979       |
|    learning_rate        | 0.0001      |
|    loss                 | -0.269      |
|    n_updates            | 615         |
|    policy_gradient_loss | -0.0219     |
|    std                  | 1.09        |
|    value_loss           | 0.0163      |
-----------------------------------------
rollout mean regret: 0.4437278211116791
------------------------------------------
| rollout/                |              |
|    ep_len_mean          | 118          |
|    ep_rew_mean          | 532          |
| time/                   |              |
|    fps                  | 1375         |
|    iterations           | 43           |
|    time_elapsed         | 2048         |
|    total_timesteps      | 2818048      |
| train/                  |              |
|    approx_kl            | 0.0132273305 |
|    clip_fraction        | 0.258        |
|    clip_range           | 0.15         |
|    entropy_loss         | -25.5        |
|    explained_variance   | 0.979        |
|    learning_rate        | 0.0001       |
|    loss                 | -0.268       |
|    n_updates            | 630          |
|    policy_gradient_loss | -0.0222      |
|    std                  | 1.09         |
|    value_loss           | 0.0162       |
------------------------------------------
rollout mean regret: 0.4333188533782959
-----------------------------------------
| rollout/                |             |
|    ep_len_mean          | 115         |
|    ep_rew_mean          | 518         |
| time/                   |             |
|    fps                  | 1374        |
|    iterations           | 44          |
|    time_elapsed         | 2097        |
|    total_timesteps      | 2883584     |
| train/                  |             |
|    approx_kl            | 0.013268923 |
|    clip_fraction        | 0.258       |
|    clip_range           | 0.15        |
|    entropy_loss         | -25.6       |
|    explained_variance   | 0.98        |
|    learning_rate        | 0.0001      |
|    loss                 | -0.281      |
|    n_updates            | 645         |
|    policy_gradient_loss | -0.0223     |
|    std                  | 1.09        |
|    value_loss           | 0.0153      |
-----------------------------------------
rollout mean regret: 0.43127548694610596
-----------------------------------------
| rollout/                |             |
|    ep_len_mean          | 111         |
|    ep_rew_mean          | 498         |
| time/                   |             |
|    fps                  | 1373        |
|    iterations           | 45          |
|    time_elapsed         | 2147        |
|    total_timesteps      | 2949120     |
| train/                  |             |
|    approx_kl            | 0.012997424 |
|    clip_fraction        | 0.253       |
|    clip_range           | 0.15        |
|    entropy_loss         | -25.6       |
|    explained_variance   | 0.98        |
|    learning_rate        | 0.0001      |
|    loss                 | -0.275      |
|    n_updates            | 660         |
|    policy_gradient_loss | -0.022      |
|    std                  | 1.1         |
|    value_loss           | 0.0153      |
-----------------------------------------
Eval num_timesteps=3000000, episode_reward=592.44 +/- 97.40
Episode length: 125.20 +/- 20.47
-----------------------------------------
| eval/                   |             |
|    mean_ep_length       | 125         |
|    mean_reward          | 592         |
| time/                   |             |
|    total_timesteps      | 3000000     |
| train/                  |             |
|    approx_kl            | 0.013432082 |
|    clip_fraction        | 0.259       |
|    clip_range           | 0.15        |
|    entropy_loss         | -25.7       |
|    explained_variance   | 0.981       |
|    learning_rate        | 0.0001      |
|    loss                 | -0.273      |
|    n_updates            | 675         |
|    policy_gradient_loss | -0.0221     |
|    std                  | 1.1         |
|    value_loss           | 0.0147      |
-----------------------------------------
New best mean reward!
rollout mean regret: 0.43581995368003845
---------------------------------
| rollout/           |          |
|    ep_len_mean     | 118      |
|    ep_rew_mean     | 534      |
| time/              |          |
|    fps             | 1372     |
|    iterations      | 46       |
|    time_elapsed    | 2196     |
|    total_timesteps | 3014656  |
---------------------------------
rollout mean regret: 0.42655646800994873
-----------------------------------------
| rollout/                |             |
|    ep_len_mean          | 118         |
|    ep_rew_mean          | 532         |
| time/                   |             |
|    fps                  | 1370        |
|    iterations           | 47          |
|    time_elapsed         | 2247        |
|    total_timesteps      | 3080192     |
| train/                  |             |
|    approx_kl            | 0.013447749 |
|    clip_fraction        | 0.262       |
|    clip_range           | 0.15        |
|    entropy_loss         | -25.7       |
|    explained_variance   | 0.98        |
|    learning_rate        | 0.0001      |
|    loss                 | -0.278      |
|    n_updates            | 690         |
|    policy_gradient_loss | -0.0221     |
|    std                  | 1.1         |
|    value_loss           | 0.0156      |
-----------------------------------------
rollout mean regret: 0.43902409076690674
------------------------------------------
| rollout/                |              |
|    ep_len_mean          | 122          |
|    ep_rew_mean          | 549          |
| time/                   |              |
|    fps                  | 1369         |
|    iterations           | 48           |
|    time_elapsed         | 2297         |
|    total_timesteps      | 3145728      |
| train/                  |              |
|    approx_kl            | 0.0134578915 |
|    clip_fraction        | 0.262        |
|    clip_range           | 0.15         |
|    entropy_loss         | -25.7        |
|    explained_variance   | 0.981        |
|    learning_rate        | 0.0001       |
|    loss                 | -0.261       |
|    n_updates            | 705          |
|    policy_gradient_loss | -0.0228      |
|    std                  | 1.1          |
|    value_loss           | 0.0154       |
------------------------------------------
rollout mean regret: 0.43286269903182983
------------------------------------------
| rollout/                |              |
|    ep_len_mean          | 121          |
|    ep_rew_mean          | 546          |
| time/                   |              |
|    fps                  | 1368         |
|    iterations           | 49           |
|    time_elapsed         | 2346         |
|    total_timesteps      | 3211264      |
| train/                  |              |
|    approx_kl            | 0.0135526955 |
|    clip_fraction        | 0.263        |
|    clip_range           | 0.15         |
|    entropy_loss         | -25.8        |
|    explained_variance   | 0.98         |
|    learning_rate        | 0.0001       |
|    loss                 | -0.281       |
|    n_updates            | 720          |
|    policy_gradient_loss | -0.0221      |
|    std                  | 1.11         |
|    value_loss           | 0.0157       |
------------------------------------------
rollout mean regret: 0.43155157566070557
--------------------------------------
| rollout/                |          |
|    ep_len_mean          | 123      |
|    ep_rew_mean          | 554      |
| time/                   |          |
|    fps                  | 1369     |
|    iterations           | 50       |
|    time_elapsed         | 2392     |
|    total_timesteps      | 3276800  |
| train/                  |          |
|    approx_kl            | 0.013362 |
|    clip_fraction        | 0.259    |
|    clip_range           | 0.15     |
|    entropy_loss         | -25.8    |
|    explained_variance   | 0.98     |
|    learning_rate        | 0.0001   |
|    loss                 | -0.279   |
|    n_updates            | 735      |
|    policy_gradient_loss | -0.0222  |
|    std                  | 1.11     |
|    value_loss           | 0.0156   |
--------------------------------------
rollout mean regret: 0.4396240711212158
----------------------------------------
| rollout/                |            |
|    ep_len_mean          | 124        |
|    ep_rew_mean          | 560        |
| time/                   |            |
|    fps                  | 1367       |
|    iterations           | 51         |
|    time_elapsed         | 2443       |
|    total_timesteps      | 3342336    |
| train/                  |            |
|    approx_kl            | 0.01372721 |
|    clip_fraction        | 0.264      |
|    clip_range           | 0.15       |
|    entropy_loss         | -25.9      |
|    explained_variance   | 0.98       |
|    learning_rate        | 0.0001     |
|    loss                 | -0.285     |
|    n_updates            | 750        |
|    policy_gradient_loss | -0.0223    |
|    std                  | 1.11       |
|    value_loss           | 0.0158     |
----------------------------------------
rollout mean regret: 0.4567139446735382
-----------------------------------------
| rollout/                |             |
|    ep_len_mean          | 127         |
|    ep_rew_mean          | 571         |
| time/                   |             |
|    fps                  | 1366        |
|    iterations           | 52          |
|    time_elapsed         | 2493        |
|    total_timesteps      | 3407872     |
| train/                  |             |
|    approx_kl            | 0.014041911 |
|    clip_fraction        | 0.271       |
|    clip_range           | 0.15        |
|    entropy_loss         | -25.9       |
|    explained_variance   | 0.979       |
|    learning_rate        | 0.0001      |
|    loss                 | -0.275      |
|    n_updates            | 765         |
|    policy_gradient_loss | -0.0226     |
|    std                  | 1.11        |
|    value_loss           | 0.0164      |
-----------------------------------------
rollout mean regret: 0.4510861039161682
-----------------------------------------
| rollout/                |             |
|    ep_len_mean          | 128         |
|    ep_rew_mean          | 577         |
| time/                   |             |
|    fps                  | 1366        |
|    iterations           | 53          |
|    time_elapsed         | 2542        |
|    total_timesteps      | 3473408     |
| train/                  |             |
|    approx_kl            | 0.013694735 |
|    clip_fraction        | 0.267       |
|    clip_range           | 0.15        |
|    entropy_loss         | -25.9       |
|    explained_variance   | 0.979       |
|    learning_rate        | 0.0001      |
|    loss                 | -0.277      |
|    n_updates            | 780         |
|    policy_gradient_loss | -0.0223     |
|    std                  | 1.12        |
|    value_loss           | 0.0162      |
-----------------------------------------
Eval num_timesteps=3500000, episode_reward=700.56 +/- 126.87
Episode length: 148.40 +/- 26.35
-----------------------------------------
| eval/                   |             |
|    mean_ep_length       | 148         |
|    mean_reward          | 701         |
| time/                   |             |
|    total_timesteps      | 3500000     |
| train/                  |             |
|    approx_kl            | 0.013971252 |
|    clip_fraction        | 0.268       |
|    clip_range           | 0.15        |
|    entropy_loss         | -26         |
|    explained_variance   | 0.979       |
|    learning_rate        | 0.0001      |
|    loss                 | -0.257      |
|    n_updates            | 795         |
|    policy_gradient_loss | -0.0229     |
|    std                  | 1.12        |
|    value_loss           | 0.0161      |
-----------------------------------------
New best mean reward!
rollout mean regret: 0.4577617347240448
---------------------------------
| rollout/           |          |
|    ep_len_mean     | 135      |
|    ep_rew_mean     | 609      |
| time/              |          |
|    fps             | 1364     |
|    iterations      | 54       |
|    time_elapsed    | 2592     |
|    total_timesteps | 3538944  |
---------------------------------
rollout mean regret: 0.4620681405067444
----------------------------------------
| rollout/                |            |
|    ep_len_mean          | 134        |
|    ep_rew_mean          | 603        |
| time/                   |            |
|    fps                  | 1365       |
|    iterations           | 55         |
|    time_elapsed         | 2640       |
|    total_timesteps      | 3604480    |
| train/                  |            |
|    approx_kl            | 0.01400958 |
|    clip_fraction        | 0.269      |
|    clip_range           | 0.15       |
|    entropy_loss         | -26        |
|    explained_variance   | 0.979      |
|    learning_rate        | 0.0001     |
|    loss                 | -0.264     |
|    n_updates            | 810        |
|    policy_gradient_loss | -0.0225    |
|    std                  | 1.12       |
|    value_loss           | 0.0164     |
----------------------------------------
rollout mean regret: 0.44743379950523376
-----------------------------------------
| rollout/                |             |
|    ep_len_mean          | 139         |
|    ep_rew_mean          | 627         |
| time/                   |             |
|    fps                  | 1364        |
|    iterations           | 56          |
|    time_elapsed         | 2689        |
|    total_timesteps      | 3670016     |
| train/                  |             |
|    approx_kl            | 0.014053038 |
|    clip_fraction        | 0.267       |
|    clip_range           | 0.15        |
|    entropy_loss         | -26.1       |
|    explained_variance   | 0.979       |
|    learning_rate        | 0.0001      |
|    loss                 | -0.272      |
|    n_updates            | 825         |
|    policy_gradient_loss | -0.0224     |
|    std                  | 1.13        |
|    value_loss           | 0.0164      |
-----------------------------------------
rollout mean regret: 0.4716317653656006
----------------------------------------
| rollout/                |            |
|    ep_len_mean          | 140        |
|    ep_rew_mean          | 633        |
| time/                   |            |
|    fps                  | 1364       |
|    iterations           | 57         |
|    time_elapsed         | 2738       |
|    total_timesteps      | 3735552    |
| train/                  |            |
|    approx_kl            | 0.01412108 |
|    clip_fraction        | 0.275      |
|    clip_range           | 0.15       |
|    entropy_loss         | -26.1      |
|    explained_variance   | 0.979      |
|    learning_rate        | 0.0001     |
|    loss                 | -0.268     |
|    n_updates            | 840        |
|    policy_gradient_loss | -0.0233    |
|    std                  | 1.13       |
|    value_loss           | 0.0164     |
----------------------------------------
rollout mean regret: 0.4851720333099365
----------------------------------------
| rollout/                |            |
|    ep_len_mean          | 150        |
|    ep_rew_mean          | 678        |
| time/                   |            |
|    fps                  | 1364       |
|    iterations           | 58         |
|    time_elapsed         | 2786       |
|    total_timesteps      | 3801088    |
| train/                  |            |
|    approx_kl            | 0.01411698 |
|    clip_fraction        | 0.273      |
|    clip_range           | 0.15       |
|    entropy_loss         | -26.1      |
|    explained_variance   | 0.978      |
|    learning_rate        | 0.0001     |
|    loss                 | -0.266     |
|    n_updates            | 855        |
|    policy_gradient_loss | -0.0227    |
|    std                  | 1.13       |
|    value_loss           | 0.0165     |
----------------------------------------
rollout mean regret: 0.4697219729423523
-----------------------------------------
| rollout/                |             |
|    ep_len_mean          | 144         |
|    ep_rew_mean          | 652         |
| time/                   |             |
|    fps                  | 1363        |
|    iterations           | 59          |
|    time_elapsed         | 2835        |
|    total_timesteps      | 3866624     |
| train/                  |             |
|    approx_kl            | 0.014478266 |
|    clip_fraction        | 0.278       |
|    clip_range           | 0.15        |
|    entropy_loss         | -26.2       |
|    explained_variance   | 0.978       |
|    learning_rate        | 0.0001      |
|    loss                 | -0.273      |
|    n_updates            | 870         |
|    policy_gradient_loss | -0.0235     |
|    std                  | 1.13        |
|    value_loss           | 0.017       |
-----------------------------------------
rollout mean regret: 0.46966469287872314
-----------------------------------------
| rollout/                |             |
|    ep_len_mean          | 150         |
|    ep_rew_mean          | 678         |
| time/                   |             |
|    fps                  | 1363        |
|    iterations           | 60          |
|    time_elapsed         | 2884        |
|    total_timesteps      | 3932160     |
| train/                  |             |
|    approx_kl            | 0.014491292 |
|    clip_fraction        | 0.278       |
|    clip_range           | 0.15        |
|    entropy_loss         | -26.2       |
|    explained_variance   | 0.977       |
|    learning_rate        | 0.0001      |
|    loss                 | -0.273      |
|    n_updates            | 885         |
|    policy_gradient_loss | -0.023      |
|    std                  | 1.14        |
|    value_loss           | 0.0171      |
-----------------------------------------
rollout mean regret: 0.483934223651886
-----------------------------------------
| rollout/                |             |
|    ep_len_mean          | 153         |
|    ep_rew_mean          | 691         |
| time/                   |             |
|    fps                  | 1362        |
|    iterations           | 61          |
|    time_elapsed         | 2933        |
|    total_timesteps      | 3997696     |
| train/                  |             |
|    approx_kl            | 0.014254367 |
|    clip_fraction        | 0.274       |
|    clip_range           | 0.15        |
|    entropy_loss         | -26.2       |
|    explained_variance   | 0.978       |
|    learning_rate        | 0.0001      |
|    loss                 | -0.294      |
|    n_updates            | 900         |
|    policy_gradient_loss | -0.0229     |
|    std                  | 1.14        |
|    value_loss           | 0.017       |
-----------------------------------------
Eval num_timesteps=4000000, episode_reward=1299.86 +/- 159.47
Episode length: 276.20 +/- 34.21
-----------------------------------------
| eval/                   |             |
|    mean_ep_length       | 276         |
|    mean_reward          | 1.3e+03     |
| time/                   |             |
|    total_timesteps      | 4000000     |
| train/                  |             |
|    approx_kl            | 0.014675366 |
|    clip_fraction        | 0.279       |
|    clip_range           | 0.15        |
|    entropy_loss         | -26.3       |
|    explained_variance   | 0.978       |
|    learning_rate        | 0.0001      |
|    loss                 | -0.282      |
|    n_updates            | 915         |
|    policy_gradient_loss | -0.0236     |
|    std                  | 1.14        |
|    value_loss           | 0.0168      |
-----------------------------------------
New best mean reward!
rollout mean regret: 0.49567943811416626
---------------------------------
| rollout/           |          |
|    ep_len_mean     | 162      |
|    ep_rew_mean     | 733      |
| time/              |          |
|    fps             | 1362     |
|    iterations      | 62       |
|    time_elapsed    | 2982     |
|    total_timesteps | 4063232  |
---------------------------------
rollout mean regret: 0.46957260370254517
-----------------------------------------
| rollout/                |             |
|    ep_len_mean          | 154         |
|    ep_rew_mean          | 693         |
| time/                   |             |
|    fps                  | 1361        |
|    iterations           | 63          |
|    time_elapsed         | 3032        |
|    total_timesteps      | 4128768     |
| train/                  |             |
|    approx_kl            | 0.014922528 |
|    clip_fraction        | 0.284       |
|    clip_range           | 0.15        |
|    entropy_loss         | -26.3       |
|    explained_variance   | 0.978       |
|    learning_rate        | 0.0001      |
|    loss                 | -0.27       |
|    n_updates            | 930         |
|    policy_gradient_loss | -0.0235     |
|    std                  | 1.14        |
|    value_loss           | 0.0166      |
-----------------------------------------
rollout mean regret: 0.5217655897140503
-----------------------------------------
| rollout/                |             |
|    ep_len_mean          | 173         |
|    ep_rew_mean          | 783         |
| time/                   |             |
|    fps                  | 1361        |
|    iterations           | 64          |
|    time_elapsed         | 3080        |
|    total_timesteps      | 4194304     |
| train/                  |             |
|    approx_kl            | 0.014785199 |
|    clip_fraction        | 0.282       |
|    clip_range           | 0.15        |
|    entropy_loss         | -26.4       |
|    explained_variance   | 0.978       |
|    learning_rate        | 0.0001      |
|    loss                 | -0.288      |
|    n_updates            | 945         |
|    policy_gradient_loss | -0.0234     |
|    std                  | 1.15        |
|    value_loss           | 0.0172      |
-----------------------------------------
rollout mean regret: 0.48472973704338074
-----------------------------------------
| rollout/                |             |
|    ep_len_mean          | 165         |
|    ep_rew_mean          | 744         |
| time/                   |             |
|    fps                  | 1360        |
|    iterations           | 65          |
|    time_elapsed         | 3130        |
|    total_timesteps      | 4259840     |
| train/                  |             |
|    approx_kl            | 0.014750171 |
|    clip_fraction        | 0.279       |
|    clip_range           | 0.15        |
|    entropy_loss         | -26.4       |
|    explained_variance   | 0.976       |
|    learning_rate        | 0.0001      |
|    loss                 | -0.278      |
|    n_updates            | 960         |
|    policy_gradient_loss | -0.0232     |
|    std                  | 1.15        |
|    value_loss           | 0.0181      |
-----------------------------------------
rollout mean regret: 0.48108339309692383
-----------------------------------------
| rollout/                |             |
|    ep_len_mean          | 163         |
|    ep_rew_mean          | 737         |
| time/                   |             |
|    fps                  | 1360        |
|    iterations           | 66          |
|    time_elapsed         | 3180        |
|    total_timesteps      | 4325376     |
| train/                  |             |
|    approx_kl            | 0.015278947 |
|    clip_fraction        | 0.285       |
|    clip_range           | 0.15        |
|    entropy_loss         | -26.5       |
|    explained_variance   | 0.976       |
|    learning_rate        | 0.0001      |
|    loss                 | -0.276      |
|    n_updates            | 975         |
|    policy_gradient_loss | -0.0236     |
|    std                  | 1.15        |
|    value_loss           | 0.0183      |
-----------------------------------------
rollout mean regret: 0.5080491304397583
-----------------------------------------
| rollout/                |             |
|    ep_len_mean          | 177         |
|    ep_rew_mean          | 800         |
| time/                   |             |
|    fps                  | 1359        |
|    iterations           | 67          |
|    time_elapsed         | 3228        |
|    total_timesteps      | 4390912     |
| train/                  |             |
|    approx_kl            | 0.014964275 |
|    clip_fraction        | 0.285       |
|    clip_range           | 0.15        |
|    entropy_loss         | -26.5       |
|    explained_variance   | 0.977       |
|    learning_rate        | 0.0001      |
|    loss                 | -0.276      |
|    n_updates            | 990         |
|    policy_gradient_loss | -0.0234     |
|    std                  | 1.16        |
|    value_loss           | 0.0177      |
-----------------------------------------
rollout mean regret: 0.4948354959487915
-----------------------------------------
| rollout/                |             |
|    ep_len_mean          | 186         |
|    ep_rew_mean          | 840         |
| time/                   |             |
|    fps                  | 1359        |
|    iterations           | 68          |
|    time_elapsed         | 3278        |
|    total_timesteps      | 4456448     |
| train/                  |             |
|    approx_kl            | 0.015094952 |
|    clip_fraction        | 0.287       |
|    clip_range           | 0.15        |
|    entropy_loss         | -26.5       |
|    explained_variance   | 0.976       |
|    learning_rate        | 0.0001      |
|    loss                 | -0.272      |
|    n_updates            | 1005        |
|    policy_gradient_loss | -0.0238     |
|    std                  | 1.16        |
|    value_loss           | 0.0182      |
-----------------------------------------
Eval num_timesteps=4500000, episode_reward=2976.73 +/- 1421.18
Episode length: 632.60 +/- 301.07
------------------------------------------
| eval/                   |              |
|    mean_ep_length       | 633          |
|    mean_reward          | 2.98e+03     |
| time/                   |              |
|    total_timesteps      | 4500000      |
| train/                  |              |
|    approx_kl            | 0.0152351335 |
|    clip_fraction        | 0.285        |
|    clip_range           | 0.15         |
|    entropy_loss         | -26.6        |
|    explained_variance   | 0.976        |
|    learning_rate        | 0.0001       |
|    loss                 | -0.284       |
|    n_updates            | 1020         |
|    policy_gradient_loss | -0.0232      |
|    std                  | 1.16         |
|    value_loss           | 0.0179       |
------------------------------------------
New best mean reward!
rollout mean regret: 0.507300853729248
---------------------------------
| rollout/           |          |
|    ep_len_mean     | 181      |
|    ep_rew_mean     | 816      |
| time/              |          |
|    fps             | 1357     |
|    iterations      | 69       |
|    time_elapsed    | 3330     |
|    total_timesteps | 4521984  |
---------------------------------
rollout mean regret: 0.5105293989181519
----------------------------------------
| rollout/                |            |
|    ep_len_mean          | 196        |
|    ep_rew_mean          | 884        |
| time/                   |            |
|    fps                  | 1357       |
|    iterations           | 70         |
|    time_elapsed         | 3379       |
|    total_timesteps      | 4587520    |
| train/                  |            |
|    approx_kl            | 0.01564375 |
|    clip_fraction        | 0.289      |
|    clip_range           | 0.15       |
|    entropy_loss         | -26.6      |
|    explained_variance   | 0.975      |
|    learning_rate        | 0.0001     |
|    loss                 | -0.288     |
|    n_updates            | 1035       |
|    policy_gradient_loss | -0.0242    |
|    std                  | 1.17       |
|    value_loss           | 0.0179     |
----------------------------------------
rollout mean regret: 0.5062927007675171
-----------------------------------------
| rollout/                |             |
|    ep_len_mean          | 196         |
|    ep_rew_mean          | 883         |
| time/                   |             |
|    fps                  | 1356        |
|    iterations           | 71          |
|    time_elapsed         | 3429        |
|    total_timesteps      | 4653056     |
| train/                  |             |
|    approx_kl            | 0.015503375 |
|    clip_fraction        | 0.292       |
|    clip_range           | 0.15        |
|    entropy_loss         | -26.7       |
|    explained_variance   | 0.976       |
|    learning_rate        | 0.0001      |
|    loss                 | -0.281      |
|    n_updates            | 1050        |
|    policy_gradient_loss | -0.0242     |
|    std                  | 1.17        |
|    value_loss           | 0.0176      |
-----------------------------------------
rollout mean regret: 0.481215238571167
-----------------------------------------
| rollout/                |             |
|    ep_len_mean          | 193         |
|    ep_rew_mean          | 874         |
| time/                   |             |
|    fps                  | 1356        |
|    iterations           | 72          |
|    time_elapsed         | 3477        |
|    total_timesteps      | 4718592     |
| train/                  |             |
|    approx_kl            | 0.015587868 |
|    clip_fraction        | 0.289       |
|    clip_range           | 0.15        |
|    entropy_loss         | -26.7       |
|    explained_variance   | 0.975       |
|    learning_rate        | 0.0001      |
|    loss                 | -0.28       |
|    n_updates            | 1065        |
|    policy_gradient_loss | -0.0237     |
|    std                  | 1.17        |
|    value_loss           | 0.0183      |
-----------------------------------------
rollout mean regret: 0.5015110969543457
-----------------------------------------
| rollout/                |             |
|    ep_len_mean          | 204         |
|    ep_rew_mean          | 924         |
| time/                   |             |
|    fps                  | 1356        |
|    iterations           | 73          |
|    time_elapsed         | 3526        |
|    total_timesteps      | 4784128     |
| train/                  |             |
|    approx_kl            | 0.015540125 |
|    clip_fraction        | 0.292       |
|    clip_range           | 0.15        |
|    entropy_loss         | -26.8       |
|    explained_variance   | 0.976       |
|    learning_rate        | 0.0001      |
|    loss                 | -0.288      |
|    n_updates            | 1080        |
|    policy_gradient_loss | -0.0236     |
|    std                  | 1.18        |
|    value_loss           | 0.0181      |
-----------------------------------------
rollout mean regret: 0.4926041066646576
-----------------------------------------
| rollout/                |             |
|    ep_len_mean          | 201         |
|    ep_rew_mean          | 909         |
| time/                   |             |
|    fps                  | 1356        |
|    iterations           | 74          |
|    time_elapsed         | 3574        |
|    total_timesteps      | 4849664     |
| train/                  |             |
|    approx_kl            | 0.015746001 |
|    clip_fraction        | 0.295       |
|    clip_range           | 0.15        |
|    entropy_loss         | -26.8       |
|    explained_variance   | 0.974       |
|    learning_rate        | 0.0001      |
|    loss                 | -0.284      |
|    n_updates            | 1095        |
|    policy_gradient_loss | -0.0235     |
|    std                  | 1.18        |
|    value_loss           | 0.0187      |
-----------------------------------------
rollout mean regret: 0.503036618232727
-----------------------------------------
| rollout/                |             |
|    ep_len_mean          | 213         |
|    ep_rew_mean          | 963         |
| time/                   |             |
|    fps                  | 1356        |
|    iterations           | 75          |
|    time_elapsed         | 3623        |
|    total_timesteps      | 4915200     |
| train/                  |             |
|    approx_kl            | 0.015367074 |
|    clip_fraction        | 0.291       |
|    clip_range           | 0.15        |
|    entropy_loss         | -26.9       |
|    explained_variance   | 0.974       |
|    learning_rate        | 0.0001      |
|    loss                 | -0.288      |
|    n_updates            | 1110        |
|    policy_gradient_loss | -0.0236     |
|    std                  | 1.18        |
|    value_loss           | 0.0194      |
-----------------------------------------
rollout mean regret: 0.47105327248573303
-----------------------------------------
| rollout/                |             |
|    ep_len_mean          | 223         |
|    ep_rew_mean          | 1.01e+03    |
| time/                   |             |
|    fps                  | 1356        |
|    iterations           | 76          |
|    time_elapsed         | 3672        |
|    total_timesteps      | 4980736     |
| train/                  |             |
|    approx_kl            | 0.015804714 |
|    clip_fraction        | 0.295       |
|    clip_range           | 0.15        |
|    entropy_loss         | -26.9       |
|    explained_variance   | 0.973       |
|    learning_rate        | 0.0001      |
|    loss                 | -0.28       |
|    n_updates            | 1125        |
|    policy_gradient_loss | -0.0236     |
|    std                  | 1.19        |
|    value_loss           | 0.0191      |
-----------------------------------------
Eval num_timesteps=5000000, episode_reward=3401.32 +/- 757.42
Episode length: 725.60 +/- 160.24
-----------------------------------------
| eval/                   |             |
|    mean_ep_length       | 726         |
|    mean_reward          | 3.4e+03     |
| time/                   |             |
|    total_timesteps      | 5000000     |
| train/                  |             |
|    approx_kl            | 0.016180472 |
|    clip_fraction        | 0.295       |
|    clip_range           | 0.15        |
|    entropy_loss         | -27         |
|    explained_variance   | 0.974       |
|    learning_rate        | 0.0001      |
|    loss                 | -0.268      |
|    n_updates            | 1140        |
|    policy_gradient_loss | -0.0236     |
|    std                  | 1.19        |
|    value_loss           | 0.0192      |
-----------------------------------------
New best mean reward!
rollout mean regret: 0.4872862994670868
---------------------------------
| rollout/           |          |
|    ep_len_mean     | 235      |
|    ep_rew_mean     | 1.06e+03 |
| time/              |          |
|    fps             | 1354     |
|    iterations      | 77       |
|    time_elapsed    | 3725     |
|    total_timesteps | 5046272  |
---------------------------------
rollout mean regret: 0.46677929162979126
---------------------------------------
| rollout/                |           |
|    ep_len_mean          | 228       |
|    ep_rew_mean          | 1.03e+03  |
| time/                   |           |
|    fps                  | 1354      |
|    iterations           | 78        |
|    time_elapsed         | 3773      |
|    total_timesteps      | 5111808   |
| train/                  |           |
|    approx_kl            | 0.0160881 |
|    clip_fraction        | 0.299     |
|    clip_range           | 0.15      |
|    entropy_loss         | -27       |
|    explained_variance   | 0.972     |
|    learning_rate        | 0.0001    |
|    loss                 | -0.295    |
|    n_updates            | 1155      |
|    policy_gradient_loss | -0.0243   |
|    std                  | 1.19      |
|    value_loss           | 0.02      |
---------------------------------------
rollout mean regret: 0.4892336130142212
-----------------------------------------
| rollout/                |             |
|    ep_len_mean          | 248         |
|    ep_rew_mean          | 1.12e+03    |
| time/                   |             |
|    fps                  | 1354        |
|    iterations           | 79          |
|    time_elapsed         | 3822        |
|    total_timesteps      | 5177344     |
| train/                  |             |
|    approx_kl            | 0.015890764 |
|    clip_fraction        | 0.295       |
|    clip_range           | 0.15        |
|    entropy_loss         | -27.1       |
|    explained_variance   | 0.972       |
|    learning_rate        | 0.0001      |
|    loss                 | -0.269      |
|    n_updates            | 1170        |
|    policy_gradient_loss | -0.0232     |
|    std                  | 1.2         |
|    value_loss           | 0.0198      |
-----------------------------------------
rollout mean regret: 0.4649204909801483
-----------------------------------------
| rollout/                |             |
|    ep_len_mean          | 232         |
|    ep_rew_mean          | 1.05e+03    |
| time/                   |             |
|    fps                  | 1354        |
|    iterations           | 80          |
|    time_elapsed         | 3871        |
|    total_timesteps      | 5242880     |
| train/                  |             |
|    approx_kl            | 0.016155805 |
|    clip_fraction        | 0.297       |
|    clip_range           | 0.15        |
|    entropy_loss         | -27.1       |
|    explained_variance   | 0.972       |
|    learning_rate        | 0.0001      |
|    loss                 | -0.287      |
|    n_updates            | 1185        |
|    policy_gradient_loss | -0.0238     |
|    std                  | 1.2         |
|    value_loss           | 0.0192      |
-----------------------------------------
rollout mean regret: 0.4668198823928833
-----------------------------------------
| rollout/                |             |
|    ep_len_mean          | 267         |
|    ep_rew_mean          | 1.21e+03    |
| time/                   |             |
|    fps                  | 1353        |
|    iterations           | 81          |
|    time_elapsed         | 3921        |
|    total_timesteps      | 5308416     |
| train/                  |             |
|    approx_kl            | 0.016409213 |
|    clip_fraction        | 0.303       |
|    clip_range           | 0.15        |
|    entropy_loss         | -27.1       |
|    explained_variance   | 0.973       |
|    learning_rate        | 0.0001      |
|    loss                 | -0.286      |
|    n_updates            | 1200        |
|    policy_gradient_loss | -0.0245     |
|    std                  | 1.2         |
|    value_loss           | 0.0185      |
-----------------------------------------
rollout mean regret: 0.47040238976478577
----------------------------------------
| rollout/                |            |
|    ep_len_mean          | 282        |
|    ep_rew_mean          | 1.28e+03   |
| time/                   |            |
|    fps                  | 1353       |
|    iterations           | 82         |
|    time_elapsed         | 3970       |
|    total_timesteps      | 5373952    |
| train/                  |            |
|    approx_kl            | 0.01623624 |
|    clip_fraction        | 0.301      |
|    clip_range           | 0.15       |
|    entropy_loss         | -27.2      |
|    explained_variance   | 0.972      |
|    learning_rate        | 0.0001     |
|    loss                 | -0.275     |
|    n_updates            | 1215       |
|    policy_gradient_loss | -0.024     |
|    std                  | 1.2        |
|    value_loss           | 0.0187     |
----------------------------------------
rollout mean regret: 0.4846017360687256
-----------------------------------------
| rollout/                |             |
|    ep_len_mean          | 280         |
|    ep_rew_mean          | 1.27e+03    |
| time/                   |             |
|    fps                  | 1353        |
|    iterations           | 83          |
|    time_elapsed         | 4019        |
|    total_timesteps      | 5439488     |
| train/                  |             |
|    approx_kl            | 0.017026808 |
|    clip_fraction        | 0.307       |
|    clip_range           | 0.15        |
|    entropy_loss         | -27.2       |
|    explained_variance   | 0.971       |
|    learning_rate        | 0.0001      |
|    loss                 | -0.288      |
|    n_updates            | 1230        |
|    policy_gradient_loss | -0.0241     |
|    std                  | 1.21        |
|    value_loss           | 0.0189      |
-----------------------------------------
Eval num_timesteps=5500000, episode_reward=8753.12 +/- 6394.64
Episode length: 1869.80 +/- 1364.07
-----------------------------------------
| eval/                   |             |
|    mean_ep_length       | 1.87e+03    |
|    mean_reward          | 8.75e+03    |
| time/                   |             |
|    total_timesteps      | 5500000     |
| train/                  |             |
|    approx_kl            | 0.016381118 |
|    clip_fraction        | 0.304       |
|    clip_range           | 0.15        |
|    entropy_loss         | -27.3       |
|    explained_variance   | 0.972       |
|    learning_rate        | 0.0001      |
|    loss                 | -0.288      |
|    n_updates            | 1245        |
|    policy_gradient_loss | -0.0239     |
|    std                  | 1.21        |
|    value_loss           | 0.0178      |
-----------------------------------------
New best mean reward!
rollout mean regret: 0.4809305667877197
---------------------------------
| rollout/           |          |
|    ep_len_mean     | 281      |
|    ep_rew_mean     | 1.27e+03 |
| time/              |          |
|    fps             | 1347     |
|    iterations      | 84       |
|    time_elapsed    | 4086     |
|    total_timesteps | 5505024  |
---------------------------------
rollout mean regret: 0.45210781693458557
-----------------------------------------
| rollout/                |             |
|    ep_len_mean          | 283         |
|    ep_rew_mean          | 1.28e+03    |
| time/                   |             |
|    fps                  | 1347        |
|    iterations           | 85          |
|    time_elapsed         | 4133        |
|    total_timesteps      | 5570560     |
| train/                  |             |
|    approx_kl            | 0.016685983 |
|    clip_fraction        | 0.304       |
|    clip_range           | 0.15        |
|    entropy_loss         | -27.3       |
|    explained_variance   | 0.97        |
|    learning_rate        | 0.0001      |
|    loss                 | -0.272      |
|    n_updates            | 1260        |
|    policy_gradient_loss | -0.0238     |
|    std                  | 1.21        |
|    value_loss           | 0.0182      |
-----------------------------------------
rollout mean regret: 0.441666841506958
-----------------------------------------
| rollout/                |             |
|    ep_len_mean          | 332         |
|    ep_rew_mean          | 1.5e+03     |
| time/                   |             |
|    fps                  | 1347        |
|    iterations           | 86          |
|    time_elapsed         | 4182        |
|    total_timesteps      | 5636096     |
| train/                  |             |
|    approx_kl            | 0.016654698 |
|    clip_fraction        | 0.301       |
|    clip_range           | 0.15        |
|    entropy_loss         | -27.3       |
|    explained_variance   | 0.971       |
|    learning_rate        | 0.0001      |
|    loss                 | -0.297      |
|    n_updates            | 1275        |
|    policy_gradient_loss | -0.0232     |
|    std                  | 1.22        |
|    value_loss           | 0.0173      |
-----------------------------------------
rollout mean regret: 0.43913960456848145
-----------------------------------------
| rollout/                |             |
|    ep_len_mean          | 345         |
|    ep_rew_mean          | 1.57e+03    |
| time/                   |             |
|    fps                  | 1347        |
|    iterations           | 87          |
|    time_elapsed         | 4230        |
|    total_timesteps      | 5701632     |
| train/                  |             |
|    approx_kl            | 0.016585097 |
|    clip_fraction        | 0.306       |
|    clip_range           | 0.15        |
|    entropy_loss         | -27.4       |
|    explained_variance   | 0.973       |
|    learning_rate        | 0.0001      |
|    loss                 | -0.293      |
|    n_updates            | 1290        |
|    policy_gradient_loss | -0.0235     |
|    std                  | 1.22        |
|    value_loss           | 0.0162      |
-----------------------------------------
rollout mean regret: 0.4146506190299988
-----------------------------------------
| rollout/                |             |
|    ep_len_mean          | 316         |
|    ep_rew_mean          | 1.43e+03    |
| time/                   |             |
|    fps                  | 1347        |
|    iterations           | 88          |
|    time_elapsed         | 4278        |
|    total_timesteps      | 5767168     |
| train/                  |             |
|    approx_kl            | 0.016775649 |
|    clip_fraction        | 0.31        |
|    clip_range           | 0.15        |
|    entropy_loss         | -27.4       |
|    explained_variance   | 0.971       |
|    learning_rate        | 0.0001      |
|    loss                 | -0.282      |
|    n_updates            | 1305        |
|    policy_gradient_loss | -0.0237     |
|    std                  | 1.22        |
|    value_loss           | 0.0161      |
-----------------------------------------
rollout mean regret: 0.40613237023353577
-----------------------------------------
| rollout/                |             |
|    ep_len_mean          | 312         |
|    ep_rew_mean          | 1.41e+03    |
| time/                   |             |
|    fps                  | 1347        |
|    iterations           | 89          |
|    time_elapsed         | 4329        |
|    total_timesteps      | 5832704     |
| train/                  |             |
|    approx_kl            | 0.016851142 |
|    clip_fraction        | 0.311       |
|    clip_range           | 0.15        |
|    entropy_loss         | -27.5       |
|    explained_variance   | 0.973       |
|    learning_rate        | 0.0001      |
|    loss                 | -0.292      |
|    n_updates            | 1320        |
|    policy_gradient_loss | -0.0238     |
|    std                  | 1.23        |
|    value_loss           | 0.0157      |
-----------------------------------------
rollout mean regret: 0.4065777063369751
-----------------------------------------
| rollout/                |             |
|    ep_len_mean          | 351         |
|    ep_rew_mean          | 1.59e+03    |
| time/                   |             |
|    fps                  | 1346        |
|    iterations           | 90          |
|    time_elapsed         | 4379        |
|    total_timesteps      | 5898240     |
| train/                  |             |
|    approx_kl            | 0.016917901 |
|    clip_fraction        | 0.308       |
|    clip_range           | 0.15        |
|    entropy_loss         | -27.5       |
|    explained_variance   | 0.97        |
|    learning_rate        | 0.0001      |
|    loss                 | -0.288      |
|    n_updates            | 1335        |
|    policy_gradient_loss | -0.0238     |
|    std                  | 1.23        |
|    value_loss           | 0.017       |
-----------------------------------------
rollout mean regret: 0.4194689691066742
----------------------------------------
| rollout/                |            |
|    ep_len_mean          | 394        |
|    ep_rew_mean          | 1.79e+03   |
| time/                   |            |
|    fps                  | 1345       |
|    iterations           | 91         |
|    time_elapsed         | 4430       |
|    total_timesteps      | 5963776    |
| train/                  |            |
|    approx_kl            | 0.01780039 |
|    clip_fraction        | 0.316      |
|    clip_range           | 0.15       |
|    entropy_loss         | -27.6      |
|    explained_variance   | 0.971      |
|    learning_rate        | 0.0001     |
|    loss                 | -0.293     |
|    n_updates            | 1350       |
|    policy_gradient_loss | -0.0246    |
|    std                  | 1.24       |
|    value_loss           | 0.0158     |
----------------------------------------
Eval num_timesteps=6000000, episode_reward=7032.17 +/- 3277.88
Episode length: 1515.20 +/- 703.43
-----------------------------------------
| eval/                   |             |
|    mean_ep_length       | 1.52e+03    |
|    mean_reward          | 7.03e+03    |
| time/                   |             |
|    total_timesteps      | 6000000     |
| train/                  |             |
|    approx_kl            | 0.017097801 |
|    clip_fraction        | 0.312       |
|    clip_range           | 0.15        |
|    entropy_loss         | -27.6       |
|    explained_variance   | 0.971       |
|    learning_rate        | 0.0001      |
|    loss                 | -0.287      |
|    n_updates            | 1365        |
|    policy_gradient_loss | -0.0239     |
|    std                  | 1.24        |
|    value_loss           | 0.0157      |
-----------------------------------------
rollout mean regret: 0.40901893377304077
---------------------------------
| rollout/           |          |
|    ep_len_mean     | 418      |
|    ep_rew_mean     | 1.9e+03  |
| time/              |          |
|    fps             | 1342     |
|    iterations      | 92       |
|    time_elapsed    | 4492     |
|    total_timesteps | 6029312  |
---------------------------------
rollout mean regret: 0.3792993426322937
-----------------------------------------
| rollout/                |             |
|    ep_len_mean          | 448         |
|    ep_rew_mean          | 2.03e+03    |
| time/                   |             |
|    fps                  | 1341        |
|    iterations           | 93          |
|    time_elapsed         | 4542        |
|    total_timesteps      | 6094848     |
| train/                  |             |
|    approx_kl            | 0.017117772 |
|    clip_fraction        | 0.312       |
|    clip_range           | 0.15        |
|    entropy_loss         | -27.7       |
|    explained_variance   | 0.969       |
|    learning_rate        | 0.0001      |
|    loss                 | -0.287      |
|    n_updates            | 1380        |
|    policy_gradient_loss | -0.0235     |
|    std                  | 1.24        |
|    value_loss           | 0.0154      |
-----------------------------------------
rollout mean regret: 0.36216551065444946
-----------------------------------------
| rollout/                |             |
|    ep_len_mean          | 416         |
|    ep_rew_mean          | 1.89e+03    |
| time/                   |             |
|    fps                  | 1341        |
|    iterations           | 94          |
|    time_elapsed         | 4592        |
|    total_timesteps      | 6160384     |
| train/                  |             |
|    approx_kl            | 0.017545575 |
|    clip_fraction        | 0.313       |
|    clip_range           | 0.15        |
|    entropy_loss         | -27.8       |
|    explained_variance   | 0.97        |
|    learning_rate        | 0.0001      |
|    loss                 | -0.293      |
|    n_updates            | 1395        |
|    policy_gradient_loss | -0.0236     |
|    std                  | 1.25        |
|    value_loss           | 0.0142      |
-----------------------------------------
rollout mean regret: 0.3677433729171753
----------------------------------------
| rollout/                |            |
|    ep_len_mean          | 484        |
|    ep_rew_mean          | 2.2e+03    |
| time/                   |            |
|    fps                  | 1341       |
|    iterations           | 95         |
|    time_elapsed         | 4641       |
|    total_timesteps      | 6225920    |
| train/                  |            |
|    approx_kl            | 0.01727431 |
|    clip_fraction        | 0.313      |
|    clip_range           | 0.15       |
|    entropy_loss         | -27.8      |
|    explained_variance   | 0.972      |
|    learning_rate        | 0.0001     |
|    loss                 | -0.295     |
|    n_updates            | 1410       |
|    policy_gradient_loss | -0.0234    |
|    std                  | 1.25       |
|    value_loss           | 0.0136     |
----------------------------------------
rollout mean regret: 0.35022658109664917
-----------------------------------------
| rollout/                |             |
|    ep_len_mean          | 487         |
|    ep_rew_mean          | 2.21e+03    |
| time/                   |             |
|    fps                  | 1341        |
|    iterations           | 96          |
|    time_elapsed         | 4690        |
|    total_timesteps      | 6291456     |
| train/                  |             |
|    approx_kl            | 0.017593406 |
|    clip_fraction        | 0.316       |
|    clip_range           | 0.15        |
|    entropy_loss         | -27.9       |
|    explained_variance   | 0.97        |
|    learning_rate        | 0.0001      |
|    loss                 | -0.299      |
|    n_updates            | 1425        |
|    policy_gradient_loss | -0.0234     |
|    std                  | 1.26        |
|    value_loss           | 0.0141      |
-----------------------------------------
rollout mean regret: 0.3273223638534546
-----------------------------------------
| rollout/                |             |
|    ep_len_mean          | 518         |
|    ep_rew_mean          | 2.35e+03    |
| time/                   |             |
|    fps                  | 1340        |
|    iterations           | 97          |
|    time_elapsed         | 4740        |
|    total_timesteps      | 6356992     |
| train/                  |             |
|    approx_kl            | 0.017383046 |
|    clip_fraction        | 0.312       |
|    clip_range           | 0.15        |
|    entropy_loss         | -27.9       |
|    explained_variance   | 0.969       |
|    learning_rate        | 0.0001      |
|    loss                 | -0.297      |
|    n_updates            | 1440        |
|    policy_gradient_loss | -0.0234     |
|    std                  | 1.26        |
|    value_loss           | 0.0134      |
-----------------------------------------
rollout mean regret: 0.3283834457397461
-----------------------------------------
| rollout/                |             |
|    ep_len_mean          | 558         |
|    ep_rew_mean          | 2.53e+03    |
| time/                   |             |
|    fps                  | 1340        |
|    iterations           | 98          |
|    time_elapsed         | 4790        |
|    total_timesteps      | 6422528     |
| train/                  |             |
|    approx_kl            | 0.017361289 |
|    clip_fraction        | 0.316       |
|    clip_range           | 0.15        |
|    entropy_loss         | -28         |
|    explained_variance   | 0.971       |
|    learning_rate        | 0.0001      |
|    loss                 | -0.289      |
|    n_updates            | 1455        |
|    policy_gradient_loss | -0.0237     |
|    std                  | 1.27        |
|    value_loss           | 0.012       |
-----------------------------------------
rollout mean regret: 0.31798797845840454
-----------------------------------------
| rollout/                |             |
|    ep_len_mean          | 570         |
|    ep_rew_mean          | 2.59e+03    |
| time/                   |             |
|    fps                  | 1341        |
|    iterations           | 99          |
|    time_elapsed         | 4837        |
|    total_timesteps      | 6488064     |
| train/                  |             |
|    approx_kl            | 0.017532766 |
|    clip_fraction        | 0.319       |
|    clip_range           | 0.15        |
|    entropy_loss         | -28.1       |
|    explained_variance   | 0.968       |
|    learning_rate        | 0.0001      |
|    loss                 | -0.299      |
|    n_updates            | 1470        |
|    policy_gradient_loss | -0.0228     |
|    std                  | 1.27        |
|    value_loss           | 0.0121      |
-----------------------------------------
Eval num_timesteps=6500000, episode_reward=21672.17 +/- 18558.78
Episode length: 4643.00 +/- 3965.24
-----------------------------------------
| eval/                   |             |
|    mean_ep_length       | 4.64e+03    |
|    mean_reward          | 2.17e+04    |
| time/                   |             |
|    total_timesteps      | 6500000     |
| train/                  |             |
|    approx_kl            | 0.018004512 |
|    clip_fraction        | 0.317       |
|    clip_range           | 0.15        |
|    entropy_loss         | -28.1       |
|    explained_variance   | 0.969       |
|    learning_rate        | 0.0001      |
|    loss                 | -0.297      |
|    n_updates            | 1485        |
|    policy_gradient_loss | -0.0234     |
|    std                  | 1.28        |
|    value_loss           | 0.0123      |
-----------------------------------------
New best mean reward!
rollout mean regret: 0.2972618639469147
---------------------------------
| rollout/           |          |
|    ep_len_mean     | 597      |
|    ep_rew_mean     | 2.71e+03 |
| time/              |          |
|    fps             | 1325     |
|    iterations      | 100      |
|    time_elapsed    | 4943     |
|    total_timesteps | 6553600  |
---------------------------------
rollout mean regret: 0.2926269769668579
-----------------------------------------
| rollout/                |             |
|    ep_len_mean          | 636         |
|    ep_rew_mean          | 2.88e+03    |
| time/                   |             |
|    fps                  | 1324        |
|    iterations           | 101         |
|    time_elapsed         | 4995        |
|    total_timesteps      | 6619136     |
| train/                  |             |
|    approx_kl            | 0.017709354 |
|    clip_fraction        | 0.322       |
|    clip_range           | 0.15        |
|    entropy_loss         | -28.2       |
|    explained_variance   | 0.97        |
|    learning_rate        | 0.0001      |
|    loss                 | -0.314      |
|    n_updates            | 1500        |
|    policy_gradient_loss | -0.0233     |
|    std                  | 1.28        |
|    value_loss           | 0.0107      |
-----------------------------------------
rollout mean regret: 0.29040300846099854
-----------------------------------------
| rollout/                |             |
|    ep_len_mean          | 666         |
|    ep_rew_mean          | 3.02e+03    |
| time/                   |             |
|    fps                  | 1325        |
|    iterations           | 102         |
|    time_elapsed         | 5043        |
|    total_timesteps      | 6684672     |
| train/                  |             |
|    approx_kl            | 0.018397225 |
|    clip_fraction        | 0.325       |
|    clip_range           | 0.15        |
|    entropy_loss         | -28.2       |
|    explained_variance   | 0.967       |
|    learning_rate        | 0.0001      |
|    loss                 | -0.295      |
|    n_updates            | 1515        |
|    policy_gradient_loss | -0.0232     |
|    std                  | 1.29        |
|    value_loss           | 0.011       |
-----------------------------------------
rollout mean regret: 0.28202927112579346
-----------------------------------------
| rollout/                |             |
|    ep_len_mean          | 721         |
|    ep_rew_mean          | 3.27e+03    |
| time/                   |             |
|    fps                  | 1325        |
|    iterations           | 103         |
|    time_elapsed         | 5092        |
|    total_timesteps      | 6750208     |
| train/                  |             |
|    approx_kl            | 0.018711805 |
|    clip_fraction        | 0.33        |
|    clip_range           | 0.15        |
|    entropy_loss         | -28.3       |
|    explained_variance   | 0.967       |
|    learning_rate        | 0.0001      |
|    loss                 | -0.304      |
|    n_updates            | 1530        |
|    policy_gradient_loss | -0.0244     |
|    std                  | 1.29        |
|    value_loss           | 0.0109      |
-----------------------------------------
rollout mean regret: 0.2776185870170593
-----------------------------------------
| rollout/                |             |
|    ep_len_mean          | 736         |
|    ep_rew_mean          | 3.34e+03    |
| time/                   |             |
|    fps                  | 1325        |
|    iterations           | 104         |
|    time_elapsed         | 5141        |
|    total_timesteps      | 6815744     |
| train/                  |             |
|    approx_kl            | 0.018944614 |
|    clip_fraction        | 0.335       |
|    clip_range           | 0.15        |
|    entropy_loss         | -28.4       |
|    explained_variance   | 0.964       |
|    learning_rate        | 0.0001      |
|    loss                 | -0.299      |
|    n_updates            | 1545        |
|    policy_gradient_loss | -0.0239     |
|    std                  | 1.3         |
|    value_loss           | 0.0106      |
-----------------------------------------
rollout mean regret: 0.25805842876434326
-----------------------------------------
| rollout/                |             |
|    ep_len_mean          | 800         |
|    ep_rew_mean          | 3.63e+03    |
| time/                   |             |
|    fps                  | 1325        |
|    iterations           | 105         |
|    time_elapsed         | 5192        |
|    total_timesteps      | 6881280     |
| train/                  |             |
|    approx_kl            | 0.019439518 |
|    clip_fraction        | 0.335       |
|    clip_range           | 0.15        |
|    entropy_loss         | -28.4       |
|    explained_variance   | 0.963       |
|    learning_rate        | 0.0001      |
|    loss                 | -0.302      |
|    n_updates            | 1560        |
|    policy_gradient_loss | -0.0236     |
|    std                  | 1.3         |
|    value_loss           | 0.0105      |
-----------------------------------------
rollout mean regret: 0.26549381017684937
-----------------------------------------
| rollout/                |             |
|    ep_len_mean          | 699         |
|    ep_rew_mean          | 3.17e+03    |
| time/                   |             |
|    fps                  | 1324        |
|    iterations           | 106         |
|    time_elapsed         | 5243        |
|    total_timesteps      | 6946816     |
| train/                  |             |
|    approx_kl            | 0.019094558 |
|    clip_fraction        | 0.333       |
|    clip_range           | 0.15        |
|    entropy_loss         | -28.5       |
|    explained_variance   | 0.964       |
|    learning_rate        | 0.0001      |
|    loss                 | -0.304      |
|    n_updates            | 1575        |
|    policy_gradient_loss | -0.0232     |
|    std                  | 1.31        |
|    value_loss           | 0.00948     |
-----------------------------------------
Eval num_timesteps=7000000, episode_reward=8474158.18 +/- 892432.80
Episode length: 1814837.40 +/- 191202.26
----------------------------------------
| eval/                   |            |
|    mean_ep_length       | 1.81e+06   |
|    mean_reward          | 8.47e+06   |
| time/                   |            |
|    total_timesteps      | 7000000    |
| train/                  |            |
|    approx_kl            | 0.01933694 |
|    clip_fraction        | 0.336      |
|    clip_range           | 0.15       |
|    entropy_loss         | -28.6      |
|    explained_variance   | 0.963      |
|    learning_rate        | 0.0001     |
|    loss                 | -0.308     |
|    n_updates            | 1590       |
|    policy_gradient_loss | -0.0238    |
|    std                  | 1.31       |
|    value_loss           | 0.0104     |
----------------------------------------
New best mean reward!
rollout mean regret: 0.23387669026851654
---------------------------------
| rollout/           |          |
|    ep_len_mean     | 863      |
|    ep_rew_mean     | 3.92e+03 |
| time/              |          |
|    fps             | 485      |
|    iterations      | 107      |
|    time_elapsed    | 14438    |
|    total_timesteps | 7012352  |
---------------------------------
rollout mean regret: 0.23243877291679382
-----------------------------------------
| rollout/                |             |
|    ep_len_mean          | 1.05e+03    |
|    ep_rew_mean          | 4.79e+03    |
| time/                   |             |
|    fps                  | 488         |
|    iterations           | 108         |
|    time_elapsed         | 14489       |
|    total_timesteps      | 7077888     |
| train/                  |             |
|    approx_kl            | 0.019388909 |
|    clip_fraction        | 0.337       |
|    clip_range           | 0.15        |
|    entropy_loss         | -28.6       |
|    explained_variance   | 0.963       |
|    learning_rate        | 0.0001      |
|    loss                 | -0.308      |
|    n_updates            | 1605        |
|    policy_gradient_loss | -0.0231     |
|    std                  | 1.32        |
|    value_loss           | 0.00855     |
-----------------------------------------
rollout mean regret: 0.21831919252872467
-----------------------------------------
| rollout/                |             |
|    ep_len_mean          | 1.08e+03    |
|    ep_rew_mean          | 4.9e+03     |
| time/                   |             |
|    fps                  | 491         |
|    iterations           | 109         |
|    time_elapsed         | 14540       |
|    total_timesteps      | 7143424     |
| train/                  |             |
|    approx_kl            | 0.018813185 |
|    clip_fraction        | 0.332       |
|    clip_range           | 0.15        |
|    entropy_loss         | -28.7       |
|    explained_variance   | 0.962       |
|    learning_rate        | 0.0001      |
|    loss                 | -0.306      |
|    n_updates            | 1620        |
|    policy_gradient_loss | -0.0233     |
|    std                  | 1.32        |
|    value_loss           | 0.00829     |
-----------------------------------------
rollout mean regret: 0.20829804241657257
----------------------------------------
| rollout/                |            |
|    ep_len_mean          | 1.06e+03   |
|    ep_rew_mean          | 4.83e+03   |
| time/                   |            |
|    fps                  | 494        |
|    iterations           | 110        |
|    time_elapsed         | 14589      |
|    total_timesteps      | 7208960    |
| train/                  |            |
|    approx_kl            | 0.01917844 |
|    clip_fraction        | 0.336      |
|    clip_range           | 0.15       |
|    entropy_loss         | -28.8      |
|    explained_variance   | 0.958      |
|    learning_rate        | 0.0001     |
|    loss                 | -0.314     |
|    n_updates            | 1635       |
|    policy_gradient_loss | -0.023     |
|    std                  | 1.33       |
|    value_loss           | 0.0079     |
----------------------------------------
rollout mean regret: 0.1936650574207306
-----------------------------------------
| rollout/                |             |
|    ep_len_mean          | 1.07e+03    |
|    ep_rew_mean          | 4.85e+03    |
| time/                   |             |
|    fps                  | 497         |
|    iterations           | 111         |
|    time_elapsed         | 14636       |
|    total_timesteps      | 7274496     |
| train/                  |             |
|    approx_kl            | 0.019515205 |
|    clip_fraction        | 0.341       |
|    clip_range           | 0.15        |
|    entropy_loss         | -28.9       |
|    explained_variance   | 0.96        |
|    learning_rate        | 0.0001      |
|    loss                 | -0.324      |
|    n_updates            | 1650        |
|    policy_gradient_loss | -0.0228     |
|    std                  | 1.34        |
|    value_loss           | 0.00793     |
-----------------------------------------
rollout mean regret: 0.16993169486522675
-----------------------------------------
| rollout/                |             |
|    ep_len_mean          | 1e+03       |
|    ep_rew_mean          | 4.55e+03    |
| time/                   |             |
|    fps                  | 499         |
|    iterations           | 112         |
|    time_elapsed         | 14686       |
|    total_timesteps      | 7340032     |
| train/                  |             |
|    approx_kl            | 0.019639358 |
|    clip_fraction        | 0.335       |
|    clip_range           | 0.15        |
|    entropy_loss         | -29         |
|    explained_variance   | 0.961       |
|    learning_rate        | 0.0001      |
|    loss                 | -0.31       |
|    n_updates            | 1665        |
|    policy_gradient_loss | -0.023      |
|    std                  | 1.34        |
|    value_loss           | 0.0073      |
-----------------------------------------
rollout mean regret: 0.1720675230026245
-----------------------------------------
| rollout/                |             |
|    ep_len_mean          | 1.1e+03     |
|    ep_rew_mean          | 4.97e+03    |
| time/                   |             |
|    fps                  | 502         |
|    iterations           | 113         |
|    time_elapsed         | 14736       |
|    total_timesteps      | 7405568     |
| train/                  |             |
|    approx_kl            | 0.019428018 |
|    clip_fraction        | 0.34        |
|    clip_range           | 0.15        |
|    entropy_loss         | -29         |
|    explained_variance   | 0.965       |
|    learning_rate        | 0.0001      |
|    loss                 | -0.325      |
|    n_updates            | 1680        |
|    policy_gradient_loss | -0.0231     |
|    std                  | 1.35        |
|    value_loss           | 0.00617     |
-----------------------------------------
rollout mean regret: 0.1526215672492981
-----------------------------------------
| rollout/                |             |
|    ep_len_mean          | 1.22e+03    |
|    ep_rew_mean          | 5.56e+03    |
| time/                   |             |
|    fps                  | 505         |
|    iterations           | 114         |
|    time_elapsed         | 14787       |
|    total_timesteps      | 7471104     |
| train/                  |             |
|    approx_kl            | 0.019771338 |
|    clip_fraction        | 0.342       |
|    clip_range           | 0.15        |
|    entropy_loss         | -29.1       |
|    explained_variance   | 0.963       |
|    learning_rate        | 0.0001      |
|    loss                 | -0.32       |
|    n_updates            | 1695        |
|    policy_gradient_loss | -0.0223     |
|    std                  | 1.36        |
|    value_loss           | 0.00695     |
-----------------------------------------
Eval num_timesteps=7500000, episode_reward=10237420.93 +/- 1397294.37
Episode length: 2197635.80 +/- 300130.65
-----------------------------------------
| eval/                   |             |
|    mean_ep_length       | 2.2e+06     |
|    mean_reward          | 1.02e+07    |
| time/                   |             |
|    total_timesteps      | 7500000     |
| train/                  |             |
|    approx_kl            | 0.019565746 |
|    clip_fraction        | 0.344       |
|    clip_range           | 0.15        |
|    entropy_loss         | -29.2       |
|    explained_variance   | 0.959       |
|    learning_rate        | 0.0001      |
|    loss                 | -0.327      |
|    n_updates            | 1710        |
|    policy_gradient_loss | -0.0218     |
|    std                  | 1.37        |
|    value_loss           | 0.00584     |
-----------------------------------------
New best mean reward!
rollout mean regret: 0.1588323414325714
---------------------------------
| rollout/           |          |
|    ep_len_mean     | 1.41e+03 |
|    ep_rew_mean     | 6.39e+03 |
| time/              |          |
|    fps             | 285      |
|    iterations      | 115      |
|    time_elapsed    | 26404    |
|    total_timesteps | 7536640  |
---------------------------------
rollout mean regret: 0.17808803915977478
-----------------------------------------
| rollout/                |             |
|    ep_len_mean          | 1.53e+03    |
|    ep_rew_mean          | 6.95e+03    |
| time/                   |             |
|    fps                  | 287         |
|    iterations           | 116         |
|    time_elapsed         | 26454       |
|    total_timesteps      | 7602176     |
| train/                  |             |
|    approx_kl            | 0.020814763 |
|    clip_fraction        | 0.351       |
|    clip_range           | 0.15        |
|    entropy_loss         | -29.3       |
|    explained_variance   | 0.954       |
|    learning_rate        | 0.0001      |
|    loss                 | -0.316      |
|    n_updates            | 1725        |
|    policy_gradient_loss | -0.0214     |
|    std                  | 1.37        |
|    value_loss           | 0.00605     |
-----------------------------------------
rollout mean regret: 0.15896497666835785
-----------------------------------------
| rollout/                |             |
|    ep_len_mean          | 1.56e+03    |
|    ep_rew_mean          | 7.09e+03    |
| time/                   |             |
|    fps                  | 289         |
|    iterations           | 117         |
|    time_elapsed         | 26505       |
|    total_timesteps      | 7667712     |
| train/                  |             |
|    approx_kl            | 0.019928077 |
|    clip_fraction        | 0.348       |
|    clip_range           | 0.15        |
|    entropy_loss         | -29.4       |
|    explained_variance   | 0.953       |
|    learning_rate        | 0.0001      |
|    loss                 | -0.32       |
|    n_updates            | 1740        |
|    policy_gradient_loss | -0.0228     |
|    std                  | 1.38        |
|    value_loss           | 0.00659     |
-----------------------------------------
rollout mean regret: 0.14687779545783997
---------------------------------------
| rollout/                |           |
|    ep_len_mean          | 1.66e+03  |
|    ep_rew_mean          | 7.52e+03  |
| time/                   |           |
|    fps                  | 291       |
|    iterations           | 118       |
|    time_elapsed         | 26556     |
|    total_timesteps      | 7733248   |
| train/                  |           |
|    approx_kl            | 0.0200179 |
|    clip_fraction        | 0.345     |
|    clip_range           | 0.15      |
|    entropy_loss         | -29.5     |
|    explained_variance   | 0.946     |
|    learning_rate        | 0.0001    |
|    loss                 | -0.319    |
|    n_updates            | 1755      |
|    policy_gradient_loss | -0.0213   |
|    std                  | 1.39      |
|    value_loss           | 0.00515   |
---------------------------------------
rollout mean regret: 0.14059290289878845
-----------------------------------------
| rollout/                |             |
|    ep_len_mean          | 1.71e+03    |
|    ep_rew_mean          | 7.74e+03    |
| time/                   |             |
|    fps                  | 293         |
|    iterations           | 119         |
|    time_elapsed         | 26606       |
|    total_timesteps      | 7798784     |
| train/                  |             |
|    approx_kl            | 0.020614434 |
|    clip_fraction        | 0.353       |
|    clip_range           | 0.15        |
|    entropy_loss         | -29.6       |
|    explained_variance   | 0.958       |
|    learning_rate        | 0.0001      |
|    loss                 | -0.323      |
|    n_updates            | 1770        |
|    policy_gradient_loss | -0.0223     |
|    std                  | 1.4         |
|    value_loss           | 0.00473     |
-----------------------------------------
rollout mean regret: 0.12681013345718384
----------------------------------------
| rollout/                |            |
|    ep_len_mean          | 1.67e+03   |
|    ep_rew_mean          | 7.56e+03   |
| time/                   |            |
|    fps                  | 295        |
|    iterations           | 120        |
|    time_elapsed         | 26654      |
|    total_timesteps      | 7864320    |
| train/                  |            |
|    approx_kl            | 0.02040842 |
|    clip_fraction        | 0.349      |
|    clip_range           | 0.15       |
|    entropy_loss         | -29.7      |
|    explained_variance   | 0.958      |
|    learning_rate        | 0.0001     |
|    loss                 | -0.315     |
|    n_updates            | 1785       |
|    policy_gradient_loss | -0.022     |
|    std                  | 1.41       |
|    value_loss           | 0.00467    |
----------------------------------------
rollout mean regret: 0.10753217339515686
-----------------------------------------
| rollout/                |             |
|    ep_len_mean          | 1.83e+03    |
|    ep_rew_mean          | 8.32e+03    |
| time/                   |             |
|    fps                  | 296         |
|    iterations           | 121         |
|    time_elapsed         | 26703       |
|    total_timesteps      | 7929856     |
| train/                  |             |
|    approx_kl            | 0.019971628 |
|    clip_fraction        | 0.349       |
|    clip_range           | 0.15        |
|    entropy_loss         | -29.8       |
|    explained_variance   | 0.957       |
|    learning_rate        | 0.0001      |
|    loss                 | -0.324      |
|    n_updates            | 1800        |
|    policy_gradient_loss | -0.0214     |
|    std                  | 1.42        |
|    value_loss           | 0.00395     |
-----------------------------------------
rollout mean regret: 0.11723875999450684
----------------------------------------
| rollout/                |            |
|    ep_len_mean          | 1.89e+03   |
|    ep_rew_mean          | 8.58e+03   |
| time/                   |            |
|    fps                  | 298        |
|    iterations           | 122        |
|    time_elapsed         | 26753      |
|    total_timesteps      | 7995392    |
| train/                  |            |
|    approx_kl            | 0.02005592 |
|    clip_fraction        | 0.35       |
|    clip_range           | 0.15       |
|    entropy_loss         | -30        |
|    explained_variance   | 0.954      |
|    learning_rate        | 0.0001     |
|    loss                 | -0.326     |
|    n_updates            | 1815       |
|    policy_gradient_loss | -0.0203    |
|    std                  | 1.43       |
|    value_loss           | 0.00364    |
----------------------------------------
Eval num_timesteps=8000000, episode_reward=12735322.76 +/- 1566538.31
Episode length: 2736079.80 +/- 336671.93
-----------------------------------------
| eval/                   |             |
|    mean_ep_length       | 2.74e+06    |
|    mean_reward          | 1.27e+07    |
| time/                   |             |
|    total_timesteps      | 8000000     |
| train/                  |             |
|    approx_kl            | 0.021209296 |
|    clip_fraction        | 0.356       |
|    clip_range           | 0.15        |
|    entropy_loss         | -30.1       |
|    explained_variance   | 0.951       |
|    learning_rate        | 0.0001      |
|    loss                 | -0.325      |
|    n_updates            | 1830        |
|    policy_gradient_loss | -0.0211     |
|    std                  | 1.44        |
|    value_loss           | 0.00465     |
-----------------------------------------
New best mean reward!
rollout mean regret: 0.10659083724021912
---------------------------------
| rollout/           |          |
|    ep_len_mean     | 2.04e+03 |
|    ep_rew_mean     | 9.24e+03 |
| time/              |          |
|    fps             | 193      |
|    iterations      | 123      |
|    time_elapsed    | 41605    |
|    total_timesteps | 8060928  |
---------------------------------
rollout mean regret: 0.1347390115261078
-----------------------------------------
| rollout/                |             |
|    ep_len_mean          | 2.24e+03    |
|    ep_rew_mean          | 1.02e+04    |
| time/                   |             |
|    fps                  | 195         |
|    iterations           | 124         |
|    time_elapsed         | 41655       |
|    total_timesteps      | 8126464     |
| train/                  |             |
|    approx_kl            | 0.019907694 |
|    clip_fraction        | 0.351       |
|    clip_range           | 0.15        |
|    entropy_loss         | -30.2       |
|    explained_variance   | 0.951       |
|    learning_rate        | 0.0001      |
|    loss                 | -0.328      |
|    n_updates            | 1845        |
|    policy_gradient_loss | -0.0201     |
|    std                  | 1.45        |
|    value_loss           | 0.00301     |
-----------------------------------------
rollout mean regret: 0.10316796600818634
-----------------------------------------
| rollout/                |             |
|    ep_len_mean          | 2.32e+03    |
|    ep_rew_mean          | 1.05e+04    |
| time/                   |             |
|    fps                  | 196         |
|    iterations           | 125         |
|    time_elapsed         | 41704       |
|    total_timesteps      | 8192000     |
| train/                  |             |
|    approx_kl            | 0.020986171 |
|    clip_fraction        | 0.353       |
|    clip_range           | 0.15        |
|    entropy_loss         | -30.3       |
|    explained_variance   | 0.947       |
|    learning_rate        | 0.0001      |
|    loss                 | -0.328      |
|    n_updates            | 1860        |
|    policy_gradient_loss | -0.0211     |
|    std                  | 1.46        |
|    value_loss           | 0.00466     |
-----------------------------------------
rollout mean regret: 0.11645254492759705
-----------------------------------------
| rollout/                |             |
|    ep_len_mean          | 2.3e+03     |
|    ep_rew_mean          | 1.05e+04    |
| time/                   |             |
|    fps                  | 197         |
|    iterations           | 126         |
|    time_elapsed         | 41752       |
|    total_timesteps      | 8257536     |
| train/                  |             |
|    approx_kl            | 0.020784583 |
|    clip_fraction        | 0.353       |
|    clip_range           | 0.15        |
|    entropy_loss         | -30.5       |
|    explained_variance   | 0.952       |
|    learning_rate        | 0.0001      |
|    loss                 | -0.324      |
|    n_updates            | 1875        |
|    policy_gradient_loss | -0.0205     |
|    std                  | 1.47        |
|    value_loss           | 0.00322     |
-----------------------------------------
rollout mean regret: 0.10053914040327072
-----------------------------------------
| rollout/                |             |
|    ep_len_mean          | 2.08e+03    |
|    ep_rew_mean          | 9.47e+03    |
| time/                   |             |
|    fps                  | 199         |
|    iterations           | 127         |
|    time_elapsed         | 41802       |
|    total_timesteps      | 8323072     |
| train/                  |             |
|    approx_kl            | 0.020421889 |
|    clip_fraction        | 0.352       |
|    clip_range           | 0.15        |
|    entropy_loss         | -30.6       |
|    explained_variance   | 0.954       |
|    learning_rate        | 0.0001      |
|    loss                 | -0.335      |
|    n_updates            | 1890        |
|    policy_gradient_loss | -0.0212     |
|    std                  | 1.49        |
|    value_loss           | 0.00391     |
-----------------------------------------
rollout mean regret: 0.11341363936662674
-----------------------------------------
| rollout/                |             |
|    ep_len_mean          | 2.12e+03    |
|    ep_rew_mean          | 9.63e+03    |
| time/                   |             |
|    fps                  | 200         |
|    iterations           | 128         |
|    time_elapsed         | 41851       |
|    total_timesteps      | 8388608     |
| train/                  |             |
|    approx_kl            | 0.020466374 |
|    clip_fraction        | 0.351       |
|    clip_range           | 0.15        |
|    entropy_loss         | -30.7       |
|    explained_variance   | 0.958       |
|    learning_rate        | 0.0001      |
|    loss                 | -0.336      |
|    n_updates            | 1905        |
|    policy_gradient_loss | -0.02       |
|    std                  | 1.5         |
|    value_loss           | 0.00371     |
-----------------------------------------
rollout mean regret: 0.11693380028009415
-----------------------------------------
| rollout/                |             |
|    ep_len_mean          | 2.01e+03    |
|    ep_rew_mean          | 9.1e+03     |
| time/                   |             |
|    fps                  | 201         |
|    iterations           | 129         |
|    time_elapsed         | 41899       |
|    total_timesteps      | 8454144     |
| train/                  |             |
|    approx_kl            | 0.020346597 |
|    clip_fraction        | 0.354       |
|    clip_range           | 0.15        |
|    entropy_loss         | -30.9       |
|    explained_variance   | 0.949       |
|    learning_rate        | 0.0001      |
|    loss                 | -0.33       |
|    n_updates            | 1920        |
|    policy_gradient_loss | -0.0206     |
|    std                  | 1.51        |
|    value_loss           | 0.0043      |
-----------------------------------------
Eval num_timesteps=8500000, episode_reward=13581897.84 +/- 1349011.71
Episode length: 2919920.80 +/- 290057.60
-----------------------------------------
| eval/                   |             |
|    mean_ep_length       | 2.92e+06    |
|    mean_reward          | 1.36e+07    |
| time/                   |             |
|    total_timesteps      | 8500000     |
| train/                  |             |
|    approx_kl            | 0.020276707 |
|    clip_fraction        | 0.345       |
|    clip_range           | 0.15        |
|    entropy_loss         | -31         |
|    explained_variance   | 0.954       |
|    learning_rate        | 0.0001      |
|    loss                 | -0.324      |
|    n_updates            | 1935        |
|    policy_gradient_loss | -0.0208     |
|    std                  | 1.52        |
|    value_loss           | 0.00446     |
-----------------------------------------
New best mean reward!
rollout mean regret: 0.1057710349559784
---------------------------------
| rollout/           |          |
|    ep_len_mean     | 1.99e+03 |
|    ep_rew_mean     | 9.04e+03 |
| time/              |          |
|    fps             | 147      |
|    iterations      | 130      |
|    time_elapsed    | 57738    |
|    total_timesteps | 8519680  |
---------------------------------
rollout mean regret: 0.10306024551391602
-----------------------------------------
| rollout/                |             |
|    ep_len_mean          | 1.96e+03    |
|    ep_rew_mean          | 8.88e+03    |
| time/                   |             |
|    fps                  | 148         |
|    iterations           | 131         |
|    time_elapsed         | 57785       |
|    total_timesteps      | 8585216     |
| train/                  |             |
|    approx_kl            | 0.020930944 |
|    clip_fraction        | 0.36        |
|    clip_range           | 0.15        |
|    entropy_loss         | -31.1       |
|    explained_variance   | 0.959       |
|    learning_rate        | 0.0001      |
|    loss                 | -0.332      |
|    n_updates            | 1950        |
|    policy_gradient_loss | -0.0211     |
|    std                  | 1.53        |
|    value_loss           | 0.00363     |
-----------------------------------------
rollout mean regret: 0.11969928443431854
-----------------------------------------
| rollout/                |             |
|    ep_len_mean          | 2.1e+03     |
|    ep_rew_mean          | 9.52e+03    |
| time/                   |             |
|    fps                  | 149         |
|    iterations           | 132         |
|    time_elapsed         | 57834       |
|    total_timesteps      | 8650752     |
| train/                  |             |
|    approx_kl            | 0.020861432 |
|    clip_fraction        | 0.359       |
|    clip_range           | 0.15        |
|    entropy_loss         | -31.2       |
|    explained_variance   | 0.955       |
|    learning_rate        | 0.0001      |
|    loss                 | -0.336      |
|    n_updates            | 1965        |
|    policy_gradient_loss | -0.0204     |
|    std                  | 1.55        |
|    value_loss           | 0.00347     |
-----------------------------------------
rollout mean regret: 0.11646285653114319
-----------------------------------------
| rollout/                |             |
|    ep_len_mean          | 2.11e+03    |
|    ep_rew_mean          | 9.58e+03    |
| time/                   |             |
|    fps                  | 150         |
|    iterations           | 133         |
|    time_elapsed         | 57883       |
|    total_timesteps      | 8716288     |
| train/                  |             |
|    approx_kl            | 0.022085182 |
|    clip_fraction        | 0.367       |
|    clip_range           | 0.15        |
|    entropy_loss         | -31.4       |
|    explained_variance   | 0.946       |
|    learning_rate        | 0.0001      |
|    loss                 | -0.335      |
|    n_updates            | 1980        |
|    policy_gradient_loss | -0.0217     |
|    std                  | 1.56        |
|    value_loss           | 0.00407     |
-----------------------------------------
rollout mean regret: 0.10258977115154266
-----------------------------------------
| rollout/                |             |
|    ep_len_mean          | 2.21e+03    |
|    ep_rew_mean          | 1e+04       |
| time/                   |             |
|    fps                  | 151         |
|    iterations           | 134         |
|    time_elapsed         | 57935       |
|    total_timesteps      | 8781824     |
| train/                  |             |
|    approx_kl            | 0.021049485 |
|    clip_fraction        | 0.353       |
|    clip_range           | 0.15        |
|    entropy_loss         | -31.5       |
|    explained_variance   | 0.95        |
|    learning_rate        | 0.0001      |
|    loss                 | -0.341      |
|    n_updates            | 1995        |
|    policy_gradient_loss | -0.0216     |
|    std                  | 1.57        |
|    value_loss           | 0.00393     |
-----------------------------------------
rollout mean regret: 0.10027207434177399
-----------------------------------------
| rollout/                |             |
|    ep_len_mean          | 2.25e+03    |
|    ep_rew_mean          | 1.02e+04    |
| time/                   |             |
|    fps                  | 152         |
|    iterations           | 135         |
|    time_elapsed         | 57986       |
|    total_timesteps      | 8847360     |
| train/                  |             |
|    approx_kl            | 0.020316247 |
|    clip_fraction        | 0.348       |
|    clip_range           | 0.15        |
|    entropy_loss         | -31.7       |
|    explained_variance   | 0.956       |
|    learning_rate        | 0.0001      |
|    loss                 | -0.342      |
|    n_updates            | 2010        |
|    policy_gradient_loss | -0.0204     |
|    std                  | 1.59        |
|    value_loss           | 0.00313     |
-----------------------------------------
rollout mean regret: 0.09344632923603058
-----------------------------------------
| rollout/                |             |
|    ep_len_mean          | 2.15e+03    |
|    ep_rew_mean          | 9.74e+03    |
| time/                   |             |
|    fps                  | 153         |
|    iterations           | 136         |
|    time_elapsed         | 58037       |
|    total_timesteps      | 8912896     |
| train/                  |             |
|    approx_kl            | 0.020407025 |
|    clip_fraction        | 0.353       |
|    clip_range           | 0.15        |
|    entropy_loss         | -31.8       |
|    explained_variance   | 0.951       |
|    learning_rate        | 0.0001      |
|    loss                 | -0.348      |
|    n_updates            | 2025        |
|    policy_gradient_loss | -0.0202     |
|    std                  | 1.6         |
|    value_loss           | 0.00323     |
-----------------------------------------
rollout mean regret: 0.09292842447757721
-----------------------------------------
| rollout/                |             |
|    ep_len_mean          | 2.36e+03    |
|    ep_rew_mean          | 1.07e+04    |
| time/                   |             |
|    fps                  | 154         |
|    iterations           | 137         |
|    time_elapsed         | 58087       |
|    total_timesteps      | 8978432     |
| train/                  |             |
|    approx_kl            | 0.019723564 |
|    clip_fraction        | 0.342       |
|    clip_range           | 0.15        |
|    entropy_loss         | -32         |
|    explained_variance   | 0.961       |
|    learning_rate        | 0.0001      |
|    loss                 | -0.333      |
|    n_updates            | 2040        |
|    policy_gradient_loss | -0.0206     |
|    std                  | 1.61        |
|    value_loss           | 0.0028      |
-----------------------------------------
Eval num_timesteps=9000000, episode_reward=18309009.65 +/- 1239631.93
Episode length: 3941948.20 +/- 267014.61
-----------------------------------------
| eval/                   |             |
|    mean_ep_length       | 3.94e+06    |
|    mean_reward          | 1.83e+07    |
| time/                   |             |
|    total_timesteps      | 9000000     |
| train/                  |             |
|    approx_kl            | 0.020437825 |
|    clip_fraction        | 0.355       |
|    clip_range           | 0.15        |
|    entropy_loss         | -32.1       |
|    explained_variance   | 0.952       |
|    learning_rate        | 0.0001      |
|    loss                 | -0.345      |
|    n_updates            | 2055        |
|    policy_gradient_loss | -0.0202     |
|    std                  | 1.63        |
|    value_loss           | 0.00275     |
-----------------------------------------
New best mean reward!
rollout mean regret: 0.09933563321828842
---------------------------------
| rollout/           |          |
|    ep_len_mean     | 2.19e+03 |
|    ep_rew_mean     | 9.92e+03 |
| time/              |          |
|    fps             | 115      |
|    iterations      | 138      |
|    time_elapsed    | 78036    |
|    total_timesteps | 9043968  |
---------------------------------
rollout mean regret: 0.10706087201833725
-----------------------------------------
| rollout/                |             |
|    ep_len_mean          | 2.29e+03    |
|    ep_rew_mean          | 1.04e+04    |
| time/                   |             |
|    fps                  | 116         |
|    iterations           | 139         |
|    time_elapsed         | 78087       |
|    total_timesteps      | 9109504     |
| train/                  |             |
|    approx_kl            | 0.020475771 |
|    clip_fraction        | 0.353       |
|    clip_range           | 0.15        |
|    entropy_loss         | -32.2       |
|    explained_variance   | 0.961       |
|    learning_rate        | 0.0001      |
|    loss                 | -0.351      |
|    n_updates            | 2070        |
|    policy_gradient_loss | -0.0207     |
|    std                  | 1.64        |
|    value_loss           | 0.00336     |
-----------------------------------------
rollout mean regret: 0.08797451853752136
-----------------------------------------
| rollout/                |             |
|    ep_len_mean          | 2.34e+03    |
|    ep_rew_mean          | 1.06e+04    |
| time/                   |             |
|    fps                  | 117         |
|    iterations           | 140         |
|    time_elapsed         | 78138       |
|    total_timesteps      | 9175040     |
| train/                  |             |
|    approx_kl            | 0.020322349 |
|    clip_fraction        | 0.356       |
|    clip_range           | 0.15        |
|    entropy_loss         | -32.4       |
|    explained_variance   | 0.948       |
|    learning_rate        | 0.0001      |
|    loss                 | -0.346      |
|    n_updates            | 2085        |
|    policy_gradient_loss | -0.0201     |
|    std                  | 1.66        |
|    value_loss           | 0.00347     |
-----------------------------------------
rollout mean regret: 0.09238964319229126
-----------------------------------------
| rollout/                |             |
|    ep_len_mean          | 2.17e+03    |
|    ep_rew_mean          | 9.82e+03    |
| time/                   |             |
|    fps                  | 118         |
|    iterations           | 141         |
|    time_elapsed         | 78189       |
|    total_timesteps      | 9240576     |
| train/                  |             |
|    approx_kl            | 0.019855581 |
|    clip_fraction        | 0.344       |
|    clip_range           | 0.15        |
|    entropy_loss         | -32.5       |
|    explained_variance   | 0.955       |
|    learning_rate        | 0.0001      |
|    loss                 | -0.355      |
|    n_updates            | 2100        |
|    policy_gradient_loss | -0.0203     |
|    std                  | 1.67        |
|    value_loss           | 0.00257     |
-----------------------------------------
rollout mean regret: 0.10031329840421677
-----------------------------------------
| rollout/                |             |
|    ep_len_mean          | 2.47e+03    |
|    ep_rew_mean          | 1.12e+04    |
| time/                   |             |
|    fps                  | 118         |
|    iterations           | 142         |
|    time_elapsed         | 78240       |
|    total_timesteps      | 9306112     |
| train/                  |             |
|    approx_kl            | 0.020370163 |
|    clip_fraction        | 0.353       |
|    clip_range           | 0.15        |
|    entropy_loss         | -32.7       |
|    explained_variance   | 0.956       |
|    learning_rate        | 0.0001      |
|    loss                 | -0.346      |
|    n_updates            | 2115        |
|    policy_gradient_loss | -0.0204     |
|    std                  | 1.69        |
|    value_loss           | 0.00284     |
-----------------------------------------
rollout mean regret: 0.08240298926830292
-----------------------------------------
| rollout/                |             |
|    ep_len_mean          | 2.6e+03     |
|    ep_rew_mean          | 1.18e+04    |
| time/                   |             |
|    fps                  | 119         |
|    iterations           | 143         |
|    time_elapsed         | 78291       |
|    total_timesteps      | 9371648     |
| train/                  |             |
|    approx_kl            | 0.020922024 |
|    clip_fraction        | 0.354       |
|    clip_range           | 0.15        |
|    entropy_loss         | -32.8       |
|    explained_variance   | 0.934       |
|    learning_rate        | 0.0001      |
|    loss                 | -0.35       |
|    n_updates            | 2130        |
|    policy_gradient_loss | -0.0198     |
|    std                  | 1.7         |
|    value_loss           | 0.00323     |
-----------------------------------------
rollout mean regret: 0.09657466411590576
-----------------------------------------
| rollout/                |             |
|    ep_len_mean          | 2.76e+03    |
|    ep_rew_mean          | 1.25e+04    |
| time/                   |             |
|    fps                  | 120         |
|    iterations           | 144         |
|    time_elapsed         | 78343       |
|    total_timesteps      | 9437184     |
| train/                  |             |
|    approx_kl            | 0.020365704 |
|    clip_fraction        | 0.352       |
|    clip_range           | 0.15        |
|    entropy_loss         | -33         |
|    explained_variance   | 0.942       |
|    learning_rate        | 0.0001      |
|    loss                 | -0.357      |
|    n_updates            | 2145        |
|    policy_gradient_loss | -0.0191     |
|    std                  | 1.72        |
|    value_loss           | 0.00239     |
-----------------------------------------
Eval num_timesteps=9500000, episode_reward=20897325.52 +/- 3727533.62
Episode length: 4504210.20 +/- 803669.25
-----------------------------------------
| eval/                   |             |
|    mean_ep_length       | 4.5e+06     |
|    mean_reward          | 2.09e+07    |
| time/                   |             |
|    total_timesteps      | 9500000     |
| train/                  |             |
|    approx_kl            | 0.020805668 |
|    clip_fraction        | 0.351       |
|    clip_range           | 0.15        |
|    entropy_loss         | -33.2       |
|    explained_variance   | 0.941       |
|    learning_rate        | 0.0001      |
|    loss                 | -0.356      |
|    n_updates            | 2160        |
|    policy_gradient_loss | -0.0202     |
|    std                  | 1.74        |
|    value_loss           | 0.00275     |
-----------------------------------------
New best mean reward!
rollout mean regret: 0.09211671352386475
---------------------------------
| rollout/           |          |
|    ep_len_mean     | 2.91e+03 |
|    ep_rew_mean     | 1.32e+04 |
| time/              |          |
|    fps             | 92       |
|    iterations      | 145      |
|    time_elapsed    | 102509   |
|    total_timesteps | 9502720  |
---------------------------------
rollout mean regret: 0.07223252952098846
-----------------------------------------
| rollout/                |             |
|    ep_len_mean          | 3.15e+03    |
|    ep_rew_mean          | 1.43e+04    |
| time/                   |             |
|    fps                  | 93          |
|    iterations           | 146         |
|    time_elapsed         | 102561      |
|    total_timesteps      | 9568256     |
| train/                  |             |
|    approx_kl            | 0.020144137 |
|    clip_fraction        | 0.348       |
|    clip_range           | 0.15        |
|    entropy_loss         | -33.3       |
|    explained_variance   | 0.953       |
|    learning_rate        | 0.0001      |
|    loss                 | -0.354      |
|    n_updates            | 2175        |
|    policy_gradient_loss | -0.0206     |
|    std                  | 1.75        |
|    value_loss           | 0.00237     |
-----------------------------------------
rollout mean regret: 0.0868794247508049
-----------------------------------------
| rollout/                |             |
|    ep_len_mean          | 3.08e+03    |
|    ep_rew_mean          | 1.4e+04     |
| time/                   |             |
|    fps                  | 93          |
|    iterations           | 147         |
|    time_elapsed         | 102613      |
|    total_timesteps      | 9633792     |
| train/                  |             |
|    approx_kl            | 0.019831661 |
|    clip_fraction        | 0.344       |
|    clip_range           | 0.15        |
|    entropy_loss         | -33.5       |
|    explained_variance   | 0.944       |
|    learning_rate        | 0.0001      |
|    loss                 | -0.351      |
|    n_updates            | 2190        |
|    policy_gradient_loss | -0.0184     |
|    std                  | 1.77        |
|    value_loss           | 0.00184     |
-----------------------------------------
rollout mean regret: 0.07497047632932663
----------------------------------------
| rollout/                |            |
|    ep_len_mean          | 3.03e+03   |
|    ep_rew_mean          | 1.38e+04   |
| time/                   |            |
|    fps                  | 94         |
|    iterations           | 148        |
|    time_elapsed         | 102663     |
|    total_timesteps      | 9699328    |
| train/                  |            |
|    approx_kl            | 0.01948046 |
|    clip_fraction        | 0.341      |
|    clip_range           | 0.15       |
|    entropy_loss         | -33.6      |
|    explained_variance   | 0.953      |
|    learning_rate        | 0.0001     |
|    loss                 | -0.363     |
|    n_updates            | 2205       |
|    policy_gradient_loss | -0.0199    |
|    std                  | 1.79       |
|    value_loss           | 0.00226    |
----------------------------------------
rollout mean regret: 0.07738050073385239
-----------------------------------------
| rollout/                |             |
|    ep_len_mean          | 3.02e+03    |
|    ep_rew_mean          | 1.37e+04    |
| time/                   |             |
|    fps                  | 95          |
|    iterations           | 149         |
|    time_elapsed         | 102710      |
|    total_timesteps      | 9764864     |
| train/                  |             |
|    approx_kl            | 0.019772988 |
|    clip_fraction        | 0.342       |
|    clip_range           | 0.15        |
|    entropy_loss         | -33.8       |
|    explained_variance   | 0.944       |
|    learning_rate        | 0.0001      |
|    loss                 | -0.368      |
|    n_updates            | 2220        |
|    policy_gradient_loss | -0.0193     |
|    std                  | 1.8         |
|    value_loss           | 0.00182     |
-----------------------------------------
rollout mean regret: 0.08828409016132355
----------------------------------------
| rollout/                |            |
|    ep_len_mean          | 3.01e+03   |
|    ep_rew_mean          | 1.37e+04   |
| time/                   |            |
|    fps                  | 95         |
|    iterations           | 150        |
|    time_elapsed         | 102760     |
|    total_timesteps      | 9830400    |
| train/                  |            |
|    approx_kl            | 0.01991466 |
|    clip_fraction        | 0.344      |
|    clip_range           | 0.15       |
|    entropy_loss         | -33.9      |
|    explained_variance   | 0.958      |
|    learning_rate        | 0.0001     |
|    loss                 | -0.365     |
|    n_updates            | 2235       |
|    policy_gradient_loss | -0.0206    |
|    std                  | 1.82       |
|    value_loss           | 0.00181    |
----------------------------------------
rollout mean regret: 0.08684442192316055
-----------------------------------------
| rollout/                |             |
|    ep_len_mean          | 2.99e+03    |
|    ep_rew_mean          | 1.36e+04    |
| time/                   |             |
|    fps                  | 96          |
|    iterations           | 151         |
|    time_elapsed         | 102811      |
|    total_timesteps      | 9895936     |
| train/                  |             |
|    approx_kl            | 0.020714074 |
|    clip_fraction        | 0.355       |
|    clip_range           | 0.15        |
|    entropy_loss         | -34.1       |
|    explained_variance   | 0.942       |
|    learning_rate        | 0.0001      |
|    loss                 | -0.36       |
|    n_updates            | 2250        |
|    policy_gradient_loss | -0.0203     |
|    std                  | 1.84        |
|    value_loss           | 0.00206     |
-----------------------------------------
rollout mean regret: 0.07539219409227371
----------------------------------------
| rollout/                |            |
|    ep_len_mean          | 3.07e+03   |
|    ep_rew_mean          | 1.4e+04    |
| time/                   |            |
|    fps                  | 96         |
|    iterations           | 152        |
|    time_elapsed         | 102862     |
|    total_timesteps      | 9961472    |
| train/                  |            |
|    approx_kl            | 0.01989159 |
|    clip_fraction        | 0.343      |
|    clip_range           | 0.15       |
|    entropy_loss         | -34.2      |
|    explained_variance   | 0.947      |
|    learning_rate        | 0.0001     |
|    loss                 | -0.365     |
|    n_updates            | 2265       |
|    policy_gradient_loss | -0.02      |
|    std                  | 1.86       |
|    value_loss           | 0.00222    |
----------------------------------------
Eval num_timesteps=10000000, episode_reward=22324732.13 +/- 3133311.00
Episode length: 4813454.80 +/- 675768.50
-----------------------------------------
| eval/                   |             |
|    mean_ep_length       | 4.81e+06    |
|    mean_reward          | 2.23e+07    |
| time/                   |             |
|    total_timesteps      | 10000000    |
| train/                  |             |
|    approx_kl            | 0.020568095 |
|    clip_fraction        | 0.351       |
|    clip_range           | 0.15        |
|    entropy_loss         | -34.4       |
|    explained_variance   | 0.946       |
|    learning_rate        | 0.0001      |
|    loss                 | -0.367      |
|    n_updates            | 2280        |
|    policy_gradient_loss | -0.0192     |
|    std                  | 1.87        |
|    value_loss           | 0.00187     |
-----------------------------------------
New best mean reward!
rollout mean regret: 0.0782814770936966
---------------------------------
| rollout/           |          |
|    ep_len_mean     | 3.02e+03 |
|    ep_rew_mean     | 1.37e+04 |
| time/              |          |
|    fps             | 78       |
|    iterations      | 153      |
|    time_elapsed    | 127510   |
|    total_timesteps | 10027008 |
---------------------------------
rollout mean regret: 0.07457887381315231
----------------------------------------
| rollout/                |            |
|    ep_len_mean          | 3.03e+03   |
|    ep_rew_mean          | 1.38e+04   |
| time/                   |            |
|    fps                  | 79         |
|    iterations           | 154        |
|    time_elapsed         | 127558     |
|    total_timesteps      | 10092544   |
| train/                  |            |
|    approx_kl            | 0.02024297 |
|    clip_fraction        | 0.348      |
|    clip_range           | 0.15       |
|    entropy_loss         | -34.6      |
|    explained_variance   | 0.953      |
|    learning_rate        | 0.0001     |
|    loss                 | -0.366     |
|    n_updates            | 2295       |
|    policy_gradient_loss | -0.0201    |
|    std                  | 1.9        |
|    value_loss           | 0.00176    |
----------------------------------------
rollout mean regret: 0.08050461858510971
-----------------------------------------
| rollout/                |             |
|    ep_len_mean          | 2.94e+03    |
|    ep_rew_mean          | 1.34e+04    |
| time/                   |             |
|    fps                  | 79          |
|    iterations           | 155         |
|    time_elapsed         | 127608      |
|    total_timesteps      | 10158080    |
| train/                  |             |
|    approx_kl            | 0.019714247 |
|    clip_fraction        | 0.34        |
|    clip_range           | 0.15        |
|    entropy_loss         | -34.8       |
|    explained_variance   | 0.957       |
|    learning_rate        | 0.0001      |
|    loss                 | -0.372      |
|    n_updates            | 2310        |
|    policy_gradient_loss | -0.0197     |
|    std                  | 1.91        |
|    value_loss           | 0.00154     |
-----------------------------------------
rollout mean regret: 0.06855452060699463
-----------------------------------------
| rollout/                |             |
|    ep_len_mean          | 3.2e+03     |
|    ep_rew_mean          | 1.45e+04    |
| time/                   |             |
|    fps                  | 80          |
|    iterations           | 156         |
|    time_elapsed         | 127658      |
|    total_timesteps      | 10223616    |
| train/                  |             |
|    approx_kl            | 0.019367222 |
|    clip_fraction        | 0.334       |
|    clip_range           | 0.15        |
|    entropy_loss         | -34.9       |
|    explained_variance   | 0.949       |
|    learning_rate        | 0.0001      |
|    loss                 | -0.373      |
|    n_updates            | 2325        |
|    policy_gradient_loss | -0.0201     |
|    std                  | 1.93        |
|    value_loss           | 0.0017      |
-----------------------------------------
rollout mean regret: 0.06905651837587357
-----------------------------------------
| rollout/                |             |
|    ep_len_mean          | 3.19e+03    |
|    ep_rew_mean          | 1.45e+04    |
| time/                   |             |
|    fps                  | 80          |
|    iterations           | 157         |
|    time_elapsed         | 127707      |
|    total_timesteps      | 10289152    |
| train/                  |             |
|    approx_kl            | 0.018843701 |
|    clip_fraction        | 0.333       |
|    clip_range           | 0.15        |
|    entropy_loss         | -35         |
|    explained_variance   | 0.951       |
|    learning_rate        | 0.0001      |
|    loss                 | -0.379      |
|    n_updates            | 2340        |
|    policy_gradient_loss | -0.0195     |
|    std                  | 1.95        |
|    value_loss           | 0.00133     |
-----------------------------------------
rollout mean regret: 0.07127515226602554
-----------------------------------------
| rollout/                |             |
|    ep_len_mean          | 3.21e+03    |
|    ep_rew_mean          | 1.46e+04    |
| time/                   |             |
|    fps                  | 81          |
|    iterations           | 158         |
|    time_elapsed         | 127757      |
|    total_timesteps      | 10354688    |
| train/                  |             |
|    approx_kl            | 0.019164607 |
|    clip_fraction        | 0.331       |
|    clip_range           | 0.15        |
|    entropy_loss         | -35.2       |
|    explained_variance   | 0.952       |
|    learning_rate        | 0.0001      |
|    loss                 | -0.373      |
|    n_updates            | 2355        |
|    policy_gradient_loss | -0.0198     |
|    std                  | 1.97        |
|    value_loss           | 0.00165     |
-----------------------------------------
rollout mean regret: 0.06908981502056122
-----------------------------------------
| rollout/                |             |
|    ep_len_mean          | 3.25e+03    |
|    ep_rew_mean          | 1.48e+04    |
| time/                   |             |
|    fps                  | 81          |
|    iterations           | 159         |
|    time_elapsed         | 127809      |
|    total_timesteps      | 10420224    |
| train/                  |             |
|    approx_kl            | 0.019628195 |
|    clip_fraction        | 0.345       |
|    clip_range           | 0.15        |
|    entropy_loss         | -35.4       |
|    explained_variance   | 0.942       |
|    learning_rate        | 0.0001      |
|    loss                 | -0.381      |
|    n_updates            | 2370        |
|    policy_gradient_loss | -0.0194     |
|    std                  | 1.99        |
|    value_loss           | 0.00174     |
-----------------------------------------
rollout mean regret: 0.0801146924495697
-----------------------------------------
| rollout/                |             |
|    ep_len_mean          | 2.93e+03    |
|    ep_rew_mean          | 1.33e+04    |
| time/                   |             |
|    fps                  | 82          |
|    iterations           | 160         |
|    time_elapsed         | 127859      |
|    total_timesteps      | 10485760    |
| train/                  |             |
|    approx_kl            | 0.018707339 |
|    clip_fraction        | 0.337       |
|    clip_range           | 0.15        |
|    entropy_loss         | -35.6       |
|    explained_variance   | 0.952       |
|    learning_rate        | 0.0001      |
|    loss                 | -0.377      |
|    n_updates            | 2385        |
|    policy_gradient_loss | -0.019      |
|    std                  | 2.01        |
|    value_loss           | 0.00186     |
-----------------------------------------
Eval num_timesteps=10500000, episode_reward=27447242.82 +/- 2391427.76
Episode length: 5922409.80 +/- 516405.81
-----------------------------------------
| eval/                   |             |
|    mean_ep_length       | 5.92e+06    |
|    mean_reward          | 2.74e+07    |
| time/                   |             |
|    total_timesteps      | 10500000    |
| train/                  |             |
|    approx_kl            | 0.020216152 |
|    clip_fraction        | 0.345       |
|    clip_range           | 0.15        |
|    entropy_loss         | -35.7       |
|    explained_variance   | 0.942       |
|    learning_rate        | 0.0001      |
|    loss                 | -0.38       |
|    n_updates            | 2400        |
|    policy_gradient_loss | -0.019      |
|    std                  | 2.03        |
|    value_loss           | 0.00236     |
-----------------------------------------
New best mean reward!
rollout mean regret: 0.08464180678129196
---------------------------------
| rollout/           |          |
|    ep_len_mean     | 2.71e+03 |
|    ep_rew_mean     | 1.23e+04 |
| time/              |          |
|    fps             | 67       |
|    iterations      | 161      |
|    time_elapsed    | 156605   |
|    total_timesteps | 10551296 |
---------------------------------
rollout mean regret: 0.07000374794006348
-----------------------------------------
| rollout/                |             |
|    ep_len_mean          | 2.65e+03    |
|    ep_rew_mean          | 1.2e+04     |
| time/                   |             |
|    fps                  | 67          |
|    iterations           | 162         |
|    time_elapsed         | 156655      |
|    total_timesteps      | 10616832    |
| train/                  |             |
|    approx_kl            | 0.019428123 |
|    clip_fraction        | 0.338       |
|    clip_range           | 0.15        |
|    entropy_loss         | -35.9       |
|    explained_variance   | 0.942       |
|    learning_rate        | 0.0001      |
|    loss                 | -0.387      |
|    n_updates            | 2415        |
|    policy_gradient_loss | -0.02       |
|    std                  | 2.05        |
|    value_loss           | 0.00244     |
-----------------------------------------
rollout mean regret: 0.07032376527786255
-----------------------------------------
| rollout/                |             |
|    ep_len_mean          | 2.54e+03    |
|    ep_rew_mean          | 1.16e+04    |
| time/                   |             |
|    fps                  | 68          |
|    iterations           | 163         |
|    time_elapsed         | 156705      |
|    total_timesteps      | 10682368    |
| train/                  |             |
|    approx_kl            | 0.018994117 |
|    clip_fraction        | 0.338       |
|    clip_range           | 0.15        |
|    entropy_loss         | -36.1       |
|    explained_variance   | 0.952       |
|    learning_rate        | 0.0001      |
|    loss                 | -0.378      |
|    n_updates            | 2430        |
|    policy_gradient_loss | -0.0186     |
|    std                  | 2.07        |
|    value_loss           | 0.00158     |
-----------------------------------------
rollout mean regret: 0.07842512428760529
----------------------------------------
| rollout/                |            |
|    ep_len_mean          | 2.76e+03   |
|    ep_rew_mean          | 1.25e+04   |
| time/                   |            |
|    fps                  | 68         |
|    iterations           | 164        |
|    time_elapsed         | 156753     |
|    total_timesteps      | 10747904   |
| train/                  |            |
|    approx_kl            | 0.01885788 |
|    clip_fraction        | 0.33       |
|    clip_range           | 0.15       |
|    entropy_loss         | -36.2      |
|    explained_variance   | 0.955      |
|    learning_rate        | 0.0001     |
|    loss                 | -0.384     |
|    n_updates            | 2445       |
|    policy_gradient_loss | -0.0194    |
|    std                  | 2.09       |
|    value_loss           | 0.00173    |
----------------------------------------
rollout mean regret: 0.07257150113582611
-----------------------------------------
| rollout/                |             |
|    ep_len_mean          | 2.73e+03    |
|    ep_rew_mean          | 1.24e+04    |
| time/                   |             |
|    fps                  | 68          |
|    iterations           | 165         |
|    time_elapsed         | 156801      |
|    total_timesteps      | 10813440    |
| train/                  |             |
|    approx_kl            | 0.020010002 |
|    clip_fraction        | 0.338       |
|    clip_range           | 0.15        |
|    entropy_loss         | -36.4       |
|    explained_variance   | 0.947       |
|    learning_rate        | 0.0001      |
|    loss                 | -0.395      |
|    n_updates            | 2460        |
|    policy_gradient_loss | -0.0202     |
|    std                  | 2.12        |
|    value_loss           | 0.00194     |
-----------------------------------------
rollout mean regret: 0.07379995286464691
----------------------------------------
| rollout/                |            |
|    ep_len_mean          | 2.83e+03   |
|    ep_rew_mean          | 1.28e+04   |
| time/                   |            |
|    fps                  | 69         |
|    iterations           | 166        |
|    time_elapsed         | 156851     |
|    total_timesteps      | 10878976   |
| train/                  |            |
|    approx_kl            | 0.02014239 |
|    clip_fraction        | 0.342      |
|    clip_range           | 0.15       |
|    entropy_loss         | -36.6      |
|    explained_variance   | 0.956      |
|    learning_rate        | 0.0001     |
|    loss                 | -0.398     |
|    n_updates            | 2475       |
|    policy_gradient_loss | -0.0194    |
|    std                  | 2.14       |
|    value_loss           | 0.0014     |
----------------------------------------
rollout mean regret: 0.08113519847393036
-----------------------------------------
| rollout/                |             |
|    ep_len_mean          | 2.74e+03    |
|    ep_rew_mean          | 1.25e+04    |
| time/                   |             |
|    fps                  | 69          |
|    iterations           | 167         |
|    time_elapsed         | 156901      |
|    total_timesteps      | 10944512    |
| train/                  |             |
|    approx_kl            | 0.019635312 |
|    clip_fraction        | 0.34        |
|    clip_range           | 0.15        |
|    entropy_loss         | -36.8       |
|    explained_variance   | 0.952       |
|    learning_rate        | 0.0001      |
|    loss                 | -0.395      |
|    n_updates            | 2490        |
|    policy_gradient_loss | -0.0202     |
|    std                  | 2.17        |
|    value_loss           | 0.00198     |
-----------------------------------------
Eval num_timesteps=11000000, episode_reward=26834050.35 +/- 4315779.48
Episode length: 5789555.20 +/- 931618.91
-----------------------------------------
| eval/                   |             |
|    mean_ep_length       | 5.79e+06    |
|    mean_reward          | 2.68e+07    |
| time/                   |             |
|    total_timesteps      | 11000000    |
| train/                  |             |
|    approx_kl            | 0.019459926 |
|    clip_fraction        | 0.338       |
|    clip_range           | 0.15        |
|    entropy_loss         | -37         |
|    explained_variance   | 0.951       |
|    learning_rate        | 0.0001      |
|    loss                 | -0.391      |
|    n_updates            | 2505        |
|    policy_gradient_loss | -0.0195     |
|    std                  | 2.19        |
|    value_loss           | 0.00221     |
-----------------------------------------
rollout mean regret: 0.10054141283035278
---------------------------------
| rollout/           |          |
|    ep_len_mean     | 2.47e+03 |
|    ep_rew_mean     | 1.12e+04 |
| time/              |          |
|    fps             | 59       |
|    iterations      | 168      |
|    time_elapsed    | 186150   |
|    total_timesteps | 11010048 |
---------------------------------
rollout mean regret: 0.08535532653331757
-----------------------------------------
| rollout/                |             |
|    ep_len_mean          | 2.29e+03    |
|    ep_rew_mean          | 1.04e+04    |
| time/                   |             |
|    fps                  | 59          |
|    iterations           | 169         |
|    time_elapsed         | 186200      |
|    total_timesteps      | 11075584    |
| train/                  |             |
|    approx_kl            | 0.020011794 |
|    clip_fraction        | 0.341       |
|    clip_range           | 0.15        |
|    entropy_loss         | -37.1       |
|    explained_variance   | 0.953       |
|    learning_rate        | 0.0001      |
|    loss                 | -0.392      |
|    n_updates            | 2520        |
|    policy_gradient_loss | -0.0213     |
|    std                  | 2.21        |
|    value_loss           | 0.0027      |
-----------------------------------------
rollout mean regret: 0.09706474095582962
----------------------------------------
| rollout/                |            |
|    ep_len_mean          | 2.25e+03   |
|    ep_rew_mean          | 1.02e+04   |
| time/                   |            |
|    fps                  | 59         |
|    iterations           | 170        |
|    time_elapsed         | 186251     |
|    total_timesteps      | 11141120   |
| train/                  |            |
|    approx_kl            | 0.01932095 |
|    clip_fraction        | 0.338      |
|    clip_range           | 0.15       |
|    entropy_loss         | -37.3      |
|    explained_variance   | 0.949      |
|    learning_rate        | 0.0001     |
|    loss                 | -0.391     |
|    n_updates            | 2535       |
|    policy_gradient_loss | -0.0193    |
|    std                  | 2.23       |
|    value_loss           | 0.00237    |
----------------------------------------
rollout mean regret: 0.10792310535907745
----------------------------------------
| rollout/                |            |
|    ep_len_mean          | 2.48e+03   |
|    ep_rew_mean          | 1.13e+04   |
| time/                   |            |
|    fps                  | 60         |
|    iterations           | 171        |
|    time_elapsed         | 186301     |
|    total_timesteps      | 11206656   |
| train/                  |            |
|    approx_kl            | 0.01899805 |
|    clip_fraction        | 0.331      |
|    clip_range           | 0.15       |
|    entropy_loss         | -37.4      |
|    explained_variance   | 0.954      |
|    learning_rate        | 0.0001     |
|    loss                 | -0.397     |
|    n_updates            | 2550       |
|    policy_gradient_loss | -0.0206    |
|    std                  | 2.25       |
|    value_loss           | 0.00255    |
----------------------------------------
rollout mean regret: 0.09128235280513763
-----------------------------------------
| rollout/                |             |
|    ep_len_mean          | 2.68e+03    |
|    ep_rew_mean          | 1.22e+04    |
| time/                   |             |
|    fps                  | 60          |
|    iterations           | 172         |
|    time_elapsed         | 186351      |
|    total_timesteps      | 11272192    |
| train/                  |             |
|    approx_kl            | 0.019851945 |
|    clip_fraction        | 0.338       |
|    clip_range           | 0.15        |
|    entropy_loss         | -37.5       |
|    explained_variance   | 0.927       |
|    learning_rate        | 0.0001      |
|    loss                 | -0.403      |
|    n_updates            | 2565        |
|    policy_gradient_loss | -0.0209     |
|    std                  | 2.27        |
|    value_loss           | 0.00249     |
-----------------------------------------
rollout mean regret: 0.0969008132815361
-----------------------------------------
| rollout/                |             |
|    ep_len_mean          | 2.67e+03    |
|    ep_rew_mean          | 1.21e+04    |
| time/                   |             |
|    fps                  | 60          |
|    iterations           | 173         |
|    time_elapsed         | 186402      |
|    total_timesteps      | 11337728    |
| train/                  |             |
|    approx_kl            | 0.018620355 |
|    clip_fraction        | 0.329       |
|    clip_range           | 0.15        |
|    entropy_loss         | -37.7       |
|    explained_variance   | 0.947       |
|    learning_rate        | 0.0001      |
|    loss                 | -0.4        |
|    n_updates            | 2580        |
|    policy_gradient_loss | -0.0198     |
|    std                  | 2.29        |
|    value_loss           | 0.00218     |
-----------------------------------------
rollout mean regret: 0.08295638859272003
-----------------------------------------
| rollout/                |             |
|    ep_len_mean          | 2.86e+03    |
|    ep_rew_mean          | 1.3e+04     |
| time/                   |             |
|    fps                  | 61          |
|    iterations           | 174         |
|    time_elapsed         | 186452      |
|    total_timesteps      | 11403264    |
| train/                  |             |
|    approx_kl            | 0.020719502 |
|    clip_fraction        | 0.346       |
|    clip_range           | 0.15        |
|    entropy_loss         | -37.8       |
|    explained_variance   | 0.938       |
|    learning_rate        | 0.0001      |
|    loss                 | -0.397      |
|    n_updates            | 2595        |
|    policy_gradient_loss | -0.0201     |
|    std                  | 2.31        |
|    value_loss           | 0.00233     |
-----------------------------------------
rollout mean regret: 0.08027134090662003
-----------------------------------------
| rollout/                |             |
|    ep_len_mean          | 2.74e+03    |
|    ep_rew_mean          | 1.24e+04    |
| time/                   |             |
|    fps                  | 61          |
|    iterations           | 175         |
|    time_elapsed         | 186502      |
|    total_timesteps      | 11468800    |
| train/                  |             |
|    approx_kl            | 0.019153144 |
|    clip_fraction        | 0.334       |
|    clip_range           | 0.15        |
|    entropy_loss         | -38         |
|    explained_variance   | 0.948       |
|    learning_rate        | 0.0001      |
|    loss                 | -0.409      |
|    n_updates            | 2610        |
|    policy_gradient_loss | -0.0197     |
|    std                  | 2.33        |
|    value_loss           | 0.00191     |
-----------------------------------------
Eval num_timesteps=11500000, episode_reward=29119673.01 +/- 3651968.93
Episode length: 6291217.20 +/- 789735.63
----------------------------------------
| eval/                   |            |
|    mean_ep_length       | 6.29e+06   |
|    mean_reward          | 2.91e+07   |
| time/                   |            |
|    total_timesteps      | 11500000   |
| train/                  |            |
|    approx_kl            | 0.01858959 |
|    clip_fraction        | 0.327      |
|    clip_range           | 0.15       |
|    entropy_loss         | -38.2      |
|    explained_variance   | 0.956      |
|    learning_rate        | 0.0001     |
|    loss                 | -0.41      |
|    n_updates            | 2625       |
|    policy_gradient_loss | -0.0193    |
|    std                  | 2.35       |
|    value_loss           | 0.00226    |
----------------------------------------
New best mean reward!
rollout mean regret: 0.08384768664836884
---------------------------------
| rollout/           |          |
|    ep_len_mean     | 2.79e+03 |
|    ep_rew_mean     | 1.26e+04 |
| time/              |          |
|    fps             | 52       |
|    iterations      | 176      |
|    time_elapsed    | 218764   |
|    total_timesteps | 11534336 |
---------------------------------
rollout mean regret: 0.09452596306800842
-----------------------------------------
| rollout/                |             |
|    ep_len_mean          | 2.82e+03    |
|    ep_rew_mean          | 1.28e+04    |
| time/                   |             |
|    fps                  | 53          |
|    iterations           | 177         |
|    time_elapsed         | 218815      |
|    total_timesteps      | 11599872    |
| train/                  |             |
|    approx_kl            | 0.018716084 |
|    clip_fraction        | 0.331       |
|    clip_range           | 0.15        |
|    entropy_loss         | -38.3       |
|    explained_variance   | 0.946       |
|    learning_rate        | 0.0001      |
|    loss                 | -0.409      |
|    n_updates            | 2640        |
|    policy_gradient_loss | -0.0196     |
|    std                  | 2.37        |
|    value_loss           | 0.00174     |
-----------------------------------------
rollout mean regret: 0.10205063968896866
----------------------------------------
| rollout/                |            |
|    ep_len_mean          | 3.06e+03   |
|    ep_rew_mean          | 1.39e+04   |
| time/                   |            |
|    fps                  | 53         |
|    iterations           | 178        |
|    time_elapsed         | 218863     |
|    total_timesteps      | 11665408   |
| train/                  |            |
|    approx_kl            | 0.02034524 |
|    clip_fraction        | 0.343      |
|    clip_range           | 0.15       |
|    entropy_loss         | -38.5      |
|    explained_variance   | 0.946      |
|    learning_rate        | 0.0001     |
|    loss                 | -0.412     |
|    n_updates            | 2655       |
|    policy_gradient_loss | -0.0203    |
|    std                  | 2.4        |
|    value_loss           | 0.00215    |
----------------------------------------
rollout mean regret: 0.09160599857568741
----------------------------------------
| rollout/                |            |
|    ep_len_mean          | 2.93e+03   |
|    ep_rew_mean          | 1.33e+04   |
| time/                   |            |
|    fps                  | 53         |
|    iterations           | 179        |
|    time_elapsed         | 218912     |
|    total_timesteps      | 11730944   |
| train/                  |            |
|    approx_kl            | 0.01995555 |
|    clip_fraction        | 0.34       |
|    clip_range           | 0.15       |
|    entropy_loss         | -38.6      |
|    explained_variance   | 0.929      |
|    learning_rate        | 0.0001     |
|    loss                 | -0.411     |
|    n_updates            | 2670       |
|    policy_gradient_loss | -0.02      |
|    std                  | 2.42       |
|    value_loss           | 0.00222    |
----------------------------------------
rollout mean regret: 0.0969439446926117
-----------------------------------------
| rollout/                |             |
|    ep_len_mean          | 2.95e+03    |
|    ep_rew_mean          | 1.34e+04    |
| time/                   |             |
|    fps                  | 53          |
|    iterations           | 180         |
|    time_elapsed         | 218962      |
|    total_timesteps      | 11796480    |
| train/                  |             |
|    approx_kl            | 0.018569509 |
|    clip_fraction        | 0.328       |
|    clip_range           | 0.15        |
|    entropy_loss         | -38.8       |
|    explained_variance   | 0.953       |
|    learning_rate        | 0.0001      |
|    loss                 | -0.412      |
|    n_updates            | 2685        |
|    policy_gradient_loss | -0.0203     |
|    std                  | 2.44        |
|    value_loss           | 0.00212     |
-----------------------------------------
rollout mean regret: 0.10161200165748596
-----------------------------------------
| rollout/                |             |
|    ep_len_mean          | 2.96e+03    |
|    ep_rew_mean          | 1.34e+04    |
| time/                   |             |
|    fps                  | 54          |
|    iterations           | 181         |
|    time_elapsed         | 219013      |
|    total_timesteps      | 11862016    |
| train/                  |             |
|    approx_kl            | 0.020014573 |
|    clip_fraction        | 0.339       |
|    clip_range           | 0.15        |
|    entropy_loss         | -38.9       |
|    explained_variance   | 0.945       |
|    learning_rate        | 0.0001      |
|    loss                 | -0.413      |
|    n_updates            | 2700        |
|    policy_gradient_loss | -0.0202     |
|    std                  | 2.47        |
|    value_loss           | 0.0024      |
-----------------------------------------
rollout mean regret: 0.08965156972408295
-----------------------------------------
| rollout/                |             |
|    ep_len_mean          | 2.93e+03    |
|    ep_rew_mean          | 1.33e+04    |
| time/                   |             |
|    fps                  | 54          |
|    iterations           | 182         |
|    time_elapsed         | 219064      |
|    total_timesteps      | 11927552    |
| train/                  |             |
|    approx_kl            | 0.019552872 |
|    clip_fraction        | 0.334       |
|    clip_range           | 0.15        |
|    entropy_loss         | -39.1       |
|    explained_variance   | 0.935       |
|    learning_rate        | 0.0001      |
|    loss                 | -0.41       |
|    n_updates            | 2715        |
|    policy_gradient_loss | -0.0202     |
|    std                  | 2.49        |
|    value_loss           | 0.00252     |
-----------------------------------------
rollout mean regret: 0.08681190013885498
-----------------------------------------
| rollout/                |             |
|    ep_len_mean          | 3.01e+03    |
|    ep_rew_mean          | 1.36e+04    |
| time/                   |             |
|    fps                  | 54          |
|    iterations           | 183         |
|    time_elapsed         | 219116      |
|    total_timesteps      | 11993088    |
| train/                  |             |
|    approx_kl            | 0.019093119 |
|    clip_fraction        | 0.328       |
|    clip_range           | 0.15        |
|    entropy_loss         | -39.2       |
|    explained_variance   | 0.933       |
|    learning_rate        | 0.0001      |
|    loss                 | -0.419      |
|    n_updates            | 2730        |
|    policy_gradient_loss | -0.0191     |
|    std                  | 2.51        |
|    value_loss           | 0.00212     |
-----------------------------------------
